seq,t_start_s,t_end_s,bus_voltage_V,shunt_voltage_V,current_A,power_W,energy_J,energy_since_start_J,math_overflow,energy_overflow,memory_ok,conversion_ready,math_overflow_latched,energy_overflow_latched,memory_error_latched,accumulation_valid
0,0.017303,0.024658,12.200196,0.007983440,0.5322266,6.4932260,0.163086,0.152344,0,0,1,1,0,0,0,1
1,0.125671,0.133118,12.200004,0.007978128,0.5318834,6.4888320,0.868164,0.857422,0,0,1,1,0,0,0,1
2,0.216827,0.224030,12.200980,0.007978128,0.5318642,6.4892580,1.457032,1.446289,0,0,1,1,0,0,0,1
3,0.317352,0.324585,12.201568,0.007982500,0.5321504,6.4931640,2.111328,2.100586,0,0,1,1,0,0,0,1
4,0.416840,0.423981,12.202544,0.007974690,0.5316354,6.4958500,2.757813,2.747071,0,0,1,1,0,0,0,1
5,0.517090,0.524261,12.202150,0.007976876,0.5321504,6.4931040,3.408204,3.397461,0,0,1,1,0,0,0,1
6,0.616821,0.623932,12.201568,0.007980000,0.5319978,6.4917000,4.055664,4.044922,0,0,1,1,0,0,0,1
7,0.716858,0.723968,12.201368,0.007969690,0.5313112,6.4827280,4.706056,4.695314,0,0,1,1,0,0,0,1
8,0.817016,0.824096,12.201956,0.007980628,0.5320360,6.4918220,5.356446,5.345704,0,0,1,1,0,0,0,1
9,0.917206,0.924316,12.202150,0.007982190,0.5321504,6.4932260,6.006838,5.996096,0,0,1,1,0,0,0,1
10,1.017242,1.024353,12.201368,0.007978752,0.5321312,6.4925540,6.657228,6.646486,0,0,1,1,0,0,0,1
11,1.116882,1.124054,12.201760,0.007972816,0.5319596,6.4904800,7.303714,7.292972,0,0,1,1,0,0,0,1
12,1.216858,1.223999,12.200784,0.007979376,0.5319406,6.4900520,7.951172,7.940430,0,0,1,1,0,0,0,1
13,1.317291,1.324432,12.202544,0.007981876,0.5321122,6.4931640,8.605470,8.594728,0,0,1,1,0,0,0,1
14,1.416870,1.424042,12.201368,0.007985314,0.5323410,6.4953010,9.251954,9.241214,0,0,1,1,0,0,0,1
15,1.517028,1.524230,12.201760,0.007976876,0.5317880,6.4887120,9.903320,9.892580,0,0,1,1,0,0,0,1
16,1.617065,1.624206,12.200590,0.007981568,0.5322266,6.4939000,10.549808,10.539064,0,0,1,1,0,0,0,1
17,1.716888,1.723968,12.201368,0.007975628,0.5313874,6.4834600,11.201172,11.190430,0,0,1,1,0,0,0,1
18,1.817260,1.824371,12.201368,0.007985000,0.5323220,6.4949340,11.851564,11.840820,0,0,1,1,0,0,0,1
19,1.917358,1.924530,12.201368,0.007990000,0.5326654,6.4992680,12.501960,12.491216,0,0,1,1,0,0,0,1
20,2.016845,2.023986,12.202150,0.007980940,0.5320360,6.4920060,13.149416,13.138672,0,0,1,1,0,0,0,1
21,2.117095,2.124236,12.201172,0.007984066,0.5322648,6.4940800,13.799808,13.789064,0,0,1,1,0,0,0,1
22,2.216888,2.224120,12.202736,0.007966564,0.5320360,6.4912120,14.447268,14.436524,0,0,1,1,0,0,0,1
23,2.316833,2.323944,12.201172,0.007975004,0.5326844,6.4993300,15.097656,15.086916,0,0,1,1,0,0,0,1
24,2.416839,2.423980,12.200784,0.007978440,0.5318834,6.4895020,15.745124,15.734380,0,0,1,1,0,0,0,1
25,2.517120,2.524261,12.201568,0.007977190,0.5318070,6.4888320,16.395510,16.384770,0,0,1,1,0,0,0,1
26,2.617126,2.624267,12.201368,0.007968440,0.5312158,6.4815680,17.045900,17.035160,0,0,1,1,0,0,0,1
27,2.717010,2.724151,12.202344,0.007977502,0.5318260,6.4894420,17.696290,17.685550,0,0,1,1,0,0,0,1
28,2.817291,2.824462,12.201172,0.007975628,0.5319596,6.4909680,18.346680,18.335940,0,0,1,1,0,0,0,1
29,2.916839,2.924011,12.202344,0.007987500,0.5319978,6.4910900,18.994140,18.983400,0,0,1,1,0,0,0,1
30,3.016906,3.024047,12.202150,0.007975004,0.5316544,6.4873060,19.641608,19.630860,0,0,1,1,0,0,0,1
31,3.117309,3.124420,12.201172,0.007977816,0.5318642,6.4891980,20.295900,20.285160,0,0,1,1,0,0,0,1
32,3.216827,3.223998,12.202544,0.007986880,0.5324556,6.4971940,20.943360,20.932620,0,0,1,1,0,0,0,1
33,3.317108,3.324218,12.202344,0.007976564,0.5317498,6.4886480,21.593750,21.583010,0,0,1,1,0,0,0,1
34,3.416870,3.424011,12.201760,0.007979690,0.5319596,6.4883430,22.241210,22.230470,0,0,1,1,0,0,0,1
35,3.517150,3.524291,12.201568,0.007978440,0.5318834,6.4893220,22.891608,22.880860,0,0,1,1,0,0,0,1
36,3.617278,3.624450,12.200980,0.007988128,0.5325318,6.4973160,23.541992,23.531250,0,0,1,1,0,0,0,1
37,3.716857,3.723998,12.201172,0.007980940,0.5320550,6.4915780,24.189456,24.178710,0,0,1,1,0,0,0,1
38,3.817199,3.824371,12.201368,0.007977816,0.5318452,6.4890760,24.839850,24.829108,0,0,1,1,0,0,0,1
39,3.916839,3.923980,12.201956,0.007986880,0.5324556,6.4968880,25.487316,25.476570,0,0,1,1,0,0,0,1
40,4.017120,4.024260,12.202544,0.007977816,0.5315782,6.4857800,26.140630,26.129884,0,0,1,1,0,0,0,1
41,4.117308,4.124450,12.201368,0.007977190,0.5318070,6.4884060,26.791024,26.780284,0,0,1,1,0,0,0,1
42,4.217070,4.224364,12.202150,0.007966250,0.5310822,6.4803480,27.438480,27.427740,0,0,1,1,0,0,0,1
43,4.316894,4.324004,12.200980,0.007979690,0.5319596,6.4904800,28.084970,28.074230,0,0,1,1,0,0,0,1
44,4.416930,4.424072,12.201368,0.007973750,0.5315782,6.4859640,28.735352,28.724610,0,0,1,1,0,0,0,1
45,4.517120,4.524290,12.201956,0.007970938,0.5313874,6.4840100,29.385750,29.375010,0,0,1,1,0,0,0,1
46,4.617338,4.624419,12.201368,0.007983128,0.5319788,6.4907840,30.036132,30.025390,0,0,1,1,0,0,0,1
47,4.716856,4.723998,12.201760,0.007980316,0.5319788,6.4910280,30.683600,30.672852,0,0,1,1,0,0,0,1
48,4.817107,4.824218,12.201760,0.007969064,0.5312730,6.4823620,31.333992,31.323250,0,0,1,1,0,0,0,1
49,4.916838,4.923949,12.201568,0.007979690,0.5319596,6.4907240,31.981452,31.970710,0,0,1,1,0,0,0,1
50,5.017210,5.024352,12.202344,0.007986252,0.5323984,6.4965220,32.631840,32.621100,0,0,1,1,0,0,0,1
51,5.117248,5.124450,12.201568,0.007977816,0.5318452,6.4893220,33.282230,33.271490,0,0,1,1,0,0,0,1
52,5.216856,5.224028,12.201568,0.007980940,0.5325700,6.4981720,33.929700,33.918950,0,0,1,1,0,0,0,1
53,5.316894,5.324034,12.201956,0.007975316,0.5317116,6.4879760,34.580080,34.569340,0,0,1,1,0,0,0,1
54,5.417236,5.424346,12.201956,0.007982816,0.5321694,6.4935940,35.230480,35.219730,0,0,1,1,0,0,0,1
55,5.516844,5.524016,12.200980,0.007973130,0.5315210,6.4851080,35.876960,35.866220,0,0,1,1,0,0,0,1
56,5.616912,5.628692,12.201368,0.007982816,0.5321694,6.4933480,36.556640,36.545900,0,0,1,1,0,0,0,1
57,5.716888,5.724090,12.202736,0.007984376,0.5322838,6.4952400,37.178720,37.167980,0,0,1,1,0,0,0,1
58,5.817168,5.824278,12.201568,0.007978752,0.5311968,6.4813240,37.829100,37.818360,0,0,1,1,0,0,0,1
59,5.917296,5.924468,12.202544,0.007981568,0.5320740,6.4918220,38.479500,38.468760,0,0,1,1,0,0,0,1
60,6.016844,6.024016,12.201568,0.007981876,0.5321122,6.4926160,39.125980,39.115240,0,0,1,1,0,0,0,1
61,6.117156,6.124358,12.201172,0.007970938,0.5313874,6.4835240,39.777350,39.766600,0,0,1,1,0,0,0,1
62,6.216888,6.224364,12.202344,0.007982500,0.5321504,6.4935310,40.427760,40.417020,0,0,1,1,0,0,0,1
63,6.317290,6.324492,12.202344,0.007978752,0.5319214,6.4905420,41.078130,41.067390,0,0,1,1,0,0,0,1
64,6.416900,6.424102,12.201368,0.007976564,0.5319024,6.4906620,41.724620,41.713880,0,0,1,1,0,0,0,1
65,6.517272,6.524412,12.201568,0.007975628,0.5316926,6.4880380,42.375000,42.364260,0,0,1,1,0,0,0,1
66,6.616820,6.623930,12.201368,0.007985314,0.5323410,6.4953620,43.022460,43.011720,0,0,1,1,0,0,0,1
67,6.716888,6.724028,12.201172,0.007991876,0.5327798,6.5005500,43.668950,43.658210,0,0,1,1,0,0,0,1
68,6.817290,6.824340,12.201760,0.007980316,0.5320168,6.4913940,44.323250,44.312500,0,0,1,1,0,0,0,1
69,6.917082,6.924224,12.201568,0.007976250,0.5317308,6.4880380,44.970710,44.959960,0,0,1,1,0,0,0,1
70,7.017272,7.029478,12.200980,0.007977816,0.5318452,6.4889540,45.654300,45.643560,0,0,1,1,0,0,0,1
71,7.116820,7.123992,12.200784,0.007981568,0.5324364,6.4968880,46.267600,46.256860,0,0,1,1,0,0,0,1
72,7.217100,7.224303,12.201172,0.007973750,0.5315782,6.4858400,46.918950,46.908210,0,0,1,1,0,0,0,1
73,7.316862,7.324034,12.201368,0.007984066,0.5322648,6.4943860,47.565440,47.554700,0,0,1,1,0,0,0,1
74,7.417022,7.424132,12.202736,0.007970630,0.5313684,6.4840100,48.215840,48.205100,0,0,1,1,0,0,0,1
75,7.517028,7.524138,12.200590,0.007983440,0.5322076,6.4932880,48.867200,48.856450,0,0,1,1,0,0,0,1
76,7.617064,7.624266,12.200784,0.007986880,0.5318834,6.4898680,49.517580,49.506840,0,0,1,1,0,0,0,1
77,7.717284,7.724394,12.198244,0.007982190,0.5321312,6.4912720,50.167980,50.157230,0,0,1,1,0,0,0,1
78,7.816894,7.824034,12.198636,0.007977816,0.5318452,6.4877320,50.814460,50.803720,0,0,1,1,0,0,0,1
79,7.917236,7.924406,12.199024,0.007983752,0.5322458,6.4928600,51.464850,51.454100,0,0,1,1,0,0,0,1
80,8.016872,8.024046,12.199024,0.007980628,0.5320360,6.4902370,52.112320,52.101580,0,0,1,1,0,0,0,1
81,8.117186,8.124296,12.200196,0.007980940,0.5320550,6.4911520,52.762700,52.751960,0,0,1,1,0,0,0,1
82,8.217254,8.224392,12.199612,0.007976250,0.5326082,6.4966460,53.413090,53.402350,0,0,1,1,0,0,0,1
83,8.316860,8.324156,12.199416,0.007982190,0.5321312,6.4915160,54.059580,54.048840,0,0,1,1,0,0,0,1
84,8.417174,8.424406,12.200004,0.007975940,0.5317116,6.4869400,54.709980,54.699240,0,0,1,1,0,0,0,1
85,8.516842,8.524016,12.198636,0.007979064,0.5319214,6.4887700,55.357420,55.346680,0,0,1,1,0,0,0,1
86,8.617246,8.624416,12.199416,0.007983440,0.5322266,6.4927380,56.011720,56.000980,0,0,1,1,0,0,0,1
87,8.716826,8.723996,12.200196,0.007985314,0.5323602,6.4947520,56.658220,56.647480,0,0,1,1,0,0,0,1
88,8.817226,8.824430,12.199220,0.007990312,0.5315590,6.4846200,57.308600,57.297860,0,0,1,1,0,0,0,1
89,8.917110,8.924224,12.199808,0.007980940,0.5320550,6.4905420,57.958990,57.948250,0,0,1,1,0,0,0,1
90,9.017086,9.024290,12.198440,0.007981252,0.5320740,6.4903580,58.605490,58.594740,0,0,1,1,0,0,0,1
91,9.117064,9.124206,12.199612,0.007979376,0.5319406,6.4895020,59.255880,59.245140,0,0,1,1,0,0,0,1
92,9.216856,9.224974,12.199220,0.007994064,0.5329324,6.5011600,59.910180,59.899440,0,0,1,1,0,0,0,1
93,9.316924,9.324156,12.198830,0.007980628,0.5320360,6.4901740,60.553730,60.542990,0,0,1,1,0,0,0,1
94,9.417144,9.424254,12.199024,0.007984066,0.5320168,6.4894420,61.204120,61.193380,0,0,1,1,0,0,0,1
95,9.516784,9.523954,12.199808,0.007986880,0.5324364,6.4953620,61.850590,61.839850,0,0,1,1,0,0,0,1
96,9.617216,9.624356,12.199220,0.007986252,0.5323984,6.4948740,62.504890,62.494140,0,0,1,1,0,0,0,1
97,9.717376,9.724576,12.199220,0.007978440,0.5318834,6.4885260,63.156270,63.145530,0,0,1,1,0,0,0,1
98,9.821590,9.828794,12.198244,0.007974064,0.5315972,6.4849250,63.832040,63.821300,0,0,1,1,0,0,0,1
99,9.916960,9.924130,12.200004,0.007979064,0.5319214,6.4893800,64.450200,64.439460,0,0,1,1,0,0,0,1
100,10.017028,10.024168,12.198830,0.007973750,0.5316926,6.4862060,65.100600,65.089840,0,0,1,1,0,0,0,1
101,10.117336,10.124510,12.198636,0.007977502,0.5318260,6.4875500,65.751000,65.740240,0,0,1,1,0,0,0,1
102,10.216856,10.224028,12.198830,0.007977190,0.5318070,6.4874280,66.398440,66.387700,0,0,1,1,0,0,0,1
103,10.316830,10.324004,12.198830,0.007978752,0.5319024,6.4885260,67.048840,67.038100,0,0,1,1,0,0,0,1
104,10.416836,10.424130,12.199220,0.007978440,0.5318834,6.4884660,67.700200,67.689460,0,0,1,1,0,0,0,1
105,10.517300,10.524410,12.199416,0.007984066,0.5322648,6.4932260,68.350600,68.339840,0,0,1,1,0,0,0,1
106,10.616820,10.624020,12.199612,0.007979376,0.5320360,6.4904800,68.997080,68.986340,0,0,1,1,0,0,0,1
107,10.717130,10.724270,12.198636,0.007986252,0.5323984,6.4951200,69.647460,69.636740,0,0,1,1,0,0,0,1
108,10.816860,10.824032,12.198244,0.007984066,0.5322648,6.4926160,70.293960,70.283200,0,0,1,1,0,0,0,1
109,10.917356,10.924590,12.199416,0.007983128,0.5321884,6.4924320,70.948240,70.937500,0,0,1,1,0,0,0,1
110,11.016936,11.024076,12.199416,0.007986252,0.5323984,6.4949960,71.591800,71.581060,0,0,1,1,0,0,0,1
111,11.116880,11.123990,12.198830,0.007977502,0.5318070,6.4874280,72.242200,72.231460,0,0,1,1,0,0,0,1
112,11.217010,11.224180,12.200196,0.007985628,0.5321312,6.4918830,72.892600,72.881840,0,0,1,1,0,0,0,1
113,11.316800,11.324004,12.198050,0.007983752,0.5322458,6.4921880,73.539060,73.528340,0,0,1,1,0,0,0,1
114,11.417264,11.424376,12.200004,0.007982816,0.5321884,6.4925540,74.193360,74.182640,0,0,1,1,0,0,0,1
115,11.516812,11.523892,12.198440,0.007975316,0.5316736,6.4855360,74.839840,74.829100,0,0,1,1,0,0,0,1
116,11.617156,11.624296,12.199024,0.007977502,0.5318260,6.4877320,75.491220,75.480480,0,0,1,1,0,0,0,1
117,11.716856,11.723996,12.199024,0.007991876,0.5327988,6.4995120,76.137700,76.126960,0,0,1,1,0,0,0,1
118,11.816892,11.824032,12.199416,0.007974376,0.5316926,6.4858400,76.788100,76.777340,0,0,1,1,0,0,0,1
119,11.917296,11.924468,12.198636,0.007983752,0.5322266,6.4927380,77.438500,77.427740,0,0,1,1,0,0,0,1
120,12.016872,12.023984,12.198440,0.007996250,0.5330660,6.5024440,78.085940,78.075200,0,0,1,1,0,0,0,1
121,12.116820,12.123960,12.199416,0.007983752,0.5322266,6.4929200,78.736340,78.725600,0,0,1,1,0,0,0,1
122,12.217100,12.224210,12.198440,0.007986252,0.5323984,6.4943860,79.386740,79.376000,0,0,1,1,0,0,0,1
123,12.317136,12.324340,12.199024,0.007979376,0.5319596,6.4893220,80.037120,80.026380,0,0,1,1,0,0,0,1
124,12.416836,12.423980,12.199416,0.007981568,0.5315400,6.4839480,80.683600,80.672860,0,0,1,1,0,0,0,1
125,12.517028,12.524290,12.199024,0.007975940,0.5317116,6.4861460,81.334040,81.323280,0,0,1,1,0,0,0,1
126,12.616820,12.624050,12.198830,0.007980940,0.5320550,6.4903580,81.981460,81.970700,0,0,1,1,0,0,0,1
127,12.716948,12.724090,12.199024,0.007977502,0.5318260,6.4876720,82.631840,82.621100,0,0,1,1,0,0,0,1
128,12.817290,12.824430,12.199612,0.007980316,0.5320168,6.4903580,83.282260,83.271540,0,0,1,1,0,0,0,1
129,12.916836,12.923980,12.198440,0.007974690,0.5316544,6.4852300,83.928720,83.917980,0,0,1,1,0,0,0,1
130,13.016996,13.024198,12.199220,0.007980316,0.5317308,6.4865740,84.579100,84.568360,0,0,1,1,0,0,0,1
131,13.116880,13.124020,12.198636,0.007980628,0.5320360,6.4898680,85.230500,85.219760,0,0,1,1,0,0,0,1
132,13.217070,13.224210,12.199416,0.007980000,0.5319978,6.4899900,85.880860,85.870140,0,0,1,1,0,0,0,1
133,13.317196,13.324400,12.199024,0.007982500,0.5321694,6.4918220,86.531260,86.520520,0,0,1,1,0,0,0,1
134,13.416836,13.423948,12.199024,0.007978128,0.5318642,6.4881000,87.174820,87.164060,0,0,1,1,0,0,0,1
135,13.516844,13.523984,12.198830,0.007978440,0.5318834,6.4882820,87.825200,87.814460,0,0,1,1,0,0,0,1
136,13.617184,13.624328,12.199024,0.007983440,0.5317308,6.4864500,88.475600,88.464840,0,0,1,1,0,0,0,1
137,13.716796,13.723968,12.199808,0.007980940,0.5320550,6.4910280,89.123060,89.112320,0,0,1,1,0,0,0,1
138,13.817136,13.824276,12.200004,0.007979376,0.5319406,6.4897460,89.776400,89.765660,0,0,1,1,0,0,0,1
139,13.916868,13.924010,12.199024,0.007985314,0.5323410,6.4940800,90.423840,90.413100,0,0,1,1,0,0,0,1
140,14.017028,14.024260,12.199220,0.007982816,0.5321694,6.4920680,91.074240,91.063500,0,0,1,1,0,0,0,1
141,14.116820,14.123960,12.198636,0.007980000,0.5319978,6.4894420,91.720700,91.709960,0,0,1,1,0,0,0,1
142,14.216886,14.223996,12.200004,0.007983752,0.5320168,6.4904800,92.371100,92.360360,0,0,1,1,0,0,0,1
143,14.316892,14.324004,12.200390,0.007982190,0.5321504,6.4919440,93.021500,93.010740,0,0,1,1,0,0,0,1
144,14.417296,14.424404,12.198830,0.007983752,0.5322266,6.4926780,93.671900,93.661140,0,0,1,1,0,0,0,1
145,14.516812,14.524076,12.199220,0.007984066,0.5322648,6.4931640,94.319340,94.308600,0,0,1,1,0,0,0,1
146,14.616820,14.623930,12.198440,0.007977190,0.5318070,6.4871220,94.968760,94.958020,0,0,1,1,0,0,0,1
147,14.716886,14.723996,12.199024,0.007973436,0.5315590,6.4843760,95.616260,95.605500,0,0,1,1,0,0,0,1
148,14.817350,14.824490,12.198244,0.007984066,0.5325510,6.4967660,96.270540,96.259800,0,0,1,1,0,0,0,1
149,14.916900,14.924040,12.200196,0.007983128,0.5321884,6.4917000,96.917000,96.906260,0,0,1,1,0,0,0,1
150,15.016996,15.024198,12.197856,0.007972816,0.5315210,6.4833380,97.567400,97.556640,0,0,1,1,0,0,0,1
151,15.116880,15.124020,12.199416,0.007973750,0.5315782,6.4847440,98.213900,98.203160,0,0,1,1,0,0,0,1
152,15.217040,15.224180,12.199416,0.007979690,0.5319596,6.4895640,98.864260,98.853540,0,0,1,1,0,0,0,1
153,15.317260,15.324430,12.199808,0.007975940,0.5317116,6.4850490,99.514660,99.503920,0,0,1,1,0,0,0,1
154,15.416868,15.424070,12.199024,0.007985000,0.5322648,6.4929840,100.162160,100.151400,0,0,1,1,0,0,0,1
155,15.517330,15.524504,12.198050,0.007980000,0.5319978,6.4897460,100.815440,100.804700,0,0,1,1,0,0,0,1
156,15.616880,15.624050,12.199024,0.007980000,0.5319788,6.4896260,101.459000,101.448240,0,0,1,1,0,0,0,1
157,15.717070,15.724210,12.198440,0.007989690,0.5326462,6.4972560,102.109400,102.098640,0,0,1,1,0,0,0,1
158,15.816892,15.824032,12.198830,0.007990628,0.5326844,6.4981720,102.759800,102.749080,0,0,1,1,0,0,0,1
159,15.916868,15.923948,12.199416,0.007984376,0.5322838,6.4935310,103.407240,103.396500,0,0,1,1,0,0,0,1
160,16.016870,16.023980,12.200590,0.007979376,0.5320168,6.4895640,104.057640,104.046900,0,0,1,1,0,0,0,1
161,16.117276,16.124416,12.199416,0.007991876,0.5327798,6.4992680,104.711920,104.701180,0,0,1,1,0,0,0,1
162,16.217130,16.224300,12.199612,0.007977190,0.5318070,6.4878540,105.358400,105.347680,0,0,1,1,0,0,0,1
163,16.316830,16.323970,12.199416,0.007980940,0.5320550,6.4906020,106.004900,105.994160,0,0,1,1,0,0,0,1
164,16.417110,16.424220,12.198636,0.007979690,0.5319596,6.4891980,106.656300,106.645560,0,0,1,1,0,0,0,1
165,16.516870,16.524010,12.200004,0.007976250,0.5317498,6.4873660,107.306640,107.295900,0,0,1,1,0,0,0,1
166,16.616850,16.624080,12.199220,0.007978128,0.5318834,6.4881000,107.953140,107.942400,0,0,1,1,0,0,0,1
167,16.716850,16.723992,12.198440,0.007981876,0.5321122,6.4912720,108.604520,108.593800,0,0,1,1,0,0,0,1
168,16.816800,16.824000,12.199220,0.007978752,0.5319024,6.4887120,109.254900,109.244160,0,0,1,1,0,0,0,1
169,16.917080,16.924220,12.198830,0.007989380,0.5326272,6.4973160,109.905300,109.894540,0,0,1,1,0,0,0,1
170,17.016870,17.024010,12.199416,0.007992190,0.5328180,6.4999400,110.552780,110.542040,0,0,1,1,0,0,0,1
171,17.117240,17.124448,12.198830,0.007977816,0.5318452,6.4861460,111.203140,111.192400,0,0,1,1,0,0,0,1
172,17.216820,17.223960,12.198636,0.007973130,0.5320168,6.4896260,111.849640,111.838900,0,0,1,1,0,0,0,1
173,17.317320,17.324490,12.199024,0.007987188,0.5324746,6.4961560,112.503960,112.493200,0,0,1,1,0,0,0,1
174,17.416960,17.424190,12.198440,0.007982500,0.5321694,6.4915780,113.151380,113.140640,0,0,1,1,0,0,0,1
175,17.517270,17.524410,12.198830,0.007979690,0.5319788,6.4893800,113.801760,113.791040,0,0,1,1,0,0,0,1
176,17.616820,17.623930,12.199612,0.007984688,0.5323030,6.4939580,114.448240,114.437500,0,0,1,1,0,0,0,1
177,17.716880,17.724120,12.199808,0.007977190,0.5318070,6.4879160,115.098680,115.087920,0,0,1,1,0,0,0,1
178,17.816830,17.823940,12.199024,0.007980316,0.5321884,6.4919440,115.746140,115.735400,0,0,1,1,0,0,0,1
179,17.917320,17.924492,12.198636,0.007979376,0.5319596,6.4896860,116.400440,116.389700,0,0,1,1,0,0,0,1
180,18.017024,18.024132,12.198636,0.007981568,0.5321122,6.4908480,117.046920,117.036160,0,0,1,1,0,0,0,1
181,18.116820,18.129084,12.199416,0.007979690,0.5322458,6.4927980,117.726560,117.715840,0,0,1,1,0,0,0,1
182,18.216850,18.224052,12.199416,0.007977816,0.5318452,6.4882200,118.344740,118.334000,0,0,1,1,0,0,0,1
183,18.316890,18.324090,12.199416,0.007983440,0.5322076,6.4926780,118.995160,118.984420,0,0,1,1,0,0,0,1
184,18.416832,18.424040,12.199416,0.007982190,0.5322838,6.4940800,119.641600,119.630880,0,0,1,1,0,0,0,1
185,18.517270,18.524410,12.199220,0.007975004,0.5316544,6.4854140,120.295900,120.285160,0,0,1,1,0,0,0,1
186,18.616880,18.624050,12.199416,0.007983128,0.5321884,6.4924320,120.942400,120.931640,0,0,1,1,0,0,0,1
187,18.716850,18.724052,12.198830,0.007972504,0.5315018,6.4835820,121.588880,121.578140,0,0,1,1,0,0,0,1
188,18.816830,18.823970,12.198244,0.007984376,0.5322838,6.4929200,122.240280,122.229520,0,0,1,1,0,0,0,1
189,18.916896,18.924010,12.198636,0.007981876,0.5321122,6.4909680,122.890640,122.879900,0,0,1,1,0,0,0,1
190,19.016840,19.023920,12.199612,0.007981252,0.5317880,6.4876100,123.537120,123.526380,0,0,1,1,0,0,0,1
191,19.117090,19.124230,12.199220,0.007978752,0.5319024,6.4889540,124.187500,124.176760,0,0,1,1,0,0,0,1
192,19.216850,19.224024,12.199024,0.007970316,0.5313302,6.4817520,124.837920,124.827200,0,0,1,1,0,0,0,1
193,19.316890,19.324090,12.199612,0.007981252,0.5320740,6.4909680,125.488300,125.477560,0,0,1,1,0,0,0,1
194,19.416896,19.424010,12.198830,0.007984376,0.5322838,6.4931640,126.134780,126.124040,0,0,1,1,0,0,0,1
195,19.521816,19.529050,12.200196,0.007964690,0.5309678,6.4778440,126.818360,126.807640,0,0,1,1,0,0,0,1
196,19.616850,19.624050,12.199612,0.007979064,0.5322266,6.4929840,127.435600,127.424840,0,0,1,1,0,0,0,1
197,19.717310,19.724540,12.198636,0.007979690,0.5319596,6.4890160,128.085960,128.075200,0,0,1,1,0,0,0,1
198,19.816890,19.824000,12.198440,0.007994064,0.5329324,6.5009180,128.733400,128.722700,0,0,1,1,0,0,0,1
199,19.917110,19.924220,12.198636,0.007981568,0.5320932,6.4909060,129.383800,129.373100,0,0,1,1,0,0,0,1
200,20.016840,20.023980,12.198830,0.007980000,0.5319978,6.4896260,130.030300,130.019560,0,0,1,1,0,0,0,1
201,20.117060,20.124200,12.199416,0.007986880,0.5324556,6.4858400,130.680700,130.669920,0,0,1,1,0,0,0,1
202,20.217280,20.224450,12.198440,0.007976876,0.5318452,6.4879160,131.331100,131.320320,0,0,1,1,0,0,0,1
203,20.316830,20.324030,12.198636,0.007973750,0.5315782,6.4848030,131.978520,131.967800,0,0,1,1,0,0,0,1
204,20.416896,20.424010,12.198830,0.007982500,0.5321504,6.4915780,132.628900,132.618200,0,0,1,1,0,0,0,1
205,20.517052,20.524230,12.199612,0.007965312,0.5310060,6.4780900,133.279300,133.268600,0,0,1,1,0,0,0,1
206,20.617368,20.624448,12.198244,0.007984376,0.5322838,6.4927980,133.929700,133.918960,0,0,1,1,0,0,0,1
207,20.717130,20.724210,12.199024,0.007968440,0.5312158,6.4859020,134.576200,134.565480,0,0,1,1,0,0,0,1
208,20.816890,20.824000,12.198636,0.007980940,0.5315210,6.4843140,135.226600,135.215840,0,0,1,1,0,0,0,1
209,20.916990,20.924220,12.199416,0.007981876,0.5321122,6.4913340,135.877960,135.867200,0,0,1,1,0,0,0,1
210,21.016810,21.023980,12.199024,0.007980316,0.5320168,6.4901130,136.524440,136.513700,0,0,1,1,0,0,0,1
211,21.116784,21.123900,12.199220,0.007985940,0.5323984,6.4946900,137.170900,137.160200,0,0,1,1,0,0,0,1
212,21.216880,21.223960,12.199024,0.007978440,0.5318834,6.4885260,137.821300,137.810600,0,0,1,1,0,0,0,1
213,21.317132,21.324308,12.198830,0.007987500,0.5324936,6.4931640,138.472700,138.461920,0,0,1,1,0,0,0,1
214,21.416832,21.424010,12.199024,0.007980940,0.5325510,6.4964000,139.123100,139.112300,0,0,1,1,0,0,0,1
215,21.517024,21.524192,12.199612,0.007975940,0.5317308,6.4859020,139.773480,139.762700,0,0,1,1,0,0,0,1
216,21.616880,21.624050,12.199416,0.007984066,0.5322648,6.4932260,140.420900,140.410200,0,0,1,1,0,0,0,1
217,21.717340,21.724540,12.198830,0.007981876,0.5321122,6.4910900,141.075200,141.064500,0,0,1,1,0,0,0,1
218,21.816830,21.824060,12.199024,0.007982500,0.5321504,6.4917620,141.717800,141.707080,0,0,1,1,0,0,0,1
219,21.916832,21.924010,12.199220,0.007982190,0.5321312,6.4915160,142.369160,142.358400,0,0,1,1,0,0,0,1
220,22.017390,22.024470,12.198440,0.007977190,0.5318834,6.4890760,143.023480,143.012700,0,0,1,1,0,0,0,1
221,22.116784,22.123960,12.199024,0.007988752,0.5325700,6.4968260,143.666040,143.655300,0,0,1,1,0,0,0,1
222,22.217130,22.224210,12.198440,0.007985314,0.5323410,6.4937760,144.316400,144.305700,0,0,1,1,0,0,0,1
223,22.317256,22.324520,12.198636,0.007980628,0.5320360,6.4901130,144.970700,144.960000,0,0,1,1,0,0,0,1
224,22.416896,22.424040,12.199220,0.007980940,0.5320360,6.4904800,145.614300,145.603520,0,0,1,1,0,0,0,1
225,22.517024,22.524168,12.199612,0.007975316,0.5316736,6.4893800,146.264700,146.253900,0,0,1,1,0,0,0,1
226,22.616850,22.624050,12.198636,0.007990628,0.5318070,6.4875500,146.915080,146.904300,0,0,1,1,0,0,0,1
227,22.717310,22.724450,12.199416,0.007979690,0.5319788,6.4895640,147.565480,147.554700,0,0,1,1,0,0,0,1
228,22.816860,22.824000,12.199024,0.007980316,0.5320168,6.4901130,148.211920,148.201200,0,0,1,1,0,0,0,1
229,22.917230,22.924340,12.198440,0.007988752,0.5325890,6.4966460,148.862300,148.851600,0,0,1,1,0,0,0,1
230,23.017390,23.024500,12.199220,0.007984376,0.5322838,6.4934080,149.512700,149.502000,0,0,1,1,0,0,0,1
231,23.116820,23.123990,12.198636,0.007974690,0.5316544,6.4874900,150.159200,150.148480,0,0,1,1,0,0,0,1
232,23.217160,23.224300,12.198830,0.007971564,0.5322838,6.4937140,150.809600,150.798840,0,0,1,1,0,0,0,1
233,23.316800,23.324700,12.200004,0.007978128,0.5318834,6.4884060,151.460000,151.449240,0,0,1,1,0,0,0,1
234,23.416960,23.424100,12.199612,0.007982816,0.5321884,6.4924320,152.107440,152.096700,0,0,1,1,0,0,0,1
235,23.516840,23.524010,12.199220,0.007993440,0.5328942,6.5008560,152.757840,152.747100,0,0,1,1,0,0,0,1
236,23.617150,23.624290,12.199220,0.007985314,0.5323410,6.4941420,153.408200,153.397500,0,0,1,1,0,0,0,1
237,23.717310,23.724540,12.199808,0.007981252,0.5320740,6.4899900,154.059600,154.048840,0,0,1,1,0,0,0,1
238,23.816860,23.824150,12.199220,0.007977502,0.5321504,6.4915160,154.706100,154.695320,0,0,1,1,0,0,0,1
239,23.916868,23.924040,12.198636,0.007988752,0.5325700,6.4970710,155.356480,155.345700,0,0,1,1,0,0,0,1
240,24.017240,24.024440,12.198830,0.007975316,0.5316736,6.4857800,156.007840,155.997100,0,0,1,1,0,0,0,1
241,24.116850,24.124020,12.199024,0.007980316,0.5320168,6.4899900,156.654300,156.643600,0,0,1,1,0,0,0,1
242,24.217160,24.224270,12.199416,0.007985628,0.5323602,6.4945100,157.304700,157.293960,0,0,1,1,0,0,0,1
243,24.316860,24.324030,12.199024,0.007996250,0.5330850,6.5061660,157.952200,157.941400,0,0,1,1,0,0,0,1
244,24.417140,24.424310,12.198440,0.007999690,0.5334474,6.5071420,158.604500,158.593800,0,0,1,1,0,0,0,1
245,24.517300,24.524410,12.198830,0.007988128,0.5325318,6.4962160,159.255900,159.245160,0,0,1,1,0,0,0,1
246,24.616820,24.623960,12.199024,0.007993124,0.5328752,6.5004890,159.904300,159.893600,0,0,1,1,0,0,0,1
247,24.717160,24.724240,12.198636,0.007995940,0.5330468,6.5023820,160.556680,160.545900,0,0,1,1,0,0,0,1
248,24.816830,24.823970,12.199612,0.008003440,0.5335618,6.5091580,161.208100,161.197320,0,0,1,1,0,0,0,1
249,24.917384,24.924552,12.198830,0.007999064,0.5328752,6.5003080,161.859400,161.848680,0,0,1,1,0,0,0,1
250,25.016990,25.024192,12.198050,0.007995004,0.5335808,6.5088520,162.507840,162.497100,0,0,1,1,0,0,0,1
251,25.116880,25.124080,12.199220,0.007987500,0.5324936,6.4953010,163.159200,163.148480,0,0,1,1,0,0,0,1
252,25.217130,25.224270,12.198636,0.007997190,0.5331422,6.5034180,163.811520,163.800800,0,0,1,1,0,0,0,1
253,25.316830,25.323910,12.198636,0.007998750,0.5332376,6.5047000,164.460040,164.449300,0,0,1,1,0,0,0,1
254,25.416832,25.424010,12.197856,0.007985628,0.5323792,6.4937760,165.111360,165.100600,0,0,1,1,0,0,0,1
255,25.516840,25.524010,12.198636,0.007999376,0.5332948,6.5111100,165.759800,165.749040,0,0,1,1,0,0,0,1
256,25.617368,25.624510,12.199808,0.007993750,0.5331040,6.5029920,166.415080,166.404300,0,0,1,1,0,0,0,1
257,25.716880,25.723992,12.198244,0.008003750,0.5335618,6.5086680,167.063500,167.052760,0,0,1,1,0,0,0,1
258,25.816860,25.824000,12.198440,0.007997816,0.5331612,6.5037840,167.710960,167.700200,0,0,1,1,0,0,0,1
259,25.917110,25.924370,12.198636,0.007994064,0.5329324,6.5009180,168.366300,168.355560,0,0,1,1,0,0,0,1
260,26.016930,26.024104,12.199024,0.008003440,0.5335428,6.5087280,169.014700,169.003900,0,0,1,1,0,0,0,1
261,26.116784,26.123960,12.198830,0.007995624,0.5330278,6.5072640,169.663100,169.652360,0,0,1,1,0,0,0,1
262,26.216790,26.224024,12.198244,0.007995624,0.5331422,6.5032360,170.314520,170.303800,0,0,1,1,0,0,0,1
263,26.316800,26.323940,12.198440,0.007996564,0.5331040,6.5026260,170.966800,170.956100,0,0,1,1,0,0,0,1
264,26.416960,26.424100,12.198244,0.008008440,0.5338670,6.5123300,171.618240,171.607500,0,0,1,1,0,0,0,1
265,26.516960,26.524168,12.198830,0.007995316,0.5330278,6.5022590,172.266600,172.255900,0,0,1,1,0,0,0,1
266,26.616820,26.623960,12.198440,0.007993124,0.5328560,6.5001220,172.918000,172.907240,0,0,1,1,0,0,0,1
267,26.717008,26.724084,12.200004,0.007989690,0.5326462,6.5002440,173.569360,173.558600,0,0,1,1,0,0,0,1
268,26.816830,26.824000,12.198830,0.007996876,0.5335428,6.5084840,174.217800,174.207080,0,0,1,1,0,0,0,1
269,26.917110,26.924280,12.198244,0.007994064,0.5329324,6.5007340,174.869160,174.858400,0,0,1,1,0,0,0,1
270,27.016870,27.024040,12.198244,0.007988752,0.5325890,6.4965820,175.517600,175.506840,0,0,1,1,0,0,0,1
271,27.117240,27.124384,12.198636,0.007995940,0.5330660,6.5025640,176.172900,176.162160,0,0,1,1,0,0,0,1
272,27.216850,27.224024,12.199220,0.007994690,0.5329704,6.5017100,176.820320,176.809600,0,0,1,1,0,0,0,1
273,27.317100,27.324276,12.197460,0.008005002,0.5336380,6.5015280,177.472760,177.462000,0,0,1,1,0,0,0,1
274,27.417350,27.424524,12.198636,0.007996564,0.5331040,6.5032960,178.124040,178.113300,0,0,1,1,0,0,0,1
275,27.516840,27.523950,12.198636,0.007987188,0.5324556,6.4956680,178.772500,178.761760,0,0,1,1,0,0,0,1
276,27.616880,27.624020,12.198830,0.007985940,0.5323792,6.4943860,179.423840,179.413100,0,0,1,1,0,0,0,1
277,27.717190,27.724330,12.199808,0.008002504,0.5334856,6.5084840,180.075300,180.064520,0,0,1,1,0,0,0,1
278,27.816890,27.824030,12.198636,0.007995316,0.5330086,6.5020760,180.723680,180.712900,0,0,1,1,0,0,0,1
279,27.916832,27.923976,12.199024,0.007992812,0.5328370,6.5043340,181.372100,181.361360,0,0,1,1,0,0,0,1
280,28.016810,28.024040,12.199416,0.007987500,0.5322648,6.4931040,182.023500,182.012800,0,0,1,1,0,0,0,1
281,28.117210,28.124384,12.197660,0.007994064,0.5329324,6.5006130,182.678760,182.668000,0,0,1,1,0,0,0,1
282,28.216880,28.224024,12.199024,0.007997190,0.5331422,6.5037840,183.327240,183.316500,0,0,1,1,0,0,0,1
283,28.316800,28.323940,12.198830,0.007984066,0.5322648,6.4928600,183.975600,183.964840,0,0,1,1,0,0,0,1
284,28.417050,28.424250,12.199416,0.007995624,0.5330468,6.5027500,184.627000,184.616240,0,0,1,1,0,0,0,1
285,28.516810,28.523980,12.198636,0.007987812,0.5325128,6.5036020,185.279300,185.268600,0,0,1,1,0,0,0,1
286,28.616850,28.624020,12.199220,0.008005316,0.5326654,6.4981720,185.926800,185.916040,0,0,1,1,0,0,0,1
287,28.717370,28.724540,12.198440,0.008001250,0.5334092,6.5067160,186.583040,186.572300,0,0,1,1,0,0,0,1
288,28.816890,28.823970,12.198830,0.007992504,0.5328370,6.4998780,187.230500,187.219760,0,0,1,1,0,0,0,1
289,28.917200,28.924340,12.198440,0.007979376,0.5319596,6.4888920,187.881840,187.871100,0,0,1,1,0,0,0,1
290,29.016810,29.023950,12.199024,0.007992504,0.5328370,6.5000020,188.530300,188.519560,0,0,1,1,0,0,0,1
291,29.117210,29.124384,12.199024,0.007988440,0.5329704,6.5014660,189.181700,189.171000,0,0,1,1,0,0,0,1
292,29.216820,29.224084,12.198830,0.007990628,0.5325890,6.4968260,189.830100,189.819360,0,0,1,1,0,0,0,1
293,29.316800,29.323970,12.198440,0.007991876,0.5327798,6.4993300,190.481480,190.470700,0,0,1,1,0,0,0,1
294,29.417170,29.424310,12.198440,0.007990312,0.5326654,6.4977420,191.133800,191.123100,0,0,1,1,0,0,0,1
295,29.516810,29.523950,12.199220,0.008004690,0.5336380,6.5098880,191.781300,191.770520,0,0,1,1,0,0,0,1
296,29.616940,29.624050,12.199612,0.007998124,0.5331994,6.5047620,192.432640,192.421900,0,0,1,1,0,0,0,1
297,29.716850,29.723992,12.200004,0.007995316,0.5330278,6.4998180,193.085000,193.074240,0,0,1,1,0,0,0,1
298,29.816860,29.824060,12.198636,0.008001876,0.5332184,6.5040290,193.733400,193.722700,0,0,1,1,0,0,0,1
299,29.917230,29.924340,12.198440,0.008004376,0.5336190,6.5092780,194.388700,194.377960,0,0,1,1,0,0,0,1
300,30.017210,30.024470,12.198830,0.007995624,0.5330468,6.5025040,195.040080,195.029300,0,0,1,1,0,0,0,1
301,30.116880,30.124020,12.199024,0.007985314,0.5323410,6.4939580,195.684600,195.673840,0,0,1,1,0,0,0,1
302,30.217280,30.224420,12.198636,0.007995316,0.5330086,6.5019540,196.339900,196.329200,0,0,1,1,0,0,0,1
303,30.316890,30.324060,12.200196,0.007994064,0.5329324,6.5042760,196.988300,196.977560,0,0,1,1,0,0,0,1
304,30.416832,30.424040,12.198636,0.007999376,0.5330660,6.5022590,197.636760,197.626000,0,0,1,1,0,0,0,1
305,30.517240,30.524350,12.199024,0.008002816,0.5335046,6.5082420,198.292000,198.281300,0,0,1,1,0,0,0,1
306,30.616850,30.624020,12.199024,0.007990940,0.5327226,6.4986580,198.939500,198.928760,0,0,1,1,0,0,0,1
307,30.716850,30.724024,12.199024,0.007992504,0.5328180,6.4998780,199.591900,199.581160,0,0,1,1,0,0,0,1
308,30.816860,30.824000,12.198636,0.007995004,0.5329896,6.5017100,200.239300,200.228520,0,0,1,1,0,0,0,1
309,30.917260,30.924340,12.199612,0.007995624,0.5330468,6.5028080,200.891600,200.880900,0,0,1,1,0,0,0,1
310,31.016840,31.023950,12.198636,0.008005940,0.5324364,6.4951780,201.540100,201.529400,0,0,1,1,0,0,0,1
311,31.117120,31.124260,12.198440,0.007993124,0.5328560,6.5000620,202.195320,202.184600,0,0,1,1,0,0,0,1
312,31.217250,31.224330,12.199220,0.007995624,0.5330278,6.5023820,202.842800,202.832080,0,0,1,1,0,0,0,1
313,31.316860,31.323970,12.198830,0.007999376,0.5332756,6.5053720,203.491240,203.480500,0,0,1,1,0,0,0,1
314,31.416868,31.424040,12.199024,0.007993750,0.5328942,6.5008560,204.142680,204.131900,0,0,1,1,0,0,0,1
315,31.516840,31.524010,12.198440,0.007979690,0.5319788,6.4951200,204.793960,204.783200,0,0,1,1,0,0,0,1
316,31.617060,31.624200,12.199416,0.007992504,0.5333138,6.5059220,205.445320,205.434600,0,0,1,1,0,0,0,1
317,31.716850,31.724052,12.199220,0.008002504,0.5334856,6.5081180,206.093800,206.083040,0,0,1,1,0,0,0,1
318,31.816860,31.823970,12.199220,0.007997816,0.5331804,6.5043960,206.745200,206.734480,0,0,1,1,0,0,0,1
319,31.917200,31.924400,12.200004,0.007998438,0.5332184,6.5052500,207.397500,207.386760,0,0,1,1,0,0,0,1
320,32.016800,32.024100,12.199808,0.007992812,0.5328560,6.5006130,208.044920,208.034200,0,0,1,1,0,0,0,1
321,32.117300,32.124500,12.199024,0.007989380,0.5319978,6.4895020,208.700200,208.689500,0,0,1,1,0,0,0,1
322,32.216880,32.224020,12.199024,0.008000630,0.5329132,6.5013440,209.348680,209.337900,0,0,1,1,0,0,0,1
323,32.317160,32.324330,12.199416,0.007986564,0.5324364,6.4953010,210.000000,209.989300,0,0,1,1,0,0,0,1
324,32.416830,32.423970,12.198244,0.007994376,0.5329514,6.5009780,210.647500,210.636760,0,0,1,1,0,0,0,1
325,32.516780,32.523980,12.199024,0.007995624,0.5330278,6.5024440,211.299800,211.289100,0,0,1,1,0,0,0,1
326,32.617300,32.624440,12.198830,0.007981568,0.5320932,6.4909060,211.951200,211.940480,0,0,1,1,0,0,0,1
327,32.716820,32.723960,12.199024,0.007994064,0.5329324,6.4954840,212.598680,212.587900,0,0,1,1,0,0,0,1
328,32.817310,32.824460,12.199220,0.007995940,0.5330468,6.5025040,213.250000,213.239300,0,0,1,1,0,0,0,1
329,32.917220,32.924300,12.198830,0.007987812,0.5325128,6.4959720,213.901400,213.890640,0,0,1,1,0,0,0,1
330,33.016860,33.024040,12.198636,0.007995940,0.5330660,6.5025040,214.549800,214.539100,0,0,1,1,0,0,0,1
331,33.117000,33.124200,12.198050,0.007993440,0.5328752,6.5000620,215.201200,215.190480,0,0,1,1,0,0,0,1
332,33.217030,33.224260,12.199024,0.007996564,0.5330850,6.5031740,215.852560,215.841800,0,0,1,1,0,0,0,1
333,33.321800,33.328970,12.199808,0.007990312,0.5326844,6.4985960,216.533200,216.522500,0,0,1,1,0,0,0,1
334,33.417380,33.424550,12.198636,0.007997190,0.5331230,6.5037840,217.155360,217.144600,0,0,1,1,0,0,0,1
335,33.516840,33.523980,12.198050,0.008001250,0.5334092,6.5064700,217.799900,217.789160,0,0,1,1,0,0,0,1
336,33.616940,33.624080,12.198830,0.007999064,0.5332566,6.5050060,218.452200,218.441400,0,0,1,1,0,0,0,1
337,33.717280,33.724420,12.198830,0.007997504,0.5331612,6.5037840,219.103600,219.092840,0,0,1,1,0,0,0,1
338,33.816880,33.824000,12.198440,0.007993124,0.5328752,6.5001840,219.752000,219.741240,0,0,1,1,0,0,0,1
339,33.916890,33.924100,12.198830,0.007988440,0.5331612,6.5040290,220.403320,220.392600,0,0,1,1,0,0,0,1
340,34.016800,34.024100,12.199024,0.007986880,0.5327988,6.4996980,221.054700,221.043960,0,0,1,1,0,0,0,1
341,34.117330,34.124500,12.199024,0.007991252,0.5327416,6.4988420,221.706160,221.695400,0,0,1,1,0,0,0,1
342,34.216880,34.224020,12.199024,0.007989064,0.5325890,6.4971320,222.353520,222.342800,0,0,1,1,0,0,0,1
343,34.317340,34.324480,12.198636,0.007994064,0.5329324,6.5010380,223.008800,222.998100,0,0,1,1,0,0,0,1
344,34.416950,34.424160,12.198830,0.007988752,0.5325700,6.4968260,223.657240,223.646500,0,0,1,1,0,0,0,1
345,34.517240,34.524380,12.199612,0.007996876,0.5334092,6.5068360,224.308700,224.297920,0,0,1,1,0,0,0,1
346,34.616840,34.624020,12.198830,0.007992190,0.5328752,6.5005500,224.957080,224.946300,0,0,1,1,0,0,0,1
347,34.717100,34.729390,12.198050,0.007998124,0.5331994,6.4968260,225.640640,225.629900,0,0,1,1,0,0,0,1
348,34.816860,34.824020,12.199612,0.008001564,0.5334284,6.5074470,226.255900,226.245160,0,0,1,1,0,0,0,1
349,34.916860,34.923970,12.199024,0.007991252,0.5327416,6.4989020,226.908200,226.897500,0,0,1,1,0,0,0,1
350,35.017240,35.024400,12.198440,0.007995316,0.5330086,6.5018920,227.559600,227.548840,0,0,1,1,0,0,0,1
351,35.116810,35.123960,12.199220,0.007998124,0.5331994,6.4945100,228.207080,228.196300,0,0,1,1,0,0,0,1
352,35.217120,35.224300,12.199024,0.007990940,0.5327226,6.4979260,228.858400,228.847700,0,0,1,1,0,0,0,1
353,35.317340,35.324520,12.198636,0.007993440,0.5328942,6.5005500,229.509840,229.499100,0,0,1,1,0,0,0,1
354,35.416830,35.424030,12.198636,0.007989064,0.5325890,6.4967660,230.158300,230.147520,0,0,1,1,0,0,0,1
355,35.516840,35.524010,12.199416,0.008000316,0.5333520,6.5064700,230.809600,230.798840,0,0,1,1,0,0,0,1
356,35.617140,35.624350,12.199024,0.007990312,0.5326844,6.4982300,231.462000,231.451240,0,0,1,1,0,0,0,1
357,35.716820,35.723960,12.198440,0.007991876,0.5329132,6.5007940,232.109400,232.098680,0,0,1,1,0,0,0,1
358,35.817070,35.824210,12.199612,0.007993124,0.5328560,6.5003080,232.761800,232.751080,0,0,1,1,0,0,0,1
359,35.916860,35.923970,12.198440,0.007992504,0.5328180,6.4995120,233.409200,233.398480,0,0,1,1,0,0,0,1
360,36.017110,36.024250,12.199220,0.007997190,0.5331422,6.5039070,234.064520,234.053800,0,0,1,1,0,0,0,1
361,36.116840,36.129110,12.200004,0.007990940,0.5327226,6.4988420,234.745160,234.734400,0,0,1,1,0,0,0,1
362,36.216880,36.223990,12.199808,0.007996876,0.5331230,6.5038460,235.364320,235.353600,0,0,1,1,0,0,0,1
363,36.317160,36.324300,12.198636,0.007994690,0.5330468,6.5020140,236.015640,236.004900,0,0,1,1,0,0,0,1
364,36.416890,36.424060,12.198440,0.008002816,0.5335046,6.5084240,236.664100,236.653320,0,0,1,1,0,0,0,1
365,36.517260,36.524500,12.198636,0.007995940,0.5330660,6.5026260,237.319360,237.308600,0,0,1,1,0,0,0,1
366,36.616810,36.623960,12.199416,0.007996876,0.5331040,6.5036020,237.963900,237.953160,0,0,1,1,0,0,0,1
367,36.717060,36.724360,12.198050,0.007996876,0.5331230,6.5029920,238.619160,238.608400,0,0,1,1,0,0,0,1
368,36.816860,36.824020,12.199024,0.007991564,0.5327608,6.4990880,239.266600,239.255900,0,0,1,1,0,0,0,1
369,36.917320,36.924490,12.198244,0.007996564,0.5328942,6.5002440,239.918000,239.907240,0,0,1,1,0,0,0,1
370,37.016840,37.024040,12.199612,0.008003130,0.5335236,6.5081180,240.566400,240.555700,0,0,1,1,0,0,0,1
371,37.117140,37.124320,12.200004,0.007993124,0.5328752,6.5008560,241.217840,241.207100,0,0,1,1,0,0,0,1
372,37.216880,37.224020,12.199612,0.007992812,0.5328560,6.5005500,241.866240,241.855500,0,0,1,1,0,0,0,1
373,37.317280,37.324390,12.199612,0.007985314,0.5323410,6.4943860,242.521560,242.510800,0,0,1,1,0,0,0,1
374,37.416860,37.424030,12.199416,0.007990628,0.5327036,6.4985960,243.168960,243.158200,0,0,1,1,0,0,0,1
375,37.516840,37.524070,12.200590,0.007991252,0.5331230,6.5037240,243.821400,243.810640,0,0,1,1,0,0,0,1
376,37.617300,37.624470,12.199612,0.007998124,0.5331994,6.5045180,244.472700,244.461920,0,0,1,1,0,0,0,1
377,37.716880,37.724050,12.197856,0.007989380,0.5326272,6.4967040,245.121100,245.110400,0,0,1,1,0,0,0,1
378,37.817280,37.824420,12.199416,0.007996250,0.5330850,6.5032360,245.772500,245.761760,0,0,1,1,0,0,0,1
379,37.916860,37.924000,12.198440,0.007987500,0.5324936,6.4955460,246.419920,246.409200,0,0,1,1,0,0,0,1
380,38.016900,38.024040,12.200004,0.007990940,0.5327226,6.4990880,247.071300,247.060600,0,0,1,1,0,0,0,1
381,38.117060,38.124160,12.198636,0.007994690,0.5329514,6.5021980,247.723680,247.712900,0,0,1,1,0,0,0,1
382,38.217360,38.224480,12.198830,0.007996564,0.5330850,6.5026860,248.375000,248.364300,0,0,1,1,0,0,0,1
383,38.316860,38.324000,12.198244,0.008009068,0.5339432,6.5130620,249.022500,249.011760,0,0,1,1,0,0,0,1
384,38.417200,38.424370,12.200196,0.007999064,0.5332566,6.5057380,249.674900,249.664160,0,0,1,1,0,0,0,1
385,38.516800,38.523880,12.198636,0.007997190,0.5331422,6.5035400,250.322300,250.311520,0,0,1,1,0,0,0,1
386,38.617020,38.624160,12.198830,0.007999064,0.5332566,6.5050060,250.973700,250.963000,0,0,1,1,0,0,0,1
387,38.717220,38.724420,12.198050,0.007995004,0.5331040,6.5032960,251.626000,251.615240,0,0,1,1,0,0,0,1
388,38.817070,38.824300,12.200390,0.007979690,0.5319596,6.4896260,252.276400,252.265640,0,0,1,1,0,0,0,1
389,38.916860,38.924100,12.199220,0.007975940,0.5317116,6.4865740,252.923840,252.913100,0,0,1,1,0,0,0,1
390,39.017170,39.024340,12.199024,0.007985940,0.5323792,6.4945100,253.574240,253.563500,0,0,1,1,0,0,0,1
391,39.116880,39.123980,12.199612,0.007979376,0.5319406,6.4894420,254.220800,254.210040,0,0,1,1,0,0,0,1
392,39.216820,39.223990,12.199416,0.007974064,0.5315972,6.4851080,254.871200,254.860440,0,0,1,1,0,0,0,1
393,39.317380,39.324520,12.199612,0.007982500,0.5319788,6.4897460,255.525500,255.514760,0,0,1,1,0,0,0,1
394,39.416830,39.423910,12.199612,0.007983128,0.5322076,6.4926780,256.169000,256.158200,0,0,1,1,0,0,0,1
395,39.516800,39.523980,12.199612,0.007972816,0.5315018,6.4841340,256.819400,256.808600,0,0,1,1,0,0,0,1
396,39.617210,39.624380,12.199612,0.007980628,0.5320360,6.4906620,257.469800,257.459000,0,0,1,1,0,0,0,1
397,39.716880,39.723930,12.199808,0.007975940,0.5317308,6.4868180,258.117200,258.106500,0,0,1,1,0,0,0,1
398,39.817000,39.824210,12.199416,0.007985314,0.5323410,6.4940800,258.767600,258.756900,0,0,1,1,0,0,0,1
399,39.917200,39.924300,12.199220,0.007979064,0.5326082,6.4969500,259.418000,259.407300,0,0,1,1,0,0,0,1
400,40.017080,40.024160,12.199220,0.007980628,0.5320168,6.4902370,260.068400,260.057700,0,0,1,1,0,0,0,1
401,40.117210,40.124320,12.200196,0.007983440,0.5322266,6.4931640,260.718800,260.708000,0,0,1,1,0,0,0,1
402,40.217340,40.224540,12.199220,0.007987812,0.5325128,6.4962780,261.369200,261.358400,0,0,1,1,0,0,0,1
403,40.316820,40.324020,12.199220,0.007982816,0.5321884,6.4922500,262.012800,262.002000,0,0,1,1,0,0,0,1
404,40.416950,40.424120,12.199808,0.007989380,0.5326272,6.4978660,262.664100,262.653400,0,0,1,1,0,0,0,1
405,40.516860,40.524040,12.199808,0.007975004,0.5314064,6.4827880,263.314500,263.303800,0,0,1,1,0,0,0,1
406,40.617270,40.624470,12.199024,0.007976250,0.5317498,6.4869400,263.964900,263.954200,0,0,1,1,0,0,0,1
407,40.716820,40.723990,12.199612,0.007980940,0.5320550,6.4908480,264.611400,264.600600,0,0,1,1,0,0,0,1
408,40.816940,40.824150,12.198244,0.007981876,0.5321122,6.4909060,265.261800,265.251000,0,0,1,1,0,0,0,1
409,40.916830,40.924030,12.198830,0.007995004,0.5329896,6.5018920,265.909200,265.898500,0,0,1,1,0,0,0,1
410,41.017300,41.024440,12.198440,0.008000004,0.5333330,6.5058600,266.565500,266.554700,0,0,1,1,0,0,0,1
411,41.117270,41.124410,12.197856,0.007995624,0.5320168,6.4899320,267.212900,267.202200,0,0,1,1,0,0,0,1
412,41.216880,41.223990,12.198830,0.007989690,0.5326272,6.4972560,267.861400,267.850600,0,0,1,1,0,0,0,1
413,41.317000,41.324180,12.200390,0.007994064,0.5329132,6.5018340,268.512800,268.502000,0,0,1,1,0,0,0,1
414,41.417040,41.424220,12.198244,0.008007500,0.5338098,6.5115360,269.164100,269.153400,0,0,1,1,0,0,0,1
415,41.517320,41.524500,12.199612,0.007993124,0.5328752,6.5007340,269.816400,269.805700,0,0,1,1,0,0,0,1
416,41.616840,41.624020,12.198440,0.008000316,0.5333520,6.5059820,270.464900,270.454200,0,0,1,1,0,0,0,1
417,41.716940,41.724200,12.198636,0.007994064,0.5328752,6.5001220,271.116200,271.105500,0,0,1,1,0,0,0,1
418,41.816860,41.824000,12.199024,0.007996564,0.5331040,6.5030540,271.764700,271.754000,0,0,1,1,0,0,0,1
419,41.916860,41.924000,12.199024,0.007998438,0.5332184,6.5048220,272.416100,272.405300,0,0,1,1,0,0,0,1
420,42.017170,42.024320,12.198830,0.007988440,0.5325510,6.4964600,273.068400,273.057700,0,0,1,1,0,0,0,1
421,42.117120,42.124220,12.199220,0.007990628,0.5326844,6.4984140,273.719800,273.709000,0,0,1,1,0,0,0,1
422,42.216850,42.223960,12.199220,0.007995624,0.5330468,6.5026860,274.368200,274.357500,0,0,1,1,0,0,0,1
423,42.316980,42.324080,12.199612,0.007986880,0.5330278,6.5019540,275.019600,275.008800,0,0,1,1,0,0,0,1
424,42.417260,42.424370,12.198636,0.007996876,0.5331040,6.5034800,275.671000,275.660200,0,0,1,1,0,0,0,1
425,42.517360,42.524560,12.198830,0.007996250,0.5330660,6.5028080,276.323300,276.312600,0,0,1,1,0,0,0,1
426,42.617300,42.624410,12.199024,0.007992812,0.5328370,6.5001220,276.974600,276.963900,0,0,1,1,0,0,0,1
427,42.716820,42.723990,12.198636,0.008003750,0.5335808,6.5088520,277.623100,277.612400,0,0,1,1,0,0,0,1
428,42.817220,42.824360,12.198830,0.007994376,0.5329324,6.5011600,278.274400,278.263700,0,0,1,1,0,0,0,1
429,42.917260,42.924550,12.198244,0.007989690,0.5334474,6.5068360,278.926800,278.916100,0,0,1,1,0,0,0,1
430,43.016840,43.023980,12.199220,0.007989064,0.5326082,6.4967660,279.575200,279.564500,0,0,1,1,0,0,0,1
431,43.117020,43.124220,12.198440,0.007999376,0.5332756,6.5050660,280.226600,280.215900,0,0,1,1,0,0,0,1
432,43.217300,43.224440,12.199024,0.008001250,0.5334092,6.5070800,280.879000,280.868200,0,0,1,1,0,0,0,1
433,43.317280,43.324460,12.199024,0.007993440,0.5328942,6.5007340,281.526400,281.515700,0,0,1,1,0,0,0,1
434,43.416830,43.423970,12.198244,0.007997816,0.5331804,6.5037840,282.174800,282.164100,0,0,1,1,0,0,0,1
435,43.516800,43.523980,12.199612,0.008000004,0.5328370,6.4991460,282.827200,282.816400,0,0,1,1,0,0,0,1
436,43.617120,43.624220,12.198830,0.007996564,0.5330850,6.5035400,283.478600,283.467800,0,0,1,1,0,0,0,1
437,43.717240,43.724360,12.199416,0.007999064,0.5332566,6.5053100,284.129900,284.119200,0,0,1,1,0,0,0,1
438,43.816860,43.823960,12.198830,0.007990312,0.5326844,6.4981720,284.778400,284.767600,0,0,1,1,0,0,0,1
439,43.916980,43.924220,12.199220,0.007999376,0.5332948,6.5056770,285.429700,285.419000,0,0,1,1,0,0,0,1
440,44.017360,44.024460,12.199024,0.007996250,0.5330850,6.5012240,286.082100,286.071300,0,0,1,1,0,0,0,1
441,44.116810,44.123920,12.198244,0.007994064,0.5325890,6.4974380,286.729500,286.718800,0,0,1,1,0,0,0,1
442,44.217180,44.224360,12.200004,0.007991564,0.5327608,6.4993300,287.381900,287.371200,0,0,1,1,0,0,0,1
443,44.316860,44.324020,12.199612,0.007996250,0.5330850,6.5034180,288.029400,288.018600,0,0,1,1,0,0,0,1
444,44.416950,44.424100,12.199024,0.007996876,0.5331040,6.5034180,288.680700,288.670000,0,0,1,1,0,0,0,1
445,44.516990,44.524250,12.198440,0.007992190,0.5327988,6.4992080,289.333000,289.322300,0,0,1,1,0,0,0,1
446,44.617300,44.624440,12.198636,0.008000004,0.5333330,6.5089120,289.984400,289.973700,0,0,1,1,0,0,0,1
447,44.716850,44.723990,12.199416,0.007999064,0.5330660,6.5028700,290.632800,290.622100,0,0,1,1,0,0,0,1
448,44.817070,44.824240,12.199024,0.008000004,0.5333138,6.5056770,291.284200,291.273500,0,0,1,1,0,0,0,1
449,44.916800,44.924030,12.198440,0.007993750,0.5329132,6.5006130,291.936600,291.925800,0,0,1,1,0,0,0,1
450,45.017080,45.024220,12.198830,0.007999064,0.5332566,6.5050660,292.585000,292.574300,0,0,1,1,0,0,0,1
451,45.117330,45.124500,12.199416,0.007999064,0.5332566,6.5053720,293.240300,293.229500,0,0,1,1,0,0,0,1
452,45.216820,45.223960,12.198244,0.007995624,0.5330278,6.5020140,293.884800,293.874100,0,0,1,1,0,0,0,1
453,45.317340,45.324540,12.199220,0.007989064,0.5329514,6.5012240,294.540100,294.529400,0,0,1,1,0,0,0,1
454,45.416890,45.424030,12.198636,0.007994690,0.5329704,6.5011600,295.188500,295.177800,0,0,1,1,0,0,0,1
455,45.517260,45.524440,12.199612,0.007991252,0.5327416,6.4992680,295.839900,295.829200,0,0,1,1,0,0,0,1
456,45.616880,45.624040,12.198440,0.007998438,0.5332184,6.5044560,296.488300,296.477600,0,0,1,1,0,0,0,1
457,45.717220,45.724380,12.199024,0.007994064,0.5329324,6.5012240,297.143600,297.132800,0,0,1,1,0,0,0,1
458,45.816880,45.824080,12.199612,0.008003130,0.5335236,6.5087900,297.792000,297.781300,0,0,1,1,0,0,0,1
459,45.917020,45.924280,12.198244,0.007992190,0.5330278,6.5019540,298.443400,298.432700,0,0,1,1,0,0,0,1
460,46.016800,46.023980,12.199416,0.007993750,0.5328942,6.5006720,299.090900,299.080100,0,0,1,1,0,0,0,1
461,46.117060,46.124160,12.198830,0.007985628,0.5323792,6.4942640,299.742200,299.731500,0,0,1,1,0,0,0,1
462,46.217360,46.224540,12.199024,0.008002190,0.5334664,6.5077520,300.394600,300.383800,0,0,1,1,0,0,0,1
463,46.316820,46.323940,12.198830,0.007995316,0.5330086,6.5019540,301.043000,301.032300,0,0,1,1,0,0,0,1
464,46.417040,46.424180,12.198830,0.007992190,0.5328180,6.4996980,301.694400,301.683600,0,0,1,1,0,0,0,1
465,46.517020,46.524220,12.199808,0.007996564,0.5329704,6.5011600,302.346700,302.336000,0,0,1,1,0,0,0,1
466,46.616840,46.623980,12.198830,0.007998750,0.5332566,6.5047000,302.994200,302.983400,0,0,1,1,0,0,0,1
467,46.716880,46.724020,12.199612,0.007988128,0.5325318,6.4965220,303.646500,303.635800,0,0,1,1,0,0,0,1
468,46.816860,46.824020,12.199416,0.007997504,0.5331612,6.5042120,304.295000,304.284200,0,0,1,1,0,0,0,1
469,46.917200,46.924340,12.199220,0.007997504,0.5331612,6.5040900,304.950200,304.939500,0,0,1,1,0,0,0,1
470,47.017200,47.024460,12.198244,0.007997816,0.5331804,6.5043340,305.598700,305.587900,0,0,1,1,0,0,0,1
471,47.116810,47.123980,12.198440,0.008002504,0.5339624,6.5137360,306.246200,306.235400,0,0,1,1,0,0,0,1
472,47.217220,47.224300,12.199024,0.007999376,0.5332948,6.5053100,306.901400,306.890700,0,0,1,1,0,0,0,1
473,47.317250,47.324460,12.198830,0.007991252,0.5327416,6.4987190,307.549800,307.539100,0,0,1,1,0,0,0,1
474,47.416860,47.423970,12.199612,0.007992190,0.5327988,6.4998180,308.198300,308.187600,0,0,1,1,0,0,0,1
475,47.517140,47.524320,12.197660,0.007997816,0.5331804,6.5034800,308.853600,308.842800,0,0,1,1,0,0,0,1
476,47.617300,47.624470,12.199220,0.007993440,0.5328752,6.5086060,309.505900,309.495200,0,0,1,1,0,0,0,1
477,47.717280,47.724360,12.198050,0.007996564,0.5333710,6.5067760,310.154400,310.143600,0,0,1,1,0,0,0,1
478,47.816860,47.824000,12.198830,0.007993750,0.5328942,6.5006130,310.801800,310.791100,0,0,1,1,0,0,0,1
479,47.917020,47.924220,12.198440,0.007990312,0.5326844,6.4978660,311.454200,311.443400,0,0,1,1,0,0,0,1
480,48.017320,48.024460,12.199612,0.007990000,0.5326462,6.4980480,312.105500,312.094800,0,0,1,1,0,0,0,1
481,48.116840,48.123980,12.199024,0.007995940,0.5330468,6.5027500,312.754000,312.743200,0,0,1,1,0,0,0,1
482,48.216880,48.224020,12.198830,0.008002816,0.5335046,6.5081180,313.405300,313.394600,0,0,1,1,0,0,0,1
483,48.317190,48.324330,12.199024,0.008004690,0.5327036,6.4981720,314.057700,314.046900,0,0,1,1,0,0,0,1
484,48.416830,48.423970,12.198244,0.007995624,0.5330468,6.5021380,314.706100,314.695400,0,0,1,1,0,0,0,1
485,48.517140,48.524320,12.199416,0.007998750,0.5332376,6.5051280,315.357500,315.346700,0,0,1,1,0,0,0,1
486,48.616810,48.623980,12.198636,0.007997504,0.5331612,6.5037840,316.005900,315.995200,0,0,1,1,0,0,0,1
487,48.717180,48.724360,12.198830,0.007999376,0.5332756,6.5053100,316.661200,316.650400,0,0,1,1,0,0,0,1
488,48.816860,48.824020,12.198636,0.008002816,0.5335046,6.5080580,317.308600,317.297900,0,0,1,1,0,0,0,1
489,48.917200,48.924400,12.198830,0.007999376,0.5335618,6.5089120,317.961000,317.950200,0,0,1,1,0,0,0,1
490,49.017320,49.024500,12.199220,0.007995940,0.5330468,6.5028700,318.612400,318.601600,0,0,1,1,0,0,0,1
491,49.117300,49.124500,12.198636,0.007995316,0.5330278,6.5020760,319.263700,319.253000,0,0,1,1,0,0,0,1
492,49.216820,49.223990,12.198050,0.008004064,0.5335808,6.5086680,319.912200,319.901400,0,0,1,1,0,0,0,1
493,49.317100,49.324180,12.198636,0.008002190,0.5334664,6.5075700,320.564500,320.553800,0,0,1,1,0,0,0,1
494,49.417080,49.424220,12.199416,0.008003750,0.5335808,6.5104380,321.212900,321.202200,0,0,1,1,0,0,0,1
495,49.517380,49.524560,12.198440,0.007987812,0.5326462,6.4972560,321.868200,321.857500,0,0,1,1,0,0,0,1
496,49.616880,49.624040,12.199612,0.007992190,0.5327988,6.4996340,322.512800,322.502000,0,0,1,1,0,0,0,1
497,49.717120,49.724300,12.199024,0.007994064,0.5329324,6.5012240,323.164100,323.153400,0,0,1,1,0,0,0,1
498,49.816820,49.824000,12.197856,0.007982190,0.5321312,6.4908480,323.815500,323.804700,0,0,1,1,0,0,0,1
499,49.917040,49.924160,12.199416,0.008005316,0.5336762,6.5104980,324.467000,324.456200,0,0,1,1,0,0,0,1
500,50.017360,50.024500,12.199612,0.007999376,0.5332756,6.5056160,325.119200,325.108400,0,0,1,1,0,0,0,1
501,50.116880,50.124080,12.199220,0.008001876,0.5331994,6.5044560,325.766600,325.755900,0,0,1,1,0,0,0,1
502,50.217280,50.224380,12.198440,0.008001876,0.5334474,6.5078140,326.419000,326.408200,0,0,1,1,0,0,0,1
503,50.316820,50.323960,12.198050,0.007994064,0.5329324,6.5006720,327.067400,327.056700,0,0,1,1,0,0,0,1
504,50.417160,50.424340,12.198636,0.008000004,0.5333138,6.5057380,327.718900,327.708200,0,0,1,1,0,0,0,1
505,50.516860,50.524010,12.197856,0.007994064,0.5329324,6.5006720,328.367200,328.356500,0,0,1,1,0,0,0,1
506,50.616880,50.624040,12.198830,0.007993440,0.5328942,6.5055540,329.019600,329.008800,0,0,1,1,0,0,0,1
507,50.717000,50.724180,12.199024,0.007998438,0.5328560,6.4999400,329.671000,329.660200,0,0,1,1,0,0,0,1
508,50.816980,50.824080,12.199024,0.008008752,0.5339242,6.5131840,330.322300,330.311600,0,0,1,1,0,0,0,1
509,50.917320,50.924430,12.198440,0.007995940,0.5330468,6.5022590,330.974600,330.963900,0,0,1,1,0,0,0,1
510,51.017360,51.024860,12.197856,0.008008752,0.5339050,6.5123900,331.626000,331.615300,0,0,1,1,0,0,0,1
511,51.116810,51.124020,12.199612,0.008000004,0.5333330,6.5063480,332.270600,332.259800,0,0,1,1,0,0,0,1
512,51.217340,51.224440,12.199024,0.007998124,0.5331994,6.5063480,332.926800,332.916100,0,0,1,1,0,0,0,1
513,51.316880,51.324080,12.198636,0.008000630,0.5328752,6.5003660,333.575200,333.564500,0,0,1,1,0,0,0,1
514,51.417200,51.424300,12.198636,0.007991876,0.5327798,6.4990240,334.226600,334.215900,0,0,1,1,0,0,0,1
515,51.517260,51.524440,12.197660,0.007997816,0.5331804,6.5034800,334.879000,334.868200,0,0,1,1,0,0,0,1
516,51.616810,51.624020,12.199024,0.007998124,0.5331994,6.5044560,335.527400,335.516600,0,0,1,1,0,0,0,1
517,51.717300,51.724420,12.199220,0.007983440,0.5322266,6.4926780,336.178800,336.168000,0,0,1,1,0,0,0,1
518,51.817280,51.824420,12.199808,0.007999064,0.5332566,6.4991460,336.830200,336.819500,0,0,1,1,0,0,0,1
519,51.916890,51.924030,12.199612,0.007986252,0.5330660,6.5023820,337.478600,337.467800,0,0,1,1,0,0,0,1
520,52.017110,52.024280,12.199220,0.008001564,0.5334284,6.5073260,338.130900,338.120200,0,0,1,1,0,0,0,1
521,52.116810,52.123980,12.198636,0.007991876,0.5327798,6.4992680,338.778500,338.767800,0,0,1,1,0,0,0,1
522,52.217360,52.224600,12.199808,0.007992504,0.5328180,6.5003080,339.434600,339.423900,0,0,1,1,0,0,0,1
523,52.316860,52.323960,12.198440,0.008008440,0.5338860,6.5126350,340.078200,340.067400,0,0,1,1,0,0,0,1
524,52.416890,52.424030,12.199024,0.007992504,0.5328180,6.4935940,340.730500,340.719800,0,0,1,1,0,0,0,1
525,52.517170,52.524340,12.199024,0.007995316,0.5329514,6.5008560,341.381900,341.371200,0,0,1,1,0,0,0,1
526,52.616840,52.624040,12.199416,0.007999064,0.5332566,6.5054320,342.034200,342.023500,0,0,1,1,0,0,0,1
527,52.716850,52.724050,12.200196,0.007995940,0.5330468,6.5032360,342.681700,342.671000,0,0,1,1,0,0,0,1
528,52.816980,52.824080,12.198244,0.007996564,0.5331040,6.5028700,343.334200,343.323400,0,0,1,1,0,0,0,1
529,52.917040,52.924220,12.199024,0.007999064,0.5332566,6.5052500,343.985400,343.974600,0,0,1,1,0,0,0,1
530,53.016840,53.024040,12.198830,0.007994376,0.5329324,6.4868800,344.633000,344.622200,0,0,1,1,0,0,0,1
531,53.116940,53.124200,12.199220,0.007993440,0.5328370,6.4995120,345.285200,345.274400,0,0,1,1,0,0,0,1
532,53.217030,53.224240,12.199416,0.008001250,0.5334092,6.5069580,345.936700,345.926000,0,0,1,1,0,0,0,1
533,53.317280,53.324420,12.199220,0.008005002,0.5336572,6.5100100,346.588900,346.578200,0,0,1,1,0,0,0,1
534,53.416830,53.423970,12.198636,0.007999376,0.5332948,6.5053100,347.236400,347.225600,0,0,1,1,0,0,0,1
535,53.517050,53.524160,12.198440,0.007996876,0.5331230,6.5032960,347.887800,347.877000,0,0,1,1,0,0,0,1
536,53.617180,53.624290,12.198440,0.007995316,0.5330278,6.5064120,348.540100,348.529400,0,0,1,1,0,0,0,1
537,53.716820,53.723930,12.198244,0.007992504,0.5332948,6.5051900,349.188600,349.177900,0,0,1,1,0,0,0,1
538,53.817130,53.824240,12.198440,0.007995940,0.5330468,6.5025640,349.839900,349.829200,0,0,1,1,0,0,0,1
539,53.917160,53.924300,12.198636,0.008000004,0.5333330,6.5058600,350.492400,350.481600,0,0,1,1,0,0,0,1
540,54.017260,54.024380,12.199024,0.007996876,0.5331040,6.5033600,351.143600,351.132800,0,0,1,1,0,0,0,1
541,54.117300,54.124470,12.200196,0.007993124,0.5328560,6.5009780,351.796100,351.785300,0,0,1,1,0,0,0,1
542,54.216820,54.223990,12.198440,0.008003130,0.5335236,6.5021380,352.440600,352.429800,0,0,1,1,0,0,0,1
543,54.316940,54.324080,12.198244,0.007997190,0.5330660,6.5026260,353.091800,353.081100,0,0,1,1,0,0,0,1
544,54.417140,54.424280,12.199220,0.007996876,0.5331040,6.5026260,353.744300,353.733600,0,0,1,1,0,0,0,1
545,54.517200,54.524320,12.199024,0.008007816,0.5338480,6.5123300,354.395600,354.384800,0,0,1,1,0,0,0,1
546,54.616840,54.624080,12.199220,0.008003130,0.5335236,6.5085480,355.044000,355.033200,0,0,1,1,0,0,0,1
547,54.717120,54.724260,12.199416,0.007996564,0.5331040,6.5035400,355.696300,355.685600,0,0,1,1,0,0,0,1
548,54.817250,54.824360,12.198636,0.007993440,0.5328942,6.5025040,356.347700,356.337000,0,0,1,1,0,0,0,1
549,54.916830,54.924000,12.198636,0.007991564,0.5331422,6.5037840,356.996300,356.985500,0,0,1,1,0,0,0,1
550,55.017360,55.024500,12.198636,0.007996564,0.5331040,6.5031140,357.651400,357.640700,0,0,1,1,0,0,0,1
551,55.116840,55.124020,12.198636,0.007997816,0.5331804,6.5039070,358.296900,358.286200,0,0,1,1,0,0,0,1
552,55.217120,55.224360,12.198636,0.007994064,0.5329324,6.5009180,358.952200,358.941400,0,0,1,1,0,0,0,1
553,55.316880,55.324020,12.199416,0.007997504,0.5331422,6.5040290,359.600600,359.589900,0,0,1,1,0,0,0,1
554,55.417290,55.424490,12.199416,0.007984376,0.5327226,6.4990240,360.252000,360.241200,0,0,1,1,0,0,0,1
555,55.516840,55.523980,12.199220,0.007992812,0.5324936,6.4960360,360.900400,360.889700,0,0,1,1,0,0,0,1
556,55.617240,55.624410,12.199416,0.007996876,0.5331230,6.5037840,361.555700,361.545000,0,0,1,1,0,0,0,1
557,55.716850,55.724050,12.199024,0.007995624,0.5330468,6.5025640,362.204200,362.193400,0,0,1,1,0,0,0,1
558,55.817280,55.824420,12.198440,0.008001250,0.5334092,6.5067760,362.855600,362.844900,0,0,1,1,0,0,0,1
559,55.916890,55.924100,12.198830,0.007997816,0.5331804,6.5040900,363.504000,363.493200,0,0,1,1,0,0,0,1
560,56.017020,56.024100,12.199612,0.007989690,0.5326272,6.4992080,364.155300,364.144600,0,0,1,1,0,0,0,1
561,56.117270,56.124440,12.199220,0.008001564,0.5328752,6.5002440,364.806700,364.796000,0,0,1,1,0,0,0,1
562,56.216880,56.224050,12.199612,0.007997190,0.5331422,6.5033600,365.455100,365.444400,0,0,1,1,0,0,0,1
563,56.317190,56.324330,12.199416,0.007999064,0.5332566,6.5054320,366.106500,366.095800,0,0,1,1,0,0,0,1
564,56.416860,56.424030,12.198244,0.007999690,0.5333138,6.5053720,366.754900,366.744200,0,0,1,1,0,0,0,1
565,56.517240,56.524440,12.198050,0.007995624,0.5330468,6.5020140,367.410200,367.399400,0,0,1,1,0,0,0,1
566,56.616880,56.624040,12.199612,0.007991564,0.5327608,6.5034180,368.057700,368.046900,0,0,1,1,0,0,0,1
567,56.717360,56.724480,12.198636,0.007993440,0.5328752,6.5006130,368.710100,368.699400,0,0,1,1,0,0,0,1
568,56.816860,56.824020,12.197460,0.007997190,0.5331230,6.5032360,369.357500,369.346700,0,0,1,1,0,0,0,1
569,56.916890,56.924030,12.198636,0.007992504,0.5328370,6.4997560,370.009800,369.999100,0,0,1,1,0,0,0,1
570,57.017140,57.024280,12.197660,0.007995316,0.5330086,6.5014660,370.661200,370.650400,0,0,1,1,0,0,0,1
571,57.116840,57.124080,12.198636,0.007996876,0.5331040,6.5031140,371.309600,371.298900,0,0,1,1,0,0,0,1
572,57.217220,57.224360,12.199808,0.007998124,0.5331994,6.5042120,371.961000,371.950200,0,0,1,1,0,0,0,1
573,57.316880,57.324120,12.198830,0.007988440,0.5334474,6.5072640,372.613300,372.602600,0,0,1,1,0,0,0,1
574,57.417320,57.424520,12.198830,0.008000936,0.5333902,6.5065920,373.264700,373.254000,0,0,1,1,0,0,0,1
575,57.516800,57.523920,12.198440,0.007993750,0.5328942,6.5004890,373.913100,373.902400,0,0,1,1,0,0,0,1
576,57.617020,57.624200,12.198050,0.007999690,0.5333138,6.5053100,374.564600,374.553900,0,0,1,1,0,0,0,1
577,57.717100,57.724240,12.198050,0.007995624,0.5330278,6.5018340,375.212900,375.202200,0,0,1,1,0,0,0,1
578,57.817400,57.824540,12.198830,0.007993750,0.5327798,6.4994520,375.869200,375.858400,0,0,1,1,0,0,0,1
579,57.916830,57.923970,12.198636,0.007999690,0.5335046,6.5080580,376.513700,376.503000,0,0,1,1,0,0,0,1
580,58.017080,58.024220,12.198440,0.007992504,0.5328370,6.4996980,377.165100,377.154400,0,0,1,1,0,0,0,1
581,58.117270,58.124440,12.197660,0.007995316,0.5330086,6.5014040,377.820400,377.809600,0,0,1,1,0,0,0,1
582,58.216820,58.223930,12.200004,0.008002504,0.5334856,6.5086060,378.464900,378.454200,0,0,1,1,0,0,0,1
583,58.317160,58.324270,12.198830,0.008002504,0.5334856,6.5079960,379.121200,379.110400,0,0,1,1,0,0,0,1
584,58.416860,58.429060,12.198244,0.007999690,0.5333138,6.5054320,379.801800,379.791100,0,0,1,1,0,0,0,1
585,58.517300,58.524500,12.199612,0.007998750,0.5332566,6.5049440,380.421000,380.410200,0,0,1,1,0,0,0,1
586,58.616810,58.623980,12.197856,0.008005628,0.5336952,6.5104980,381.069400,381.058600,0,0,1,1,0,0,0,1
587,58.717240,58.724420,12.197856,0.007992504,0.5328180,6.4992680,381.724600,381.713900,0,0,1,1,0,0,0,1
588,58.816880,58.823960,12.197856,0.007995316,0.5330086,6.5015880,382.369200,382.358400,0,0,1,1,0,0,0,1
589,58.917260,58.924370,12.199220,0.007995316,0.5330086,6.5021380,383.024400,383.013700,0,0,1,1,0,0,0,1
590,59.016800,59.023940,12.199808,0.007998438,0.5332184,6.5042760,383.672900,383.662200,0,0,1,1,0,0,0,1
591,59.117120,59.124290,12.198636,0.007997816,0.5334284,6.5075700,384.325400,384.314600,0,0,1,1,0,0,0,1
592,59.216850,59.224020,12.198830,0.007996564,0.5330850,6.5033600,384.973700,384.962900,0,0,1,1,0,0,0,1
593,59.316820,59.324080,12.198244,0.007997504,0.5331612,6.5036020,385.625000,385.614300,0,0,1,1,0,0,0,1
594,59.416860,59.424000,12.198244,0.007994376,0.5329514,6.5011000,386.276400,386.265700,0,0,1,1,0,0,0,1
595,59.517170,59.524280,12.198830,0.007999376,0.5332948,6.5054960,386.928800,386.918000,0,0,1,1,0,0,0,1
596,59.616840,59.624930,12.199612,0.007995316,0.5327416,6.4987820,387.584000,387.573300,0,0,1,1,0,0,0,1
597,59.717120,59.724300,12.198440,0.007994064,0.5330468,6.5024440,388.228600,388.217800,0,0,1,1,0,0,0,1
598,59.817190,59.824420,12.197460,0.008006876,0.5337906,6.5107420,388.879900,388.869200,0,0,1,1,0,0,0,1
599,59.916830,59.923940,12.198636,0.008005002,0.5336572,6.5098280,389.528400,389.517600,0,0,1,1,0,0,0,1
600,60.017320,60.024500,12.199220,0.007995624,0.5330468,6.5026260,390.180700,390.170000,0,0,1,1,0,0,0,1
601,60.117360,60.124470,12.199024,0.008002504,0.5334856,6.5079960,390.832100,390.821300,0,0,1,1,0,0,0,1
602,60.216850,60.223990,12.199808,0.007995004,0.5329896,6.4950560,391.480500,391.469800,0,0,1,1,0,0,0,1
603,60.317340,60.324480,12.200004,0.007993750,0.5329132,6.5002440,392.133000,392.122200,0,0,1,1,0,0,0,1
604,60.416830,60.423940,12.198830,0.007994690,0.5329704,6.5015880,392.780300,392.769600,0,0,1,1,0,0,0,1
605,60.516900,60.524040,12.199220,0.007995316,0.5330278,6.5024440,393.432700,393.421900,0,0,1,1,0,0,0,1
606,60.617080,60.624200,12.199024,0.007994376,0.5329514,6.5014660,394.084000,394.073300,0,0,1,1,0,0,0,1
607,60.717100,60.724260,12.199612,0.007995004,0.5329896,6.5020760,394.735500,394.724800,0,0,1,1,0,0,0,1
608,60.816860,60.823960,12.200390,0.007993440,0.5328942,6.5004280,395.383800,395.373100,0,0,1,1,0,0,0,1
609,60.916950,60.924060,12.198440,0.007994690,0.5333138,6.5056160,396.035200,396.024400,0,0,1,1,0,0,0,1
610,61.016990,61.024160,12.198050,0.007998438,0.5332184,6.5040900,396.687600,396.676800,0,0,1,1,0,0,0,1
611,61.117210,61.124320,12.198636,0.007994064,0.5329324,6.5010380,397.338900,397.328200,0,0,1,1,0,0,0,1
612,61.216850,61.229000,12.198830,0.007997504,0.5331612,6.5036020,398.020600,398.009800,0,0,1,1,0,0,0,1
613,61.317220,61.324480,12.198244,0.008001564,0.5334284,6.5068360,398.639700,398.629000,0,0,1,1,0,0,0,1
614,61.416830,61.423970,12.199024,0.008003440,0.5335618,6.4989640,399.288100,399.277400,0,0,1,1,0,0,0,1
615,61.517140,61.524320,12.199612,0.007994376,0.5329514,6.5015280,399.939500,399.928800,0,0,1,1,0,0,0,1
616,61.616880,61.624020,12.197460,0.007997504,0.5331612,6.5031740,400.587900,400.577200,0,0,1,1,0,0,0,1
617,61.716820,61.723960,12.199024,0.007997190,0.5331422,6.5037840,401.239400,401.228700,0,0,1,1,0,0,0,1
618,61.817130,61.824270,12.199024,0.007993124,0.5328752,6.5004280,401.890700,401.879900,0,0,1,1,0,0,0,1
619,61.916830,61.923970,12.198244,0.008003440,0.5335618,6.5083620,402.539100,402.528400,0,0,1,1,0,0,0,1
620,62.017320,62.024500,12.199416,0.008005940,0.5331422,6.5036020,403.195400,403.184600,0,0,1,1,0,0,0,1
621,62.116880,62.123980,12.198830,0.007997190,0.5336572,6.5103780,403.843800,403.833000,0,0,1,1,0,0,0,1
622,62.216910,62.224080,12.198830,0.008001564,0.5334284,6.5070800,404.495200,404.484400,0,0,1,1,0,0,0,1
623,62.317190,62.324390,12.198440,0.007992504,0.5328180,6.4994520,405.146500,405.135800,0,0,1,1,0,0,0,1
624,62.416890,62.424000,12.197856,0.007992812,0.5328370,6.4993920,405.795100,405.784400,0,0,1,1,0,0,0,1
625,62.517200,62.524280,12.198636,0.007998750,0.5332376,6.5048860,406.447300,406.436600,0,0,1,1,0,0,0,1
626,62.617140,62.624350,12.199024,0.007998124,0.5328752,6.5003080,407.098800,407.088000,0,0,1,1,0,0,0,1
627,62.716850,62.724020,12.199220,0.008001250,0.5332376,6.5051280,407.747100,407.736400,0,0,1,1,0,0,0,1
628,62.817100,62.824300,12.198830,0.007991876,0.5327988,6.4993920,408.398500,408.387800,0,0,1,1,0,0,0,1
629,62.917290,62.924400,12.199220,0.007998438,0.5332184,6.5048860,409.050800,409.040100,0,0,1,1,0,0,0,1
630,63.016800,63.023920,12.199024,0.007999064,0.5332566,6.5053100,409.698300,409.687600,0,0,1,1,0,0,0,1
631,63.117060,63.124200,12.198244,0.007995004,0.5329896,6.5015280,410.350800,410.340000,0,0,1,1,0,0,0,1
632,63.217300,63.224480,12.200196,0.007994064,0.5328560,6.4998780,411.002000,410.991200,0,0,1,1,0,0,0,1
633,63.316880,63.324360,12.199808,0.007993124,0.5336380,6.5094000,411.654500,411.643700,0,0,1,1,0,0,0,1
634,63.417220,63.424460,12.197660,0.007993750,0.5328942,6.5000620,412.301800,412.291100,0,0,1,1,0,0,0,1
635,63.516860,63.524010,12.198636,0.008005628,0.5336952,6.5104380,412.950200,412.939500,0,0,1,1,0,0,0,1
636,63.617210,63.624320,12.198050,0.007999064,0.5332756,6.5048220,413.605500,413.594800,0,0,1,1,0,0,0,1
637,63.716880,63.724080,12.199416,0.007999376,0.5332948,6.5057380,414.254000,414.243200,0,0,1,1,0,0,0,1
638,63.817190,63.824330,12.199612,0.007984376,0.5329132,6.5011600,414.905300,414.894600,0,0,1,1,0,0,0,1
639,63.916860,63.923970,12.199220,0.007997816,0.5329324,6.5011600,415.553800,415.543000,0,0,1,1,0,0,0,1
640,64.016800,64.024040,12.198636,0.007996564,0.5330850,6.5029920,416.206100,416.195400,0,0,1,1,0,0,0,1
641,64.117060,64.124220,12.199220,0.007993750,0.5329132,6.5011000,416.857500,416.846700,0,0,1,1,0,0,0,1
642,64.217040,64.224200,12.199220,0.007996564,0.5330850,6.5032960,417.504900,417.494200,0,0,1,1,0,0,0,1
643,64.317120,64.324260,12.198636,0.007996250,0.5330660,6.5025640,418.157300,418.146500,0,0,1,1,0,0,0,1
644,64.417220,64.424340,12.200390,0.007995004,0.5332376,6.5047620,418.808600,418.797900,0,0,1,1,0,0,0,1
645,64.516800,64.523900,12.200196,0.007994690,0.5330850,6.5026260,419.457200,419.446400,0,0,1,1,0,0,0,1
646,64.616800,64.623900,12.199024,0.008001876,0.5334474,6.5075700,420.108400,420.097700,0,0,1,1,0,0,0,1
647,64.717040,64.724160,12.198440,0.007995316,0.5330278,6.5020140,420.760900,420.750200,0,0,1,1,0,0,0,1
648,64.817340,64.824460,12.199612,0.007988752,0.5325890,6.4972560,421.412200,421.401400,0,0,1,1,0,0,0,1
649,64.916880,64.924020,12.198244,0.008000936,0.5333902,6.5064120,422.059700,422.049000,0,0,1,1,0,0,0,1
650,65.017160,65.024240,12.199808,0.007997190,0.5332756,6.5051900,422.712000,422.701200,0,0,1,1,0,0,0,1
651,65.117140,65.124300,12.199416,0.007991564,0.5327608,6.4989020,423.363400,423.352700,0,0,1,1,0,0,0,1
652,65.216800,65.223920,12.198440,0.007996564,0.5330850,6.5028700,424.011800,424.001000,0,0,1,1,0,0,0,1
653,65.316800,65.324000,12.198636,0.007992190,0.5327988,6.4993300,424.660200,424.649400,0,0,1,1,0,0,0,1
654,65.416900,65.424200,12.198440,0.007991252,0.5327416,6.4985960,425.311700,425.301000,0,0,1,1,0,0,0,1
655,65.517100,65.524200,12.198636,0.007998124,0.5331994,6.5042760,425.963900,425.953200,0,0,1,1,0,0,0,1
656,65.617320,65.624460,12.199612,0.007993750,0.5329132,6.5009180,426.615400,426.604600,0,0,1,1,0,0,0,1
657,65.716800,65.724040,12.199024,0.007995316,0.5330086,6.5020760,427.263700,427.253000,0,0,1,1,0,0,0,1
658,65.817180,65.824260,12.199024,0.007995624,0.5330468,6.5025040,427.915100,427.904400,0,0,1,1,0,0,0,1
659,65.916860,65.923960,12.199808,0.007997816,0.5331804,6.5045800,428.563600,428.552900,0,0,1,1,0,0,0,1
660,66.017140,66.024300,12.198830,0.007985628,0.5323792,6.4942040,429.218800,429.208000,0,0,1,1,0,0,0,1
661,66.117300,66.124360,12.198830,0.008000936,0.5333902,6.5066540,429.871200,429.860400,0,0,1,1,0,0,0,1
662,66.216800,66.223960,12.198244,0.007996564,0.5328370,6.5000020,430.515700,430.504900,0,0,1,1,0,0,0,1
663,66.317060,66.324160,12.198830,0.007998124,0.5331994,6.5043340,431.171100,431.160300,0,0,1,1,0,0,0,1
664,66.416820,66.423940,12.199024,0.008003440,0.5335618,6.5089120,431.819400,431.808600,0,0,1,1,0,0,0,1
665,66.516960,66.524100,12.199220,0.007996564,0.5330850,6.5032960,432.470800,432.460000,0,0,1,1,0,0,0,1
666,66.616800,66.623960,12.199416,0.008000630,0.5333710,6.5066540,433.119300,433.108600,0,0,1,1,0,0,0,1
667,66.716960,66.724140,12.199024,0.008004064,0.5335808,6.5092170,433.770600,433.759800,0,0,1,1,0,0,0,1
668,66.816800,66.824020,12.199220,0.007994064,0.5332376,6.5047000,434.421900,434.411200,0,0,1,1,0,0,0,1
669,66.917060,66.924200,12.199220,0.007998438,0.5332184,6.5042760,435.074300,435.063500,0,0,1,1,0,0,0,1
670,67.017340,67.024500,12.199612,0.008004690,0.5336380,6.5101320,435.725600,435.714900,0,0,1,1,0,0,0,1
671,67.116840,67.123960,12.199220,0.007994690,0.5329514,6.5015880,436.374100,436.363300,0,0,1,1,0,0,0,1
672,67.217000,67.224160,12.199220,0.007998124,0.5331994,6.5045800,437.026400,437.015700,0,0,1,1,0,0,0,1
673,67.317100,67.324260,12.199416,0.007993440,0.5328942,6.5008560,437.673900,437.663100,0,0,1,1,0,0,0,1
674,67.417280,67.424440,12.199416,0.007997504,0.5331612,6.5042120,438.326200,438.315500,0,0,1,1,0,0,0,1
675,67.516860,67.524000,12.199024,0.007998124,0.5331994,6.5040290,438.974600,438.963900,0,0,1,1,0,0,0,1
676,67.616860,67.624160,12.198244,0.008000630,0.5333710,6.5062260,439.626000,439.615300,0,0,1,1,0,0,0,1
677,67.716840,67.724000,12.200004,0.007993124,0.5328752,6.5009180,440.278400,440.267600,0,0,1,1,0,0,0,1
678,67.817200,67.824340,12.200004,0.007994690,0.5329704,6.5021380,440.929700,440.919000,0,0,1,1,0,0,0,1
679,67.917280,67.924440,12.198440,0.007990000,0.5326654,6.4976200,441.581200,441.570500,0,0,1,1,0,0,0,1
680,68.017100,68.024240,12.198440,0.007993440,0.5320932,6.4909680,442.229500,442.218800,0,0,1,1,0,0,0,1
681,68.117080,68.124220,12.199024,0.007989690,0.5326272,6.4968880,442.880900,442.870200,0,0,1,1,0,0,0,1
682,68.217340,68.224500,12.199612,0.008000316,0.5333520,6.5065920,443.532300,443.521500,0,0,1,1,0,0,0,1
683,68.316800,68.324020,12.199808,0.007998124,0.5331994,6.5048860,444.180800,444.170100,0,0,1,1,0,0,0,1
684,68.417100,68.424300,12.198636,0.007995004,0.5329896,6.5017700,444.833200,444.822400,0,0,1,1,0,0,0,1
685,68.517280,68.524440,12.200004,0.007989064,0.5326082,6.4977420,445.484600,445.473800,0,0,1,1,0,0,0,1
686,68.616800,68.623900,12.198830,0.007990000,0.5334092,6.5073260,446.132800,446.122100,0,0,1,1,0,0,0,1
687,68.716800,68.723980,12.199416,0.007995940,0.5330660,6.5026260,446.781400,446.770700,0,0,1,1,0,0,0,1
688,68.816800,68.824020,12.199416,0.007995940,0.5330468,6.5029300,447.432800,447.422000,0,0,1,1,0,0,0,1
689,68.916820,68.924000,12.198636,0.007991564,0.5327608,6.4989640,448.084000,448.073300,0,0,1,1,0,0,0,1
690,69.017060,69.024200,12.199220,0.007995624,0.5330278,6.5025040,448.736500,448.725800,0,0,1,1,0,0,0,1
691,69.117320,69.124460,12.198830,0.007992190,0.5328180,6.4996980,449.387800,449.377000,0,0,1,1,0,0,0,1
692,69.217160,69.224320,12.198050,0.007999064,0.5327416,6.4984760,450.036200,450.025400,0,0,1,1,0,0,0,1
693,69.316800,69.324020,12.199220,0.007996564,0.5330850,6.5030540,450.688500,450.677800,0,0,1,1,0,0,0,1
694,69.416900,69.424000,12.198636,0.007992504,0.5328180,6.4996980,451.336000,451.325200,0,0,1,1,0,0,0,1
695,69.516800,69.523900,12.198830,0.008002504,0.5334856,6.5079380,451.987400,451.976600,0,0,1,1,0,0,0,1
696,69.616860,69.629040,12.198244,0.008002190,0.5334664,6.5076320,452.672000,452.661300,0,0,1,1,0,0,0,1
697,69.717200,69.724440,12.198830,0.007995316,0.5330086,6.5021380,453.291100,453.280300,0,0,1,1,0,0,0,1
698,69.816800,69.823960,12.199220,0.007967504,0.5321312,6.4914580,453.938500,453.927800,0,0,1,1,0,0,0,1
699,69.917040,69.924180,12.199808,0.007988752,0.5325700,6.4967660,454.589000,454.578300,0,0,1,1,0,0,0,1
700,70.017040,70.024180,12.199808,0.007980628,0.5320360,6.4906620,455.239300,455.228600,0,0,1,1,0,0,0,1
701,70.117200,70.124360,12.200590,0.007981568,0.5320932,6.4918220,455.889800,455.879100,0,0,1,1,0,0,0,1
702,70.217360,70.224500,12.199416,0.007979064,0.5319406,6.4892580,456.536200,456.525400,0,0,1,1,0,0,0,1
703,70.316800,70.324020,12.200196,0.007979376,0.5319596,6.4899320,457.183800,457.173000,0,0,1,1,0,0,0,1
704,70.417040,70.424200,12.199416,0.007984066,0.5325890,6.4968880,457.834000,457.823300,0,0,1,1,0,0,0,1
705,70.517200,70.524360,12.199416,0.007967190,0.5311394,6.4793100,458.484400,458.473700,0,0,1,1,0,0,0,1
706,70.617300,70.624460,12.198830,0.007979376,0.5319596,6.4891980,459.134900,459.124200,0,0,1,1,0,0,0,1
707,70.716800,70.724000,12.199808,0.007976564,0.5317690,6.4873060,459.782300,459.771500,0,0,1,1,0,0,0,1
708,70.817060,70.824240,12.200004,0.007976250,0.5317308,6.4871220,460.431700,460.421000,0,0,1,1,0,0,0,1
709,70.917300,70.924480,12.199612,0.007983128,0.5321884,6.4927380,461.083200,461.072400,0,0,1,1,0,0,0,1
710,71.016800,71.023960,12.199808,0.007969376,0.5321884,6.4924940,461.729600,461.718900,0,0,1,1,0,0,0,1
711,71.117080,71.124280,12.199808,0.007973436,0.5315590,6.4844380,462.379900,462.369200,0,0,1,1,0,0,0,1
712,71.216840,71.224000,12.199220,0.007980000,0.5319788,6.4898080,463.026500,463.015800,0,0,1,1,0,0,0,1
713,71.316880,71.324020,12.199024,0.007980940,0.5320550,6.4904180,463.676800,463.666100,0,0,1,1,0,0,0,1
714,71.416940,71.424060,12.200590,0.007967504,0.5311586,6.4804720,464.327300,464.316600,0,0,1,1,0,0,0,1
715,71.517280,71.524440,12.198830,0.007976250,0.5317308,6.4884660,464.977600,464.966800,0,0,1,1,0,0,0,1
716,71.616840,71.624000,12.199024,0.007979690,0.5319596,6.4893220,465.624200,465.613400,0,0,1,1,0,0,0,1
717,71.717200,71.724380,12.200004,0.007989064,0.5325890,6.4971940,466.275600,466.264800,0,0,1,1,0,0,0,1
718,71.817300,71.824560,12.199024,0.007982816,0.5321884,6.4920680,466.925800,466.915100,0,0,1,1,0,0,0,1
719,71.916880,71.924060,12.199612,0.007985314,0.5323410,6.4943860,467.572400,467.561700,0,0,1,1,0,0,0,1
720,72.017160,72.024340,12.199024,0.007984688,0.5323030,6.4935940,468.223800,468.213000,0,0,1,1,0,0,0,1
721,72.117300,72.124440,12.199024,0.007990940,0.5327226,6.5029300,468.875000,468.864300,0,0,1,1,0,0,0,1
722,72.217300,72.224440,12.199024,0.007992812,0.5330850,6.5034800,469.527500,469.516800,0,0,1,1,0,0,0,1
723,72.317360,72.324500,12.198636,0.007997816,0.5331804,6.5040290,470.178800,470.168000,0,0,1,1,0,0,0,1
724,72.416860,72.424020,12.198440,0.007994690,0.5329704,6.5013440,470.826400,470.815600,0,0,1,1,0,0,0,1
725,72.516960,72.524160,12.198830,0.007994690,0.5329704,6.5015280,471.474600,471.463900,0,0,1,1,0,0,0,1
726,72.617200,72.624340,12.199220,0.008007816,0.5338480,6.5125740,472.126000,472.115300,0,0,1,1,0,0,0,1
727,72.717240,72.724400,12.199024,0.007990628,0.5327036,6.5047000,472.777500,472.766800,0,0,1,1,0,0,0,1
728,72.816780,72.823960,12.199024,0.007991252,0.5328370,6.4997560,473.425800,473.415100,0,0,1,1,0,0,0,1
729,72.917100,72.924240,12.198440,0.007989690,0.5326462,6.4981080,474.077200,474.066400,0,0,1,1,0,0,0,1
730,73.017160,73.024300,12.199024,0.007990000,0.5326462,6.4976820,474.728600,474.717800,0,0,1,1,0,0,0,1
731,73.117160,73.124280,12.199220,0.007996564,0.5330850,6.5033600,475.380900,475.370200,0,0,1,1,0,0,0,1
732,73.217260,73.224380,12.199024,0.007999064,0.5332566,6.5051900,476.032300,476.021500,0,0,1,1,0,0,0,1
733,73.316800,73.323940,12.199024,0.007995316,0.5330278,6.5023820,476.676800,476.666100,0,0,1,1,0,0,0,1
734,73.417060,73.424200,12.198440,0.007997190,0.5330660,6.5032360,477.332100,477.321300,0,0,1,1,0,0,0,1
735,73.516960,73.524060,12.199220,0.007997816,0.5331804,6.5040290,477.979600,477.968900,0,0,1,1,0,0,0,1
736,73.617160,73.624280,12.199024,0.007997504,0.5331612,6.5040290,478.632000,478.621300,0,0,1,1,0,0,0,1
737,73.716840,73.724000,12.197660,0.007995004,0.5329896,6.5011600,479.280300,479.269600,0,0,1,1,0,0,0,1
738,73.816880,73.824160,12.199612,0.007996250,0.5330660,6.5031140,479.931700,479.921000,0,0,1,1,0,0,0,1
739,73.917220,73.924420,12.199808,0.007992504,0.5328370,6.5007340,480.583000,480.572300,0,0,1,1,0,0,0,1
740,74.016840,74.023960,12.199220,0.007997190,0.5329324,6.5010380,481.231600,481.220900,0,0,1,1,0,0,0,1
741,74.116940,74.124100,12.198830,0.007998438,0.5332184,6.5050060,481.882800,481.872100,0,0,1,1,0,0,0,1
742,74.217160,74.224300,12.199024,0.007998124,0.5331994,6.5045180,482.534200,482.523500,0,0,1,1,0,0,0,1
743,74.316860,74.323960,12.198244,0.007993124,0.5328560,6.4998180,483.182800,483.172000,0,0,1,1,0,0,0,1
744,74.417000,74.424100,12.198440,0.007991564,0.5327608,6.4987190,483.834200,483.823400,0,0,1,1,0,0,0,1
745,74.517000,74.524160,12.198830,0.008001250,0.5334092,6.5068980,484.485400,484.474600,0,0,1,1,0,0,0,1
746,74.617020,74.624100,12.199220,0.007989690,0.5331230,6.5036020,485.137900,485.127100,0,0,1,1,0,0,0,1
747,74.717000,74.724160,12.199612,0.007993124,0.5328752,6.5004890,485.785300,485.774600,0,0,1,1,0,0,0,1
748,74.817300,74.824440,12.198830,0.007997504,0.5331612,6.5037840,486.437600,486.426800,0,0,1,1,0,0,0,1
749,74.916860,74.924060,12.199024,0.007994376,0.5329514,6.5015280,487.085000,487.074300,0,0,1,1,0,0,0,1
750,75.017260,75.024360,12.198440,0.007989064,0.5325890,6.4967660,487.740400,487.729600,0,0,1,1,0,0,0,1
751,75.117300,75.124460,12.198830,0.007996876,0.5331230,6.5017700,488.391600,488.380900,0,0,1,1,0,0,0,1
752,75.217360,75.224500,12.199416,0.007994064,0.5324174,6.4948740,489.039200,489.028500,0,0,1,1,0,0,0,1
753,75.316860,75.324060,12.199808,0.007998438,0.5332376,6.5042760,489.687600,489.676800,0,0,1,1,0,0,0,1
754,75.417300,75.424480,12.198636,0.007986880,0.5324364,6.4950560,490.343000,490.332200,0,0,1,1,0,0,0,1
755,75.516800,75.523900,12.198636,0.007986252,0.5323984,6.4945100,490.986400,490.975600,0,0,1,1,0,0,0,1
756,75.616800,75.623940,12.198830,0.007991564,0.5327798,6.4990880,491.637800,491.627000,0,0,1,1,0,0,0,1
757,75.717200,75.724360,12.198440,0.007988128,0.5325318,6.4990880,492.290100,492.279400,0,0,1,1,0,0,0,1
758,75.816860,75.824020,12.198830,0.007990312,0.5323220,6.4936540,492.937600,492.926800,0,0,1,1,0,0,0,1
759,75.917040,75.924300,12.198830,0.007994690,0.5329704,6.5020140,493.593000,493.582200,0,0,1,1,0,0,0,1
760,76.017160,76.024340,12.198244,0.007989690,0.5326462,6.4973160,494.240300,494.229500,0,0,1,1,0,0,0,1
761,76.116860,76.123960,12.199024,0.007998750,0.5332376,6.5048860,494.888800,494.878100,0,0,1,1,0,0,0,1
762,76.217000,76.224160,12.198830,0.007993440,0.5328942,6.5006130,495.540100,495.529400,0,0,1,1,0,0,0,1
763,76.317000,76.324080,12.199220,0.007985940,0.5323984,6.4946900,496.191400,496.180700,0,0,1,1,0,0,0,1
764,76.416820,76.423960,12.199024,0.007993440,0.5335236,6.5084840,496.840000,496.829300,0,0,1,1,0,0,0,1
765,76.516960,76.524100,12.198440,0.007995940,0.5330468,6.5026260,497.491400,497.480600,0,0,1,1,0,0,0,1
766,76.616800,76.623940,12.198830,0.007998438,0.5332184,6.5047000,498.142600,498.131900,0,0,1,1,0,0,0,1
767,76.716840,76.724940,12.198050,0.007987188,0.5324746,6.4951200,498.798000,498.787300,0,0,1,1,0,0,0,1
768,76.817040,76.824140,12.199416,0.007992812,0.5328560,6.5003660,499.446300,499.435600,0,0,1,1,0,0,0,1
769,76.917240,76.924300,12.199024,0.007996564,0.5330850,6.4992680,500.094800,500.084000,0,0,1,1,0,0,0,1
770,77.017280,77.024440,12.199024,0.008000936,0.5333138,6.5060440,500.746300,500.735500,0,0,1,1,0,0,0,1
771,77.116840,77.123940,12.198440,0.007991564,0.5327608,6.4992680,501.393600,501.382800,0,0,1,1,0,0,0,1
772,77.216960,77.224140,12.200390,0.007994690,0.5329704,6.5024440,502.046000,502.035200,0,0,1,1,0,0,0,1
773,77.316960,77.324100,12.198830,0.007996250,0.5330660,6.5026860,502.696400,502.685700,0,0,1,1,0,0,0,1
774,77.416880,77.424000,12.199024,0.007994690,0.5329704,6.5016480,503.344800,503.334000,0,0,1,1,0,0,0,1
775,77.516980,77.524060,12.199024,0.007992190,0.5327988,6.5006130,503.996200,503.985400,0,0,1,1,0,0,0,1
776,77.617260,77.624400,12.199416,0.007998438,0.5331804,6.5045800,504.648500,504.637800,0,0,1,1,0,0,0,1
777,77.716840,77.724620,12.199612,0.007981876,0.5321122,6.4913340,505.299800,505.289100,0,0,1,1,0,0,0,1
778,77.817000,77.824200,12.198636,0.007991252,0.5327416,6.4986580,505.947300,505.936600,0,0,1,1,0,0,0,1
779,77.917200,77.924420,12.198636,0.008002816,0.5335046,6.5079380,506.599600,506.588900,0,0,1,1,0,0,0,1
780,78.016800,78.023960,12.200196,0.007993124,0.5328560,6.5009780,507.247200,507.236500,0,0,1,1,0,0,0,1
781,78.116900,78.124060,12.199416,0.007996876,0.5331230,6.5019540,507.899600,507.888800,0,0,1,1,0,0,0,1
782,78.217100,78.224240,12.198440,0.008003440,0.5326462,6.4977420,508.551000,508.540200,0,0,1,1,0,0,0,1
783,78.317120,78.324200,12.199808,0.007997816,0.5331804,6.5045180,509.202200,509.191400,0,0,1,1,0,0,0,1
784,78.416860,78.424000,12.198830,0.007998438,0.5332184,6.5047000,509.850600,509.839900,0,0,1,1,0,0,0,1
785,78.516900,78.524040,12.198830,0.007995004,0.5329896,6.5018920,510.502100,510.491400,0,0,1,1,0,0,0,1
786,78.617100,78.624220,12.198050,0.008000004,0.5333138,6.5054960,511.153500,511.142800,0,0,1,1,0,0,0,1
787,78.717340,78.724400,12.199220,0.007996876,0.5331230,6.5016480,511.805800,511.795100,0,0,1,1,0,0,0,1
788,78.816800,78.824000,12.199416,0.007997190,0.5328752,6.5001220,512.453200,512.442400,0,0,1,1,0,0,0,1
789,78.916900,78.924060,12.200004,0.007981876,0.5321122,6.4913940,513.104600,513.093800,0,0,1,1,0,0,0,1
790,79.017060,79.024160,12.198830,0.007996564,0.5330850,6.5029920,513.753000,513.742400,0,0,1,1,0,0,0,1
791,79.117080,79.124260,12.199024,0.007991876,0.5327798,6.4994520,514.404400,514.393600,0,0,1,1,0,0,0,1
792,79.216860,79.223980,12.199416,0.007985000,0.5323220,6.4940200,515.051800,515.041000,0,0,1,1,0,0,0,1
793,79.316780,79.323960,12.198440,0.007992190,0.5327988,6.4998780,515.703200,515.692400,0,0,1,1,0,0,0,1
794,79.416960,79.424100,12.199416,0.007984688,0.5328560,6.5000020,516.354600,516.343800,0,0,1,1,0,0,0,1
795,79.517000,79.524200,12.198830,0.007992812,0.5328560,6.5002440,517.006000,516.995200,0,0,1,1,0,0,0,1
796,79.617020,79.624200,12.199024,0.007997504,0.5331422,6.5039070,517.658400,517.647600,0,0,1,1,0,0,0,1
797,79.716860,79.724060,12.199024,0.007986880,0.5324556,6.4954250,518.305800,518.295000,0,0,1,1,0,0,0,1
798,79.817060,79.824200,12.199808,0.007985940,0.5323792,6.4948740,518.957200,518.946400,0,0,1,1,0,0,0,1
799,79.917240,79.924720,12.198440,0.007982190,0.5337144,6.5107420,519.612400,519.601600,0,0,1,1,0,0,0,1
800,80.016840,80.024100,12.199220,0.007997504,0.5327798,6.4987190,520.257000,520.246200,0,0,1,1,0,0,0,1
801,80.117260,80.124400,12.198440,0.007996876,0.5331040,6.5031140,520.908400,520.897600,0,0,1,1,0,0,0,1
802,80.217240,80.224360,12.200390,0.007999064,0.5332756,6.5060440,521.559600,521.549000,0,0,1,1,0,0,0,1
803,80.316860,80.324060,12.199416,0.007989690,0.5326272,6.4977420,522.208000,522.197400,0,0,1,1,0,0,0,1
804,80.416960,80.424100,12.199024,0.007986880,0.5324556,6.4953620,522.859400,522.848800,0,0,1,1,0,0,0,1
805,80.517060,80.524240,12.198440,0.007989690,0.5326272,6.5031140,523.510800,523.500000,0,0,1,1,0,0,0,1
806,80.617000,80.624100,12.198636,0.007995624,0.5329704,6.5013440,524.158400,524.147600,0,0,1,1,0,0,0,1
807,80.717260,80.724440,12.197856,0.007994376,0.5329514,6.5008560,524.810600,524.800000,0,0,1,1,0,0,0,1
808,80.817100,80.824240,12.199416,0.007992190,0.5328180,6.4998780,525.462000,525.451200,0,0,1,1,0,0,0,1
809,80.917000,80.924200,12.198636,0.007993440,0.5328752,6.5003660,526.109400,526.098800,0,0,1,1,0,0,0,1
810,81.017140,81.024240,12.198636,0.008001876,0.5334474,6.5072020,526.761800,526.751000,0,0,1,1,0,0,0,1
811,81.116860,81.124040,12.200004,0.007995316,0.5330278,6.5020760,527.410200,527.399400,0,0,1,1,0,0,0,1
812,81.217240,81.224380,12.198830,0.007992190,0.5326844,6.4982300,528.065400,528.054800,0,0,1,1,0,0,0,1
813,81.317200,81.324340,12.199808,0.007996564,0.5331040,6.5036640,528.713000,528.702200,0,0,1,1,0,0,0,1
814,81.417200,81.424340,12.198636,0.007997190,0.5331230,6.5034180,529.365400,529.354600,0,0,1,1,0,0,0,1
815,81.517200,81.524360,12.199024,0.008001250,0.5334092,6.5071420,530.016600,530.006000,0,0,1,1,0,0,0,1
816,81.617300,81.624440,12.199612,0.007997816,0.5331804,6.5044560,530.668000,530.657400,0,0,1,1,0,0,0,1
817,81.716840,81.724040,12.199416,0.007991876,0.5327798,6.4901740,531.312600,531.301800,0,0,1,1,0,0,0,1
818,81.816860,81.824060,12.199220,0.007997816,0.5324746,6.4961560,531.964000,531.953200,0,0,1,1,0,0,0,1
819,81.917160,81.924260,12.198244,0.007991876,0.5327798,6.4990240,532.615400,532.604600,0,0,1,1,0,0,0,1
820,82.017340,82.024580,12.198636,0.007986880,0.5324364,6.4949960,533.266600,533.256000,0,0,1,1,0,0,0,1
821,82.116800,82.124000,12.199024,0.007990628,0.5326844,6.4982300,533.915200,533.904400,0,0,1,1,0,0,0,1
822,82.216860,82.224060,12.199024,0.007996876,0.5331230,6.5034180,534.566400,534.555800,0,0,1,1,0,0,0,1
823,82.317100,82.324320,12.199220,0.008000004,0.5333330,6.5039070,535.218800,535.208000,0,0,1,1,0,0,0,1
824,82.417240,82.424360,12.198830,0.007991876,0.5336380,6.5098280,535.870200,535.859400,0,0,1,1,0,0,0,1
825,82.517220,82.524360,12.198440,0.007990312,0.5326844,6.4979260,536.517600,536.507000,0,0,1,1,0,0,0,1
826,82.617360,82.624500,12.199220,0.007999064,0.5332566,6.5054320,537.170000,537.159200,0,0,1,1,0,0,0,1
827,82.716800,82.723980,12.198830,0.007984066,0.5322648,6.4929840,537.817400,537.806800,0,0,1,1,0,0,0,1
828,82.817100,82.824260,12.200004,0.007991876,0.5327798,6.4998780,538.468800,538.458000,0,0,1,1,0,0,0,1
829,82.916860,82.924000,12.198244,0.007988440,0.5325510,6.4998180,539.121200,539.110400,0,0,1,1,0,0,0,1
830,83.016900,83.024040,12.198830,0.007990000,0.5325700,6.4965220,539.768600,539.758000,0,0,1,1,0,0,0,1
831,83.117260,83.124400,12.198636,0.007994690,0.5329704,6.5014040,540.424000,540.413200,0,0,1,1,0,0,0,1
832,83.217300,83.224460,12.199416,0.007997816,0.5331804,6.5044560,541.072400,541.061600,0,0,1,1,0,0,0,1
833,83.316880,83.324060,12.198244,0.007981876,0.5321122,6.4907840,541.719800,541.709000,0,0,1,1,0,0,0,1
834,83.417240,83.424400,12.199808,0.007995316,0.5330086,6.5026260,542.375000,542.364400,0,0,1,1,0,0,0,1
835,83.516840,83.523960,12.199808,0.008001564,0.5334284,6.5016480,543.023600,543.012800,0,0,1,1,0,0,0,1
836,83.617200,83.624360,12.198636,0.007988128,0.5321312,6.4912720,543.675000,543.664200,0,0,1,1,0,0,0,1
837,83.716860,83.724100,12.198050,0.007995940,0.5330468,6.5025640,544.322400,544.311600,0,0,1,1,0,0,0,1
838,83.817060,83.824260,12.199612,0.007989380,0.5326272,6.4978040,544.973800,544.963000,0,0,1,1,0,0,0,1
839,83.917340,83.924440,12.199416,0.007993124,0.5328752,6.5006720,545.626000,545.615400,0,0,1,1,0,0,0,1
840,84.016800,84.023940,12.199416,0.007995624,0.5330278,6.5026260,546.273600,546.262800,0,0,1,1,0,0,0,1
841,84.116940,84.124220,12.199024,0.007992190,0.5328180,6.5037840,546.925000,546.914200,0,0,1,1,0,0,0,1
842,84.217240,84.224360,12.200004,0.007997190,0.5331230,6.5029300,547.576200,547.565400,0,0,1,1,0,0,0,1
843,84.317260,84.324440,12.199024,0.007993750,0.5328942,6.5008560,548.228600,548.217800,0,0,1,1,0,0,0,1
844,84.416860,84.424000,12.199220,0.007994064,0.5329132,6.5011000,548.876000,548.865400,0,0,1,1,0,0,0,1
845,84.516800,84.523960,12.198636,0.007990940,0.5327226,6.4985360,549.524400,549.513800,0,0,1,1,0,0,0,1
846,84.616940,84.624140,12.199024,0.007992504,0.5328180,6.4998180,550.175800,550.165200,0,0,1,1,0,0,0,1
847,84.717240,84.724400,12.198636,0.007988752,0.5326082,6.4973760,550.827200,550.816400,0,0,1,1,0,0,0,1
848,84.816860,84.824080,12.198830,0.007993750,0.5328370,6.5002440,551.479600,551.468800,0,0,1,1,0,0,0,1
849,84.916880,84.924020,12.199220,0.007992812,0.5328370,6.4995740,552.127000,552.116400,0,0,1,1,0,0,0,1
850,85.016900,85.024100,12.199220,0.007987188,0.5324746,6.4956060,552.778400,552.767600,0,0,1,1,0,0,0,1
851,85.116900,85.124140,12.198830,0.007996250,0.5330850,6.5028700,553.429800,553.419000,0,0,1,1,0,0,0,1
852,85.216860,85.224040,12.198830,0.007991564,0.5327608,6.4989020,554.078200,554.067400,0,0,1,1,0,0,0,1
853,85.317200,85.324320,12.199808,0.007999376,0.5328560,6.5001220,554.729600,554.718800,0,0,1,1,0,0,0,1
854,85.417280,85.424360,12.199220,0.007992812,0.5328560,6.5003080,555.382000,555.371200,0,0,1,1,0,0,0,1
855,85.517220,85.524400,12.198050,0.008000316,0.5333520,6.5057380,556.033400,556.022600,0,0,1,1,0,0,0,1
856,85.617260,85.624360,12.199024,0.007993440,0.5328752,6.5004890,556.681800,556.671000,0,0,1,1,0,0,0,1
857,85.717300,85.724500,12.199612,0.007994690,0.5329704,6.5019540,557.333000,557.322400,0,0,1,1,0,0,0,1
858,85.816860,85.824060,12.199024,0.007995940,0.5330468,6.5026860,557.981600,557.970800,0,0,1,1,0,0,0,1
859,85.917040,85.924160,12.197660,0.007996250,0.5330660,6.5037840,558.633000,558.622200,0,0,1,1,0,0,0,1
860,86.016860,86.024000,12.198830,0.007999064,0.5329324,6.5013440,559.284200,559.273600,0,0,1,1,0,0,0,1
861,86.117020,86.124400,12.198050,0.007992812,0.5328370,6.4995740,559.932600,559.922000,0,0,1,1,0,0,0,1
862,86.216800,86.224100,12.198830,0.007993440,0.5328942,6.5006720,560.584000,560.573400,0,0,1,1,0,0,0,1
863,86.316940,86.324080,12.199612,0.007991876,0.5327988,6.4997560,561.235400,561.224600,0,0,1,1,0,0,0,1
864,86.416880,86.424020,12.199220,0.007983128,0.5322076,6.4923740,561.883000,561.872200,0,0,1,1,0,0,0,1
865,86.516920,86.524120,12.199220,0.007993440,0.5328942,6.5005500,562.534200,562.523600,0,0,1,1,0,0,0,1
866,86.617080,86.624260,12.198830,0.007997504,0.5327608,6.4985360,563.185600,563.175000,0,0,1,1,0,0,0,1
867,86.717240,86.724380,12.199220,0.008000004,0.5333138,6.5060440,563.838000,563.827200,0,0,1,1,0,0,0,1
868,86.816860,86.824080,12.198830,0.007988128,0.5325318,6.4961560,564.485400,564.474600,0,0,1,1,0,0,0,1
869,86.917240,86.924360,12.198244,0.007989064,0.5326082,6.4967660,565.136800,565.126000,0,0,1,1,0,0,0,1
870,87.016800,87.023880,12.199024,0.007984066,0.5322458,6.4929840,565.785200,565.774400,0,0,1,1,0,0,0,1
871,87.117000,87.124140,12.199416,0.007986880,0.5318642,6.4876100,566.436600,566.425800,0,0,1,1,0,0,0,1
872,87.217020,87.224160,12.199612,0.007998438,0.5329514,6.5018340,567.088000,567.077200,0,0,1,1,0,0,0,1
873,87.316800,87.323960,12.199416,0.007991876,0.5327798,6.4995120,567.735400,567.724600,0,0,1,1,0,0,0,1
874,87.417060,87.424240,12.198050,0.007991252,0.5327416,6.4982920,568.386800,568.376000,0,0,1,1,0,0,0,1
875,87.517220,87.524340,12.198244,0.007995624,0.5330468,6.5020760,569.038200,569.027400,0,0,1,1,0,0,0,1
876,87.616800,87.623940,12.199024,0.008000936,0.5333902,6.5067160,569.686600,569.675800,0,0,1,1,0,0,0,1
877,87.717080,87.724240,12.199024,0.007991876,0.5332376,6.5050060,570.338000,570.327200,0,0,1,1,0,0,0,1
878,87.816800,87.823960,12.198636,0.007990000,0.5327416,6.4989640,570.989400,570.978600,0,0,1,1,0,0,0,1
879,87.916820,87.928900,12.199220,0.007994690,0.5329704,6.5017100,571.670000,571.659200,0,0,1,1,0,0,0,1
880,88.016860,88.024060,12.199220,0.008000936,0.5333902,6.5069580,572.289200,572.278400,0,0,1,1,0,0,0,1
881,88.117240,88.124400,12.199220,0.007993124,0.5328560,6.5004280,572.940400,572.929800,0,0,1,1,0,0,0,1
882,88.216860,88.224100,12.198636,0.007992190,0.5328180,6.4995740,573.592800,573.582200,0,0,1,1,0,0,0,1
883,88.317180,88.324340,12.200004,0.008001876,0.5328942,6.5007340,574.244200,574.233400,0,0,1,1,0,0,0,1
884,88.416880,88.424000,12.199220,0.007997816,0.5334856,6.5082420,574.892600,574.882000,0,0,1,1,0,0,0,1
885,88.516900,88.524000,12.199024,0.007991564,0.5327608,6.4991460,575.540200,575.529400,0,0,1,1,0,0,0,1
886,88.617020,88.624140,12.199220,0.007987188,0.5324746,6.4957900,576.191400,576.180800,0,0,1,1,0,0,0,1
887,88.717140,88.724360,12.198830,0.007996876,0.5331230,6.5033600,576.843800,576.833000,0,0,1,1,0,0,0,1
888,88.817300,88.824460,12.199612,0.007992812,0.5328560,6.5006130,577.495200,577.484400,0,0,1,1,0,0,0,1
889,88.916860,88.924060,12.199220,0.007995004,0.5329324,6.5011000,578.143600,578.133000,0,0,1,1,0,0,0,1
890,89.016900,89.024040,12.198636,0.007986880,0.5332184,6.5047000,578.795000,578.784200,0,0,1,1,0,0,0,1
891,89.116860,89.124040,12.199220,0.007990000,0.5326654,6.4979260,579.446400,579.435600,0,0,1,1,0,0,0,1
892,89.216860,89.223980,12.199024,0.007982190,0.5321312,6.4915160,580.094800,580.084000,0,0,1,1,0,0,0,1
893,89.317000,89.329160,12.199612,0.007992812,0.5328560,6.4998780,580.778400,580.767600,0,0,1,1,0,0,0,1
894,89.417200,89.424400,12.200004,0.007990312,0.5326844,6.4987190,581.397600,581.386800,0,0,1,1,0,0,0,1
895,89.516800,89.523900,12.199416,0.007994064,0.5329324,6.4977420,582.045000,582.034200,0,0,1,1,0,0,0,1
896,89.616800,89.623960,12.200196,0.007994064,0.5326272,6.4971940,582.696400,582.685600,0,0,1,1,0,0,0,1
897,89.717100,89.724220,12.199220,0.007994690,0.5329704,6.5017700,583.347800,583.337000,0,0,1,1,0,0,0,1
898,89.817040,89.824200,12.199612,0.007995004,0.5329704,6.5021380,584.000000,583.989400,0,0,1,1,0,0,0,1
899,89.917300,89.924440,12.198636,0.007999376,0.5332948,6.5053720,584.651400,584.640600,0,0,1,1,0,0,0,1
900,90.016840,90.023960,12.198636,0.007989690,0.5326272,6.4974380,585.299000,585.288200,0,0,1,1,0,0,0,1
901,90.117060,90.124220,12.199024,0.007995940,0.5328370,6.4998780,585.950400,585.939600,0,0,1,1,0,0,0,1
902,90.217000,90.224240,12.199024,0.008003750,0.5335808,6.5087900,586.598800,586.588000,0,0,1,1,0,0,0,1
903,90.317100,90.324260,12.198440,0.007995004,0.5329896,6.5015880,587.250000,587.239400,0,0,1,1,0,0,0,1
904,90.417240,90.424420,12.199808,0.007997504,0.5331612,6.5045180,587.901400,587.890600,0,0,1,1,0,0,0,1
905,90.516860,90.523940,12.199416,0.007977816,0.5318452,6.4880380,588.549000,588.538200,0,0,1,1,0,0,0,1
906,90.617100,90.624280,12.199612,0.007989690,0.5326272,6.4977420,589.200400,589.189600,0,0,1,1,0,0,0,1
907,90.717260,90.729460,12.200196,0.007986564,0.5327798,6.4993300,589.884800,589.874000,0,0,1,1,0,0,0,1
908,90.816780,90.824020,12.199416,0.007990940,0.5329896,6.5016480,590.500000,590.489400,0,0,1,1,0,0,0,1
909,90.916960,90.924080,12.198440,0.007993440,0.5328752,6.5002440,591.151400,591.140600,0,0,1,1,0,0,0,1
910,91.016980,91.024120,12.199024,0.007993750,0.5329132,6.5009180,591.802800,591.792000,0,0,1,1,0,0,0,1
911,91.117140,91.124260,12.199612,0.007986880,0.5324556,6.4956060,592.450400,592.439600,0,0,1,1,0,0,0,1
912,91.217360,91.224500,12.199024,0.007995004,0.5330086,6.5020140,593.105600,593.094800,0,0,1,1,0,0,0,1
913,91.316880,91.324020,12.198636,0.007990940,0.5330850,6.5025040,593.750000,593.739400,0,0,1,1,0,0,0,1
914,91.417000,91.424100,12.199024,0.007988128,0.5325318,6.4963400,594.401400,594.390600,0,0,1,1,0,0,0,1
915,91.517000,91.524180,12.198830,0.007987812,0.5325128,6.4960940,595.052800,595.042000,0,0,1,1,0,0,0,1
916,91.617140,91.624260,12.198830,0.007990312,0.5326844,6.4979860,595.705200,595.694400,0,0,1,1,0,0,0,1
917,91.717360,91.724540,12.197856,0.007986564,0.5324364,6.4944460,596.356600,596.345800,0,0,1,1,0,0,0,1
918,91.817000,91.824200,12.198440,0.007994376,0.5329324,6.5009780,597.004000,596.993200,0,0,1,1,0,0,0,1
919,91.917060,91.924180,12.198830,0.008000316,0.5333138,6.5061660,597.656400,597.645600,0,0,1,1,0,0,0,1
920,92.017280,92.024460,12.198636,0.007995004,0.5329896,6.5015280,598.307600,598.297000,0,0,1,1,0,0,0,1
921,92.116840,92.123960,12.199808,0.008003130,0.5335428,6.5089720,598.956200,598.945400,0,0,1,1,0,0,0,1
922,92.217020,92.224320,12.198636,0.007996876,0.5331230,6.5032960,599.607400,599.596800,0,0,1,1,0,0,0,1
923,92.316860,92.324000,12.200004,0.007992812,0.5328370,6.5006720,600.255000,600.244200,0,0,1,1,0,0,0,1
924,92.417000,92.424100,12.199612,0.007998124,0.5331994,6.5047000,600.907400,600.896600,0,0,1,1,0,0,0,1
925,92.516980,92.524160,12.199416,0.007996250,0.5330468,6.5025040,601.558600,601.548000,0,0,1,1,0,0,0,1
926,92.617060,92.624160,12.199024,0.007990628,0.5327036,6.4984760,602.207200,602.196400,0,0,1,1,0,0,0,1
927,92.716840,92.723920,12.198636,0.008000004,0.5333330,6.5059220,602.858400,602.847800,0,0,1,1,0,0,0,1
928,92.817060,92.824540,12.199220,0.007994376,0.5329514,6.5014660,603.509800,603.499000,0,0,1,1,0,0,0,1
929,92.916820,92.924060,12.198244,0.007995624,0.5330278,6.5019540,604.158400,604.147600,0,0,1,1,0,0,0,1
930,93.016800,93.023960,12.198830,0.008004376,0.5336000,6.5092780,604.809600,604.799000,0,0,1,1,0,0,0,1
931,93.116860,93.124000,12.198440,0.007994690,0.5327798,6.4990880,605.461000,605.450400,0,0,1,1,0,0,0,1
932,93.216860,93.224000,12.198830,0.007995940,0.5330660,6.5026860,606.109400,606.098800,0,0,1,1,0,0,0,1
933,93.316800,93.323940,12.199416,0.007988752,0.5325890,6.4971320,606.760800,606.750000,0,0,1,1,0,0,0,1
934,93.416820,93.424000,12.199024,0.007998124,0.5331994,6.5045180,607.412200,607.401400,0,0,1,1,0,0,0,1
935,93.517140,93.524260,12.198636,0.007990628,0.5327036,6.4982920,608.063600,608.052800,0,0,1,1,0,0,0,1
936,93.616800,93.624000,12.199024,0.007997190,0.5331422,6.5036640,608.712000,608.701200,0,0,1,1,0,0,0,1
937,93.716940,93.724100,12.198440,0.007994064,0.5327416,6.4983520,609.363400,609.352600,0,0,1,1,0,0,0,1
938,93.817120,93.824260,12.199220,0.007990312,0.5326844,6.4981720,610.014800,610.004000,0,0,1,1,0,0,0,1
939,93.916860,93.924060,12.198636,0.007993440,0.5328942,6.5006130,610.663200,610.652400,0,0,1,1,0,0,0,1
940,94.017220,94.024300,12.199024,0.007990000,0.5326654,6.4978660,611.314600,611.303800,0,0,1,1,0,0,0,1
941,94.117160,94.124340,12.198440,0.007991564,0.5327608,6.4988420,611.967000,611.956200,0,0,1,1,0,0,0,1
942,94.216800,94.224300,12.199220,0.008000004,0.5333138,6.5059820,612.618200,612.607400,0,0,1,1,0,0,0,1
943,94.316860,94.324100,12.199024,0.007993750,0.5337526,6.5109880,613.265600,613.255000,0,0,1,1,0,0,0,1
944,94.417200,94.424340,12.199024,0.007991876,0.5327798,6.4990880,613.918000,613.907400,0,0,1,1,0,0,0,1
945,94.517340,94.524500,12.199220,0.007995940,0.5330468,6.5026860,614.569400,614.558600,0,0,1,1,0,0,0,1
946,94.617300,94.624440,12.199024,0.007995624,0.5330278,6.5025040,615.220800,615.210000,0,0,1,1,0,0,0,1
947,94.716840,94.724000,12.200590,0.007988440,0.5325510,6.4974380,615.865400,615.854600,0,0,1,1,0,0,0,1
948,94.816880,94.824020,12.200390,0.007996250,0.5330660,6.5036020,616.516600,616.506000,0,0,1,1,0,0,0,1
949,94.916960,94.924160,12.198830,0.007993440,0.5340196,6.5138560,617.169000,617.158400,0,0,1,1,0,0,0,1
950,95.017100,95.024300,12.199024,0.007998124,0.5331994,6.5044560,617.820400,617.809600,0,0,1,1,0,0,0,1
951,95.116800,95.123940,12.199808,0.007992190,0.5327988,6.4998780,618.467800,618.457200,0,0,1,1,0,0,0,1
952,95.216860,95.223980,12.199220,0.007984066,0.5322648,6.4931640,619.120200,619.109400,0,0,1,1,0,0,0,1
953,95.317120,95.324260,12.199220,0.007995940,0.5330468,6.5028700,619.771600,619.760800,0,0,1,1,0,0,0,1
954,95.417000,95.424260,12.199612,0.007987500,0.5324936,6.4962160,620.423000,620.412200,0,0,1,1,0,0,0,1
955,95.516960,95.524120,12.199416,0.007985000,0.5333902,6.5069580,621.071400,621.060600,0,0,1,1,0,0,0,1
956,95.617000,95.624140,12.199220,0.007993440,0.5328942,6.5005500,621.722800,621.712000,0,0,1,1,0,0,0,1
957,95.716800,95.723980,12.198244,0.007996564,0.5330850,6.5027500,622.371200,622.360400,0,0,1,1,0,0,0,1
958,95.816900,95.824020,12.198244,0.008001876,0.5334474,6.5070800,623.022600,623.011800,0,0,1,1,0,0,0,1
959,95.917240,95.924360,12.199024,0.007992504,0.5328370,6.5000020,623.674000,623.663200,0,0,1,1,0,0,0,1
960,96.016800,96.023940,12.199416,0.007995004,0.5329896,6.5021380,624.322400,624.311600,0,0,1,1,0,0,0,1
961,96.117080,96.124220,12.199808,0.007999690,0.5331612,6.5039070,624.973800,624.963000,0,0,1,1,0,0,0,1
962,96.217360,96.224540,12.198830,0.007991876,0.5327988,6.4998180,625.629000,625.618200,0,0,1,1,0,0,0,1
963,96.316860,96.324080,12.199416,0.007990312,0.5326654,6.4982300,626.273600,626.262800,0,0,1,1,0,0,0,1
964,96.416880,96.424080,12.199024,0.007983752,0.5322458,6.4927380,626.925800,626.915200,0,0,1,1,0,0,0,1
965,96.516860,96.524040,12.199808,0.007994064,0.5329132,6.5014660,627.577200,627.566400,0,0,1,1,0,0,0,1
966,96.617160,96.624300,12.198440,0.007997816,0.5331804,6.5039700,628.228600,628.217800,0,0,1,1,0,0,0,1
967,96.717140,96.724300,12.199024,0.007987188,0.5326462,6.4972560,628.881000,628.870200,0,0,1,1,0,0,0,1
968,96.817340,96.824460,12.199612,0.007988128,0.5325318,6.4959120,629.532400,629.521600,0,0,1,1,0,0,0,1
969,96.916860,96.924000,12.198830,0.007995624,0.5330278,6.5022590,630.176800,630.166000,0,0,1,1,0,0,0,1
970,97.017100,97.024240,12.198830,0.007989380,0.5326082,6.4972560,630.828200,630.817400,0,0,1,1,0,0,0,1
971,97.117240,97.124360,12.198830,0.007998750,0.5332376,6.5047000,631.480600,631.469800,0,0,1,1,0,0,0,1
972,97.217200,97.224360,12.199024,0.007996876,0.5331040,6.5041520,632.132000,632.121200,0,0,1,1,0,0,0,1
973,97.317180,97.324320,12.198636,0.007992190,0.5330660,6.5023200,632.783400,632.772600,0,0,1,1,0,0,0,1
974,97.417140,97.424300,12.198636,0.007998124,0.5331994,6.5043340,633.431800,633.421000,0,0,1,1,0,0,0,1
975,97.517280,97.524400,12.198440,0.007995940,0.5330468,6.5024440,634.083000,634.072400,0,0,1,1,0,0,0,1
976,97.617060,97.624160,12.198050,0.007988752,0.5325890,6.4964000,634.731600,634.720800,0,0,1,1,0,0,0,1
977,97.717020,97.724200,12.199808,0.008008128,0.5338670,6.5130620,635.383000,635.372200,0,0,1,1,0,0,0,1
978,97.816940,97.824140,12.199612,0.007996250,0.5330660,6.5032360,636.035200,636.024400,0,0,1,1,0,0,0,1
979,97.917220,97.924420,12.198830,0.007990312,0.5329704,6.5015280,636.686600,636.675800,0,0,1,1,0,0,0,1
980,98.016840,98.024000,12.198830,0.007986880,0.5324556,6.4952400,637.334000,637.323400,0,0,1,1,0,0,0,1
981,98.116840,98.123960,12.198244,0.007995624,0.5330278,6.5019540,637.982400,637.971800,0,0,1,1,0,0,0,1
982,98.217160,98.224380,12.199220,0.007992190,0.5327988,6.4997560,638.636800,638.626000,0,0,1,1,0,0,0,1
983,98.317260,98.324400,12.199024,0.007984688,0.5323030,6.4935940,639.289200,639.278400,0,0,1,1,0,0,0,1
984,98.417140,98.424340,12.199220,0.007992812,0.5328560,6.5053720,639.936600,639.925800,0,0,1,1,0,0,0,1
985,98.516840,98.523960,12.198244,0.007992812,0.5331804,6.5048860,640.585000,640.574400,0,0,1,1,0,0,0,1
986,98.617080,98.624280,12.199416,0.007987812,0.5325128,6.4957300,641.237400,641.226600,0,0,1,1,0,0,0,1
987,98.717360,98.724540,12.199024,0.008000936,0.5333902,6.5068360,641.893000,641.882200,0,0,1,1,0,0,0,1
988,98.816860,98.824020,12.198636,0.007995316,0.5330278,6.5020760,642.537400,642.526600,0,0,1,1,0,0,0,1
989,98.916860,98.924020,12.199612,0.007992190,0.5328180,6.5000620,643.188600,643.177800,0,0,1,1,0,0,0,1
990,99.017040,99.024180,12.199416,0.007998750,0.5332376,6.5051900,643.840000,643.829200,0,0,1,1,0,0,0,1
991,99.117080,99.124200,12.200004,0.007995940,0.5329896,6.5017700,644.491400,644.480600,0,0,1,1,0,0,0,1
992,99.216940,99.224200,12.198830,0.007988440,0.5325510,6.4971940,645.140000,645.129200,0,0,1,1,0,0,0,1
993,99.316880,99.324060,12.199024,0.007983752,0.5322458,6.4927380,645.791000,645.780400,0,0,1,1,0,0,0,1
994,99.417240,99.424400,12.198830,0.007998438,0.5332184,6.5046400,646.442400,646.431800,0,0,1,1,0,0,0,1
995,99.516840,99.524000,12.199220,0.007993750,0.5329132,6.5011600,647.091000,647.080200,0,0,1,1,0,0,0,1
996,99.616800,99.623900,12.199808,0.007988440,0.5325318,6.4968260,647.742600,647.731800,0,0,1,1,0,0,0,1
997,99.716860,99.724000,12.199416,0.007997816,0.5331612,6.5041520,648.390600,648.380000,0,0,1,1,0,0,0,1
998,99.816940,99.824100,12.198440,0.007995004,0.5329896,6.5018340,649.042000,649.031400,0,0,1,1,0,0,0,1
999,99.917100,99.924300,12.199808,0.008009068,0.5339242,6.5138560,649.694400,649.683600,0,0,1,1,0,0,0,1
1000,100.016860,100.024060,12.199612,0.007995004,0.5329896,6.5021980,650.345800,650.335000,0,0,1,1,0,0,0,1
1001,100.116800,100.124000,12.199220,0.007986252,0.5324174,6.4949960,650.994400,650.983800,0,0,1,1,0,0,0,1
1002,100.217020,100.224160,12.199612,0.007994376,0.5329514,6.4943240,651.645600,651.634800,0,0,1,1,0,0,0,1
1003,100.316880,100.324020,12.197660,0.007997190,0.5327608,6.4990240,652.294000,652.283400,0,0,1,1,0,0,0,1
1004,100.417240,100.424440,12.198636,0.007991876,0.5327798,6.4991460,652.949400,652.938600,0,0,1,1,0,0,0,1
1005,100.517000,100.524240,12.198636,0.007990940,0.5327226,6.4984140,653.597800,653.587000,0,0,1,1,0,0,0,1
1006,100.616840,100.624080,12.198440,0.007994376,0.5329514,6.5010380,654.249000,654.238400,0,0,1,1,0,0,0,1
1007,100.716800,100.723980,12.199612,0.007990940,0.5327226,6.4990880,654.897600,654.886800,0,0,1,1,0,0,0,1
1008,100.817360,100.824540,12.199024,0.007984688,0.5323030,6.4851700,655.552800,655.542000,0,0,1,1,0,0,0,1
1009,100.916840,100.924000,12.199808,0.007980940,0.5316164,6.4851700,656.199600,656.188800,0,0,1,1,0,0,0,1
1010,101.017080,101.024200,12.199612,0.007980316,0.5319978,6.4904180,656.849600,656.839000,0,0,1,1,0,0,0,1
1011,101.116800,101.123940,12.199220,0.007982500,0.5321504,6.4917620,657.497200,657.486400,0,0,1,1,0,0,0,1
1012,101.217000,101.224100,12.200004,0.007975628,0.5317116,6.4866960,658.147800,658.137000,0,0,1,1,0,0,0,1
1013,101.317160,101.324320,12.198830,0.007983128,0.5322076,6.4922500,658.798000,658.787200,0,0,1,1,0,0,0,1
1014,101.416840,101.424000,12.199024,0.007986564,0.5324174,6.4950560,659.444400,659.433600,0,0,1,1,0,0,0,1
1015,101.516860,101.524000,12.199416,0.007980316,0.5324364,6.4952400,660.094800,660.084000,0,0,1,1,0,0,0,1
1016,101.617100,101.624240,12.199220,0.007980000,0.5319788,6.4898680,660.745400,660.734600,0,0,1,1,0,0,0,1
1017,101.717240,101.724320,12.199808,0.007983128,0.5322076,6.4926160,661.395600,661.384800,0,0,1,1,0,0,0,1
1018,101.816780,101.823960,12.199808,0.007977502,0.5318260,6.4881600,662.043000,662.032400,0,0,1,1,0,0,0,1
1019,101.917240,101.924400,12.200196,0.007983128,0.5322076,6.4930420,662.693600,662.683000,0,0,1,1,0,0,0,1
1020,102.016840,102.024040,12.199220,0.007982190,0.5321312,6.4891360,663.340000,663.329200,0,0,1,1,0,0,0,1
1021,102.117360,102.124500,12.199612,0.007977190,0.5319406,6.4892580,663.994200,663.983400,0,0,1,1,0,0,0,1
1022,102.216840,102.224000,12.200004,0.007976250,0.5317498,6.4866960,664.637800,664.627000,0,0,1,1,0,0,0,1
1023,102.317100,102.324260,12.198636,0.007975628,0.5316926,6.4858400,665.292000,665.281400,0,0,1,1,0,0,0,1
1024,102.416820,102.423960,12.199612,0.007975940,0.5317116,6.4866340,665.938600,665.927800,0,0,1,1,0,0,0,1
1025,102.516800,102.524100,12.199024,0.007983752,0.5322458,6.4929200,666.589000,666.578200,0,0,1,1,0,0,0,1
1026,102.616840,102.624000,12.198830,0.007986252,0.5324174,6.4907840,667.236400,667.225600,0,0,1,1,0,0,0,1
1027,102.717160,102.724320,12.199612,0.007979064,0.5314064,6.4827280,667.886800,667.876000,0,0,1,1,0,0,0,1
1028,102.816880,102.824020,12.200196,0.007979690,0.5319596,6.4893800,668.537200,668.526400,0,0,1,1,0,0,0,1
1029,102.916840,102.924020,12.199220,0.007979064,0.5319214,6.4890160,669.184600,669.174000,0,0,1,1,0,0,0,1
1030,103.016800,103.023960,12.199220,0.008000936,0.5333902,6.5068360,669.835000,669.824400,0,0,1,1,0,0,0,1
1031,103.117160,103.124400,12.199808,0.008000316,0.5333520,6.5066540,670.487400,670.476600,0,0,1,1,0,0,0,1
1032,103.216880,103.223960,12.198830,0.007993124,0.5328560,6.4969500,671.134800,671.124000,0,0,1,1,0,0,0,1
1033,103.317160,103.324320,12.198440,0.008009690,0.5328180,6.5001840,671.787200,671.776400,0,0,1,1,0,0,0,1
1034,103.416840,103.424020,12.199612,0.007996564,0.5330850,6.5028080,672.438600,672.427800,0,0,1,1,0,0,0,1
1035,103.516840,103.523960,12.198244,0.007997504,0.5331612,6.5035400,673.087000,673.076200,0,0,1,1,0,0,0,1
1036,103.616840,103.624000,12.199220,0.008004690,0.5336380,6.5099500,673.738600,673.727800,0,0,1,1,0,0,0,1
1037,103.716840,103.723960,12.199024,0.007994690,0.5329704,6.5015880,674.389800,674.379000,0,0,1,1,0,0,0,1
1038,103.817180,103.824260,12.200196,0.007992190,0.5327988,6.5025640,675.042400,675.031600,0,0,1,1,0,0,0,1
1039,103.916820,103.924000,12.198830,0.008002504,0.5333710,6.5063480,675.690400,675.679800,0,0,1,1,0,0,0,1
1040,104.017160,104.024280,12.198440,0.007990940,0.5327226,6.4987190,676.342000,676.331200,0,0,1,1,0,0,0,1
1041,104.116840,104.123960,12.198636,0.007991564,0.5327608,6.4988420,676.989400,676.978600,0,0,1,1,0,0,0,1
1042,104.216800,104.223960,12.199220,0.008003130,0.5335236,6.5084840,677.641600,677.631000,0,0,1,1,0,0,0,1
1043,104.317000,104.324100,12.198636,0.007989064,0.5325890,6.4968260,678.293000,678.282400,0,0,1,1,0,0,0,1
1044,104.417000,104.424100,12.199416,0.007990940,0.5327036,6.4974980,678.944400,678.933600,0,0,1,1,0,0,0,1
1045,104.517160,104.524560,12.199808,0.008005940,0.5328942,6.5006720,679.596800,679.586000,0,0,1,1,0,0,0,1
1046,104.616840,104.624100,12.199024,0.008002504,0.5334856,6.5081180,680.244200,680.233400,0,0,1,1,0,0,0,1
1047,104.721600,104.728860,12.198830,0.007995940,0.5330468,6.5080580,680.925000,680.914200,0,0,1,1,0,0,0,1
1048,104.816800,104.824020,12.199024,0.008000004,0.5333138,6.5059820,681.544000,681.533400,0,0,1,1,0,0,0,1
1049,104.916820,104.923960,12.199416,0.007996876,0.5331230,6.5037240,682.195600,682.185000,0,0,1,1,0,0,0,1
1050,105.016840,105.024000,12.199220,0.007992190,0.5327988,6.5001840,682.843800,682.833000,0,0,1,1,0,0,0,1
1051,105.116920,105.124080,12.199416,0.007995940,0.5330850,6.5028700,683.495200,683.484400,0,0,1,1,0,0,0,1
1052,105.217080,105.224220,12.198636,0.007985940,0.5323792,6.4942040,684.146600,684.135800,0,0,1,1,0,0,0,1
1053,105.316840,105.323960,12.199808,0.007998438,0.5332184,6.5049440,684.795000,684.784200,0,0,1,1,0,0,0,1
1054,105.416840,105.424040,12.198636,0.007993440,0.5328942,6.5004890,685.446400,685.435600,0,0,1,1,0,0,0,1
1055,105.516840,105.524000,12.199024,0.007992504,0.5328370,6.5000020,686.098800,686.088000,0,0,1,1,0,0,0,1
1056,105.617020,105.624160,12.199220,0.007994064,0.5329324,6.5006130,686.750000,686.739400,0,0,1,1,0,0,0,1
1057,105.716880,105.724000,12.199024,0.007996250,0.5328942,6.5008560,687.398600,687.387800,0,0,1,1,0,0,0,1
1058,105.817280,105.824380,12.198636,0.007995624,0.5330468,6.5023820,688.053800,688.043000,0,0,1,1,0,0,0,1
1059,105.916840,105.924020,12.199220,0.007994064,0.5329324,6.5012240,688.701200,688.690400,0,0,1,1,0,0,0,1
1060,106.016800,106.023900,12.199024,0.007997816,0.5331804,6.5042760,689.349600,689.339000,0,0,1,1,0,0,0,1
1061,106.121960,106.129200,12.199612,0.007995940,0.5330468,6.5029300,690.033400,690.022600,0,0,1,1,0,0,0,1
1062,106.217280,106.224500,12.199024,0.007995004,0.5332756,6.5054960,690.652600,690.642000,0,0,1,1,0,0,0,1
1063,106.316880,106.324020,12.199808,0.007992190,0.5330086,6.5026260,691.300000,691.289200,0,0,1,1,0,0,0,1
1064,106.416820,106.424000,12.199220,0.007998124,0.5332184,6.5042760,691.952200,691.941400,0,0,1,1,0,0,0,1
1065,106.517200,106.524360,12.199220,0.007987500,0.5324936,6.4960360,692.603600,692.592800,0,0,1,1,0,0,0,1
1066,106.616840,106.624120,12.198830,0.007992812,0.5328370,6.5000020,693.252000,693.241400,0,0,1,1,0,0,0,1
1067,106.716800,106.723960,12.199220,0.007995940,0.5330468,6.5027500,693.903400,693.892600,0,0,1,1,0,0,0,1
1068,106.816960,106.824140,12.199416,0.007997190,0.5331422,6.5018340,694.554800,694.544000,0,0,1,1,0,0,0,1
1069,106.916820,106.924940,12.199220,0.007990312,0.5326082,6.4972560,695.210000,695.199400,0,0,1,1,0,0,0,1
1070,107.016840,107.023960,12.199024,0.008002816,0.5335046,6.5078140,695.854600,695.843800,0,0,1,1,0,0,0,1
1071,107.116840,107.123940,12.199220,0.007997190,0.5331230,6.5037240,696.506000,696.495200,0,0,1,1,0,0,0,1
1072,107.217020,107.224120,12.199024,0.007992504,0.5328180,6.4997560,697.158400,697.147600,0,0,1,1,0,0,0,1
1073,107.316840,107.323960,12.199024,0.008000316,0.5333520,6.5062260,697.806000,697.795200,0,0,1,1,0,0,0,1
1074,107.417200,107.424320,12.200590,0.008000316,0.5331422,6.5039070,698.458000,698.447400,0,0,1,1,0,0,0,1
1075,107.516860,107.524060,12.200004,0.007997504,0.5330086,6.5021380,699.106600,699.095800,0,0,1,1,0,0,0,1
1076,107.616860,107.624040,12.198636,0.007994064,0.5329324,6.5011600,699.758000,699.747200,0,0,1,1,0,0,0,1
1077,107.716780,107.723920,12.199220,0.007995940,0.5330468,6.5027500,700.409200,700.398600,0,0,1,1,0,0,0,1
1078,107.817000,107.824140,12.198636,0.007994064,0.5329324,6.5010380,701.061600,701.050800,0,0,1,1,0,0,0,1
1079,107.916820,107.923960,12.200004,0.007987812,0.5325128,6.4965820,701.709000,701.698400,0,0,1,1,0,0,0,1
1080,108.016840,108.024000,12.199808,0.007994690,0.5329704,6.5018340,702.361600,702.351000,0,0,1,1,0,0,0,1
1081,108.117080,108.124240,12.199808,0.007997816,0.5326844,6.4984140,703.012800,703.002000,0,0,1,1,0,0,0,1
1082,108.216840,108.223920,12.199024,0.007998438,0.5332184,6.5051280,703.661200,703.650400,0,0,1,1,0,0,0,1
1083,108.316800,108.323920,12.198830,0.007995004,0.5329896,6.5017700,704.312600,704.301800,0,0,1,1,0,0,0,1
1084,108.417100,108.424280,12.199220,0.007994690,0.5329704,6.5018340,704.964200,704.953400,0,0,1,1,0,0,0,1
1085,108.516800,108.523900,12.199416,0.007991564,0.5327608,6.4993300,705.612400,705.601600,0,0,1,1,0,0,0,1
1086,108.617020,108.624280,12.198440,0.007994064,0.5336380,6.5101320,706.263800,706.253000,0,0,1,1,0,0,0,1
1087,108.716880,108.723980,12.198636,0.007996876,0.5335808,6.5091580,706.912400,706.901600,0,0,1,1,0,0,0,1
1088,108.816840,108.824000,12.199808,0.007998438,0.5332376,6.5051280,707.563600,707.552800,0,0,1,1,0,0,0,1
1089,108.917280,108.924420,12.199024,0.007982816,0.5321884,6.4920680,708.218800,708.208000,0,0,1,1,0,0,0,1
1090,109.016920,109.024060,12.198830,0.007990940,0.5327416,6.4986580,708.867400,708.856600,0,0,1,1,0,0,0,1
1091,109.116840,109.123940,12.200390,0.007997190,0.5331422,6.5044560,709.515000,709.504200,0,0,1,1,0,0,0,1
1092,109.217140,109.224240,12.200004,0.007996564,0.5330278,6.5026260,710.167000,710.156400,0,0,1,1,0,0,0,1
1093,109.316840,109.323960,12.198830,0.008000316,0.5330278,6.5023820,710.818600,710.808000,0,0,1,1,0,0,0,1
1094,109.417360,109.424540,12.198636,0.007995624,0.5330278,6.5023200,711.469800,711.459000,0,0,1,1,0,0,0,1
1095,109.516920,109.524040,12.200004,0.008007500,0.5338288,6.5125740,712.118200,712.107400,0,0,1,1,0,0,0,1
1096,109.616840,109.624080,12.198830,0.007993750,0.5329132,6.5008560,712.769600,712.759000,0,0,1,1,0,0,0,1
1097,109.717160,109.724320,12.199808,0.007989690,0.5326272,6.4979260,713.422000,713.411200,0,0,1,1,0,0,0,1
1098,109.816800,109.823960,12.199416,0.007998438,0.5331994,6.5059820,714.069400,714.058600,0,0,1,1,0,0,0,1
1099,109.916840,109.924040,12.200004,0.007995624,0.5319596,6.4895640,714.721800,714.711000,0,0,1,1,0,0,0,1
1100,110.016860,110.024040,12.199220,0.007997504,0.5331612,6.5040290,715.369400,715.358800,0,0,1,1,0,0,0,1
1101,110.116860,110.124000,12.199808,0.007991252,0.5327416,6.4992680,716.021600,716.010800,0,0,1,1,0,0,0,1
1102,110.217360,110.224480,12.199220,0.008001564,0.5334092,6.5072640,716.673200,716.662400,0,0,1,1,0,0,0,1
1103,110.317000,110.324160,12.198830,0.007994064,0.5329324,6.5011600,717.324400,717.313600,0,0,1,1,0,0,0,1
1104,110.416820,110.423960,12.199024,0.007994376,0.5329514,6.5026260,717.972800,717.962000,0,0,1,1,0,0,0,1
1105,110.516800,110.524040,12.199220,0.007994064,0.5330086,6.5023200,718.624000,718.613400,0,0,1,1,0,0,0,1
1106,110.617300,110.624460,12.198830,0.007997190,0.5331422,6.5035400,719.276400,719.265600,0,0,1,1,0,0,0,1
1107,110.716880,110.724160,12.198636,0.007993750,0.5329132,6.5007340,719.924000,719.913200,0,0,1,1,0,0,0,1
1108,110.816800,110.823920,12.199416,0.007984066,0.5322648,6.4933480,720.575400,720.564600,0,0,1,1,0,0,0,1
1109,110.917160,110.924280,12.200196,0.007989380,0.5326272,6.4980480,721.227600,721.217000,0,0,1,1,0,0,0,1
1110,111.016860,111.024040,12.198830,0.007994376,0.5329324,6.5002440,721.875000,721.864400,0,0,1,1,0,0,0,1
1111,111.116800,111.123940,12.198636,0.007989380,0.5327416,6.4993300,722.527600,722.517000,0,0,1,1,0,0,0,1
1112,111.217040,111.224220,12.199416,0.007997816,0.5331804,6.5044560,723.178800,723.168000,0,0,1,1,0,0,0,1
1113,111.316800,111.324000,12.199416,0.007993440,0.5328752,6.5007940,723.826600,723.815800,0,0,1,1,0,0,0,1
1114,111.416880,111.424040,12.199612,0.007999376,0.5332948,6.5059220,724.477600,724.467000,0,0,1,1,0,0,0,1
1115,111.516860,111.524040,12.199220,0.007994064,0.5329324,6.5013440,725.126000,725.115400,0,0,1,1,0,0,0,1
1116,111.621440,111.628680,12.198636,0.007997504,0.5331612,6.5037240,725.806800,725.796000,0,0,1,1,0,0,0,1
1117,111.717280,111.724440,12.200590,0.007998750,0.5332376,6.5050660,726.432600,726.422000,0,0,1,1,0,0,0,1
1118,111.816780,111.823860,12.199220,0.007992190,0.5328180,6.4998780,727.077200,727.066400,0,0,1,1,0,0,0,1
1119,111.917040,111.924180,12.199220,0.007991876,0.5327798,6.4994520,727.729600,727.718800,0,0,1,1,0,0,0,1
1120,112.016800,112.023960,12.198050,0.007990000,0.5326462,6.4971940,728.381000,728.370200,0,0,1,1,0,0,0,1
1121,112.116960,112.124100,12.199808,0.007995316,0.5330086,6.5026860,729.032400,729.021600,0,0,1,1,0,0,0,1
1122,112.216800,112.223960,12.199416,0.007993750,0.5329132,6.5005500,729.681000,729.670200,0,0,1,1,0,0,0,1
1123,112.316960,112.324140,12.199416,0.007995624,0.5330278,6.5020760,730.332200,730.321400,0,0,1,1,0,0,0,1
1124,112.416840,112.424000,12.199220,0.007996250,0.5330660,6.5029920,730.984600,730.974000,0,0,1,1,0,0,0,1
1125,112.516840,112.523960,12.199024,0.007995624,0.5330278,6.5025040,731.632000,731.621200,0,0,1,1,0,0,0,1
1126,112.616840,112.623960,12.200004,0.007988752,0.5325700,6.4971940,732.283600,732.272800,0,0,1,1,0,0,0,1
1127,112.717080,112.724220,12.199024,0.007985628,0.5323602,6.4943240,732.934600,732.924000,0,0,1,1,0,0,0,1
1128,112.816800,112.824040,12.199416,0.007997504,0.5329324,6.5012820,733.583000,733.572400,0,0,1,1,0,0,0,1
1129,112.916840,112.924000,12.198830,0.007988440,0.5328942,6.5009180,734.234400,734.223800,0,0,1,1,0,0,0,1
1130,113.017400,113.024600,12.199220,0.007991564,0.5327608,6.4990880,734.889800,734.879000,0,0,1,1,0,0,0,1
1131,113.116860,113.124040,12.199612,0.007994376,0.5329514,6.5018340,735.534200,735.523600,0,0,1,1,0,0,0,1
1132,113.216880,113.224000,12.199612,0.007996564,0.5331040,6.5035400,736.185600,736.175000,0,0,1,1,0,0,0,1
1133,113.316900,113.324100,12.198636,0.007998124,0.5331994,6.5043960,736.838000,736.827200,0,0,1,1,0,0,0,1
1134,113.416800,113.423900,12.201568,0.007998124,0.5331994,6.4979860,737.485400,737.474600,0,0,1,1,0,0,0,1
1135,113.517160,113.524300,12.199220,0.007995004,0.5329896,6.5021980,738.140600,738.130000,0,0,1,1,0,0,0,1
1136,113.616800,113.623940,12.198636,0.008006252,0.5337334,6.5107420,738.788200,738.777400,0,0,1,1,0,0,0,1
1137,113.716800,113.723920,12.199220,0.007990312,0.5326844,6.4982300,739.436800,739.426000,0,0,1,1,0,0,0,1
1138,113.817040,113.824200,12.198636,0.007995940,0.5330468,6.5023820,740.088000,740.077200,0,0,1,1,0,0,0,1
1139,113.917300,113.924400,12.198830,0.007984376,0.5322838,6.4931040,740.739400,740.728600,0,0,1,1,0,0,0,1
1140,114.016860,114.024000,12.198440,0.007995316,0.5332184,6.5047620,741.387800,741.377000,0,0,1,1,0,0,0,1
1141,114.117160,114.124300,12.198830,0.008000936,0.5333902,6.5067160,742.043000,742.032400,0,0,1,1,0,0,0,1
1142,114.216880,114.224040,12.198440,0.007999064,0.5332566,6.5047620,742.690400,742.679800,0,0,1,1,0,0,0,1
1143,114.316840,114.323960,12.198244,0.007994690,0.5329704,6.5011600,743.339000,743.328200,0,0,1,1,0,0,0,1
1144,114.421040,114.428300,12.198636,0.007988128,0.5328370,6.5000020,744.019600,744.009000,0,0,1,1,0,0,0,1
1145,114.516860,114.523960,12.199220,0.007989064,0.5325890,6.4971940,744.642600,744.632000,0,0,1,1,0,0,0,1
1146,114.617100,114.624240,12.200196,0.007993750,0.5328560,6.5001840,745.294000,745.283400,0,0,1,1,0,0,0,1
1147,114.717300,114.724480,12.199024,0.007995004,0.5329896,6.5016480,745.946400,745.935600,0,0,1,1,0,0,0,1
1148,114.816880,114.824020,12.198636,0.008004690,0.5336380,6.5096440,746.593800,746.583000,0,0,1,1,0,0,0,1
1149,114.917280,114.924560,12.198440,0.007998750,0.5332376,6.5045180,747.246200,747.235400,0,0,1,1,0,0,0,1
1150,115.017100,115.024280,12.198440,0.007997504,0.5331612,6.5036020,747.897600,747.886800,0,0,1,1,0,0,0,1
1151,115.116840,115.123940,12.197856,0.007991564,0.5327608,6.4984140,748.546000,748.535200,0,0,1,1,0,0,0,1
1152,115.216840,115.223960,12.198830,0.007995004,0.5322648,6.4931640,749.193400,749.182600,0,0,1,1,0,0,0,1
1153,115.317320,115.324480,12.199220,0.007999064,0.5332566,6.5053100,749.849600,749.839000,0,0,1,1,0,0,0,1
1154,115.416840,115.424040,12.199220,0.007983128,0.5322076,6.4923740,750.497200,750.486400,0,0,1,1,0,0,0,1
1155,115.516840,115.524040,12.199024,0.008005002,0.5336572,6.5099500,751.149400,751.138800,0,0,1,1,0,0,0,1
1156,115.616800,115.623900,12.199808,0.007985628,0.5323602,6.4946300,751.797000,751.786200,0,0,1,1,0,0,0,1
1157,115.717020,115.724200,12.198636,0.007999376,0.5332948,6.5054320,752.449600,752.438800,0,0,1,1,0,0,0,1
1158,115.816780,115.824040,12.199024,0.008002190,0.5332184,6.5046400,753.100600,753.090000,0,0,1,1,0,0,0,1
1159,115.916820,115.923960,12.200004,0.007993750,0.5329132,6.5012820,753.748400,753.737600,0,0,1,1,0,0,0,1
1160,116.016860,116.024040,12.199024,0.007995624,0.5330278,6.5023200,754.400400,754.389800,0,0,1,1,0,0,0,1
1161,116.116800,116.124000,12.200004,0.008000004,0.5333138,6.5063480,755.052000,755.041400,0,0,1,1,0,0,0,1
1162,116.217100,116.224320,12.199416,0.007998438,0.5332184,6.5048860,755.704200,755.693400,0,0,1,1,0,0,0,1
1163,116.316800,116.324020,12.198830,0.008000316,0.5333520,6.5062880,756.351600,756.341000,0,0,1,1,0,0,0,1
1164,116.417040,116.424180,12.198440,0.007999376,0.5336190,6.5093400,757.004000,756.993200,0,0,1,1,0,0,0,1
1165,116.517200,116.524280,12.199220,0.007996250,0.5330850,6.5036640,757.655400,757.644600,0,0,1,1,0,0,0,1
1166,116.617260,116.624440,12.199024,0.007995004,0.5329896,6.5018340,758.306800,758.296000,0,0,1,1,0,0,0,1
1167,116.716920,116.724080,12.199220,0.007984066,0.5322458,6.4930420,758.955200,758.944400,0,0,1,1,0,0,0,1
1168,116.816840,116.824040,12.199024,0.007995624,0.5330278,6.5024440,759.602800,759.592200,0,0,1,1,0,0,0,1
1169,116.916840,116.924100,12.199808,0.007991252,0.5327416,6.4992680,760.255000,760.244200,0,0,1,1,0,0,0,1
1170,117.016840,117.024820,12.199220,0.007991876,0.5326654,6.4978660,760.910200,760.899400,0,0,1,1,0,0,0,1
1171,117.116840,117.123960,12.199416,0.008002816,0.5335046,6.5081800,761.554800,761.544000,0,0,1,1,0,0,0,1
1172,117.216840,117.224000,12.198830,0.007997190,0.5331230,6.5035400,762.206200,762.195400,0,0,1,1,0,0,0,1
1173,117.316840,117.324040,12.199220,0.008001250,0.5334092,6.5070220,762.857400,762.846800,0,0,1,1,0,0,0,1
1174,117.416820,117.423960,12.199024,0.007996564,0.5330850,6.5031140,763.506000,763.495200,0,0,1,1,0,0,0,1
1175,117.516860,117.523960,12.199808,0.007997190,0.5331422,6.5042760,764.157400,764.146600,0,0,1,1,0,0,0,1
1176,117.616860,117.624040,12.199416,0.007993750,0.5332184,6.5039070,764.808600,764.798000,0,0,1,1,0,0,0,1
1177,117.716840,117.724040,12.200590,0.007993750,0.5328942,6.5009180,765.457400,765.446600,0,0,1,1,0,0,0,1
1178,117.816840,117.824000,12.199024,0.007993124,0.5328752,6.5004890,766.108400,766.097800,0,0,1,1,0,0,0,1
1179,117.917300,117.924420,12.199416,0.008005316,0.5336762,6.5105600,766.761000,766.750400,0,0,1,1,0,0,0,1
1180,118.016860,118.023960,12.200004,0.007997816,0.5331804,6.5048860,767.408400,767.397600,0,0,1,1,0,0,0,1
1181,118.116840,118.123960,12.199612,0.007993124,0.5328560,6.5006130,768.060600,768.050000,0,0,1,1,0,0,0,1
1182,118.217320,118.224480,12.198636,0.007999376,0.5328370,6.5003660,768.716000,768.705200,0,0,1,1,0,0,0,1
1183,118.316800,118.323900,12.199024,0.007996250,0.5330660,6.5027500,769.360400,769.349600,0,0,1,1,0,0,0,1
1184,118.416840,118.424020,12.199612,0.007995316,0.5330086,6.5025640,770.013000,770.002400,0,0,1,1,0,0,0,1
1185,118.516840,118.528960,12.200196,0.007991564,0.5330086,6.5026260,770.697400,770.686600,0,0,1,1,0,0,0,1
1186,118.616840,118.624000,12.199024,0.007991252,0.5327416,6.4989020,771.312600,771.301800,0,0,1,1,0,0,0,1
1187,118.717320,118.724440,12.199612,0.007997190,0.5331422,6.5039700,771.967800,771.957200,0,0,1,1,0,0,0,1
1188,118.816800,118.823960,12.199416,0.008001876,0.5329132,6.5013440,772.616400,772.605600,0,0,1,1,0,0,0,1
1189,118.917200,118.924420,12.199416,0.007988440,0.5325510,6.4961560,773.267600,773.257000,0,0,1,1,0,0,0,1
1190,119.016800,119.023960,12.198830,0.007999376,0.5332756,6.5053100,773.916000,773.905400,0,0,1,1,0,0,0,1
1191,119.117000,119.124160,12.199612,0.007996250,0.5330850,6.5032960,774.567400,774.556800,0,0,1,1,0,0,0,1
1192,119.217300,119.224400,12.199612,0.008006876,0.5337906,6.5119640,775.219800,775.209000,0,0,1,1,0,0,0,1
1193,119.316840,119.324040,12.199024,0.007998124,0.5331994,6.5043960,775.867600,775.856800,0,0,1,1,0,0,0,1
1194,119.416820,119.423960,12.200196,0.007991876,0.5329704,6.5014660,776.519600,776.509000,0,0,1,1,0,0,0,1
1195,119.516860,119.523960,12.199220,0.007986880,0.5324364,6.4956680,777.171200,777.160400,0,0,1,1,0,0,0,1
1196,119.617260,119.624360,12.198636,0.007999690,0.5333138,6.5056770,777.823400,777.812600,0,0,1,1,0,0,0,1
1197,119.716800,119.723960,12.200590,0.007992812,0.5328370,6.5009180,778.470800,778.460000,0,0,1,1,0,0,0,1
1198,119.817100,119.824240,12.199024,0.007995624,0.5330278,6.5023820,779.123200,779.112400,0,0,1,1,0,0,0,1
1199,119.916880,119.924100,12.198244,0.007991876,0.5327988,6.4990880,779.770600,779.759800,0,0,1,1,0,0,0,1
1200,120.016860,120.024040,12.199024,0.007996564,0.5331804,6.5041520,780.423200,780.412400,0,0,1,1,0,0,0,1
1201,120.117300,120.124500,12.198440,0.007991564,0.5327608,6.4993920,781.078200,781.067400,0,0,1,1,0,0,0,1
1202,120.216840,120.223980,12.198636,0.007990000,0.5326654,6.4977420,781.722800,781.712000,0,0,1,1,0,0,0,1
1203,120.317280,120.324480,12.199416,0.007995316,0.5330278,6.5024440,782.378000,782.367400,0,0,1,1,0,0,0,1
1204,120.416800,120.423960,12.198636,0.008007816,0.5338480,6.5120860,783.025800,783.015000,0,0,1,1,0,0,0,1
1205,120.517120,120.524240,12.199612,0.007993750,0.5329132,6.5013440,783.676800,783.666000,0,0,1,1,0,0,0,1
1206,120.616800,120.623940,12.199024,0.007990628,0.5330468,6.5022590,784.325400,784.314600,0,0,1,1,0,0,0,1
1207,120.716880,120.723980,12.200004,0.007993750,0.5329132,6.5006130,784.977600,784.967000,0,0,1,1,0,0,0,1
1208,120.816800,120.823900,12.198636,0.007995316,0.5330086,6.5018920,785.625000,785.614400,0,0,1,1,0,0,0,1
1209,120.917100,120.924400,12.199220,0.007994064,0.5329324,6.5012820,786.280400,786.269600,0,0,1,1,0,0,0,1
1210,121.016800,121.023940,12.200004,0.007988440,0.5325510,6.4971320,786.928800,786.918000,0,0,1,1,0,0,0,1
1211,121.117160,121.124340,12.200004,0.007990312,0.5326844,6.4986580,787.580200,787.569400,0,0,1,1,0,0,0,1
1212,121.216880,121.223980,12.199024,0.007991564,0.5329324,6.5014040,788.227600,788.217000,0,0,1,1,0,0,0,1
1213,121.316840,121.324040,12.199416,0.007998750,0.5332376,6.5050060,788.879000,788.868200,0,0,1,1,0,0,0,1
1214,121.417300,121.424540,12.198440,0.008005940,0.5337144,6.5104980,789.530400,789.519600,0,0,1,1,0,0,0,1
1215,121.516860,121.524040,12.199220,0.007999690,0.5333138,6.5059220,790.179000,790.168400,0,0,1,1,0,0,0,1
1216,121.617360,121.624560,12.198830,0.007990628,0.5327036,6.4982300,790.834000,790.823400,0,0,1,1,0,0,0,1
1217,121.716840,121.723960,12.199612,0.008005628,0.5336952,6.5108650,791.478600,791.467800,0,0,1,1,0,0,0,1
1218,121.816800,121.823960,12.198440,0.007997816,0.5335808,6.5089720,792.131000,792.120200,0,0,1,1,0,0,0,1
1219,121.917100,121.924200,12.199220,0.007997190,0.5331422,6.5032360,792.782400,792.771600,0,0,1,1,0,0,0,1
1220,122.017200,122.024300,12.199220,0.007988752,0.5325700,6.4968880,793.433600,793.423000,0,0,1,1,0,0,0,1
1221,122.117160,122.124340,12.199808,0.007995004,0.5329896,6.5023200,794.086000,794.075400,0,0,1,1,0,0,0,1
1222,122.216800,122.223920,12.199612,0.007996250,0.5330660,6.5031140,794.733400,794.722800,0,0,1,1,0,0,0,1
1223,122.316960,122.324160,12.198440,0.008000936,0.5333902,6.5064700,795.385800,795.375000,0,0,1,1,0,0,0,1
1224,122.416820,122.423960,12.200196,0.007996250,0.5329514,6.5007940,796.033600,796.022800,0,0,1,1,0,0,0,1
1225,122.516840,122.523940,12.200004,0.007997190,0.5331422,6.5039700,796.684600,796.674000,0,0,1,1,0,0,0,1
1226,122.617100,122.624220,12.198830,0.007995624,0.5330278,6.5023200,797.337200,797.326600,0,0,1,1,0,0,0,1
1227,122.716880,122.724120,12.198440,0.007993440,0.5328752,6.5002440,797.985400,797.974600,0,0,1,1,0,0,0,1
1228,122.816800,122.824000,12.198636,0.007996250,0.5330660,6.5027500,798.636800,798.626000,0,0,1,1,0,0,0,1
1229,122.916820,122.923920,12.199612,0.008007816,0.5338288,6.5126350,799.285400,799.274800,0,0,1,1,0,0,0,1
1230,123.016800,123.024040,12.200004,0.007995316,0.5327416,6.4989020,799.937600,799.926800,0,0,1,1,0,0,0,1
1231,123.116800,123.123960,12.198830,0.007998438,0.5332184,6.5042120,800.589200,800.578400,0,0,1,1,0,0,0,1
1232,123.216840,123.224000,12.199416,0.007999064,0.5332566,6.5053100,801.240400,801.229600,0,0,1,1,0,0,0,1
1233,123.317280,123.324400,12.199416,0.008009690,0.5339624,6.5139160,801.891600,801.881000,0,0,1,1,0,0,0,1
1234,123.416840,123.424020,12.200004,0.007993124,0.5328560,6.5009180,802.540200,802.529400,0,0,1,1,0,0,0,1
1235,123.516840,123.523960,12.199220,0.007997504,0.5331612,6.5041520,803.191800,803.181000,0,0,1,1,0,0,0,1
1236,123.616840,123.624000,12.198636,0.007989380,0.5323602,6.4935940,803.840000,803.829200,0,0,1,1,0,0,0,1
1237,123.717040,123.724200,12.199808,0.007998438,0.5332184,6.5047620,804.491400,804.480600,0,0,1,1,0,0,0,1
1238,123.816880,123.824020,12.198830,0.007993440,0.5328942,6.5005500,805.142600,805.132000,0,0,1,1,0,0,0,1
1239,123.917120,123.924240,12.198830,0.007987500,0.5324936,6.4956680,805.795000,805.784200,0,0,1,1,0,0,0,1
1240,124.016840,124.029060,12.198050,0.007991876,0.5327798,6.4996980,806.475600,806.465000,0,0,1,1,0,0,0,1
1241,124.116840,124.124000,12.198244,0.007993440,0.5328752,6.5001840,807.093800,807.083000,0,0,1,1,0,0,0,1
1242,124.217080,124.224240,12.198636,0.007993750,0.5323030,6.4932880,807.745200,807.734400,0,0,1,1,0,0,0,1
1243,124.316800,124.323960,12.198830,0.007986564,0.5324174,6.4951200,808.393600,808.383000,0,0,1,1,0,0,0,1
1244,124.417060,124.424200,12.199612,0.007996250,0.5330850,6.5034180,809.045000,809.034200,0,0,1,1,0,0,0,1
1245,124.516800,124.523900,12.199612,0.007996564,0.5330850,6.5034800,809.692400,809.681800,0,0,1,1,0,0,0,1
1246,124.616900,124.624000,12.200004,0.007995624,0.5330278,6.5029300,810.343800,810.333000,0,0,1,1,0,0,0,1
1247,124.717040,124.724120,12.200590,0.007989064,0.5325890,6.4978040,810.996200,810.985400,0,0,1,1,0,0,0,1
1248,124.816840,124.824040,12.198830,0.007990940,0.5331612,6.5040290,811.644000,811.633200,0,0,1,1,0,0,0,1
1249,124.917300,124.924420,12.199220,0.007999690,0.5333138,6.5058010,812.299000,812.288200,0,0,1,1,0,0,0,1
1250,125.016800,125.024040,12.199220,0.007992812,0.5328370,6.5001840,812.947600,812.936800,0,0,1,1,0,0,0,1
1251,125.116860,125.124040,12.200004,0.007992190,0.5328180,6.5002440,813.594800,813.584000,0,0,1,1,0,0,0,1
1252,125.216880,125.224040,12.199416,0.007997504,0.5331422,6.5040290,814.247200,814.236400,0,0,1,1,0,0,0,1
1253,125.316840,125.324080,12.199612,0.007995940,0.5330468,6.5028700,814.898600,814.887800,0,0,1,1,0,0,0,1
1254,125.417280,125.424500,12.198636,0.007984376,0.5325890,6.4970710,815.550200,815.539400,0,0,1,1,0,0,0,1
1255,125.516800,125.523940,12.199808,0.007988128,0.5325318,6.4967040,816.198400,816.187600,0,0,1,1,0,0,0,1
1256,125.616760,125.623900,12.198636,0.007998750,0.5332376,6.5048860,816.849600,816.839000,0,0,1,1,0,0,0,1
1257,125.717200,125.724380,12.198636,0.008001564,0.5334284,6.5069580,817.501000,817.490400,0,0,1,1,0,0,0,1
1258,125.816800,125.823920,12.199220,0.008005002,0.5336380,6.5100740,818.149400,818.138800,0,0,1,1,0,0,0,1
1259,125.917060,125.924100,12.199416,0.007992190,0.5327988,6.5027500,818.800800,818.790200,0,0,1,1,0,0,0,1
1260,126.016840,126.023960,12.199416,0.008009376,0.5335236,6.5085480,819.449400,819.438600,0,0,1,1,0,0,0,1
1261,126.116800,126.124000,12.199416,0.007999064,0.5332566,6.5056160,820.101000,820.090200,0,0,1,1,0,0,0,1
1262,126.217040,126.224160,12.198440,0.007998124,0.5331994,6.5041520,820.753000,820.742400,0,0,1,1,0,0,0,1
1263,126.316840,126.324040,12.199024,0.008002816,0.5335046,6.5083020,821.404600,821.394000,0,0,1,1,0,0,0,1
1264,126.416820,126.423960,12.199612,0.007999690,0.5332948,6.5060440,822.052800,822.042000,0,0,1,1,0,0,0,1
1265,126.516840,126.523960,12.199612,0.007993440,0.5328752,6.5007940,822.705200,822.694400,0,0,1,1,0,0,0,1
1266,126.617320,126.624440,12.200390,0.008007500,0.5329896,6.5013440,823.356600,823.345800,0,0,1,1,0,0,0,1
1267,126.716840,126.723980,12.198050,0.007995624,0.5330468,6.5020760,824.005000,823.994200,0,0,1,1,0,0,0,1
1268,126.817160,126.824380,12.199808,0.007995940,0.5330660,6.5031740,824.660200,824.649400,0,0,1,1,0,0,0,1
1269,126.916840,126.924040,12.200004,0.007994376,0.5329324,6.5018340,825.308600,825.298000,0,0,1,1,0,0,0,1
1270,127.016860,127.024040,12.198244,0.007990312,0.5326844,6.4977420,825.956200,825.945400,0,0,1,1,0,0,0,1
1271,127.116920,127.124160,12.198830,0.007997816,0.5331804,6.5051280,826.608400,826.597800,0,0,1,1,0,0,0,1
1272,127.216800,127.223920,12.199416,0.008004376,0.5331612,6.5034180,827.256000,827.245200,0,0,1,1,0,0,0,1
1273,127.317180,127.324320,12.198830,0.008003750,0.5335808,6.5093400,827.911200,827.900400,0,0,1,1,0,0,0,1
1274,127.416880,127.424000,12.199416,0.007996876,0.5331230,6.5037240,828.559600,828.549000,0,0,1,1,0,0,0,1
1275,127.517160,127.524320,12.200390,0.007995004,0.5329896,6.5025640,829.211000,829.200400,0,0,1,1,0,0,0,1
1276,127.616840,127.624000,12.200004,0.007992504,0.5328180,6.5003080,829.859400,829.848800,0,0,1,1,0,0,0,1
1277,127.717160,127.724300,12.199612,0.007993440,0.5328942,6.5016480,830.514800,830.504000,0,0,1,1,0,0,0,1
1278,127.816800,127.823960,12.199612,0.007992190,0.5329704,6.5018340,831.163200,831.152400,0,0,1,1,0,0,0,1
1279,127.917160,127.924300,12.199416,0.007994376,0.5329324,6.5016480,831.814800,831.804000,0,0,1,1,0,0,0,1
1280,128.016800,128.023920,12.200004,0.007995940,0.5330468,6.5032360,832.463000,832.452200,0,0,1,1,0,0,0,1
1281,128.117000,128.124160,12.199808,0.007994690,0.5329704,6.5021980,833.114400,833.103600,0,0,1,1,0,0,0,1
1282,128.216800,128.223960,12.199024,0.007989064,0.5325890,6.4971320,833.761800,833.751000,0,0,1,1,0,0,0,1
1283,128.317300,128.324400,12.199416,0.008002190,0.5334664,6.4982300,834.418000,834.407400,0,0,1,1,0,0,0,1
1284,128.416840,128.424040,12.199416,0.007995316,0.5328370,6.4998180,835.065400,835.054800,0,0,1,1,0,0,0,1
1285,128.516840,128.523920,12.198636,0.007998124,0.5332184,6.5046400,835.714000,835.703200,0,0,1,1,0,0,0,1
1286,128.617200,128.624360,12.198636,0.008003130,0.5335236,6.5083020,836.369200,836.358400,0,0,1,1,0,0,0,1
1287,128.716900,128.724000,12.199416,0.007993750,0.5329132,6.5011600,837.016600,837.006000,0,0,1,1,0,0,0,1
1288,128.816840,128.823920,12.199024,0.008005002,0.5336572,6.5101320,837.665200,837.654400,0,0,1,1,0,0,0,1
1289,128.916800,128.924000,12.199220,0.008003130,0.5335236,6.5085480,838.316400,838.305800,0,0,1,1,0,0,0,1
1290,129.016840,129.024000,12.200004,0.007990312,0.5327226,6.4986580,838.968000,838.957400,0,0,1,1,0,0,0,1
1291,129.116840,129.124000,12.199220,0.007998438,0.5332184,6.5050060,839.616400,839.605600,0,0,1,1,0,0,0,1
1292,129.216900,129.224100,12.198830,0.007984688,0.5323030,6.4934700,840.267600,840.257000,0,0,1,1,0,0,0,1
1293,129.317200,129.324360,12.198440,0.008001250,0.5334092,6.5067160,840.919000,840.908400,0,0,1,1,0,0,0,1
1294,129.416800,129.423900,12.199612,0.007985940,0.5323984,6.4949960,841.567400,841.556800,0,0,1,1,0,0,0,1
1295,129.517000,129.524200,12.199220,0.007998438,0.5332184,6.5079380,842.222800,842.212000,0,0,1,1,0,0,0,1
1296,129.617200,129.624360,12.199024,0.007996564,0.5332948,6.5056770,842.871200,842.860400,0,0,1,1,0,0,0,1
1297,129.716900,129.724100,12.199416,0.007994064,0.5329324,6.5015280,843.522600,843.511800,0,0,1,1,0,0,0,1
1298,129.816840,129.824000,12.198440,0.007990312,0.5326654,6.4977420,844.171000,844.160200,0,0,1,1,0,0,0,1
1299,129.917200,129.924320,12.200004,0.007995004,0.5329704,6.5023200,844.826200,844.815400,0,0,1,1,0,0,0,1
1300,130.016800,130.023920,12.200196,0.007994690,0.5329704,6.5023200,845.474600,845.464000,0,0,1,1,0,0,0,1
1301,130.117200,130.124360,12.200390,0.007993440,0.5328752,6.5092170,846.126400,846.115600,0,0,1,1,0,0,0,1
1302,130.216800,130.223960,12.199416,0.007996250,0.5332756,6.5052500,846.774400,846.763800,0,0,1,1,0,0,0,1
1303,130.317040,130.324300,12.198636,0.007996250,0.5330660,6.5025040,847.425800,847.415200,0,0,1,1,0,0,0,1
1304,130.416900,130.424040,12.199416,0.008001876,0.5334474,6.5077520,848.074600,848.063800,0,0,1,1,0,0,0,1
1305,130.516760,130.523900,12.199220,0.008003750,0.5335618,6.5090940,848.725600,848.715000,0,0,1,1,0,0,0,1
1306,130.617000,130.624160,12.198050,0.007999376,0.5332948,6.5051280,849.378200,849.367600,0,0,1,1,0,0,0,1
1307,130.716800,130.724000,12.199612,0.007986880,0.5324556,6.5009780,850.025400,850.014800,0,0,1,1,0,0,0,1
1308,130.817100,130.824240,12.199808,0.008000630,0.5323602,6.4943240,850.677800,850.667000,0,0,1,1,0,0,0,1
1309,130.916840,130.924040,12.199612,0.007997190,0.5331230,6.5040290,851.329200,851.318400,0,0,1,1,0,0,0,1
1310,131.016800,131.023920,12.199220,0.007986880,0.5324556,6.4954840,851.976600,851.966000,0,0,1,1,0,0,0,1
1311,131.117000,131.124160,12.199024,0.007991876,0.5327798,6.4994520,852.628000,852.617400,0,0,1,1,0,0,0,1
1312,131.216800,131.224160,12.198440,0.007995624,0.5330278,6.5020760,853.280400,853.269600,0,0,1,1,0,0,0,1
1313,131.316800,131.324000,12.199416,0.008003750,0.5335808,6.5001840,853.927800,853.917000,0,0,1,1,0,0,0,1
1314,131.416900,131.424000,12.199808,0.008000004,0.5339242,6.5132460,854.580200,854.569400,0,0,1,1,0,0,0,1
1315,131.517300,131.524500,12.200004,0.007996876,0.5331230,6.5040290,855.235400,855.224600,0,0,1,1,0,0,0,1
1316,131.616840,131.624040,12.199416,0.007990940,0.5327226,6.4988420,855.880000,855.869200,0,0,1,1,0,0,0,1
1317,131.717360,131.724500,12.200390,0.007994690,0.5329704,6.5024440,856.535200,856.524400,0,0,1,1,0,0,0,1
1318,131.816800,131.824000,12.198830,0.007990000,0.5326654,6.4976820,857.182600,857.172000,0,0,1,1,0,0,0,1
1319,131.916840,131.924000,12.199220,0.007976876,0.5317880,6.4887700,857.830400,857.819600,0,0,1,1,0,0,0,1
1320,132.016900,132.024100,12.199612,0.007978752,0.5322266,6.4933480,858.480600,858.469800,0,0,1,1,0,0,0,1
1321,132.116840,132.123900,12.199808,0.007978440,0.5319024,6.4886480,859.131000,859.120200,0,0,1,1,0,0,0,1
1322,132.217200,132.224300,12.199416,0.007980000,0.5319978,6.4900520,859.782400,859.771600,0,0,1,1,0,0,0,1
1323,132.316840,132.324080,12.200196,0.007987500,0.5324746,6.4963400,860.428800,860.418000,0,0,1,1,0,0,0,1
1324,132.417160,132.424200,12.200004,0.007986564,0.5324364,6.4956680,861.079200,861.068400,0,0,1,1,0,0,0,1
1325,132.516800,132.524000,12.200784,0.007978128,0.5318642,6.4821180,861.729600,861.718800,0,0,1,1,0,0,0,1
1326,132.617200,132.624360,12.200590,0.007980316,0.5319788,6.4900520,862.380000,862.369200,0,0,1,1,0,0,0,1
1327,132.716800,132.723960,12.199612,0.007980316,0.5320168,6.4902960,863.026400,863.015600,0,0,1,1,0,0,0,1
1328,132.817320,132.824500,12.199808,0.007975628,0.5317116,6.4866960,863.676800,863.666000,0,0,1,1,0,0,0,1
1329,132.916840,132.924000,12.198636,0.007986564,0.5324174,6.4946900,864.324600,864.313800,0,0,1,1,0,0,0,1
1330,133.017100,133.024300,12.199416,0.007981876,0.5321122,6.4913340,864.974600,864.964000,0,0,1,1,0,0,0,1
1331,133.116800,133.123900,12.200390,0.007979376,0.5319596,6.4912120,865.621200,865.610400,0,0,1,1,0,0,0,1
1332,133.217080,133.224300,12.200004,0.007994690,0.5327416,6.4995740,866.275400,866.264800,0,0,1,1,0,0,0,1
1333,133.316840,133.324080,12.199612,0.007980316,0.5320168,6.4904180,866.923000,866.912200,0,0,1,1,0,0,0,1
1334,133.416840,133.424040,12.199416,0.007982816,0.5321694,6.4921280,867.573400,867.562600,0,0,1,1,0,0,0,1
1335,133.516800,133.524000,12.199024,0.007975940,0.5317308,6.4865120,868.219800,868.209000,0,0,1,1,0,0,0,1
1336,133.621840,133.629080,12.198636,0.007975628,0.5316926,6.4859020,868.903400,868.892600,0,0,1,1,0,0,0,1
1337,133.716800,133.723960,12.199220,0.007978440,0.5318834,6.4935940,869.520600,869.509800,0,0,1,1,0,0,0,1
1338,133.817160,133.824300,12.200004,0.007994064,0.5321694,6.4924940,870.172000,870.161200,0,0,1,1,0,0,0,1
1339,133.916900,133.924000,12.200004,0.007978752,0.5319024,6.4887700,870.818600,870.808000,0,0,1,1,0,0,0,1
1340,134.016800,134.024100,12.198830,0.007998438,0.5332184,6.5045180,871.469800,871.459000,0,0,1,1,0,0,0,1
1341,134.117300,134.124400,12.199808,0.007995940,0.5330468,6.5031140,872.121200,872.110400,0,0,1,1,0,0,0,1
1342,134.216900,134.224000,12.199416,0.007988752,0.5325700,6.4970100,872.769600,872.759000,0,0,1,1,0,0,0,1
1343,134.316840,134.324000,12.199808,0.007997190,0.5331422,6.5009780,873.422000,873.411200,0,0,1,1,0,0,0,1
1344,134.417160,134.424200,12.199220,0.007987500,0.5335046,6.5081180,874.073400,874.062600,0,0,1,1,0,0,0,1
1345,134.517240,134.524400,12.199416,0.007995004,0.5329896,6.5020140,874.725600,874.715000,0,0,1,1,0,0,0,1
1346,134.616800,134.624000,12.199220,0.008001250,0.5334092,6.5071420,875.373200,875.362400,0,0,1,1,0,0,0,1
1347,134.716800,134.723960,12.200004,0.007989380,0.5326082,6.4978040,876.021600,876.010800,0,0,1,1,0,0,0,1
1348,134.817200,134.824360,12.199220,0.008006252,0.5337334,6.5111100,876.676800,876.666000,0,0,1,1,0,0,0,1
1349,134.916800,134.923900,12.199612,0.007998750,0.5332376,6.5037840,877.325400,877.314600,0,0,1,1,0,0,0,1
1350,135.017100,135.024240,12.200004,0.007988752,0.5332184,6.5048220,877.977600,877.967000,0,0,1,1,0,0,0,1
1351,135.116840,135.124040,12.198830,0.007993750,0.5329132,6.5009780,878.625000,878.614400,0,0,1,1,0,0,0,1
1352,135.216800,135.224160,12.199612,0.007994064,0.5329324,6.5015280,879.277400,879.266600,0,0,1,1,0,0,0,1
1353,135.316840,135.324000,12.199024,0.007994064,0.5329132,6.5010380,879.928800,879.918000,0,0,1,1,0,0,0,1
1354,135.417160,135.424300,12.199416,0.007980316,0.5320168,6.4901130,880.580200,880.569400,0,0,1,1,0,0,0,1
1355,135.516800,135.523920,12.199416,0.007996564,0.5331040,6.4952400,881.228800,881.218000,0,0,1,1,0,0,0,1
1356,135.616960,135.624160,12.198830,0.007992504,0.5333902,6.5065920,881.880000,881.869200,0,0,1,1,0,0,0,1
1357,135.716900,135.724000,12.199024,0.007989380,0.5326082,6.4973760,882.528400,882.517600,0,0,1,1,0,0,0,1
1358,135.817040,135.824100,12.199024,0.007995316,0.5330086,6.5022590,883.179800,883.169000,0,0,1,1,0,0,0,1
1359,135.916840,135.924000,12.199808,0.007996876,0.5331230,6.5038460,883.832200,883.821400,0,0,1,1,0,0,0,1
1360,136.017100,136.024300,12.200590,0.007987188,0.5324746,6.4964600,884.483400,884.472800,0,0,1,1,0,0,0,1
1361,136.116840,136.123900,12.199808,0.007994064,0.5329324,6.4926160,885.131000,885.120200,0,0,1,1,0,0,0,1
1362,136.217300,136.224500,12.199220,0.007995624,0.5330278,6.5023200,885.786200,885.775400,0,0,1,1,0,0,0,1
1363,136.316800,136.324000,12.198830,0.008002504,0.5334856,6.5079380,886.430800,886.420000,0,0,1,1,0,0,0,1
1364,136.417000,136.424300,12.199808,0.007987188,0.5324746,6.4959720,887.082400,887.071600,0,0,1,1,0,0,0,1
1365,136.516760,136.523920,12.199416,0.007991876,0.5327988,6.4996980,887.734400,887.723800,0,0,1,1,0,0,0,1
1366,136.616800,136.624000,12.199416,0.007995940,0.5330468,6.5029300,888.382200,888.371400,0,0,1,1,0,0,0,1
1367,136.716900,136.724000,12.199220,0.007999064,0.5332756,6.5036020,889.034200,889.023600,0,0,1,1,0,0,0,1
1368,136.817100,136.824240,12.199808,0.007999064,0.5332566,6.5057380,889.686000,889.675200,0,0,1,1,0,0,0,1
1369,136.916840,136.923900,12.198244,0.008001250,0.5333902,6.5064700,890.334400,890.323600,0,0,1,1,0,0,0,1
1370,137.017100,137.024240,12.199024,0.007993750,0.5329132,6.5010380,890.985400,890.974600,0,0,1,1,0,0,0,1
1371,137.116800,137.123900,12.199024,0.007992812,0.5328370,6.5000620,891.638000,891.627400,0,0,1,1,0,0,0,1
1372,137.217100,137.224640,12.199612,0.007987812,0.5325128,6.4965220,892.293400,892.282600,0,0,1,1,0,0,0,1
1373,137.316900,137.324100,12.199416,0.007992504,0.5334474,6.5070800,892.937800,892.927000,0,0,1,1,0,0,0,1
1374,137.416840,137.424000,12.199024,0.007998750,0.5330660,6.5030540,893.589000,893.578200,0,0,1,1,0,0,0,1
1375,137.516800,137.523900,12.199416,0.008002816,0.5335046,6.5083620,894.237400,894.226600,0,0,1,1,0,0,0,1
1376,137.617100,137.624200,12.199416,0.007996250,0.5330660,6.5030540,894.890000,894.879200,0,0,1,1,0,0,0,1
1377,137.717080,137.724200,12.200390,0.007997190,0.5331422,6.5045800,895.541000,895.530400,0,0,1,1,0,0,0,1
1378,137.817100,137.824360,12.198636,0.007998438,0.5332184,6.5045180,896.193600,896.183000,0,0,1,1,0,0,0,1
1379,137.916840,137.924040,12.199024,0.007993440,0.5328942,6.5019540,896.841000,896.830200,0,0,1,1,0,0,0,1
1380,138.017360,138.024440,12.199024,0.008001876,0.5334474,6.5076320,897.497400,897.486600,0,0,1,1,0,0,0,1
1381,138.116840,138.124000,12.200196,0.007998750,0.5332566,6.5056770,898.142000,898.131200,0,0,1,1,0,0,0,1
1382,138.217300,138.225240,12.199808,0.007995004,0.5329896,6.5022590,898.800000,898.789200,0,0,1,1,0,0,0,1
1383,138.316800,138.324000,12.199612,0.007996876,0.5331230,6.5037240,899.444400,899.433600,0,0,1,1,0,0,0,1
1384,138.416960,138.424100,12.200004,0.007991876,0.5327798,6.4998780,900.096800,900.086000,0,0,1,1,0,0,0,1
1385,138.516800,138.523920,12.200004,0.008002190,0.5334664,6.5006720,900.744400,900.733800,0,0,1,1,0,0,0,1
1386,138.617320,138.624520,12.198244,0.007990628,0.5326844,6.4982920,901.399800,901.389000,0,0,1,1,0,0,0,1
1387,138.716800,138.724000,12.199612,0.007998124,0.5331994,6.5048220,902.048200,902.037400,0,0,1,1,0,0,0,1
1388,138.817300,138.824400,12.198830,0.007994064,0.5329324,6.5010380,902.700400,902.689600,0,0,1,1,0,0,0,1
1389,138.916900,138.924040,12.197856,0.007994064,0.5329324,6.5006720,903.348000,903.337200,0,0,1,1,0,0,0,1
1390,139.016840,139.024000,12.200390,0.007995004,0.5330086,6.5026860,904.000000,903.989400,0,0,1,1,0,0,0,1
1391,139.117160,139.124200,12.198830,0.007995316,0.5330278,6.5027500,904.651600,904.641000,0,0,1,1,0,0,0,1
1392,139.217360,139.225500,12.199612,0.007993124,0.5328560,6.5003080,905.311000,905.300200,0,0,1,1,0,0,0,1
1393,139.316840,139.324100,12.198636,0.007987500,0.5324936,6.4957300,905.951200,905.940400,0,0,1,1,0,0,0,1
1394,139.417300,139.424480,12.199024,0.007993750,0.5329132,6.5009180,906.602600,906.592000,0,0,1,1,0,0,0,1
1395,139.516800,139.523920,12.199612,0.007994064,0.5329132,6.5013440,907.251000,907.240400,0,0,1,1,0,0,0,1
1396,139.617160,139.624300,12.198636,0.007994064,0.5329324,6.5009780,907.903600,907.893000,0,0,1,1,0,0,0,1
1397,139.716800,139.723960,12.198830,0.008002816,0.5332376,6.5050060,908.550800,908.540200,0,0,1,1,0,0,0,1
1398,139.817300,139.824400,12.199220,0.008005940,0.5337334,6.5112940,909.206400,909.195600,0,0,1,1,0,0,0,1
1399,139.916900,139.924000,12.197856,0.007993750,0.5328942,6.5001840,909.854600,909.843800,0,0,1,1,0,0,0,1
1400,140.017080,140.024160,12.198830,0.007990000,0.5326654,6.4977420,910.506200,910.495400,0,0,1,1,0,0,0,1
1401,140.117320,140.124400,12.200390,0.007982190,0.5321312,6.4921880,911.158400,911.147600,0,0,1,1,0,0,0,1
1402,140.216800,140.225000,12.198636,0.007994376,0.5329514,6.4960940,911.810000,911.799200,0,0,1,1,0,0,0,1
1403,140.317040,140.324240,12.199024,0.007992190,0.5327608,6.4993300,912.457200,912.446400,0,0,1,1,0,0,0,1
1404,140.416840,140.424000,12.200196,0.008002816,0.5335046,6.5084240,913.106600,913.095800,0,0,1,1,0,0,0,1
1405,140.517360,140.524500,12.200390,0.007996564,0.5330850,6.5038460,913.762000,913.751400,0,0,1,1,0,0,0,1
1406,140.616800,140.624040,12.199416,0.007994064,0.5329324,6.5014660,914.409200,914.398600,0,0,1,1,0,0,0,1
1407,140.716800,140.724000,12.200196,0.007992812,0.5328560,6.5008560,915.057600,915.047000,0,0,1,1,0,0,0,1
1408,140.816900,140.824000,12.199416,0.008000936,0.5333902,6.5070220,915.710400,915.699600,0,0,1,1,0,0,0,1
1409,140.917240,140.924480,12.199024,0.007999376,0.5332184,6.5048860,916.361400,916.350600,0,0,1,1,0,0,0,1
1410,141.016800,141.023920,12.198830,0.007985628,0.5323602,6.4949340,917.010000,916.999400,0,0,1,1,0,0,0,1
1411,141.117300,141.124400,12.199808,0.008002190,0.5334856,6.5083020,917.665200,917.654400,0,0,1,1,0,0,0,1
1412,141.216900,141.224400,12.198440,0.007997816,0.5331804,6.5040290,918.313800,918.303000,0,0,1,1,0,0,0,1
1413,141.316800,141.323920,12.200004,0.007992190,0.5327988,6.5000020,918.962200,918.951600,0,0,1,1,0,0,0,1
1414,141.417200,141.424400,12.200004,0.007992504,0.5328370,6.5004280,919.617600,919.606800,0,0,1,1,0,0,0,1
1415,141.516800,141.524000,12.199612,0.007997504,0.5329324,6.5011000,920.266000,920.255200,0,0,1,1,0,0,0,1
1416,141.616960,141.624100,12.199220,0.008001250,0.5334092,6.5071420,920.913200,920.902400,0,0,1,1,0,0,0,1
1417,141.717240,141.724400,12.199612,0.007998438,0.5332184,6.5050660,921.568400,921.557600,0,0,1,1,0,0,0,1
1418,141.816840,141.824000,12.197856,0.008000316,0.5333520,6.5056160,922.217000,922.206200,0,0,1,1,0,0,0,1
1419,141.917160,141.924300,12.199612,0.007998438,0.5332184,6.5050660,922.869400,922.858800,0,0,1,1,0,0,0,1
1420,142.016800,142.024100,12.199808,0.007993440,0.5328942,6.5011000,923.516600,923.506000,0,0,1,1,0,0,0,1
1421,142.117160,142.124300,12.199220,0.007995624,0.5329896,6.5022590,924.169000,924.158400,0,0,1,1,0,0,0,1
1422,142.216800,142.224000,12.199808,0.007995940,0.5330468,6.5032360,924.817600,924.807000,0,0,1,1,0,0,0,1
1423,142.316900,142.324080,12.198636,0.007985314,0.5323410,6.4937760,925.468800,925.458000,0,0,1,1,0,0,0,1
1424,142.416840,142.424040,12.198636,0.007998124,0.5331994,6.5043340,926.121400,926.110600,0,0,1,1,0,0,0,1
1425,142.516800,142.523920,12.199808,0.007995316,0.5330086,6.5025040,926.769800,926.759200,0,0,1,1,0,0,0,1
1426,142.616800,142.623900,12.199416,0.007994064,0.5329132,6.5012820,927.421000,927.410200,0,0,1,1,0,0,0,1
1427,142.717100,142.724300,12.198636,0.007996564,0.5338288,6.5117800,928.072400,928.061600,0,0,1,1,0,0,0,1
1428,142.816840,142.824000,12.199220,0.007999064,0.5332566,6.5056160,928.720800,928.710000,0,0,1,1,0,0,0,1
1429,142.917160,142.924300,12.200004,0.008003440,0.5335618,6.5094000,929.376000,929.365400,0,0,1,1,0,0,0,1
1430,143.017360,143.024440,12.199220,0.007998750,0.5332376,6.5050660,930.028400,930.017600,0,0,1,1,0,0,0,1
1431,143.116840,143.124000,12.198636,0.007995316,0.5330086,6.5020760,930.673000,930.662200,0,0,1,1,0,0,0,1
1432,143.217100,143.224300,12.198830,0.007995940,0.5330660,6.5026860,931.328200,931.317400,0,0,1,1,0,0,0,1
1433,143.317200,143.324400,12.199416,0.007995316,0.5337144,6.5103780,931.976600,931.966000,0,0,1,1,0,0,0,1
1434,143.416840,143.424100,12.199220,0.007995316,0.5330086,6.5020760,932.628000,932.617400,0,0,1,1,0,0,0,1
1435,143.517360,143.524700,12.200004,0.007989690,0.5326272,6.4981080,933.279600,933.269000,0,0,1,1,0,0,0,1
1436,143.616900,143.624040,12.199220,0.007998124,0.5331804,6.5043960,933.928000,933.917400,0,0,1,1,0,0,0,1
1437,143.716900,143.724000,12.199220,0.007998750,0.5332376,6.5050660,934.575400,934.564600,0,0,1,1,0,0,0,1
1438,143.816900,143.824000,12.199612,0.007995316,0.5330278,6.5026260,935.227800,935.217200,0,0,1,1,0,0,0,1
1439,143.917200,143.924320,12.200004,0.007998438,0.5333902,6.5065920,935.879000,935.868200,0,0,1,1,0,0,0,1
1440,144.016800,144.023920,12.200390,0.008000316,0.5333520,6.5062260,936.527400,936.516600,0,0,1,1,0,0,0,1
1441,144.116960,144.124160,12.199416,0.007996564,0.5331040,6.5034800,937.183600,937.173000,0,0,1,1,0,0,0,1
1442,144.216900,144.224100,12.198050,0.008005002,0.5336572,6.5095840,937.831200,937.820400,0,0,1,1,0,0,0,1
1443,144.316840,144.324000,12.199220,0.007996876,0.5331040,6.5034800,938.483800,938.473000,0,0,1,1,0,0,0,1
1444,144.416840,144.424000,12.199220,0.008000936,0.5333902,6.5068360,939.132000,939.121200,0,0,1,1,0,0,0,1
1445,144.517100,144.524240,12.199612,0.008002504,0.5323220,6.4935310,939.783600,939.772800,0,0,1,1,0,0,0,1
1446,144.616800,144.623840,12.199416,0.007999376,0.5332948,6.5056160,940.432000,940.421200,0,0,1,1,0,0,0,1
1447,144.717100,144.724240,12.199808,0.007998124,0.5331994,6.5048220,941.087200,941.076600,0,0,1,1,0,0,0,1
1448,144.816800,144.823920,12.200196,0.007983440,0.5322076,6.4931040,941.735600,941.725000,0,0,1,1,0,0,0,1
1449,144.917160,144.924320,12.199416,0.007992190,0.5327988,6.4998780,942.386800,942.376000,0,0,1,1,0,0,0,1
1450,145.016840,145.024000,12.199612,0.007995940,0.5330660,6.5031140,943.035400,943.024800,0,0,1,1,0,0,0,1
1451,145.116960,145.124040,12.198830,0.008000936,0.5332184,6.5046400,943.687600,943.676800,0,0,1,1,0,0,0,1
1452,145.216800,145.223960,12.198830,0.007997816,0.5331804,6.5045800,944.339200,944.328400,0,0,1,1,0,0,0,1
1453,145.317300,145.324400,12.199220,0.008001250,0.5334092,6.5071420,944.990400,944.979600,0,0,1,1,0,0,0,1
1454,145.416840,145.424000,12.198830,0.008000004,0.5333138,6.5058010,945.638800,945.628000,0,0,1,1,0,0,0,1
1455,145.517080,145.524200,12.199220,0.007999064,0.5332566,6.5053720,946.291400,946.280600,0,0,1,1,0,0,0,1
1456,145.616800,145.624000,12.199416,0.007993750,0.5329132,6.5011600,946.938600,946.927800,0,0,1,1,0,0,0,1
1457,145.716900,145.724000,12.199220,0.007990000,0.5326654,6.4978040,947.591200,947.580400,0,0,1,1,0,0,0,1
1458,145.816840,145.824000,12.199024,0.007994376,0.5329324,6.5015880,948.242400,948.231600,0,0,1,1,0,0,0,1
1459,145.917300,145.924480,12.198830,0.007994690,0.5329704,6.5016480,948.894800,948.884200,0,0,1,1,0,0,0,1
1460,146.016800,146.023920,12.199612,0.007990312,0.5326654,6.4982920,949.543400,949.532600,0,0,1,1,0,0,0,1
1461,146.121800,146.129000,12.199024,0.008008440,0.5338860,6.5133060,950.227000,950.216200,0,0,1,1,0,0,0,1
1462,146.216900,146.224000,12.198830,0.007996250,0.5330850,6.5029300,950.847000,950.836200,0,0,1,1,0,0,0,1
1463,146.316800,146.324000,12.199024,0.008004690,0.5331230,6.5034180,951.495200,951.484400,0,0,1,1,0,0,0,1
1464,146.417000,146.424160,12.199220,0.008000936,0.5333902,6.5067760,952.146800,952.136000,0,0,1,1,0,0,0,1
1465,146.517300,146.524440,12.199024,0.007994690,0.5329704,6.5016480,952.798000,952.787200,0,0,1,1,0,0,0,1
1466,146.616800,146.624000,12.199808,0.007999064,0.5332566,6.5056770,953.446400,953.435600,0,0,1,1,0,0,0,1
1467,146.717300,146.724440,12.199416,0.007987812,0.5325128,6.4964600,954.102600,954.092000,0,0,1,1,0,0,0,1
1468,146.816840,146.824000,12.199612,0.007997190,0.5331422,6.5040290,954.750000,954.739400,0,0,1,1,0,0,0,1
1469,146.917200,146.924300,12.199024,0.007995624,0.5330278,6.5026260,955.402600,955.392000,0,0,1,1,0,0,0,1
1470,147.016840,147.023920,12.199024,0.008005002,0.5336572,6.5099500,956.050000,956.039200,0,0,1,1,0,0,0,1
1471,147.117320,147.124500,12.199024,0.007998750,0.5332566,6.5050660,956.702400,956.691800,0,0,1,1,0,0,0,1
1472,147.216800,147.223960,12.200004,0.007994690,0.5329514,6.5020760,957.351000,957.340200,0,0,1,1,0,0,0,1
1473,147.316840,147.324080,12.198636,0.007986880,0.5324556,6.4951780,958.002000,957.991400,0,0,1,1,0,0,0,1
1474,147.417300,147.424480,12.200004,0.007992190,0.5327988,6.5056770,958.653400,958.642600,0,0,1,1,0,0,0,1
1475,147.516840,147.524200,12.199220,0.008003750,0.5331422,6.5039700,959.305800,959.295000,0,0,1,1,0,0,0,1
1476,147.617320,147.624520,12.199220,0.008000004,0.5333330,6.5063480,959.957200,959.946400,0,0,1,1,0,0,0,1
1477,147.716900,147.724000,12.199808,0.007994064,0.5329324,6.5017100,960.605600,960.594800,0,0,1,1,0,0,0,1
1478,147.817160,147.824360,12.199416,0.007998438,0.5332184,6.5048860,961.257200,961.246400,0,0,1,1,0,0,0,1
1479,147.916840,147.924040,12.199808,0.007995940,0.5330468,6.5031740,961.905400,961.894600,0,0,1,1,0,0,0,1
1480,148.017360,148.024500,12.198830,0.007990940,0.5327226,6.4960360,962.561000,962.550200,0,0,1,1,0,0,0,1
1481,148.116840,148.124000,12.199808,0.007997190,0.5331804,6.5044560,963.205400,963.194600,0,0,1,1,0,0,0,1
1482,148.217080,148.224200,12.199612,0.007991876,0.5327798,6.4993920,963.856600,963.845800,0,0,1,1,0,0,0,1
1483,148.316840,148.324080,12.200004,0.007994690,0.5329704,6.5021380,964.509200,964.498400,0,0,1,1,0,0,0,1
1484,148.416840,148.424100,12.199612,0.007997190,0.5331422,6.5040900,965.157400,965.146600,0,0,1,1,0,0,0,1
1485,148.517400,148.524800,12.198636,0.007987500,0.5324746,6.4955460,965.812800,965.802000,0,0,1,1,0,0,0,1
1486,148.617160,148.624300,12.198440,0.007998124,0.5331994,6.5051900,966.461000,966.450400,0,0,1,1,0,0,0,1
1487,148.716800,148.724000,12.200004,0.007998438,0.5333902,6.5069580,967.109400,967.098800,0,0,1,1,0,0,0,1
1488,148.817320,148.824500,12.199220,0.007990628,0.5327036,6.4985360,967.764800,967.754000,0,0,1,1,0,0,0,1
1489,148.921700,148.929000,12.199024,0.008003440,0.5335428,6.5050660,968.446400,968.435600,0,0,1,1,0,0,0,1
1490,149.017080,149.024200,12.199220,0.007999064,0.5332566,6.5053720,969.065800,969.055000,0,0,1,1,0,0,0,1
1491,149.116840,149.123900,12.199024,0.007994376,0.5329514,6.5013440,969.714200,969.703400,0,0,1,1,0,0,0,1
1492,149.216800,149.223960,12.199416,0.007989380,0.5326082,6.4975620,970.365400,970.354600,0,0,1,1,0,0,0,1
1493,149.317320,149.324520,12.199612,0.008000630,0.5333330,6.5062880,971.018000,971.007200,0,0,1,1,0,0,0,1
1494,149.416840,149.423900,12.198830,0.007998750,0.5332376,6.5048220,971.666000,971.655400,0,0,1,1,0,0,0,1
1495,149.517000,149.524100,12.198830,0.008008440,0.5338860,6.5128800,972.317600,972.307000,0,0,1,1,0,0,0,1
1496,149.616840,149.624360,12.199612,0.008000316,0.5333330,6.5065320,972.969800,972.959000,0,0,1,1,0,0,0,1
1497,149.716800,149.724000,12.199024,0.007991564,0.5327608,6.4990240,973.618200,973.607400,0,0,1,1,0,0,0,1
1498,149.816840,149.824300,12.199220,0.008003130,0.5335236,6.5049440,974.269800,974.259200,0,0,1,1,0,0,0,1
1499,149.917000,149.924300,12.199416,0.007995624,0.5332184,6.5046400,974.922000,974.911200,0,0,1,1,0,0,0,1
1500,150.016900,150.027240,12.198440,0.007995940,0.5330468,6.5023820,975.588200,975.577400,0,0,1,1,0,0,0,1
1501,150.117320,150.124600,12.199024,0.007992504,0.5328180,6.4998180,976.225600,976.215000,0,0,1,1,0,0,0,1
1502,150.216920,150.224160,12.199808,0.007998124,0.5331994,6.5048860,976.874000,976.863400,0,0,1,1,0,0,0,1
1503,150.317000,150.324360,12.199220,0.007997190,0.5331422,6.5037840,977.525400,977.514800,0,0,1,1,0,0,0,1
1504,150.416900,150.424100,12.199612,0.007996250,0.5330660,6.5031740,978.174000,978.163200,0,0,1,1,0,0,0,1
1505,150.517680,150.525700,12.199416,0.007995940,0.5330468,6.5025640,978.833000,978.822400,0,0,1,1,0,0,0,1
1506,150.617000,150.625200,12.198636,0.007996250,0.5330850,6.5032960,979.480800,979.470000,0,0,1,1,0,0,0,1
1507,150.716920,150.724160,12.199220,0.007997190,0.5331422,6.5039070,980.125400,980.114600,0,0,1,1,0,0,0,1
1508,150.816800,150.823920,12.199220,0.007985940,0.5323984,6.4947520,980.773800,980.763000,0,0,1,1,0,0,0,1
1509,150.916840,150.924040,12.199220,0.007995940,0.5330468,6.5028080,981.425000,981.414200,0,0,1,1,0,0,0,1
1510,151.017080,151.024160,12.199220,0.008001250,0.5334092,6.5007340,982.077400,982.066800,0,0,1,1,0,0,0,1
1511,151.116800,151.125100,12.198830,0.007997190,0.5336762,6.5103780,982.732800,982.722000,0,0,1,1,0,0,0,1
1512,151.217300,151.226480,12.200390,0.007996250,0.5330850,6.5036640,983.392000,983.381200,0,0,1,1,0,0,0,1
1513,151.316840,151.324080,12.199024,0.007994376,0.5329514,6.5015880,984.029400,984.018600,0,0,1,1,0,0,0,1
1514,151.416900,151.424040,12.199220,0.007996250,0.5330660,6.5030540,984.681000,984.670200,0,0,1,1,0,0,0,1
1515,151.516840,151.524000,12.198830,0.008000004,0.5333330,6.5059220,985.329400,985.318600,0,0,1,1,0,0,0,1
1516,151.617160,151.624300,12.199808,0.007988440,0.5325510,6.5047620,985.980600,985.969800,0,0,1,1,0,0,0,1
1517,151.722240,151.729640,12.199808,0.008004376,0.5336190,6.5099500,986.669000,986.658400,0,0,1,1,0,0,0,1
1518,151.817000,151.824100,12.199416,0.007997816,0.5331804,6.5047000,987.285200,987.274400,0,0,1,1,0,0,0,1
1519,151.917300,151.924480,12.199220,0.008006252,0.5337334,6.5111100,987.936800,987.926000,0,0,1,1,0,0,0,1
1520,152.016800,152.023900,12.199416,0.007991876,0.5327798,6.4995740,988.581400,988.570600,0,0,1,1,0,0,0,1
1521,152.117160,152.124300,12.198830,0.007989380,0.5326272,6.4972560,989.236600,989.226000,0,0,1,1,0,0,0,1
1522,152.217300,152.224440,12.200590,0.007992504,0.5328180,6.5058010,989.888800,989.878000,0,0,1,1,0,0,0,1
1523,152.316800,152.323920,12.200196,0.008002504,0.5320168,6.4904800,990.536200,990.525400,0,0,1,1,0,0,0,1
1524,152.416840,152.424000,12.198636,0.007996250,0.5330850,6.5035400,991.185000,991.174200,0,0,1,1,0,0,0,1
1525,152.517300,152.524500,12.199612,0.007998124,0.5331994,6.5047000,991.840000,991.829200,0,0,1,1,0,0,0,1
1526,152.617100,152.624360,12.200196,0.008004064,0.5335808,6.5098880,992.488600,992.477800,0,0,1,1,0,0,0,1
1527,152.716900,152.723960,12.198636,0.007997816,0.5331804,6.5040290,993.137000,993.126400,0,0,1,1,0,0,0,1
1528,152.817300,152.824500,12.199416,0.007996564,0.5330850,6.5056770,993.792400,993.781600,0,0,1,1,0,0,0,1
1529,152.916900,152.924040,12.199416,0.007992504,0.5332756,6.5050060,994.440800,994.430000,0,0,1,1,0,0,0,1
1530,153.016800,153.024000,12.200004,0.007999376,0.5332948,6.5054320,995.089000,995.078200,0,0,1,1,0,0,0,1
1531,153.117100,153.124300,12.198636,0.008000004,0.5333138,6.5057380,995.745400,995.734600,0,0,1,1,0,0,0,1
1532,153.216800,153.224100,12.199612,0.007992504,0.5328180,6.5001840,996.392600,996.382000,0,0,1,1,0,0,0,1
1533,153.316840,153.324080,12.199416,0.007994064,0.5329132,6.5012820,997.041000,997.030400,0,0,1,1,0,0,0,1
1534,153.416900,153.424040,12.199220,0.007992504,0.5328370,6.5077520,997.693600,997.683000,0,0,1,1,0,0,0,1
1535,153.517200,153.524300,12.198830,0.007992190,0.5332376,6.5051280,998.344800,998.334000,0,0,1,1,0,0,0,1
1536,153.617300,153.624400,12.199220,0.008009376,0.5339432,6.5136120,998.997400,998.986600,0,0,1,1,0,0,0,1
1537,153.716760,153.723900,12.198830,0.007996250,0.5330660,6.5027500,999.644600,999.634000,0,0,1,1,0,0,0,1
1538,153.816800,153.823900,12.200196,0.007993440,0.5328752,6.5011600,1000.297000,1000.286200,0,0,1,1,0,0,0,1
1539,153.917160,153.924300,12.199612,0.007994690,0.5329704,6.5020140,1000.948400,1000.937600,0,0,1,1,0,0,0,1
1540,154.016840,154.024000,12.199024,0.007998750,0.5332376,6.5017100,1001.596800,1001.586000,0,0,1,1,0,0,0,1
1541,154.117160,154.124400,12.199220,0.008005940,0.5331040,6.5034800,1002.252000,1002.241200,0,0,1,1,0,0,0,1
1542,154.216800,154.224000,12.200390,0.007999690,0.5333138,6.5063480,1002.900400,1002.889800,0,0,1,1,0,0,0,1
1543,154.316800,154.324000,12.198440,0.008000316,0.5333520,6.5060440,1003.549000,1003.538200,0,0,1,1,0,0,0,1
1544,154.417100,154.424200,12.200196,0.008005002,0.5336572,6.5108040,1004.201600,1004.190800,0,0,1,1,0,0,0,1
1545,154.516800,154.529100,12.199220,0.007994064,0.5329324,6.5013440,1004.886000,1004.875400,0,0,1,1,0,0,0,1
1546,154.616840,154.624000,12.200196,0.007994064,0.5329324,6.4939000,1005.501200,1005.490600,0,0,1,1,0,0,0,1
1547,154.716800,154.724000,12.198830,0.008005940,0.5329896,6.5025040,1006.152400,1006.141600,0,0,1,1,0,0,0,1
1548,154.817200,154.824360,12.199612,0.007980940,0.5320550,6.4903580,1006.805000,1006.794400,0,0,1,1,0,0,0,1
1549,154.916840,154.924000,12.200196,0.007996876,0.5331230,6.5040290,1007.452200,1007.441600,0,0,1,1,0,0,0,1
1550,155.016760,155.023900,12.199024,0.007997190,0.5331230,6.5035400,1008.104600,1008.093800,0,0,1,1,0,0,0,1
1551,155.116840,155.123900,12.199612,0.007983440,0.5322266,6.4929200,1008.752400,1008.741600,0,0,1,1,0,0,0,1
1552,155.216800,155.223960,12.199024,0.007989064,0.5325890,6.5090340,1009.404400,1009.393600,0,0,1,1,0,0,0,1
1553,155.317040,155.324700,12.198830,0.007995004,0.5329896,6.5018340,1010.059600,1010.049000,0,0,1,1,0,0,0,1
1554,155.417240,155.424400,12.199416,0.007997190,0.5331422,6.5040290,1010.708000,1010.697400,0,0,1,1,0,0,0,1
1555,155.516800,155.523920,12.199808,0.007996250,0.5330850,6.5034800,1011.355800,1011.345000,0,0,1,1,0,0,0,1
1556,155.617300,155.624500,12.200196,0.007997504,0.5331612,6.5045180,1012.011800,1012.001000,0,0,1,1,0,0,0,1
1557,155.717000,155.724160,12.199416,0.007996250,0.5330660,6.5031140,1012.659600,1012.648800,0,0,1,1,0,0,0,1
1558,155.817320,155.824520,12.199220,0.007996250,0.5337906,6.5116000,1013.311600,1013.300800,0,0,1,1,0,0,0,1
1559,155.916840,155.929040,12.200390,0.008002504,0.5335046,6.5079380,1013.992600,1013.981800,0,0,1,1,0,0,0,1
1560,156.017000,156.024160,12.198440,0.008005002,0.5336380,6.5098280,1014.611600,1014.601000,0,0,1,1,0,0,0,1
1561,156.116840,156.124000,12.198440,0.007999376,0.5332756,6.5050060,1015.259800,1015.249000,0,0,1,1,0,0,0,1
1562,156.217200,156.224440,12.198636,0.007993440,0.5328752,6.5003080,1015.915400,1015.904600,0,0,1,1,0,0,0,1
1563,156.317160,156.324800,12.198830,0.008003130,0.5335236,6.5083620,1016.567400,1016.556800,0,0,1,1,0,0,0,1
1564,156.416840,156.424040,12.199024,0.007994690,0.5329704,6.5021980,1017.211000,1017.200400,0,0,1,1,0,0,0,1
1565,156.516800,156.523920,12.198830,0.007996564,0.5331612,6.5044560,1017.863600,1017.852800,0,0,1,1,0,0,0,1
1566,156.616800,156.623900,12.199416,0.007997504,0.5331612,6.5042760,1018.514800,1018.504000,0,0,1,1,0,0,0,1
1567,156.717300,156.724440,12.199808,0.008001876,0.5334474,6.5079960,1019.167400,1019.156600,0,0,1,1,0,0,0,1
1568,156.817100,156.824300,12.199612,0.007995624,0.5330278,6.5026260,1019.818400,1019.807600,0,0,1,1,0,0,0,1
1569,156.916900,156.924000,12.200196,0.007989690,0.5326272,6.4981720,1020.467200,1020.456400,0,0,1,1,0,0,0,1
1570,157.016760,157.023920,12.200004,0.007993440,0.5328752,6.4899320,1021.115600,1021.104800,0,0,1,1,0,0,0,1
1571,157.116840,157.124000,12.199612,0.007992812,0.5332948,6.5068360,1021.766800,1021.756000,0,0,1,1,0,0,0,1
1572,157.216800,157.223960,12.198636,0.007990628,0.5327036,6.4987190,1022.418000,1022.407200,0,0,1,1,0,0,0,1
1573,157.316840,157.324100,12.199416,0.008002816,0.5335046,6.5084840,1023.070400,1023.059600,0,0,1,1,0,0,0,1
1574,157.416900,157.424040,12.199220,0.007994376,0.5329514,6.5015280,1023.719000,1023.708400,0,0,1,1,0,0,0,1
1575,157.516800,157.523920,12.198830,0.008000936,0.5333902,6.5066540,1024.370400,1024.359600,0,0,1,1,0,0,0,1
1576,157.616840,157.624000,12.199808,0.007989690,0.5326462,6.5059220,1025.019000,1025.008400,0,0,1,1,0,0,0,1
1577,157.717240,157.724440,12.199612,0.007993750,0.5331804,6.5043340,1025.674000,1025.663200,0,0,1,1,0,0,0,1
1578,157.816840,157.824000,12.199024,0.007998750,0.5332376,6.5048220,1026.322400,1026.311600,0,0,1,1,0,0,0,1
1579,157.916900,157.924040,12.199024,0.007995004,0.5329896,6.5018920,1026.974000,1026.963000,0,0,1,1,0,0,0,1
1580,158.016760,158.023900,12.199024,0.007997190,0.5331422,6.5037840,1027.622400,1027.611600,0,0,1,1,0,0,0,1
1581,158.116840,158.124000,12.199612,0.008000316,0.5333520,6.5065320,1028.273600,1028.263000,0,0,1,1,0,0,0,1
1582,158.218960,158.226320,12.198636,0.007996250,0.5330850,6.5031140,1028.940800,1028.930000,0,0,1,1,0,0,0,1
1583,158.316800,158.323920,12.199220,0.007996876,0.5328752,6.5009180,1029.574000,1029.563000,0,0,1,1,0,0,0,1
1584,158.416840,158.424000,12.200004,0.007999376,0.5332948,6.5058010,1030.226000,1030.215000,0,0,1,1,0,0,0,1
1585,158.517300,158.524400,12.199416,0.007997504,0.5331612,6.5042760,1030.877000,1030.866400,0,0,1,1,0,0,0,1
1586,158.616840,158.624000,12.199024,0.007994690,0.5329704,6.5016480,1031.525600,1031.515000,0,0,1,1,0,0,0,1
1587,158.717240,158.724400,12.199220,0.007995624,0.5330468,6.5026860,1032.181200,1032.170800,0,0,1,1,0,0,0,1
1588,158.816840,158.824000,12.199416,0.008001564,0.5334284,6.5070220,1032.829200,1032.818400,0,0,1,1,0,0,0,1
1589,158.916840,158.924000,12.200590,0.007992812,0.5324174,6.4951200,1033.476800,1033.466000,0,0,1,1,0,0,0,1
1590,159.017240,159.024300,12.198636,0.007994064,0.5329324,6.5009780,1034.128000,1034.117600,0,0,1,1,0,0,0,1
1591,159.116840,159.124040,12.198830,0.007991252,0.5327416,6.4987820,1034.780400,1034.769600,0,0,1,1,0,0,0,1
1592,159.216900,159.224000,12.198830,0.007991564,0.5327608,6.4990880,1035.428000,1035.417000,0,0,1,1,0,0,0,1
1593,159.317200,159.324400,12.198830,0.007999690,0.5333138,6.5056770,1036.084000,1036.073200,0,0,1,1,0,0,0,1
1594,159.416840,159.424000,12.200004,0.007990628,0.5327036,6.5062880,1036.732000,1036.721600,0,0,1,1,0,0,0,1
1595,159.516800,159.524000,12.199808,0.007995940,0.5333138,6.5058600,1037.380000,1037.369200,0,0,1,1,0,0,0,1
1596,159.616900,159.624040,12.199220,0.007991564,0.5327608,6.4993300,1038.031600,1038.020800,0,0,1,1,0,0,0,1
1597,159.716800,159.723960,12.199416,0.007990940,0.5327226,6.4989640,1038.684000,1038.673000,0,0,1,1,0,0,0,1
1598,159.817200,159.824400,12.199416,0.007990628,0.5327036,6.4985960,1039.335600,1039.325000,0,0,1,1,0,0,0,1
1599,159.916900,159.924040,12.199808,0.007990312,0.5326654,6.4983520,1039.984000,1039.973200,0,0,1,1,0,0,0,1
1600,160.016840,160.024000,12.199220,0.008005628,0.5336952,6.5034180,1040.635000,1040.624000,0,0,1,1,0,0,0,1
1601,160.117100,160.124300,12.198830,0.008007500,0.5330468,6.5024440,1041.287200,1041.276400,0,0,1,1,0,0,0,1
1602,160.216760,160.224200,12.199416,0.007994690,0.5329704,6.5018920,1041.935600,1041.925000,0,0,1,1,0,0,0,1
1603,160.316800,160.324100,12.198830,0.008001250,0.5334092,6.5070220,1042.588000,1042.577200,0,0,1,1,0,0,0,1
1604,160.416840,160.424000,12.199612,0.007993124,0.5328560,6.5007340,1043.236000,1043.225200,0,0,1,1,0,0,0,1
1605,160.516800,160.524000,12.200390,0.007998438,0.5332184,6.5055540,1043.888000,1043.877000,0,0,1,1,0,0,0,1
1606,160.617200,160.624360,12.198636,0.007992190,0.5328370,6.5000620,1044.539200,1044.528400,0,0,1,1,0,0,0,1
1607,160.716800,160.723840,12.199220,0.007999690,0.5329132,6.5016480,1045.187600,1045.177000,0,0,1,1,0,0,0,1
1608,160.817160,160.824300,12.199416,0.007993750,0.5329132,6.5011000,1045.843600,1045.832800,0,0,1,1,0,0,0,1
1609,160.916840,160.924000,12.199024,0.007993440,0.5328942,6.5006720,1046.490400,1046.479600,0,0,1,1,0,0,0,1
1610,161.017300,161.024440,12.200196,0.007997816,0.5331804,6.5047620,1047.143000,1047.132000,0,0,1,1,0,0,0,1
1611,161.116900,161.124040,12.199612,0.007998750,0.5332376,6.5052500,1047.790000,1047.779600,0,0,1,1,0,0,0,1
1612,161.217300,161.224440,12.199612,0.007999064,0.5327608,6.4995740,1048.445600,1048.434800,0,0,1,1,0,0,0,1
1613,161.317100,161.324240,12.198244,0.008007500,0.5329896,6.5020140,1049.094000,1049.083000,0,0,1,1,0,0,0,1
1614,161.416840,161.424000,12.199612,0.007990312,0.5326844,6.4980480,1049.741600,1049.730800,0,0,1,1,0,0,0,1
1615,161.516800,161.523920,12.200980,0.007991564,0.5327608,6.5001220,1050.394000,1050.383600,0,0,1,1,0,0,0,1
1616,161.616800,161.623900,12.200390,0.008000936,0.5333902,6.5074470,1051.042000,1051.031600,0,0,1,1,0,0,0,1
1617,161.717300,161.724440,12.199416,0.007988128,0.5325318,6.4966460,1051.696400,1051.685600,0,0,1,1,0,0,0,1
1618,161.817160,161.824400,12.199612,0.007989380,0.5325510,6.4973760,1052.349000,1052.338000,0,0,1,1,0,0,0,1
1619,161.916800,161.924000,12.199024,0.008001564,0.5331804,6.5045180,1052.993200,1052.982400,0,0,1,1,0,0,0,1
1620,162.016800,162.023920,12.200196,0.007992812,0.5328370,6.5000620,1053.644800,1053.634000,0,0,1,1,0,0,0,1
1621,162.117320,162.124400,12.199024,0.007996250,0.5330660,6.5027500,1054.300400,1054.289600,0,0,1,1,0,0,0,1
1622,162.216900,162.224000,12.198830,0.007998750,0.5332566,6.5050060,1054.948400,1054.937600,0,0,1,1,0,0,0,1
1623,162.316900,162.324100,12.199612,0.007979690,0.5319788,6.4898680,1055.600000,1055.589000,0,0,1,1,0,0,0,1
1624,162.416900,162.424100,12.199808,0.007994376,0.5329324,6.5083620,1056.247200,1056.236400,0,0,1,1,0,0,0,1
1625,162.516800,162.523920,12.199220,0.008002504,0.5327798,6.4993920,1056.899600,1056.889000,0,0,1,1,0,0,0,1
1626,162.616840,162.624000,12.200004,0.008000316,0.5333520,6.5068360,1057.547000,1057.536400,0,0,1,1,0,0,0,1
1627,162.717240,162.724400,12.199416,0.007997816,0.5331804,6.5043960,1058.203000,1058.192000,0,0,1,1,0,0,0,1
1628,162.816800,162.829100,12.200004,0.007996564,0.5331040,6.5031740,1058.883000,1058.872400,0,0,1,1,0,0,0,1
1629,162.916840,162.924040,12.200004,0.007983440,0.5322076,6.4929200,1059.498000,1059.487600,0,0,1,1,0,0,0,1
1630,163.016800,163.024000,12.200004,0.007975316,0.5316736,6.4854140,1060.148400,1060.138000,0,0,1,1,0,0,0,1
1631,163.117300,163.124500,12.199220,0.007979064,0.5319214,6.4893220,1060.799000,1060.788400,0,0,1,1,0,0,0,1
1632,163.216800,163.223960,12.200004,0.007979064,0.5319214,6.4889540,1061.445600,1061.434800,0,0,1,1,0,0,0,1
1633,163.316840,163.323920,12.200390,0.007981876,0.5321122,6.4920060,1062.096000,1062.085000,0,0,1,1,0,0,0,1
1634,163.416840,163.424000,12.200590,0.007979064,0.5319406,6.4899320,1062.746400,1062.735600,0,0,1,1,0,0,0,1
1635,163.516840,163.524000,12.199808,0.007970630,0.5313684,6.4826080,1063.393000,1063.382000,0,0,1,1,0,0,0,1
1636,163.617200,163.624360,12.200196,0.007978752,0.5320740,6.4908480,1064.046800,1064.036000,0,0,1,1,0,0,0,1
1637,163.716800,163.723960,12.199612,0.007980628,0.5319406,6.4889540,1064.693600,1064.683000,0,0,1,1,0,0,0,1
1638,163.816840,163.824000,12.199808,0.007985628,0.5323792,6.4947520,1065.340000,1065.329200,0,0,1,1,0,0,0,1
1639,163.917300,163.924480,12.200004,0.007978128,0.5318834,6.4888920,1065.994400,1065.983600,0,0,1,1,0,0,0,1
1640,164.017240,164.024400,12.199808,0.007981876,0.5321122,6.4917000,1066.641000,1066.630000,0,0,1,1,0,0,0,1
1641,164.116840,164.123900,12.200004,0.007979690,0.5319596,6.4898680,1067.289000,1067.278000,0,0,1,1,0,0,0,1
1642,164.217360,164.224440,12.199808,0.007977816,0.5323792,6.4950560,1067.943000,1067.932400,0,0,1,1,0,0,0,1
1643,164.317100,164.324360,12.199220,0.007979690,0.5319788,6.4897460,1068.589000,1068.578400,0,0,1,1,0,0,0,1
1644,164.417100,164.424200,12.199612,0.007983440,0.5322266,6.4929840,1069.239200,1069.228800,0,0,1,1,0,0,0,1
1645,164.516800,164.524000,12.199808,0.007976250,0.5317498,6.4871860,1069.886400,1069.875600,0,0,1,1,0,0,0,1
1646,164.617320,164.624500,12.199808,0.007979690,0.5319788,6.4899320,1070.540800,1070.530000,0,0,1,1,0,0,0,1
1647,164.716800,164.723960,12.199024,0.007982500,0.5321504,6.4917620,1071.183000,1071.172000,0,0,1,1,0,0,0,1
1648,164.817040,164.824200,12.200004,0.007971876,0.5319214,6.4892580,1071.833000,1071.822400,0,0,1,1,0,0,0,1
1649,164.916840,164.924000,12.200004,0.007979376,0.5323410,6.4944460,1072.484000,1072.473200,0,0,1,1,0,0,0,1
1650,165.017240,165.024400,12.200590,0.007980316,0.5319978,6.4906620,1073.135000,1073.124000,0,0,1,1,0,0,0,1
1651,165.116840,165.124000,12.200004,0.007999690,0.5333138,6.5063480,1073.783000,1073.772000,0,0,1,1,0,0,0,1
1652,165.217300,165.224440,12.199612,0.007992190,0.5327988,6.4997560,1074.437600,1074.427000,0,0,1,1,0,0,0,1
1653,165.316900,165.324080,12.199220,0.007996876,0.5331040,6.5034800,1075.086000,1075.075200,0,0,1,1,0,0,0,1
1654,165.417300,165.424500,12.198830,0.007993440,0.5332756,6.5053720,1075.737600,1075.726800,0,0,1,1,0,0,0,1
1655,165.516900,165.524100,12.198830,0.007989380,0.5326082,6.4978660,1076.386400,1076.375600,0,0,1,1,0,0,0,1
1656,165.616800,165.623900,12.199612,0.007995940,0.5330660,6.5030540,1077.035000,1077.024000,0,0,1,1,0,0,0,1
1657,165.717100,165.724240,12.200004,0.008007500,0.5338288,6.5126960,1077.689600,1077.679000,0,0,1,1,0,0,0,1
1658,165.816840,165.824000,12.199024,0.007999064,0.5332756,6.5053100,1078.337000,1078.326400,0,0,1,1,0,0,0,1
1659,165.916900,165.924000,12.199808,0.007991564,0.5327608,6.4995740,1078.989200,1078.978800,0,0,1,1,0,0,0,1
1660,166.016800,166.023900,12.200196,0.008011252,0.5340768,6.5041520,1079.637000,1079.626000,0,0,1,1,0,0,0,1
1661,166.117200,166.124360,12.200196,0.007982816,0.5321694,6.4922500,1080.292800,1080.282000,0,0,1,1,0,0,0,1
1662,166.216900,166.224000,12.198830,0.007997504,0.5331422,6.5037840,1080.941000,1080.930400,0,0,1,1,0,0,0,1
1663,166.316800,166.324100,12.198636,0.007990628,0.5327036,6.4981080,1081.592000,1081.581000,0,0,1,1,0,0,0,1
1664,166.416840,166.424480,12.198830,0.007994064,0.5329132,6.5009780,1082.244400,1082.233600,0,0,1,1,0,0,0,1
1665,166.516840,166.524000,12.199808,0.008000004,0.5333138,6.5062880,1082.892000,1082.881000,0,0,1,1,0,0,0,1
1666,166.617300,166.624500,12.199612,0.007996250,0.5328180,6.4998180,1083.544800,1083.534000,0,0,1,1,0,0,0,1
1667,166.716800,166.723900,12.199220,0.007994376,0.5334092,6.5070800,1084.191600,1084.181000,0,0,1,1,0,0,0,1
1668,166.817040,166.824200,12.199024,0.007993124,0.5328752,6.5004890,1084.843600,1084.832800,0,0,1,1,0,0,0,1
1669,166.916900,166.924040,12.199024,0.007992812,0.5328560,6.5002440,1085.492000,1085.481000,0,0,1,1,0,0,0,1
1670,167.022300,167.029500,12.200390,0.007994064,0.5329324,6.5012820,1086.180000,1086.169000,0,0,1,1,0,0,0,1
1671,167.116840,167.124040,12.199416,0.007993440,0.5328752,6.5008560,1086.795000,1086.784400,0,0,1,1,0,0,0,1
1672,167.216900,167.224000,12.198830,0.007995004,0.5331994,6.5043340,1087.443600,1087.433000,0,0,1,1,0,0,0,1
1673,167.317300,167.324500,12.200004,0.007999064,0.5332566,6.5056770,1088.099200,1088.088400,0,0,1,1,0,0,0,1
1674,167.417000,167.424200,12.199220,0.007996564,0.5331040,6.5033600,1088.747200,1088.736400,0,0,1,1,0,0,0,1
1675,167.517240,167.524440,12.199612,0.007995004,0.5329896,6.5021980,1089.398400,1089.388000,0,0,1,1,0,0,0,1
1676,167.617100,167.624200,12.200390,0.008002190,0.5334856,6.5085480,1090.050000,1090.039200,0,0,1,1,0,0,0,1
1677,167.717300,167.724440,12.199416,0.007995316,0.5330086,6.5024440,1090.703000,1090.692000,0,0,1,1,0,0,0,1
1678,167.816900,167.824100,12.199808,0.007999690,0.5333520,6.5069580,1091.351200,1091.340400,0,0,1,1,0,0,0,1
1679,167.916840,167.924000,12.199808,0.007996250,0.5330850,6.5032360,1091.999000,1091.988400,0,0,1,1,0,0,0,1
1680,168.017240,168.024400,12.199220,0.007997190,0.5331422,6.5037840,1092.650800,1092.640000,0,0,1,1,0,0,0,1
1681,168.116840,168.124040,12.198244,0.007996876,0.5331230,6.5030540,1093.302000,1093.291000,0,0,1,1,0,0,0,1
1682,168.216760,168.223900,12.199220,0.007993124,0.5328560,6.5004280,1093.950400,1093.939600,0,0,1,1,0,0,0,1
1683,168.317320,168.324400,12.200390,0.008004690,0.5336190,6.5104380,1094.606800,1094.596000,0,0,1,1,0,0,0,1
1684,168.416840,168.424160,12.199808,0.007995940,0.5332566,6.5056770,1095.254000,1095.243200,0,0,1,1,0,0,0,1
1685,168.516800,168.524000,12.199416,0.007998124,0.5331994,6.5043340,1095.902400,1095.892000,0,0,1,1,0,0,0,1
1686,168.617320,168.624520,12.199416,0.007995004,0.5329896,6.5021380,1096.558000,1096.547000,0,0,1,1,0,0,0,1
1687,168.716900,168.724100,12.199808,0.007996876,0.5331040,6.5037240,1097.206800,1097.196000,0,0,1,1,0,0,0,1
1688,168.817320,168.824400,12.199220,0.007990940,0.5327036,6.4985960,1097.857600,1097.847000,0,0,1,1,0,0,0,1
1689,168.916840,168.924000,12.199220,0.007985314,0.5323410,6.4940800,1098.506000,1098.495200,0,0,1,1,0,0,0,1
1690,169.017100,169.024240,12.198440,0.007999064,0.5329132,6.5008560,1099.157600,1099.146800,0,0,1,1,0,0,0,1
1691,169.116840,169.124000,12.199220,0.007995940,0.5330468,6.5029920,1099.806000,1099.795000,0,0,1,1,0,0,0,1
1692,169.217000,169.224160,12.199416,0.007988440,0.5325510,6.4967040,1100.457000,1100.446400,0,0,1,1,0,0,0,1
1693,169.317320,169.324500,12.198636,0.007990940,0.5327036,6.4982920,1101.108400,1101.098000,0,0,1,1,0,0,0,1
1694,169.416840,169.423900,12.199612,0.007997816,0.5331804,6.5045800,1101.757600,1101.747000,0,0,1,1,0,0,0,1
1695,169.516800,169.523920,12.199220,0.007987812,0.5325128,6.4961560,1102.408400,1102.397600,0,0,1,1,0,0,0,1
1696,169.616840,169.624000,12.198830,0.007996250,0.5323792,6.4946900,1103.060000,1103.049600,0,0,1,1,0,0,0,1
1697,169.716920,169.724000,12.199612,0.007992504,0.5328180,6.5005500,1103.708000,1103.697600,0,0,1,1,0,0,0,1
1698,169.817300,169.829400,12.198244,0.007985314,0.5323410,6.4987820,1104.395600,1104.385000,0,0,1,1,0,0,0,1
1699,169.917100,169.924320,12.199808,0.007989064,0.5326082,6.4976820,1105.012000,1105.001000,0,0,1,1,0,0,0,1
1700,170.016900,170.024160,12.199220,0.007988440,0.5325700,6.4968260,1105.664000,1105.653000,0,0,1,1,0,0,0,1
1701,170.116900,170.124100,12.198440,0.007985314,0.5323410,6.4937140,1106.310800,1106.300000,0,0,1,1,0,0,0,1
1702,170.217200,170.224300,12.199612,0.007994690,0.5331040,6.5031740,1106.963000,1106.952400,0,0,1,1,0,0,0,1
1703,170.316840,170.324000,12.200196,0.007993440,0.5328752,6.5008560,1107.611600,1107.601000,0,0,1,1,0,0,0,1
1704,170.417240,170.424700,12.199220,0.007989380,0.5326082,6.4973160,1108.267000,1108.256000,0,0,1,1,0,0,0,1
1705,170.516840,170.524160,12.199220,0.007988128,0.5325318,6.4965220,1108.914400,1108.903600,0,0,1,1,0,0,0,1
1706,170.617000,170.624160,12.199808,0.007996250,0.5330660,6.5032360,1109.566800,1109.556000,0,0,1,1,0,0,0,1
1707,170.717300,170.724440,12.200196,0.007983440,0.5322266,6.4931640,1110.218400,1110.207600,0,0,1,1,0,0,0,1
1708,170.816900,170.824100,12.198830,0.007996250,0.5332566,6.5054320,1110.866400,1110.855600,0,0,1,1,0,0,0,1
1709,170.916840,170.924000,12.199220,0.007995316,0.5330086,6.5028080,1111.515000,1111.504000,0,0,1,1,0,0,0,1
1710,171.017240,171.024400,12.198636,0.008000936,0.5333902,6.5065920,1112.170000,1112.159200,0,0,1,1,0,0,0,1
1711,171.116800,171.124000,12.199612,0.007985000,0.5323220,6.4940800,1112.817600,1112.807000,0,0,1,1,0,0,0,1
1712,171.216800,171.223900,12.199416,0.008000630,0.5333710,6.5067760,1113.466400,1113.455600,0,0,1,1,0,0,0,1
1713,171.317200,171.324400,12.199612,0.008007190,0.5338098,6.5121460,1114.122400,1114.111600,0,0,1,1,0,0,0,1
1714,171.416900,171.424040,12.199416,0.007997504,0.5333520,6.5062880,1114.769600,1114.759000,0,0,1,1,0,0,0,1
1715,171.516800,171.524000,12.198636,0.007997816,0.5331804,6.5042120,1115.418000,1115.407600,0,0,1,1,0,0,0,1
1716,171.617300,171.624400,12.199024,0.007990000,0.5326654,6.4979860,1116.074400,1116.063600,0,0,1,1,0,0,0,1
1717,171.716900,171.724000,12.199416,0.008000316,0.5333520,6.5065320,1116.722400,1116.711600,0,0,1,1,0,0,0,1
1718,171.817300,171.824500,12.198636,0.007995624,0.5330278,6.5021380,1117.374000,1117.363600,0,0,1,1,0,0,0,1
1719,171.916960,171.924040,12.200390,0.007995624,0.5330278,6.5032360,1118.022400,1118.012000,0,0,1,1,0,0,0,1
1720,172.016760,172.023900,12.198636,0.008005628,0.5332184,6.5047000,1118.674000,1118.663200,0,0,1,1,0,0,0,1
1721,172.117320,172.124400,12.200196,0.007993750,0.5329132,6.5008560,1119.326400,1119.315600,0,0,1,1,0,0,0,1
1722,172.216900,172.224000,12.198830,0.008000630,0.5333520,6.5062880,1119.974400,1119.963600,0,0,1,1,0,0,0,1
1723,172.317100,172.324240,12.198830,0.008002504,0.5334856,6.5079380,1120.626000,1120.615200,0,0,1,1,0,0,0,1
1724,172.416840,172.424040,12.199612,0.007998438,0.5332184,6.5050660,1121.279000,1121.268400,0,0,1,1,0,0,0,1
1725,172.516800,172.524400,12.199024,0.007997816,0.5331804,6.5041520,1121.930000,1121.919000,0,0,1,1,0,0,0,1
1726,172.617320,172.624600,12.199612,0.007987500,0.5333330,6.5065320,1122.582000,1122.571600,0,0,1,1,0,0,0,1
1727,172.716900,172.724000,12.200390,0.007997816,0.5331804,6.5043960,1123.230800,1123.220000,0,0,1,1,0,0,0,1
1728,172.817160,172.824300,12.198830,0.007993750,0.5329132,6.5007940,1123.882000,1123.871200,0,0,1,1,0,0,0,1
1729,172.916840,172.924000,12.199024,0.008000630,0.5333710,6.5065320,1124.531000,1124.520000,0,0,1,1,0,0,0,1
1730,173.017300,173.024560,12.200004,0.008000316,0.5333330,6.5066540,1125.185600,1125.175000,0,0,1,1,0,0,0,1
1731,173.117160,173.124200,12.199612,0.007998750,0.5332376,6.5053720,1125.833600,1125.823000,0,0,1,1,0,0,0,1
1732,173.216800,173.223960,12.199416,0.007989064,0.5331804,6.5048220,1126.481600,1126.471000,0,0,1,1,0,0,0,1
1733,173.316840,173.324000,12.199612,0.007987500,0.5324936,6.4964000,1127.133000,1127.122400,0,0,1,1,0,0,0,1
1734,173.417160,173.424300,12.199612,0.008000004,0.5333330,6.5062880,1127.785200,1127.774800,0,0,1,1,0,0,0,1
1735,173.516800,173.523920,12.199612,0.007995004,0.5329896,6.5021380,1128.433000,1128.422000,0,0,1,1,0,0,0,1
1736,173.616840,173.628000,12.199416,0.007995316,0.5330278,6.5003660,1129.106800,1129.096000,0,0,1,1,0,0,0,1
1737,173.716800,173.724100,12.199808,0.007990940,0.5327036,6.4989020,1129.732400,1129.722000,0,0,1,1,0,0,0,1
1738,173.816840,173.824080,12.200004,0.007991876,0.5327798,6.4993920,1130.384400,1130.373600,0,0,1,1,0,0,0,1
1739,173.916900,173.924040,12.199220,0.007992812,0.5328370,6.5003080,1131.035200,1131.024800,0,0,1,1,0,0,0,1
1740,174.016800,174.024000,12.199024,0.007999376,0.5332756,6.5054320,1131.684000,1131.673000,0,0,1,1,0,0,0,1
1741,174.117160,174.124360,12.199220,0.007996250,0.5330660,6.5029920,1132.339000,1132.328400,0,0,1,1,0,0,0,1
1742,174.216900,174.224000,12.199416,0.007983440,0.5322266,6.4927980,1132.988000,1132.977000,0,0,1,1,0,0,0,1
1743,174.317100,174.324240,12.199808,0.007997190,0.5331422,6.5042120,1133.640000,1133.629000,0,0,1,1,0,0,0,1
1744,174.416840,174.423900,12.198636,0.007994376,0.5333902,6.5068360,1134.288400,1134.277600,0,0,1,1,0,0,0,1
1745,174.516800,174.524000,12.199220,0.008003440,0.5335428,6.5086680,1134.939600,1134.929000,0,0,1,1,0,0,0,1
1746,174.616800,174.624100,12.200196,0.008000316,0.5333520,6.5069580,1135.591000,1135.580400,0,0,1,1,0,0,0,1
1747,174.716900,174.724000,12.199416,0.007999064,0.5332566,6.5054320,1136.240000,1136.229000,0,0,1,1,0,0,0,1
1748,174.817200,174.824360,12.199416,0.007987500,0.5324936,6.4960360,1136.892000,1136.881000,0,0,1,1,0,0,0,1
1749,174.916800,174.923900,12.200390,0.007997816,0.5331804,6.5049440,1137.539200,1137.528400,0,0,1,1,0,0,0,1
1750,175.017300,175.024400,12.200004,0.007986252,0.5329324,6.5011600,1138.195600,1138.184800,0,0,1,1,0,0,0,1
1751,175.116840,175.124000,12.199612,0.008000630,0.5333710,6.5065920,1138.843000,1138.832000,0,0,1,1,0,0,0,1
1752,175.217080,175.224160,12.199808,0.007995624,0.5330278,6.5028080,1139.496000,1139.485000,0,0,1,1,0,0,0,1
1753,175.316840,175.324000,12.199612,0.007997504,0.5331612,6.5043340,1140.143000,1140.132000,0,0,1,1,0,0,0,1
1754,175.416840,175.429100,12.199612,0.007999064,0.5330660,6.5026260,1140.827200,1140.816800,0,0,1,1,0,0,0,1
1755,175.516800,175.524000,12.199220,0.007996564,0.5331040,6.5033600,1141.443600,1141.433000,0,0,1,1,0,0,0,1
1756,175.617100,175.624200,12.199808,0.007991564,0.5330278,6.5027500,1142.099200,1142.088400,0,0,1,1,0,0,0,1
1757,175.716900,175.724000,12.198830,0.008001876,0.5334474,6.5072640,1142.747600,1142.737000,0,0,1,1,0,0,0,1
1758,175.817200,175.824400,12.199024,0.007991252,0.5327226,6.4987820,1143.398400,1143.388000,0,0,1,1,0,0,0,1
1759,175.916900,175.924100,12.199220,0.007997504,0.5331612,6.5041520,1144.047000,1144.036400,0,0,1,1,0,0,0,1
1760,176.016840,176.024000,12.198636,0.007992812,0.5328560,6.5000020,1144.698400,1144.687600,0,0,1,1,0,0,0,1
1761,176.116840,176.123900,12.199416,0.008001250,0.5334092,6.5072640,1145.347000,1145.336000,0,0,1,1,0,0,0,1
1762,176.217240,176.224400,12.199612,0.007997190,0.5329324,6.5014040,1146.002000,1145.991600,0,0,1,1,0,0,0,1
1763,176.316800,176.324000,12.198830,0.007995940,0.5330468,6.5023200,1146.650800,1146.640000,0,0,1,1,0,0,0,1
1764,176.416900,176.424040,12.199612,0.007996564,0.5330850,6.5034180,1147.302000,1147.291000,0,0,1,1,0,0,0,1
1765,176.516840,176.523920,12.199612,0.007994376,0.5329514,6.5017700,1147.950400,1147.939600,0,0,1,1,0,0,0,1
1766,176.616840,176.624100,12.200590,0.007998438,0.5332184,6.5054320,1148.601600,1148.591000,0,0,1,1,0,0,0,1
1767,176.716800,176.724100,12.199024,0.008000936,0.5333902,6.5067160,1149.254000,1149.243200,0,0,1,1,0,0,0,1
1768,176.816840,176.824080,12.199808,0.007999690,0.5324936,6.4960940,1149.902000,1149.891200,0,0,1,1,0,0,0,1
1769,176.916840,176.924000,12.199024,0.007994690,0.5329704,6.5018920,1150.553000,1150.542000,0,0,1,1,0,0,0,1
1770,177.017240,177.024300,12.199612,0.008000936,0.5333902,6.5070220,1151.205200,1151.194400,0,0,1,1,0,0,0,1
1771,177.116960,177.124160,12.198830,0.007987188,0.5324556,6.4953620,1151.856800,1151.846000,0,0,1,1,0,0,0,1
1772,177.216800,177.223960,12.200004,0.007995624,0.5330278,6.5028700,1152.505000,1152.494400,0,0,1,1,0,0,0,1
1773,177.316840,177.324000,12.198830,0.008007816,0.5338288,6.5120860,1153.156400,1153.145600,0,0,1,1,0,0,0,1
1774,177.416800,177.424000,12.200196,0.007989690,0.5326272,6.4973760,1153.805000,1153.794000,0,0,1,1,0,0,0,1
1775,177.517200,177.524300,12.199612,0.007995624,0.5330468,6.5029300,1154.460000,1154.449200,0,0,1,1,0,0,0,1
1776,177.616840,177.624000,12.199416,0.007995004,0.5329896,6.5021380,1155.108400,1155.098000,0,0,1,1,0,0,0,1
1777,177.717300,177.724400,12.199220,0.007990940,0.5327226,6.4987820,1155.760000,1155.749000,0,0,1,1,0,0,0,1
1778,177.817320,177.824500,12.199220,0.007994690,0.5329704,6.5017700,1156.411200,1156.400800,0,0,1,1,0,0,0,1
1779,177.916800,177.924000,12.198830,0.007992812,0.5328370,6.4999400,1157.060000,1157.049600,0,0,1,1,0,0,0,1
1780,178.017000,178.024160,12.199612,0.007993124,0.5327036,6.4985360,1157.711000,1157.700400,0,0,1,1,0,0,0,1
1781,178.116840,178.124000,12.199220,0.007995940,0.5330468,6.5028080,1158.359600,1158.349000,0,0,1,1,0,0,0,1
1782,178.217000,178.229200,12.199808,0.008000316,0.5333520,6.5027500,1159.044000,1159.033200,0,0,1,1,0,0,0,1
1783,178.317200,178.324400,12.199024,0.008006252,0.5337334,6.5109880,1159.663200,1159.652400,0,0,1,1,0,0,0,1
1784,178.416900,178.424040,12.199612,0.007998124,0.5331804,6.5047000,1160.310800,1160.300000,0,0,1,1,0,0,0,1
1785,178.516800,178.523920,12.200196,0.008002816,0.5335046,6.5088520,1160.963000,1160.952400,0,0,1,1,0,0,0,1
1786,178.616800,178.624000,12.199024,0.008001876,0.5333138,6.5062880,1161.611600,1161.601000,0,0,1,1,0,0,0,1
1787,178.716800,178.723960,12.200390,0.007996564,0.5330850,6.5029920,1162.263000,1162.252000,0,0,1,1,0,0,0,1
1788,178.817200,178.824360,12.200196,0.008000316,0.5333520,6.5069580,1162.919600,1162.909000,0,0,1,1,0,0,0,1
1789,178.916840,178.924000,12.199612,0.008002504,0.5334856,6.5082420,1163.564000,1163.553200,0,0,1,1,0,0,0,1
1790,179.016800,179.024000,12.199808,0.007993750,0.5329132,6.5013440,1164.215000,1164.204400,0,0,1,1,0,0,0,1
1791,179.117200,179.124360,12.199808,0.007994376,0.5329514,6.5053720,1164.867600,1164.856800,0,0,1,1,0,0,0,1
1792,179.217080,179.224200,12.200196,0.007994376,0.5325890,6.4970710,1165.518800,1165.508000,0,0,1,1,0,0,0,1
1793,179.316800,179.323920,12.199220,0.007995940,0.5330468,6.5030540,1166.167000,1166.156400,0,0,1,1,0,0,0,1
1794,179.417200,179.424320,12.198830,0.008000316,0.5333520,6.5061660,1166.818400,1166.808000,0,0,1,1,0,0,0,1
1795,179.516800,179.523920,12.199808,0.008001250,0.5334092,6.5074470,1167.467000,1167.456000,0,0,1,1,0,0,0,1
1796,179.617160,179.624400,12.199220,0.007995940,0.5330468,6.5028080,1168.122400,1168.111600,0,0,1,1,0,0,0,1
1797,179.716900,179.724000,12.200004,0.007995940,0.5330660,6.5032960,1168.770800,1168.760000,0,0,1,1,0,0,0,1
1798,179.817000,179.824100,12.199024,0.008009068,0.5330468,6.5025040,1169.423600,1169.413000,0,0,1,1,0,0,0,1
1799,179.916840,179.924040,12.200196,0.007986564,0.5324174,6.4949960,1170.072000,1170.061000,0,0,1,1,0,0,0,1
1800,180.016800,180.024000,12.199416,0.007997504,0.5331422,6.5040900,1170.723000,1170.712000,0,0,1,1,0,0,0,1
1801,180.117160,180.124200,12.199808,0.008001250,0.5333902,6.5073260,1171.374000,1171.363600,0,0,1,1,0,0,0,1
1802,180.216800,180.223960,12.199220,0.008003130,0.5335236,6.5085480,1172.022400,1172.012000,0,0,1,1,0,0,0,1
1803,180.317320,180.324500,12.199416,0.007996250,0.5330850,6.5020140,1172.678000,1172.667000,0,0,1,1,0,0,0,1
1804,180.416840,180.424000,12.198636,0.008003130,0.5331612,6.5040290,1173.326400,1173.315600,0,0,1,1,0,0,0,1
1805,180.516760,180.524000,12.200196,0.008006564,0.5337526,6.5113540,1173.975000,1173.964000,0,0,1,1,0,0,0,1
1806,180.616840,180.624000,12.199808,0.007996876,0.5331230,6.5039070,1174.626000,1174.615200,0,0,1,1,0,0,0,1
1807,180.717200,180.724440,12.200390,0.008000936,0.5333902,6.5074470,1175.278400,1175.268000,0,0,1,1,0,0,0,1
1808,180.817040,180.824240,12.200004,0.007998438,0.5332376,6.5053720,1175.930000,1175.919000,0,0,1,1,0,0,0,1
1809,180.916840,180.924000,12.199808,0.007990000,0.5326654,6.4983520,1176.578400,1176.567600,0,0,1,1,0,0,0,1
1810,181.017080,181.024240,12.198440,0.007994376,0.5329514,6.5015880,1177.230000,1177.219200,0,0,1,1,0,0,0,1
1811,181.116800,181.124000,12.200590,0.007984376,0.5322648,6.4934080,1177.878000,1177.867600,0,0,1,1,0,0,0,1
1812,181.217200,181.224300,12.199024,0.007995004,0.5329896,6.5019540,1178.533200,1178.522400,0,0,1,1,0,0,0,1
1813,181.317000,181.324100,12.198440,0.007995004,0.5329896,6.5017100,1179.182000,1179.171000,0,0,1,1,0,0,0,1
1814,181.417000,181.424200,12.200196,0.007990940,0.5327036,6.4991460,1179.833600,1179.823000,0,0,1,1,0,0,0,1
1815,181.516840,181.524000,12.199220,0.007995940,0.5330468,6.5066540,1180.482000,1180.471600,0,0,1,1,0,0,0,1
1816,181.617100,181.624300,12.200590,0.007988440,0.5326462,6.4978660,1181.133000,1181.122400,0,0,1,1,0,0,0,1
1817,181.716800,181.724000,12.199024,0.007995004,0.5329896,6.5024440,1181.781600,1181.770800,0,0,1,1,0,0,0,1
1818,181.816840,181.824080,12.199024,0.007987500,0.5324936,6.4958500,1182.433000,1182.422000,0,0,1,1,0,0,0,1
1819,181.917240,181.924400,12.200004,0.007992190,0.5328180,6.5002440,1183.084000,1183.073200,0,0,1,1,0,0,0,1
1820,182.016800,182.023920,12.199808,0.007990000,0.5326462,6.4982920,1183.732400,1183.722000,0,0,1,1,0,0,0,1
1821,182.117200,182.124360,12.199612,0.007991252,0.5327416,6.4949960,1184.388400,1184.377600,0,0,1,1,0,0,0,1
1822,182.217000,182.224160,12.199024,0.007999690,0.5332756,6.5058010,1185.035200,1185.024800,0,0,1,1,0,0,0,1
1823,182.316800,182.323920,12.199612,0.007995624,0.5330278,6.5025640,1185.684000,1185.673000,0,0,1,1,0,0,0,1
1824,182.417240,182.424500,12.198636,0.007993750,0.5329132,6.5007940,1186.340000,1186.329200,0,0,1,1,0,0,0,1
1825,182.516800,182.523920,12.199612,0.007995624,0.5330468,6.5028080,1186.987600,1186.976800,0,0,1,1,0,0,0,1
1826,182.616840,182.624100,12.199220,0.007996564,0.5330850,6.5033600,1187.640400,1187.629600,0,0,1,1,0,0,0,1
1827,182.717360,182.724640,12.199220,0.007996876,0.5328752,6.5008560,1188.291000,1188.280400,0,0,1,1,0,0,0,1
1828,182.816840,182.824080,12.199416,0.008003130,0.5329324,6.5011000,1188.939600,1188.929000,0,0,1,1,0,0,0,1
1829,182.916840,182.923900,12.199220,0.007993440,0.5328942,6.5006130,1189.588000,1189.577200,0,0,1,1,0,0,0,1
1830,183.017240,183.024300,12.199612,0.007987188,0.5324746,6.4958500,1190.244000,1190.233000,0,0,1,1,0,0,0,1
1831,183.116840,183.124000,12.200004,0.007994690,0.5329704,6.5021380,1190.892400,1190.881600,0,0,1,1,0,0,0,1
1832,183.216800,183.224000,12.198830,0.007997504,0.5331422,6.5037240,1191.544000,1191.533200,0,0,1,1,0,0,0,1
1833,183.317200,183.324360,12.199612,0.007988128,0.5325318,6.4985360,1192.195600,1192.184800,0,0,1,1,0,0,0,1
1834,183.417100,183.424200,12.200390,0.007997190,0.5329324,6.5015880,1192.844000,1192.833000,0,0,1,1,0,0,0,1
1835,183.517240,183.524400,12.199220,0.007995624,0.5330278,6.5025640,1193.496000,1193.485000,0,0,1,1,0,0,0,1
1836,183.616800,183.623900,12.199024,0.007997816,0.5331804,6.5041520,1194.144000,1194.133600,0,0,1,1,0,0,0,1
1837,183.716800,183.723900,12.200004,0.007994064,0.5329324,6.5017700,1194.796000,1194.785200,0,0,1,1,0,0,0,1
1838,183.817100,183.824360,12.199416,0.008000936,0.5333902,6.5069580,1195.447600,1195.436800,0,0,1,1,0,0,0,1
1839,183.917160,183.924200,12.199220,0.007996876,0.5331040,6.5048860,1196.099000,1196.088000,0,0,1,1,0,0,0,1
1840,184.016800,184.024000,12.199024,0.007995316,0.5329514,6.5022590,1196.747600,1196.737000,0,0,1,1,0,0,0,1
1841,184.117200,184.124400,12.199220,0.007996564,0.5331040,6.5032960,1197.399600,1197.389000,0,0,1,1,0,0,0,1
1842,184.216800,184.223960,12.199612,0.007993124,0.5328560,6.5006130,1198.047000,1198.036400,0,0,1,1,0,0,0,1
1843,184.316840,184.324000,12.199808,0.007992812,0.5328560,6.5006720,1198.699200,1198.688800,0,0,1,1,0,0,0,1
1844,184.416840,184.424000,12.200196,0.007993750,0.5329132,6.5015280,1199.351000,1199.340000,0,0,1,1,0,0,0,1
1845,184.517100,184.524240,12.200196,0.008001564,0.5334284,6.5107420,1200.003600,1199.993000,0,0,1,1,0,0,0,1
1846,184.616800,184.624000,12.198636,0.008002504,0.5334856,6.5079380,1200.651600,1200.641000,0,0,1,1,0,0,0,1
1847,184.716760,184.723960,12.200004,0.007992504,0.5328180,6.4995740,1201.303000,1201.292000,0,0,1,1,0,0,0,1
1848,184.817200,184.824500,12.199220,0.007992190,0.5327988,6.4997560,1201.954400,1201.943600,0,0,1,1,0,0,0,1
1849,184.916840,184.924000,12.199220,0.007993124,0.5328752,6.5006130,1202.602800,1202.592000,0,0,1,1,0,0,0,1
1850,185.017300,185.024440,12.198830,0.007995004,0.5329896,6.5018920,1203.258000,1203.247200,0,0,1,1,0,0,0,1
1851,185.116900,185.124000,12.200590,0.007992504,0.5328370,6.5028080,1203.902400,1203.892000,0,0,1,1,0,0,0,1
1852,185.217080,185.224240,12.199808,0.007993750,0.5325700,6.4971940,1204.558000,1204.547000,0,0,1,1,0,0,0,1
1853,185.316840,185.324000,12.199024,0.007995316,0.5330086,6.5025040,1205.206000,1205.195600,0,0,1,1,0,0,0,1
1854,185.416840,185.423900,12.200196,0.007997504,0.5331422,6.5044560,1205.853600,1205.843000,0,0,1,1,0,0,0,1
1855,185.516840,185.523920,12.199024,0.007992812,0.5328370,6.5001220,1206.505000,1206.494400,0,0,1,1,0,0,0,1
1856,185.616840,185.624000,12.199220,0.007996876,0.5331040,6.5034180,1207.158000,1207.147000,0,0,1,1,0,0,0,1
1857,185.717100,185.724240,12.200784,0.007990000,0.5326654,6.5059220,1207.809600,1207.799000,0,0,1,1,0,0,0,1
1858,185.816800,185.823920,12.199416,0.007996876,0.5325890,6.4969500,1208.457000,1208.446400,0,0,1,1,0,0,0,1
1859,185.917200,185.924400,12.199612,0.007995316,0.5330086,6.5023820,1209.109600,1209.099000,0,0,1,1,0,0,0,1
1860,186.016800,186.023920,12.199220,0.007991564,0.5327608,6.4992680,1209.757000,1209.746400,0,0,1,1,0,0,0,1
1861,186.117320,186.124500,12.200004,0.007991252,0.5327226,6.4992680,1210.414000,1210.403000,0,0,1,1,0,0,0,1
1862,186.216920,186.224160,12.199612,0.007998124,0.5331994,6.5048860,1211.060800,1211.050000,0,0,1,1,0,0,0,1
1863,186.316840,186.324000,12.200390,0.008003130,0.5335428,6.5020760,1211.713000,1211.702400,0,0,1,1,0,0,0,1
1864,186.417200,186.424300,12.199024,0.008001876,0.5331422,6.5040900,1212.365200,1212.354800,0,0,1,1,0,0,0,1
1865,186.516800,186.523920,12.198636,0.007992504,0.5328180,6.5001840,1213.013000,1213.002000,0,0,1,1,0,0,0,1
1866,186.616800,186.624040,12.199220,0.007995940,0.5330468,6.5027500,1213.665600,1213.655000,0,0,1,1,0,0,0,1
1867,186.717240,186.724300,12.199612,0.008004376,0.5336000,6.5097680,1214.317600,1214.307000,0,0,1,1,0,0,0,1
1868,186.816840,186.824000,12.199612,0.007997816,0.5331804,6.5044560,1214.965000,1214.954400,0,0,1,1,0,0,0,1
1869,186.916840,186.924100,12.199416,0.007992812,0.5328370,6.4978660,1215.616400,1215.605600,0,0,1,1,0,0,0,1
1870,187.016800,187.024000,12.199416,0.008000004,0.5326082,6.4979860,1216.265000,1216.254000,0,0,1,1,0,0,0,1
1871,187.117200,187.124400,12.199808,0.007992190,0.5327988,6.5000020,1216.920000,1216.909200,0,0,1,1,0,0,0,1
1872,187.216900,187.223960,12.199416,0.007997190,0.5331422,6.5040290,1217.568400,1217.558000,0,0,1,1,0,0,0,1
1873,187.316840,187.324080,12.200004,0.008001564,0.5334092,6.5075700,1218.217000,1218.206000,0,0,1,1,0,0,0,1
1874,187.416800,187.424000,12.200980,0.007998124,0.5332184,6.5056160,1218.868400,1218.857600,0,0,1,1,0,0,0,1
1875,187.517240,187.524400,12.199220,0.007997190,0.5333138,6.5058010,1219.521000,1219.510400,0,0,1,1,0,0,0,1
1876,187.616840,187.624000,12.199612,0.007981876,0.5327416,6.4993300,1220.168000,1220.157600,0,0,1,1,0,0,0,1
1877,187.717300,187.724440,12.199024,0.007997190,0.5331422,6.5038460,1220.824400,1220.813600,0,0,1,1,0,0,0,1
1878,187.817100,187.824240,12.199612,0.008000004,0.5333330,6.5063480,1221.472000,1221.461000,0,0,1,1,0,0,0,1
1879,187.916840,187.924040,12.199416,0.007997504,0.5331612,6.5041520,1222.120400,1222.109600,0,0,1,1,0,0,0,1
1880,188.016800,188.024100,12.200196,0.007998750,0.5332376,6.5055540,1222.771600,1222.761000,0,0,1,1,0,0,0,1
1881,188.117320,188.124500,12.199612,0.007995624,0.5331804,6.5042760,1223.428000,1223.417000,0,0,1,1,0,0,0,1
1882,188.216900,188.224000,12.200784,0.007992812,0.5328370,6.5003660,1224.072000,1224.061000,0,0,1,1,0,0,0,1
1883,188.317160,188.324240,12.199808,0.007996876,0.5331230,6.5039700,1224.727600,1224.717000,0,0,1,1,0,0,0,1
1884,188.416800,188.423900,12.199024,0.007993750,0.5329132,6.5009180,1225.375000,1225.364400,0,0,1,1,0,0,0,1
1885,188.517200,188.524240,12.198636,0.007993750,0.5329132,6.5007340,1226.027600,1226.017000,0,0,1,1,0,0,0,1
1886,188.616900,188.624040,12.199416,0.007997816,0.5331804,6.5045180,1226.675000,1226.664400,0,0,1,1,0,0,0,1
1887,188.716800,188.723960,12.199808,0.007996564,0.5331040,6.4995740,1227.328000,1227.317000,0,0,1,1,0,0,0,1
1888,188.816840,188.824000,12.199416,0.008004064,0.5331230,6.5042760,1227.975000,1227.964000,0,0,1,1,0,0,0,1
1889,188.917200,188.924500,12.198636,0.007996250,0.5330850,6.5028080,1228.630000,1228.619200,0,0,1,1,0,0,0,1
1890,189.016800,189.024000,12.200390,0.007994064,0.5329324,6.5020140,1229.278400,1229.268000,0,0,1,1,0,0,0,1
1891,189.117300,189.124360,12.200390,0.007996876,0.5331040,6.5040290,1229.930000,1229.919000,0,0,1,1,0,0,0,1
1892,189.216900,189.224000,12.200196,0.007988752,0.5325700,6.4973760,1230.578400,1230.567600,0,0,1,1,0,0,0,1
1893,189.317160,189.324300,12.200390,0.007993440,0.5332566,6.5053100,1231.230800,1231.220000,0,0,1,1,0,0,0,1
1894,189.417300,189.424480,12.199612,0.007998124,0.5331994,6.5048220,1231.882000,1231.871200,0,0,1,1,0,0,0,1
1895,189.517080,189.524240,12.199416,0.008001876,0.5334474,6.5076920,1232.533200,1232.522400,0,0,1,1,0,0,0,1
1896,189.617100,189.624300,12.199612,0.007996250,0.5330850,6.5033600,1233.182000,1233.171000,0,0,1,1,0,0,0,1
1897,189.716800,189.724000,12.199024,0.007997504,0.5331612,6.5039070,1233.833000,1233.822400,0,0,1,1,0,0,0,1
1898,189.817320,189.824400,12.198636,0.007997504,0.5331612,6.5037840,1234.486000,1234.475200,0,0,1,1,0,0,0,1
1899,189.916960,189.924100,12.199612,0.007998124,0.5331994,6.5064120,1235.134000,1235.123000,0,0,1,1,0,0,0,1
1900,190.016800,190.023920,12.200196,0.007998750,0.5330468,6.5031140,1235.781600,1235.770800,0,0,1,1,0,0,0,1
1901,190.116840,190.124040,12.199416,0.008006876,0.5337906,6.5118420,1236.434000,1236.423000,0,0,1,1,0,0,0,1
1902,190.216800,190.223960,12.199612,0.008006876,0.5337716,6.5118420,1237.086000,1237.075200,0,0,1,1,0,0,0,1
1903,190.316840,190.324000,12.199416,0.007999690,0.5333138,6.5059820,1237.738000,1237.727000,0,0,1,1,0,0,0,1
1904,190.417240,190.424320,12.199416,0.007995940,0.5330468,6.5028080,1238.390000,1238.379000,0,0,1,1,0,0,0,1
1905,190.516800,190.523920,12.199024,0.007990628,0.5327036,6.5014660,1239.037200,1239.026400,0,0,1,1,0,0,0,1
1906,190.616800,190.623900,12.199416,0.007997190,0.5328180,6.4999400,1239.689600,1239.679000,0,0,1,1,0,0,0,1
1907,190.717100,190.724240,12.199024,0.007994064,0.5329324,6.5012240,1240.341600,1240.330800,0,0,1,1,0,0,0,1
1908,190.816800,190.824000,12.200004,0.007989064,0.5325890,6.4974980,1240.990000,1240.979000,0,0,1,1,0,0,0,1
1909,190.916900,190.924160,12.199612,0.007993440,0.5328752,6.5009780,1241.641000,1241.630000,0,0,1,1,0,0,0,1
1910,191.016800,191.023920,12.198636,0.007992504,0.5328180,6.4995740,1242.289200,1242.278400,0,0,1,1,0,0,0,1
1911,191.116840,191.124000,12.199808,0.007998124,0.5331994,6.5031140,1242.940800,1242.930000,0,0,1,1,0,0,0,1
1912,191.217300,191.224440,12.199612,0.008002816,0.5335046,6.5084240,1243.596000,1243.585000,0,0,1,1,0,0,0,1
1913,191.316900,191.324080,12.199808,0.007996250,0.5330660,6.5033600,1244.240400,1244.229600,0,0,1,1,0,0,0,1
1914,191.416840,191.424000,12.200196,0.008008440,0.5338860,6.5135500,1244.893000,1244.882000,0,0,1,1,0,0,0,1
1915,191.516840,191.524100,12.199808,0.007990628,0.5327036,6.4989020,1245.544000,1245.533200,0,0,1,1,0,0,0,1
1916,191.616840,191.624040,12.200004,0.007993440,0.5328752,6.5009780,1246.192400,1246.182000,0,0,1,1,0,0,0,1
1917,191.716800,191.723900,12.200004,0.007988752,0.5325890,6.4975620,1246.844000,1246.833000,0,0,1,1,0,0,0,1
1918,191.817100,191.824240,12.198830,0.007991564,0.5327608,6.4990240,1247.495200,1247.484800,0,0,1,1,0,0,0,1
1919,191.916840,191.924000,12.199024,0.007998750,0.5332376,6.5049440,1248.144000,1248.133600,0,0,1,1,0,0,0,1
1920,192.017200,192.024300,12.199612,0.007999376,0.5332948,6.5058600,1248.799000,1248.788400,0,0,1,1,0,0,0,1
1921,192.116840,192.124040,12.199024,0.007988128,0.5325318,6.4964600,1249.447600,1249.436800,0,0,1,1,0,0,0,1
1922,192.216800,192.223960,12.199808,0.007992812,0.5328370,6.5004280,1250.096000,1250.085000,0,0,1,1,0,0,0,1
1923,192.317320,192.324500,12.199612,0.007997816,0.5331230,6.5037240,1250.751600,1250.741000,0,0,1,1,0,0,0,1
1924,192.416900,192.424040,12.199220,0.007995316,0.5333710,6.5065320,1251.400000,1251.389200,0,0,1,1,0,0,0,1
1925,192.517240,192.524400,12.200196,0.007997504,0.5331612,6.5045800,1252.051000,1252.040000,0,0,1,1,0,0,0,1
1926,192.616840,192.624000,12.199220,0.007982190,0.5321312,6.4913940,1252.699200,1252.688800,0,0,1,1,0,0,0,1
1927,192.717300,192.724500,12.200196,0.007999690,0.5332948,6.5062880,1253.354800,1253.344000,0,0,1,1,0,0,0,1
1928,192.816800,192.823920,12.200390,0.007992812,0.5328560,6.5009180,1253.999000,1253.988400,0,0,1,1,0,0,0,1
1929,192.917240,192.924400,12.199024,0.007990628,0.5326082,6.4976820,1254.654400,1254.643600,0,0,1,1,0,0,0,1
1930,193.017000,193.024240,12.198830,0.007990940,0.5327036,6.4989020,1255.302400,1255.291600,0,0,1,1,0,0,0,1
1931,193.116800,193.123900,12.198636,0.007990000,0.5326462,6.4975620,1255.951000,1255.940000,0,0,1,1,0,0,0,1
1932,193.217000,193.224100,12.199220,0.007995940,0.5330468,6.5027500,1256.601600,1256.591000,0,0,1,1,0,0,0,1
1933,193.317000,193.324100,12.199220,0.008005940,0.5337334,6.5109880,1257.254000,1257.243200,0,0,1,1,0,0,0,1
1934,193.417160,193.424300,12.199024,0.007993440,0.5328942,6.5007340,1257.905600,1257.894800,0,0,1,1,0,0,0,1
1935,193.516760,193.523920,12.199024,0.008001250,0.5334092,6.5037840,1258.554400,1258.543600,0,0,1,1,0,0,0,1
1936,193.616840,193.624100,12.199024,0.007981568,0.5320932,6.4912720,1259.205200,1259.194400,0,0,1,1,0,0,0,1
1937,193.716800,193.723960,12.200196,0.007989380,0.5326272,6.4981080,1259.857600,1259.847000,0,0,1,1,0,0,0,1
1938,193.816840,193.823920,12.199416,0.007998438,0.5332184,6.5048220,1260.505600,1260.495000,0,0,1,1,0,0,0,1
1939,193.916840,193.924000,12.199808,0.007966250,0.5310632,6.4788820,1261.156400,1261.145600,0,0,1,1,0,0,0,1
1940,194.017300,194.024440,12.199612,0.007981568,0.5321122,6.4913940,1261.808000,1261.797000,0,0,1,1,0,0,0,1
1941,194.116840,194.124040,12.198830,0.007981876,0.5320932,6.4910900,1262.455000,1262.444000,0,0,1,1,0,0,0,1
1942,194.216800,194.223960,12.199612,0.007975940,0.5320550,6.4904180,1263.105000,1263.094400,0,0,1,1,0,0,0,1
1943,194.317300,194.324500,12.200004,0.007982500,0.5321504,6.4921880,1263.755000,1263.744400,0,0,1,1,0,0,0,1
1944,194.416840,194.424040,12.199808,0.007985628,0.5323602,6.4946900,1264.402400,1264.392000,0,0,1,1,0,0,0,1
1945,194.516800,194.524000,12.200196,0.007978752,0.5319024,6.4893800,1265.053000,1265.042000,0,0,1,1,0,0,0,1
1946,194.617320,194.624600,12.200004,0.007974690,0.5316354,6.4859020,1265.707000,1265.696400,0,0,1,1,0,0,0,1
1947,194.717000,194.724160,12.200196,0.007976250,0.5318642,6.4888320,1266.353600,1266.343000,0,0,1,1,0,0,0,1
1948,194.816840,194.824000,12.199416,0.007982816,0.5321884,6.4924940,1267.001600,1266.991000,0,0,1,1,0,0,0,1
1949,194.916900,194.924100,12.199612,0.007993750,0.5329132,6.5012240,1267.651600,1267.641000,0,0,1,1,0,0,0,1
1950,195.016800,195.024160,12.200196,0.007984066,0.5322648,6.4936540,1268.302000,1268.291000,0,0,1,1,0,0,0,1
1951,195.116840,195.124040,12.199612,0.007985000,0.5323410,6.4942040,1268.949200,1268.938800,0,0,1,1,0,0,0,1
1952,195.216800,195.223960,12.199416,0.007979064,0.5319406,6.4892580,1269.600000,1269.589000,0,0,1,1,0,0,0,1
1953,195.317320,195.324520,12.199612,0.007979376,0.5321312,6.4919440,1270.250000,1270.239200,0,0,1,1,0,0,0,1
1954,195.417000,195.424160,12.199808,0.007984066,0.5322648,6.4937140,1270.896800,1270.886000,0,0,1,1,0,0,0,1
1955,195.516760,195.523920,12.200004,0.007981876,0.5321122,6.4916380,1271.548000,1271.537200,0,0,1,1,0,0,0,1
1956,195.616840,195.624400,12.199612,0.007978128,0.5318642,6.4884060,1272.198400,1272.187600,0,0,1,1,0,0,0,1
1957,195.717240,195.724440,12.200784,0.007980940,0.5320550,6.4915780,1272.849200,1272.838400,0,0,1,1,0,0,0,1
1958,195.817000,195.824100,12.200390,0.007978128,0.5318642,6.4889540,1273.496000,1273.485000,0,0,1,1,0,0,0,1
1959,195.917240,195.924400,12.199024,0.007982190,0.5318642,6.4882200,1274.145600,1274.135000,0,0,1,1,0,0,0,1
1960,196.016800,196.024000,12.199612,0.007977816,0.5318452,6.4887120,1274.793000,1274.782400,0,0,1,1,0,0,0,1
1961,196.117300,196.124500,12.199416,0.007964376,0.5309488,6.4770520,1275.447000,1275.436000,0,0,1,1,0,0,0,1
1962,196.216800,196.223960,12.199612,0.007981252,0.5320740,6.4910280,1276.090000,1276.079200,0,0,1,1,0,0,0,1
1963,196.317200,196.324360,12.199808,0.007982190,0.5321312,6.4918830,1276.744400,1276.733600,0,0,1,1,0,0,0,1
1964,196.416840,196.424000,12.199808,0.007979690,0.5319596,6.4898680,1277.391000,1277.380000,0,0,1,1,0,0,0,1
1965,196.517200,196.524240,12.200590,0.007983440,0.5326272,6.4977420,1278.041000,1278.030400,0,0,1,1,0,0,0,1
1966,196.616800,196.623900,12.199220,0.007984688,0.5323030,6.4940800,1278.689000,1278.678400,0,0,1,1,0,0,0,1
1967,196.716800,196.724000,12.198830,0.007984376,0.5322838,6.4932880,1279.339600,1279.329000,0,0,1,1,0,0,0,1
1968,196.816800,196.823920,12.199612,0.007979064,0.5319214,6.4891980,1279.985600,1279.975000,0,0,1,1,0,0,0,1
1969,196.916840,196.924000,12.200390,0.007978752,0.5319024,6.4893800,1280.636400,1280.625600,0,0,1,1,0,0,0,1
1970,197.017300,197.024500,12.200196,0.007974064,0.5315972,6.4855960,1281.290800,1281.280000,0,0,1,1,0,0,0,1
1971,197.116960,197.124160,12.199612,0.007987500,0.5321884,6.4924940,1281.937600,1281.927000,0,0,1,1,0,0,0,1
1972,197.216800,197.223960,12.199808,0.007990312,0.5326654,6.4985960,1282.585600,1282.575000,0,0,1,1,0,0,0,1
1973,197.316800,197.323920,12.199612,0.007994690,0.5329704,6.5019540,1283.236400,1283.226000,0,0,1,1,0,0,0,1
1974,197.416840,197.423900,12.199416,0.007996250,0.5330660,6.5031140,1283.885000,1283.874000,0,0,1,1,0,0,0,1
1975,197.517100,197.524240,12.199024,0.007997190,0.5331230,6.5036640,1284.540800,1284.530000,0,0,1,1,0,0,0,1
1976,197.616800,197.623900,12.198830,0.007989064,0.5325890,6.4968260,1285.188800,1285.178000,0,0,1,1,0,0,0,1
1977,197.717240,197.729480,12.198440,0.007990628,0.5325700,6.4969500,1285.872400,1285.861600,0,0,1,1,0,0,0,1
1978,197.816840,197.823920,12.199024,0.007990000,0.5326462,6.4981080,1286.487600,1286.476800,0,0,1,1,0,0,0,1
1979,197.916840,197.924000,12.198830,0.007998750,0.5332376,6.5048860,1287.140400,1287.129600,0,0,1,1,0,0,0,1
1980,198.017200,198.024400,12.199808,0.007993750,0.5329132,6.5012820,1287.791000,1287.780400,0,0,1,1,0,0,0,1
1981,198.116840,198.124000,12.199612,0.007992504,0.5328180,6.5001840,1288.439600,1288.429000,0,0,1,1,0,0,0,1
1982,198.217300,198.224440,12.199220,0.007992190,0.5327988,6.4996340,1289.095000,1289.084000,0,0,1,1,0,0,0,1
1983,198.316840,198.324000,12.200004,0.007998750,0.5323410,6.4944460,1289.744000,1289.733000,0,0,1,1,0,0,0,1
1984,198.417100,198.424200,12.200196,0.007991876,0.5327798,6.4995120,1290.394800,1290.384000,0,0,1,1,0,0,0,1
1985,198.516800,198.523900,12.199612,0.007995940,0.5330468,6.5029300,1291.043000,1291.032400,0,0,1,1,0,0,0,1
1986,198.616960,198.624160,12.198830,0.008005940,0.5337144,6.5106840,1291.694400,1291.684000,0,0,1,1,0,0,0,1
1987,198.716900,198.724000,12.199220,0.007989380,0.5326272,6.4976200,1292.343600,1292.332800,0,0,1,1,0,0,0,1
1988,198.817160,198.824300,12.199416,0.007998750,0.5332566,6.5052500,1292.998000,1292.987600,0,0,1,1,0,0,0,1
1989,198.916840,198.924000,12.200004,0.007990312,0.5326272,6.4978040,1293.645600,1293.635000,0,0,1,1,0,0,0,1
1990,199.016800,199.023920,12.199612,0.007993124,0.5328560,6.5007340,1294.294800,1294.284000,0,0,1,1,0,0,0,1
1991,199.129000,199.136440,12.200196,0.007992812,0.5328560,6.5007940,1295.026000,1295.015200,0,0,1,1,0,0,0,1
1992,199.216800,199.223960,12.199024,0.007999690,0.5333138,6.5058010,1295.598000,1295.587000,0,0,1,1,0,0,0,1
1993,199.317320,199.324520,12.199612,0.007988752,0.5325700,6.4971940,1296.249600,1296.239000,0,0,1,1,0,0,0,1
1994,199.416900,199.424040,12.198440,0.007993750,0.5329132,6.5006720,1296.896800,1296.886000,0,0,1,1,0,0,0,1
1995,199.517100,199.524240,12.199612,0.007996564,0.5333902,6.5074470,1297.548400,1297.538000,0,0,1,1,0,0,0,1
1996,199.616840,199.623900,12.199612,0.007999064,0.5332566,6.5054960,1298.196400,1298.185600,0,0,1,1,0,0,0,1
1997,199.716900,199.724000,12.200590,0.007990000,0.5326462,6.4986580,1298.848000,1298.837000,0,0,1,1,0,0,0,1
1998,199.816840,199.824000,12.199808,0.007985314,0.5323410,6.4945680,1299.499600,1299.489000,0,0,1,1,0,0,0,1
1999,199.916840,199.924000,12.199612,0.007987812,0.5325128,6.4962780,1300.146800,1300.136000,0,0,1,1,0,0,0,1
2000,200.017300,200.024500,12.199416,0.007992504,0.5328180,6.5001220,1300.802400,1300.791600,0,0,1,1,0,0,0,1
2001,200.116800,200.123900,12.199808,0.007999376,0.5329324,6.5014040,1301.450400,1301.439600,0,0,1,1,0,0,0,1
2002,200.216800,200.223960,12.199612,0.007988440,0.5325510,6.4965220,1302.098000,1302.087000,0,0,1,1,0,0,0,1
2003,200.317100,200.324240,12.199612,0.007993750,0.5329132,6.5013440,1302.753600,1302.743000,0,0,1,1,0,0,0,1
2004,200.416840,200.424000,12.199416,0.007991876,0.5327798,6.4996340,1303.401600,1303.391000,0,0,1,1,0,0,0,1
2005,200.517300,200.524500,12.199808,0.007989064,0.5325890,6.4974380,1304.053000,1304.042000,0,0,1,1,0,0,0,1
2006,200.616840,200.624100,12.198050,0.007995316,0.5330086,6.5015880,1304.700400,1304.689600,0,0,1,1,0,0,0,1
2007,200.716800,200.723960,12.200004,0.007992504,0.5329324,6.5013440,1305.353000,1305.342400,0,0,1,1,0,0,0,1
2008,200.816840,200.824000,12.199612,0.007991564,0.5327608,6.4998180,1306.004000,1305.993200,0,0,1,1,0,0,0,1
2009,200.916840,200.924040,12.199612,0.007996876,0.5331230,6.5037840,1306.652000,1306.641200,0,0,1,1,0,0,0,1
2010,201.016800,201.023900,12.199024,0.007991252,0.5327226,6.4987820,1307.304400,1307.293600,0,0,1,1,0,0,0,1
2011,201.116800,201.123900,12.198830,0.008011566,0.5340958,6.5153200,1307.952400,1307.941600,0,0,1,1,0,0,0,1
2012,201.217300,201.224440,12.199220,0.007998750,0.5332566,6.5009780,1308.607600,1308.597000,0,0,1,1,0,0,0,1
2013,201.316800,201.323920,12.198440,0.007998124,0.5328180,6.4993300,1309.256000,1309.245200,0,0,1,1,0,0,0,1
2014,201.417100,201.424300,12.199220,0.007991252,0.5327416,6.4993300,1309.907600,1309.896800,0,0,1,1,0,0,0,1
2015,201.516800,201.524000,12.199612,0.007994690,0.5329704,6.5020140,1310.556400,1310.545600,0,0,1,1,0,0,0,1
2016,201.616840,201.623900,12.199808,0.007995316,0.5330086,6.5026260,1311.207600,1311.197000,0,0,1,1,0,0,0,1
2017,201.716900,201.724100,12.199808,0.007993750,0.5329132,6.5014660,1311.859600,1311.849000,0,0,1,1,0,0,0,1
2018,201.816800,201.823920,12.198440,0.007989690,0.5326462,6.4974380,1312.507600,1312.497000,0,0,1,1,0,0,0,1
2019,201.917200,201.924320,12.200196,0.007994376,0.5327036,6.4989640,1313.162400,1313.151600,0,0,1,1,0,0,0,1
2020,202.016840,202.024100,12.200390,0.007986252,0.5323984,6.4951200,1313.810800,1313.800000,0,0,1,1,0,0,0,1
2021,202.117300,202.124400,12.199416,0.008005316,0.5336762,6.5104980,1314.462400,1314.452000,0,0,1,1,0,0,0,1
2022,202.216900,202.224000,12.199024,0.007995316,0.5330278,6.5022590,1315.110400,1315.100000,0,0,1,1,0,0,0,1
2023,202.317300,202.324400,12.199416,0.007993440,0.5328942,6.5009180,1315.762000,1315.751000,0,0,1,1,0,0,0,1
2024,202.416840,202.424000,12.199220,0.007994690,0.5329704,6.5017700,1316.410400,1316.399600,0,0,1,1,0,0,0,1
2025,202.517200,202.524400,12.200196,0.007991876,0.5329704,6.5017700,1317.065600,1317.055000,0,0,1,1,0,0,0,1
2026,202.616840,202.624100,12.199808,0.007994690,0.5329704,6.5018920,1317.713000,1317.702400,0,0,1,1,0,0,0,1
2027,202.716800,202.723960,12.199416,0.007983752,0.5322458,6.4930420,1318.361600,1318.351000,0,0,1,1,0,0,0,1
2028,202.816800,202.824000,12.199024,0.007990312,0.5326654,6.4980480,1319.013200,1319.002400,0,0,1,1,0,0,0,1
2029,202.916900,202.924040,12.199808,0.007990940,0.5327226,6.4990240,1319.664800,1319.654000,0,0,1,1,0,0,0,1
2030,203.016800,203.023920,12.199808,0.007993124,0.5328560,6.5007340,1320.312800,1320.302000,0,0,1,1,0,0,0,1
2031,203.117320,203.124400,12.198830,0.007995624,0.5328942,6.5009180,1320.968400,1320.957600,0,0,1,1,0,0,0,1
2032,203.216920,203.224100,12.199416,0.007990312,0.5326844,6.4987190,1321.615200,1321.604800,0,0,1,1,0,0,0,1
2033,203.316840,203.329000,12.199612,0.007986880,0.5324556,6.4989020,1322.297000,1322.286400,0,0,1,1,0,0,0,1
2034,203.416840,203.424040,12.199416,0.007989690,0.5326272,6.4978040,1322.915000,1322.904400,0,0,1,1,0,0,0,1
2035,203.516800,203.523920,12.200196,0.007994376,0.5329514,6.5020140,1323.566800,1323.556000,0,0,1,1,0,0,0,1
2036,203.616800,203.623900,12.199220,0.007980940,0.5320360,6.4905420,1324.215600,1324.205000,0,0,1,1,0,0,0,1
2037,203.717080,203.724200,12.199808,0.007993124,0.5331040,6.5034800,1324.866400,1324.855600,0,0,1,1,0,0,0,1
2038,203.816840,203.824080,12.199612,0.007993440,0.5328942,6.5007340,1325.518000,1325.507000,0,0,1,1,0,0,0,1
2039,203.916840,203.923900,12.199220,0.007994690,0.5329704,6.5018340,1326.166000,1326.155600,0,0,1,1,0,0,0,1
2040,204.017240,204.024400,12.199024,0.007983128,0.5321884,6.4921880,1326.820400,1326.809600,0,0,1,1,0,0,0,1
2041,204.116900,204.124040,12.199416,0.007989380,0.5326082,6.4974380,1327.469000,1327.458000,0,0,1,1,0,0,0,1
2042,204.216800,204.224000,12.199416,0.007991564,0.5327608,6.4993300,1328.120400,1328.109600,0,0,1,1,0,0,0,1
2043,204.316840,204.324000,12.199220,0.007993440,0.5335808,6.5095840,1328.769000,1328.758400,0,0,1,1,0,0,0,1
2044,204.417100,204.424200,12.200004,0.007995004,0.5329896,6.5017700,1329.420800,1329.410000,0,0,1,1,0,0,0,1
2045,204.516840,204.523920,12.199612,0.007997816,0.5331612,6.5043960,1330.071600,1330.060800,0,0,1,1,0,0,0,1
2046,204.616840,204.624100,12.198830,0.007999376,0.5332756,6.5052500,1330.720400,1330.709600,0,0,1,1,0,0,0,1
2047,204.716800,204.724000,12.200004,0.007992812,0.5328560,6.5007340,1331.371200,1331.360400,0,0,1,1,0,0,0,1
2048,204.816840,204.824080,12.199808,0.007995316,0.5330086,6.5025640,1332.023000,1332.012400,0,0,1,1,0,0,0,1
2049,204.916900,204.924040,12.199612,0.007995624,0.5318642,6.4876720,1332.670000,1332.659200,0,0,1,1,0,0,0,1
2050,205.016760,205.023920,12.200004,0.007996250,0.5330660,6.5029300,1333.322400,1333.311600,0,0,1,1,0,0,0,1
2051,205.117320,205.124520,12.199024,0.007992812,0.5328560,6.5002440,1333.977600,1333.967000,0,0,1,1,0,0,0,1
2052,205.217000,205.224100,12.199416,0.007980628,0.5320360,6.4904800,1334.622400,1334.611600,0,0,1,1,0,0,0,1
2053,205.317200,205.324360,12.199808,0.007997504,0.5331612,6.5043960,1335.277600,1335.267000,0,0,1,1,0,0,0,1
2054,205.416960,205.424100,12.200390,0.007990312,0.5326654,6.4987190,1335.925600,1335.914800,0,0,1,1,0,0,0,1
2055,205.516800,205.524000,12.200196,0.007993750,0.5331040,6.5031740,1336.574000,1336.563000,0,0,1,1,0,0,0,1
2056,205.616960,205.624100,12.200390,0.007997504,0.5331612,6.5044560,1337.225000,1337.214000,0,0,1,1,0,0,0,1
2057,205.716900,205.724100,12.199808,0.007996876,0.5331230,6.5038460,1337.877600,1337.867000,0,0,1,1,0,0,0,1
2058,205.816840,205.824080,12.199612,0.007995004,0.5329896,6.5021380,1338.525000,1338.514400,0,0,1,1,0,0,0,1
2059,205.916840,205.924000,12.199220,0.007995316,0.5330086,6.5022590,1339.177600,1339.166800,0,0,1,1,0,0,0,1
2060,206.017360,206.024500,12.198636,0.008000316,0.5333330,6.5038460,1339.832000,1339.821600,0,0,1,1,0,0,0,1
2061,206.116840,206.124100,12.200004,0.007992190,0.5330086,6.5025640,1340.480000,1340.469200,0,0,1,1,0,0,0,1
2062,206.216800,206.223960,12.198440,0.007988128,0.5325318,6.4966460,1341.128000,1341.117600,0,0,1,1,0,0,0,1
2063,206.317320,206.324500,12.199416,0.007997816,0.5331804,6.5043340,1341.784000,1341.773000,0,0,1,1,0,0,0,1
2064,206.416900,206.424040,12.199612,0.007980000,0.5319978,6.4900520,1342.428400,1342.417600,0,0,1,1,0,0,0,1
2065,206.516840,206.524000,12.199416,0.007988752,0.5325700,6.4970100,1343.079200,1343.068400,0,0,1,1,0,0,0,1
2066,206.617100,206.624360,12.199220,0.007999064,0.5332566,6.4982300,1343.730800,1343.720000,0,0,1,1,0,0,0,1
2067,206.716900,206.724100,12.200390,0.008004376,0.5334664,6.5077520,1344.383000,1344.372400,0,0,1,1,0,0,0,1
2068,206.816800,206.823900,12.199808,0.007992812,0.5328560,6.5005500,1345.031000,1345.020000,0,0,1,1,0,0,0,1
2069,206.916900,206.924040,12.199220,0.007993440,0.5328942,6.5008560,1345.683200,1345.672400,0,0,1,1,0,0,0,1
2070,207.016840,207.024000,12.199416,0.007983440,0.5322076,6.4926160,1346.334800,1346.324000,0,0,1,1,0,0,0,1
2071,207.116840,207.124000,12.199416,0.007995940,0.5330468,6.5028080,1346.982000,1346.971600,0,0,1,1,0,0,0,1
2072,207.217200,207.224400,12.199808,0.007993750,0.5329132,6.4985360,1347.634400,1347.623600,0,0,1,1,0,0,0,1
2073,207.316840,207.324000,12.199808,0.007999690,0.5331994,6.5047000,1348.281600,1348.270800,0,0,1,1,0,0,0,1
2074,207.417300,207.424500,12.199416,0.008004690,0.5336380,6.5098880,1348.937000,1348.926400,0,0,1,1,0,0,0,1
2075,207.516800,207.524000,12.199220,0.007998438,0.5332184,6.5048860,1349.585000,1349.574400,0,0,1,1,0,0,0,1
2076,207.617200,207.624400,12.199024,0.007995004,0.5329896,6.5020140,1350.236400,1350.226000,0,0,1,1,0,0,0,1
2077,207.717080,207.724200,12.198830,0.007997190,0.5331422,6.5036640,1350.889000,1350.878000,0,0,1,1,0,0,0,1
2078,207.816840,207.824000,12.199416,0.007988128,0.5325318,6.4965220,1351.536400,1351.525600,0,0,1,1,0,0,0,1
2079,207.916840,207.924000,12.199808,0.007999376,0.5331040,6.5037840,1352.187600,1352.177000,0,0,1,1,0,0,0,1
2080,208.017240,208.024400,12.199808,0.007989064,0.5325890,6.4972560,1352.840000,1352.829200,0,0,1,1,0,0,0,1
2081,208.116840,208.124000,12.200196,0.007987812,0.5325128,6.4967660,1353.488000,1353.477000,0,0,1,1,0,0,0,1
2082,208.217300,208.224400,12.200004,0.007998750,0.5332376,6.5054960,1354.139000,1354.128000,0,0,1,1,0,0,0,1
2083,208.316800,208.323920,12.199220,0.007998124,0.5332184,6.5047000,1354.787200,1354.776400,0,0,1,1,0,0,0,1
2084,208.417300,208.424480,12.199416,0.007996876,0.5331040,6.5021380,1355.442400,1355.432000,0,0,1,1,0,0,0,1
2085,208.516840,208.524000,12.198440,0.008005002,0.5331230,6.5032960,1356.091600,1356.080800,0,0,1,1,0,0,0,1
2086,208.619000,208.626400,12.198636,0.007989690,0.5326462,6.4974980,1356.757600,1356.747000,0,0,1,1,0,0,0,1
2087,208.716900,208.724000,12.199416,0.007985314,0.5323602,6.4943240,1357.390400,1357.379600,0,0,1,1,0,0,0,1
2088,208.816840,208.824000,12.199612,0.007990940,0.5327226,6.4989640,1358.042000,1358.031600,0,0,1,1,0,0,0,1
2089,208.917240,208.924480,12.199220,0.007988752,0.5325700,6.4969500,1358.693600,1358.683000,0,0,1,1,0,0,0,1
2090,209.016800,209.023920,12.199416,0.007993750,0.5329132,6.5011000,1359.341000,1359.330400,0,0,1,1,0,0,0,1
2091,209.117200,209.124400,12.199612,0.007995316,0.5332566,6.5055540,1359.993200,1359.982400,0,0,1,1,0,0,0,1
2092,209.216800,209.223960,12.198830,0.007992812,0.5328370,6.5007340,1360.641200,1360.630400,0,0,1,1,0,0,0,1
2093,209.316840,209.324000,12.200004,0.008001250,0.5334092,6.5074470,1361.293000,1361.282400,0,0,1,1,0,0,0,1
2094,209.417300,209.424400,12.199612,0.007994376,0.5329514,6.5017100,1361.945000,1361.934400,0,0,1,1,0,0,0,1
2095,209.516800,209.523920,12.200196,0.007994376,0.5329514,6.5021980,1362.592000,1362.581000,0,0,1,1,0,0,0,1
2096,209.616800,209.623900,12.199612,0.007995316,0.5330086,6.5025040,1363.244400,1363.233600,0,0,1,1,0,0,0,1
2097,209.716900,209.724000,12.199220,0.007991564,0.5332376,6.5053100,1363.896000,1363.885200,0,0,1,1,0,0,0,1
2098,209.817160,209.824360,12.199808,0.007995004,0.5329896,6.5025640,1364.547600,1364.537000,0,0,1,1,0,0,0,1
2099,209.917000,209.924100,12.199416,0.008000630,0.5333710,6.5067760,1365.195600,1365.184800,0,0,1,1,0,0,0,1
2100,210.017240,210.024400,12.199024,0.008000004,0.5333138,6.5059220,1365.847200,1365.836800,0,0,1,1,0,0,0,1
2101,210.117000,210.124100,12.198636,0.008000936,0.5333902,6.5067160,1366.499000,1366.488400,0,0,1,1,0,0,0,1
2102,210.216760,210.223960,12.200004,0.007992190,0.5327988,6.5000620,1367.146800,1367.136000,0,0,1,1,0,0,0,1
2103,210.317320,210.324600,12.200196,0.007996564,0.5329896,6.5022590,1367.803000,1367.792000,0,0,1,1,0,0,0,1
2104,210.417000,210.424160,12.200004,0.007994690,0.5329704,6.5018920,1368.450400,1368.439600,0,0,1,1,0,0,0,1
2105,210.516800,210.523900,12.199024,0.007992812,0.5328370,6.5000020,1369.099200,1369.088400,0,0,1,1,0,0,0,1
2106,210.617320,210.624500,12.198830,0.007996250,0.5330850,6.5028700,1369.754000,1369.743200,0,0,1,1,0,0,0,1
2107,210.716900,210.724200,12.200004,0.007999690,0.5333138,6.5063480,1370.402000,1370.391200,0,0,1,1,0,0,0,1
2108,210.816840,210.824080,12.199808,0.007987812,0.5325128,6.5017700,1371.050000,1371.039200,0,0,1,1,0,0,0,1
2109,210.916800,210.924000,12.198830,0.007997190,0.5325890,6.4969500,1371.701200,1371.690800,0,0,1,1,0,0,0,1
2110,211.017080,211.024200,12.199612,0.007996564,0.5330850,6.5039700,1372.353600,1372.343000,0,0,1,1,0,0,0,1
2111,211.116800,211.123900,12.198830,0.007989064,0.5326082,6.4971320,1373.001000,1372.990400,0,0,1,1,0,0,0,1
2112,211.217360,211.224500,12.198830,0.007991876,0.5327798,6.4992080,1373.657600,1373.646800,0,0,1,1,0,0,0,1
2113,211.317040,211.324200,12.200004,0.007995940,0.5330660,6.5032960,1374.305000,1374.294000,0,0,1,1,0,0,0,1
2114,211.417200,211.424320,12.200196,0.007983440,0.5322266,6.5043340,1374.956000,1374.945600,0,0,1,1,0,0,0,1
2115,211.516800,211.523920,12.199220,0.007993440,0.5322458,6.4934700,1375.605000,1375.594400,0,0,1,1,0,0,0,1
2116,211.617160,211.624200,12.198636,0.007988128,0.5325318,6.4967660,1376.256400,1376.246000,0,0,1,1,0,0,0,1
2117,211.716900,211.724640,12.200784,0.008000936,0.5333710,6.5075700,1376.907600,1376.896800,0,0,1,1,0,0,0,1
2118,211.816800,211.823920,12.199808,0.008001250,0.5334092,6.5074470,1377.556400,1377.545600,0,0,1,1,0,0,0,1
2119,211.916840,211.924000,12.200196,0.007995004,0.5329896,6.5025040,1378.207000,1378.196400,0,0,1,1,0,0,0,1
2120,212.016840,212.023920,12.199024,0.008002816,0.5335046,6.5040900,1378.855600,1378.845000,0,0,1,1,0,0,0,1
2121,212.116800,212.123900,12.200196,0.007997504,0.5321884,6.4927380,1379.507000,1379.496400,0,0,1,1,0,0,0,1
2122,212.216800,212.224000,12.199416,0.007988128,0.5325318,6.4967660,1380.158400,1380.147600,0,0,1,1,0,0,0,1
2123,212.317320,212.324500,12.200004,0.008000936,0.5333902,6.5073260,1380.810800,1380.800000,0,0,1,1,0,0,0,1
2124,212.416840,212.424000,12.199612,0.007986564,0.5324174,6.4953010,1381.458000,1381.447600,0,0,1,1,0,0,0,1
2125,212.516800,212.523920,12.200196,0.007996250,0.5330850,6.5036020,1382.111000,1382.100400,0,0,1,1,0,0,0,1
2126,212.617320,212.624500,12.199220,0.008005002,0.5336572,6.5020140,1382.762000,1382.751000,0,0,1,1,0,0,0,1
2127,212.717600,212.724900,12.199220,0.007990628,0.5327036,6.4987190,1383.418000,1383.407600,0,0,1,1,0,0,0,1
2128,212.816800,212.824000,12.199612,0.007999376,0.5332756,6.5058600,1384.062800,1384.052000,0,0,1,1,0,0,0,1
2129,212.916840,212.924000,12.200390,0.007989380,0.5326082,6.4980480,1384.710000,1384.699200,0,0,1,1,0,0,0,1
2130,213.017080,213.024240,12.199808,0.007992504,0.5328370,6.5003660,1385.363000,1385.352000,0,0,1,1,0,0,0,1
2131,213.116840,213.124000,12.199808,0.007995004,0.5329896,6.5022590,1386.014000,1386.003000,0,0,1,1,0,0,0,1
2132,213.217300,213.224440,12.200590,0.007998750,0.5332376,6.5048860,1386.665000,1386.654400,0,0,1,1,0,0,0,1
2133,213.316800,213.323920,12.199220,0.008008440,0.5325510,6.4968260,1387.314000,1387.303200,0,0,1,1,0,0,0,1
2134,213.417000,213.424200,12.199220,0.007997504,0.5331612,6.5042760,1387.965600,1387.955000,0,0,1,1,0,0,0,1
2135,213.516800,213.524000,12.198440,0.007991564,0.5327608,6.4989020,1388.613600,1388.602800,0,0,1,1,0,0,0,1
2136,213.617400,213.624600,12.199416,0.007988128,0.5325318,6.4965220,1389.269000,1389.258400,0,0,1,1,0,0,0,1
2137,213.716900,213.724000,12.200004,0.007999064,0.5332756,6.5058600,1389.916000,1389.905600,0,0,1,1,0,0,0,1
2138,213.816800,213.824000,12.199416,0.007990312,0.5326844,6.4985360,1390.564000,1390.553200,0,0,1,1,0,0,0,1
2139,213.917200,213.924400,12.199612,0.007988128,0.5335046,6.5085480,1391.219000,1391.208000,0,0,1,1,0,0,0,1
2140,214.016760,214.023920,12.200590,0.008001250,0.5334092,6.5073260,1391.867600,1391.856800,0,0,1,1,0,0,0,1
2141,214.116840,214.123900,12.200196,0.007996876,0.5331040,6.5039700,1392.516400,1392.505600,0,0,1,1,0,0,0,1
2142,214.216800,214.223960,12.200590,0.007988752,0.5325700,6.4975620,1393.167000,1393.156400,0,0,1,1,0,0,0,1
2143,214.317100,214.324240,12.200196,0.007996564,0.5330850,6.5037840,1393.818400,1393.808000,0,0,1,1,0,0,0,1
2144,214.416840,214.424000,12.199416,0.007996250,0.5330660,6.5042760,1394.467000,1394.456000,0,0,1,1,0,0,0,1
2145,214.517000,214.524160,12.200004,0.007988752,0.5331230,6.5040290,1395.119000,1395.108000,0,0,1,1,0,0,0,1
2146,214.616800,214.624000,12.199612,0.007983440,0.5322076,6.4923100,1395.769600,1395.759000,0,0,1,1,0,0,0,1
2147,214.717100,214.724200,12.200196,0.007992190,0.5327988,6.5002440,1396.421000,1396.410400,0,0,1,1,0,0,0,1
2148,214.816840,214.824100,12.199808,0.007991252,0.5327226,6.4992080,1397.070000,1397.059200,0,0,1,1,0,0,0,1
2149,214.916900,214.924040,12.200390,0.007991876,0.5327798,6.5001840,1397.721600,1397.710800,0,0,1,1,0,0,0,1
2150,215.016840,215.024000,12.198636,0.007992812,0.5328370,6.5037840,1398.373000,1398.362400,0,0,1,1,0,0,0,1
2151,215.116840,215.124000,12.200004,0.007988128,0.5329704,6.5012820,1399.021000,1399.010400,0,0,1,1,0,0,0,1
2152,215.216800,215.224000,12.199024,0.007995004,0.5329896,6.5023200,1399.672000,1399.661200,0,0,1,1,0,0,0,1
2153,215.317160,215.324300,12.198636,0.007993750,0.5329132,6.5007340,1400.324400,1400.313600,0,0,1,1,0,0,0,1
2154,215.416900,215.424040,12.198440,0.007994064,0.5329324,6.5009180,1400.972000,1400.961000,0,0,1,1,0,0,0,1
2155,215.517300,215.524500,12.199416,0.007999690,0.5332948,6.5058010,1401.627600,1401.617000,0,0,1,1,0,0,0,1
2156,215.616800,215.623900,12.200004,0.007999690,0.5333138,6.5024440,1402.272000,1402.261600,0,0,1,1,0,0,0,1
2157,215.717200,215.724300,12.199416,0.007989690,0.5330850,6.5033600,1402.927600,1402.916800,0,0,1,1,0,0,0,1
2158,215.821600,215.828900,12.199808,0.007985314,0.5323410,6.4943240,1403.607600,1403.597000,0,0,1,1,0,0,0,1
2159,215.917240,215.924480,12.200004,0.007985314,0.5323602,6.4947520,1404.226800,1404.216000,0,0,1,1,0,0,0,1
2160,216.017080,216.024200,12.199024,0.007991876,0.5327798,6.4993300,1404.878000,1404.867600,0,0,1,1,0,0,0,1
2161,216.116840,216.123900,12.200196,0.008007500,0.5338098,6.5126350,1405.527000,1405.516400,0,0,1,1,0,0,0,1
2162,216.217240,216.224300,12.200004,0.007993750,0.5333138,6.5059220,1406.178400,1406.167600,0,0,1,1,0,0,0,1
2163,216.316900,216.324080,12.199612,0.007991876,0.5330468,6.5031140,1406.826400,1406.815600,0,0,1,1,0,0,0,1
2164,216.416900,216.424040,12.199808,0.007994690,0.5329514,6.5017100,1407.478000,1407.467600,0,0,1,1,0,0,0,1
2165,216.516800,216.523920,12.199024,0.008001250,0.5334092,6.5069580,1408.130000,1408.119200,0,0,1,1,0,0,0,1
2166,216.617160,216.624360,12.199220,0.007992504,0.5328180,6.5000020,1408.781600,1408.770800,0,0,1,1,0,0,0,1
2167,216.716760,216.723900,12.199220,0.007993440,0.5328942,6.5007940,1409.430400,1409.419600,0,0,1,1,0,0,0,1
2168,216.816800,216.824000,12.199808,0.007992812,0.5328370,6.5009780,1410.081000,1410.070400,0,0,1,1,0,0,0,1
2169,216.916840,216.924160,12.199220,0.007999064,0.5330850,6.5032360,1410.734000,1410.723200,0,0,1,1,0,0,0,1
2170,217.016800,217.023920,12.199808,0.008000630,0.5333520,6.5067760,1411.382000,1411.371200,0,0,1,1,0,0,0,1
2171,217.117200,217.124360,12.199220,0.008003750,0.5335618,6.5090340,1412.033200,1412.022400,0,0,1,1,0,0,0,1
2172,217.221760,217.229000,12.199808,0.007985628,0.5323602,6.4942040,1412.714400,1412.704000,0,0,1,1,0,0,0,1
2173,217.316840,217.324000,12.198830,0.007995316,0.5330278,6.5021980,1413.333000,1413.322400,0,0,1,1,0,0,0,1
2174,217.417300,217.424480,12.200196,0.008001564,0.5325128,6.4963400,1413.988400,1413.977600,0,0,1,1,0,0,0,1
2175,217.517080,217.524200,12.199416,0.007993124,0.5325890,6.4972560,1414.637000,1414.626000,0,0,1,1,0,0,0,1
2176,217.616840,217.624000,12.200196,0.007997190,0.5331230,6.5036640,1415.285000,1415.274000,0,0,1,1,0,0,0,1
2177,217.717080,217.724200,12.199808,0.007993124,0.5328560,6.5007940,1415.935600,1415.925000,0,0,1,1,0,0,0,1
2178,217.816840,217.824000,12.200590,0.007991252,0.5327226,6.4995120,1416.584000,1416.573200,0,0,1,1,0,0,0,1
2179,217.917200,217.924320,12.199612,0.007999376,0.5332948,6.5058600,1417.239200,1417.228800,0,0,1,1,0,0,0,1
2180,218.016800,218.023920,12.199416,0.007997504,0.5331612,6.5058010,1417.887600,1417.876800,0,0,1,1,0,0,0,1
2181,218.116800,218.123900,12.199416,0.007999376,0.5336380,6.5101940,1418.535200,1418.524800,0,0,1,1,0,0,0,1
2182,218.217200,218.224300,12.199612,0.007995940,0.5330660,6.5030540,1419.191000,1419.180400,0,0,1,1,0,0,0,1
2183,218.316840,218.324000,12.199416,0.007993750,0.5329132,6.5011000,1419.838000,1419.827200,0,0,1,1,0,0,0,1
2184,218.417100,218.424200,12.199416,0.008000004,0.5333138,6.5061660,1420.490400,1420.479600,0,0,1,1,0,0,0,1
2185,218.516840,218.523920,12.198636,0.007993124,0.5328560,6.5001220,1421.138000,1421.127000,0,0,1,1,0,0,0,1
2186,218.616840,218.629000,12.199612,0.008001876,0.5334474,6.4985360,1421.823000,1421.812000,0,0,1,1,0,0,0,1
2187,218.716800,218.723960,12.199024,0.007998124,0.5328752,6.5004280,1422.438000,1422.427600,0,0,1,1,0,0,0,1
2188,218.816800,218.823920,12.199220,0.007991564,0.5327608,6.4993920,1423.089000,1423.078400,0,0,1,1,0,0,0,1
2189,218.917300,218.924600,12.198830,0.007994376,0.5329324,6.5012240,1423.744400,1423.733600,0,0,1,1,0,0,0,1
2190,219.017000,219.024200,12.200196,0.007981568,0.5320932,6.4915160,1424.393000,1424.382000,0,0,1,1,0,0,0,1
2191,219.116840,219.124040,12.199024,0.007996876,0.5331230,6.5034180,1425.040800,1425.030000,0,0,1,1,0,0,0,1
2192,219.216800,219.224000,12.198830,0.007995004,0.5329896,6.5045800,1425.691600,1425.681000,0,0,1,1,0,0,0,1
2193,219.317100,219.324300,12.198636,0.007991564,0.5327608,6.4991460,1426.343000,1426.332000,0,0,1,1,0,0,0,1
2194,219.416900,219.424000,12.199416,0.007993440,0.5328942,6.5002440,1426.992000,1426.981000,0,0,1,1,0,0,0,1
2195,219.517000,219.524160,12.199612,0.007990940,0.5327226,6.4989640,1427.643200,1427.632400,0,0,1,1,0,0,0,1
2196,219.616840,219.623900,12.199416,0.008000630,0.5333520,6.5065920,1428.291000,1428.280400,0,0,1,1,0,0,0,1
2197,219.717200,219.724240,12.200196,0.007993750,0.5328942,6.5014660,1428.947000,1428.936000,0,0,1,1,0,0,0,1
2198,219.816800,219.824000,12.199612,0.007997504,0.5331612,6.5053100,1429.594000,1429.583000,0,0,1,1,0,0,0,1
2199,219.917240,219.924480,12.199612,0.007997816,0.5331804,6.5044560,1430.246400,1430.235600,0,0,1,1,0,0,0,1
2200,220.017080,220.024240,12.198830,0.008001876,0.5334474,6.5073860,1430.898000,1430.887600,0,0,1,1,0,0,0,1
2201,220.116840,220.124000,12.198830,0.007993124,0.5328560,6.5001840,1431.546000,1431.535200,0,0,1,1,0,0,0,1
2202,220.217200,220.224300,12.200196,0.008002504,0.5335046,6.5087280,1432.197600,1432.186800,0,0,1,1,0,0,0,1
2203,220.316840,220.323920,12.198636,0.007999064,0.5332566,6.5049440,1432.846000,1432.835000,0,0,1,1,0,0,0,1
2204,220.416840,220.424040,12.199220,0.007998750,0.5332566,6.5010380,1433.498000,1433.487600,0,0,1,1,0,0,0,1
2205,220.516840,220.523920,12.200590,0.007995004,0.5330850,6.5032960,1434.150000,1434.139200,0,0,1,1,0,0,0,1
2206,220.617320,220.624500,12.200196,0.007991252,0.5327416,6.4993920,1434.802400,1434.791600,0,0,1,1,0,0,0,1
2207,220.717000,220.724160,12.200390,0.007996250,0.5330660,6.5036020,1435.451000,1435.440000,0,0,1,1,0,0,0,1
2208,220.817040,220.824240,12.199808,0.007992190,0.5328180,6.5001220,1436.101600,1436.091000,0,0,1,1,0,0,0,1
2209,220.916900,220.924100,12.199808,0.007993440,0.5328942,6.5010380,1436.750000,1436.739200,0,0,1,1,0,0,0,1
2210,221.016800,221.023920,12.200004,0.007996876,0.5331040,6.5018340,1437.402000,1437.391200,0,0,1,1,0,0,0,1
2211,221.116800,221.123900,12.199416,0.007999376,0.5327798,6.4989020,1438.053200,1438.042800,0,0,1,1,0,0,0,1
2212,221.216800,221.224000,12.200004,0.007978128,0.5318642,6.4886480,1438.701200,1438.690800,0,0,1,1,0,0,0,1
2213,221.316840,221.324080,12.199416,0.007996250,0.5330660,6.5030540,1439.353600,1439.343000,0,0,1,1,0,0,0,1
2214,221.417200,221.424400,12.200196,0.007994376,0.5329514,6.5021380,1440.005000,1439.994400,0,0,1,1,0,0,0,1
2215,221.516900,221.524100,12.199612,0.007997190,0.5331230,6.5038460,1440.654000,1440.643200,0,0,1,1,0,0,0,1
2216,221.617160,221.624400,12.200196,0.007991564,0.5329896,6.5020140,1441.309000,1441.298000,0,0,1,1,0,0,0,1
2217,221.716800,221.724000,12.200004,0.007994376,0.5332756,6.5061060,1441.957000,1441.946400,0,0,1,1,0,0,0,1
2218,221.816840,221.824000,12.200390,0.007990312,0.5326844,6.4987820,1442.605000,1442.594400,0,0,1,1,0,0,0,1
2219,221.916840,221.924000,12.199612,0.007992504,0.5328180,6.5001840,1443.257000,1443.246400,0,0,1,1,0,0,0,1
2220,222.017200,222.024400,12.200590,0.007995004,0.5329896,6.5027500,1443.908400,1443.897600,0,0,1,1,0,0,0,1
2221,222.116800,222.123900,12.199024,0.007987500,0.5324936,6.4959120,1444.556000,1444.545000,0,0,1,1,0,0,0,1
2222,222.216920,222.224100,12.198830,0.007994690,0.5325128,6.4959120,1445.208000,1445.197600,0,0,1,1,0,0,0,1
2223,222.316840,222.324000,12.199220,0.007986564,0.5330278,6.5024440,1445.859600,1445.849000,0,0,1,1,0,0,0,1
2224,222.416840,222.424040,12.198636,0.007995004,0.5329896,6.5015880,1446.507000,1446.496400,0,0,1,1,0,0,0,1
2225,222.516800,222.523900,12.199416,0.007994376,0.5329514,6.5018340,1447.158400,1447.147600,0,0,1,1,0,0,0,1
2226,222.616840,222.624000,12.200196,0.007999376,0.5332756,6.5060440,1447.810800,1447.800000,0,0,1,1,0,0,0,1
2227,222.717300,222.724440,12.199612,0.008000004,0.5333330,6.5063480,1448.462000,1448.451200,0,0,1,1,0,0,0,1
2228,222.817040,222.824240,12.199612,0.007993750,0.5331804,6.5043340,1449.114400,1449.103600,0,0,1,1,0,0,0,1
2229,222.916960,222.924480,12.199220,0.007998438,0.5332184,6.5044560,1449.766000,1449.755000,0,0,1,1,0,0,0,1
2230,223.016800,223.024100,12.199808,0.007992812,0.5328370,6.5005500,1450.413200,1450.402400,0,0,1,1,0,0,0,1
2231,223.116840,223.124000,12.198636,0.007995316,0.5330086,6.5020140,1451.062000,1451.051600,0,0,1,1,0,0,0,1
2232,223.216900,223.224100,12.199416,0.007993124,0.5328752,6.5006720,1451.713000,1451.702400,0,0,1,1,0,0,0,1
2233,223.316840,223.323920,12.198636,0.007995316,0.5330278,6.5020760,1452.361600,1452.351000,0,0,1,1,0,0,0,1
2234,223.416900,223.424040,12.199416,0.007994690,0.5330850,6.5035400,1453.013000,1453.002000,0,0,1,1,0,0,0,1
2235,223.517200,223.524240,12.198830,0.007991252,0.5327416,6.4990240,1453.664400,1453.653600,0,0,1,1,0,0,0,1
2236,223.616800,223.623900,12.199612,0.007996564,0.5330850,6.5034800,1454.313000,1454.302400,0,0,1,1,0,0,0,1
2237,223.717240,223.724440,12.199612,0.007989690,0.5326272,6.4978660,1454.968400,1454.957600,0,0,1,1,0,0,0,1
2238,223.817040,223.824240,12.199416,0.007997504,0.5331612,6.5042120,1455.617000,1455.606000,0,0,1,1,0,0,0,1
2239,223.916900,223.924040,12.199416,0.007984376,0.5322838,6.4935940,1456.268000,1456.257000,0,0,1,1,0,0,0,1
2240,224.016800,224.023920,12.199612,0.007997190,0.5323410,6.4941420,1456.916000,1456.905600,0,0,1,1,0,0,0,1
2241,224.117200,224.124400,12.199808,0.007995624,0.5330278,6.5025640,1457.571600,1457.560800,0,0,1,1,0,0,0,1
2242,224.216900,224.224000,12.199024,0.007997190,0.5331230,6.5036020,1458.220400,1458.209600,0,0,1,1,0,0,0,1
2243,224.316840,224.324000,12.200390,0.007987812,0.5325128,6.4969500,1458.867600,1458.856800,0,0,1,1,0,0,0,1
2244,224.417300,224.424480,12.199416,0.007995004,0.5329896,6.5020760,1459.523600,1459.513000,0,0,1,1,0,0,0,1
2245,224.516900,224.524100,12.198830,0.007999690,0.5332948,6.5056160,1460.172400,1460.162000,0,0,1,1,0,0,0,1
2246,224.617200,224.624300,12.198440,0.007990628,0.5331804,6.5043960,1460.823200,1460.812800,0,0,1,1,0,0,0,1
2247,224.716900,224.724000,12.198830,0.007995940,0.5329324,6.5017700,1461.471600,1461.460800,0,0,1,1,0,0,0,1
2248,224.817100,224.824240,12.199416,0.008000936,0.5333902,6.5070220,1462.123000,1462.112400,0,0,1,1,0,0,0,1
2249,224.917000,224.924160,12.200196,0.007983440,0.5322266,6.4931640,1462.775000,1462.764400,0,0,1,1,0,0,0,1
2250,225.017240,225.024500,12.199220,0.007992190,0.5327988,6.4997560,1463.426000,1463.415000,0,0,1,1,0,0,0,1
2251,225.116840,225.124040,12.199416,0.007996250,0.5330850,6.5032960,1464.074400,1464.063600,0,0,1,1,0,0,0,1
2252,225.216900,225.224000,12.199220,0.007985940,0.5332376,6.5055540,1464.722000,1464.711000,0,0,1,1,0,0,0,1
2253,225.317000,225.324100,12.200196,0.008005628,0.5336952,6.5114140,1465.374000,1465.363600,0,0,1,1,0,0,0,1
2254,225.416840,225.424000,12.200004,0.007988128,0.5325128,6.4967040,1466.025600,1466.015000,0,0,1,1,0,0,0,1
2255,225.516800,225.524000,12.200004,0.007980628,0.5320360,6.4907240,1466.674000,1466.663200,0,0,1,1,0,0,0,1
2256,225.617000,225.624300,12.198830,0.008004064,0.5336000,6.5091580,1467.329200,1467.318400,0,0,1,1,0,0,0,1
2257,225.717300,225.724500,12.199416,0.007994690,0.5329704,6.5017700,1467.980800,1467.970000,0,0,1,1,0,0,0,1
2258,225.816840,225.824000,12.198830,0.007994376,0.5332566,6.5051280,1468.625000,1468.614400,0,0,1,1,0,0,0,1
2259,225.916840,225.924040,12.199808,0.007999064,0.5332756,6.5058010,1469.277000,1469.266400,0,0,1,1,0,0,0,1
2260,226.016760,226.023900,12.199220,0.007970004,0.5313112,6.4816300,1469.924000,1469.913200,0,0,1,1,0,0,0,1
2261,226.117160,226.124300,12.199808,0.007974690,0.5316354,6.4859020,1470.578400,1470.567600,0,0,1,1,0,0,0,1
2262,226.216900,226.224000,12.199416,0.007984688,0.5323030,6.4938360,1471.225000,1471.214000,0,0,1,1,0,0,0,1
2263,226.317100,226.324200,12.198830,0.007977502,0.5318260,6.4877320,1471.875000,1471.864400,0,0,1,1,0,0,0,1
2264,226.416840,226.424000,12.199612,0.007996564,0.5320740,6.4910280,1472.522400,1472.512000,0,0,1,1,0,0,0,1
2265,226.517240,226.524400,12.199612,0.007977190,0.5318070,6.4879160,1473.177000,1473.166000,0,0,1,1,0,0,0,1
2266,226.616800,226.623900,12.199416,0.007978128,0.5318642,6.4884060,1473.825000,1473.814000,0,0,1,1,0,0,0,1
2267,226.717240,226.724400,12.199220,0.007980000,0.5319978,6.4898680,1474.475000,1474.464000,0,0,1,1,0,0,0,1
2268,226.816840,226.824000,12.199612,0.007987500,0.5324746,6.4960360,1475.121200,1475.110400,0,0,1,1,0,0,0,1
2269,226.916800,226.923900,12.200196,0.007980316,0.5319978,6.4905420,1475.771600,1475.761000,0,0,1,1,0,0,0,1
2270,227.016800,227.023920,12.200390,0.007985940,0.5321884,6.4924320,1476.419000,1476.408400,0,0,1,1,0,0,0,1
2271,227.117000,227.124200,12.200980,0.007988440,0.5325510,6.4969500,1477.073200,1477.062800,0,0,1,1,0,0,0,1
2272,227.217300,227.224500,12.199612,0.007977502,0.5318260,6.4881600,1477.724400,1477.713600,0,0,1,1,0,0,0,1
2273,227.316840,227.324080,12.200390,0.007980628,0.5320168,6.4908480,1478.371000,1478.360000,0,0,1,1,0,0,0,1
2274,227.417300,227.424500,12.199024,0.007973750,0.5315782,6.4847440,1479.021600,1479.011000,0,0,1,1,0,0,0,1
2275,227.516760,227.523900,12.199612,0.007979376,0.5319406,6.4894420,1479.668000,1479.657600,0,0,1,1,0,0,0,1
2276,227.616800,227.623900,12.199220,0.007979064,0.5318834,6.4888320,1480.315600,1480.305000,0,0,1,1,0,0,0,1
2277,227.717240,227.724440,12.200196,0.007975316,0.5316926,6.4862060,1480.970000,1480.959000,0,0,1,1,0,0,0,1
2278,227.816900,227.824000,12.199024,0.007988128,0.5325318,6.4963400,1481.618000,1481.607000,0,0,1,1,0,0,0,1
2279,227.917300,227.924500,12.200390,0.007977816,0.5318452,6.4886480,1482.268000,1482.257000,0,0,1,1,0,0,0,1
2280,228.016840,228.024000,12.199612,0.007990312,0.5326844,6.4984760,1482.914400,1482.903600,0,0,1,1,0,0,0,1
2281,228.116840,228.124000,12.199220,0.007984376,0.5322838,6.4933480,1483.566000,1483.555200,0,0,1,1,0,0,0,1
2282,228.217200,228.224400,12.198636,0.008001564,0.5331230,6.5041520,1484.216400,1484.205600,0,0,1,1,0,0,0,1
2283,228.316900,228.324080,12.200590,0.007995940,0.5330468,6.5032960,1484.865000,1484.854000,0,0,1,1,0,0,0,1
2284,228.417240,228.424480,12.199024,0.007995624,0.5330278,6.5023820,1485.519600,1485.509000,0,0,1,1,0,0,0,1
2285,228.517240,228.524400,12.199416,0.007991564,0.5327608,6.4993300,1486.168400,1486.158000,0,0,1,1,0,0,0,1
2286,228.616840,228.624000,12.199612,0.007984376,0.5322838,6.4935940,1486.816000,1486.805200,0,0,1,1,0,0,0,1
2287,228.716800,228.723960,12.198440,0.007999064,0.5332566,6.5048220,1487.468400,1487.457600,0,0,1,1,0,0,0,1
2288,228.816840,228.824080,12.200004,0.007996564,0.5328370,6.5005500,1488.119200,1488.108400,0,0,1,1,0,0,0,1
2289,228.916840,228.924040,12.199808,0.007992504,0.5328370,6.5000620,1488.768000,1488.757000,0,0,1,1,0,0,0,1
2290,229.016800,229.023920,12.200004,0.007999376,0.5332948,6.5060440,1489.419000,1489.408400,0,0,1,1,0,0,0,1
2291,229.116840,229.124040,12.200196,0.007992504,0.5328370,6.5005500,1490.070400,1490.059600,0,0,1,1,0,0,0,1
2292,229.216900,229.224100,12.200196,0.007997190,0.5331230,6.5042120,1490.718000,1490.707000,0,0,1,1,0,0,0,1
2293,229.317300,229.324400,12.199808,0.007992504,0.5328180,6.5002440,1491.373600,1491.363000,0,0,1,1,0,0,0,1
2294,229.416840,229.424000,12.200390,0.007991876,0.5325128,6.4963400,1492.021600,1492.011000,0,0,1,1,0,0,0,1
2295,229.517300,229.524440,12.199808,0.007993124,0.5328560,6.5004890,1492.673600,1492.663000,0,0,1,1,0,0,0,1
2296,229.616840,229.624000,12.199808,0.007991252,0.5327416,6.4992680,1493.322000,1493.311000,0,0,1,1,0,0,0,1
2297,229.717300,229.729480,12.199612,0.007990000,0.5326654,6.4981080,1494.005600,1493.995000,0,0,1,1,0,0,0,1
2298,229.816800,229.824000,12.200196,0.007999690,0.5332948,6.5064120,1494.621000,1494.610000,0,0,1,1,0,0,0,1
2299,229.917100,229.924200,12.200390,0.007980628,0.5320360,6.4909060,1495.271600,1495.261000,0,0,1,1,0,0,0,1
2300,230.016760,230.023920,12.199024,0.007993750,0.5331230,6.5035400,1495.923000,1495.912400,0,0,1,1,0,0,0,1
2301,230.117300,230.124400,12.200590,0.007995004,0.5329896,6.5026860,1496.574400,1496.563600,0,0,1,1,0,0,0,1
2302,230.216800,230.223960,12.199808,0.007988752,0.5325890,6.4973160,1497.223200,1497.212400,0,0,1,1,0,0,0,1
2303,230.316840,230.324000,12.199416,0.007992812,0.5328560,6.5004280,1497.874000,1497.863600,0,0,1,1,0,0,0,1
2304,230.417200,230.424300,12.199220,0.007993750,0.5328942,6.5009180,1498.525600,1498.515000,0,0,1,1,0,0,0,1
2305,230.516800,230.523920,12.200196,0.008002816,0.5335046,6.5088520,1499.173000,1499.162400,0,0,1,1,0,0,0,1
2306,230.616840,230.624000,12.199220,0.007993440,0.5328180,6.4998180,1499.826000,1499.815000,0,0,1,1,0,0,0,1
2307,230.716900,230.724100,12.199220,0.007995316,0.5330278,6.5026860,1500.476800,1500.466000,0,0,1,1,0,0,0,1
2308,230.816840,230.824080,12.200004,0.007990312,0.5326844,6.4986580,1501.124800,1501.114000,0,0,1,1,0,0,0,1
2309,230.916900,230.924100,12.200004,0.007994690,0.5329704,6.5021980,1501.775600,1501.765000,0,0,1,1,0,0,0,1
2310,231.016800,231.023920,12.199612,0.007994690,0.5329704,6.5019540,1502.424000,1502.413200,0,0,1,1,0,0,0,1
2311,231.117320,231.124520,12.200004,0.007990000,0.5326462,6.4982300,1503.079200,1503.068400,0,0,1,1,0,0,0,1
2312,231.217000,231.224240,12.199416,0.007991564,0.5331040,6.5036640,1503.728000,1503.717600,0,0,1,1,0,0,0,1
2313,231.316800,231.324000,12.200196,0.007991252,0.5327416,6.4991460,1504.375000,1504.364400,0,0,1,1,0,0,0,1
2314,231.417300,231.424400,12.199024,0.007989064,0.5325890,6.4970100,1505.031000,1505.020000,0,0,1,1,0,0,0,1
2315,231.516800,231.523920,12.199220,0.007996250,0.5330660,6.5029920,1505.679000,1505.668000,0,0,1,1,0,0,0,1
2316,231.616900,231.624000,12.199220,0.007990000,0.5326462,6.4978660,1506.326400,1506.315600,0,0,1,1,0,0,0,1
2317,231.717100,231.724240,12.199808,0.007987500,0.5324936,6.4963400,1506.982000,1506.971600,0,0,1,1,0,0,0,1
2318,231.816800,231.823920,12.200784,0.007990000,0.5328752,6.5007940,1507.630000,1507.619200,0,0,1,1,0,0,0,1
2319,231.917000,231.924160,12.198636,0.007993124,0.5328752,6.5006720,1508.281600,1508.270800,0,0,1,1,0,0,0,1
2320,232.016800,232.023920,12.199808,0.007992190,0.5327988,6.5000620,1508.930000,1508.919000,0,0,1,1,0,0,0,1
2321,232.117200,232.124300,12.199612,0.007995940,0.5330468,6.5029300,1509.581600,1509.571000,0,0,1,1,0,0,0,1
2322,232.216800,232.224000,12.199416,0.007991252,0.5327416,6.4990240,1510.232400,1510.222000,0,0,1,1,0,0,0,1
2323,232.317200,232.324400,12.199612,0.007995624,0.5330278,6.5027500,1510.885200,1510.874800,0,0,1,1,0,0,0,1
2324,232.416840,232.424040,12.201368,0.007995940,0.5336572,6.5104980,1511.533000,1511.522000,0,0,1,1,0,0,0,1
2325,232.517300,232.529500,12.199612,0.008000004,0.5333330,6.5068360,1512.217000,1512.206000,0,0,1,1,0,0,0,1
2326,232.616840,232.624000,12.199024,0.007986564,0.5324174,6.4949960,1512.832000,1512.821600,0,0,1,1,0,0,0,1
2327,232.716800,232.723960,12.199808,0.007978440,0.5318834,6.4888320,1513.484000,1513.473200,0,0,1,1,0,0,0,1
2328,232.817320,232.824520,12.198244,0.007991564,0.5327608,6.4986580,1514.139000,1514.128000,0,0,1,1,0,0,0,1
2329,232.917160,232.924300,12.199416,0.007994064,0.5329324,6.5013440,1514.787000,1514.776000,0,0,1,1,0,0,0,1
2330,233.016800,233.024000,12.200196,0.007996564,0.5326654,6.4978660,1515.434800,1515.424000,0,0,1,1,0,0,0,1
2331,233.116840,233.124000,12.199220,0.008004064,0.5335808,6.5094640,1516.086000,1516.075200,0,0,1,1,0,0,0,1
2332,233.217300,233.224500,12.200590,0.007993440,0.5328942,6.5015880,1516.738000,1516.727000,0,0,1,1,0,0,0,1
2333,233.316840,233.323920,12.199220,0.007991876,0.5327798,6.4993920,1517.386000,1517.375000,0,0,1,1,0,0,0,1
2334,233.416840,233.424040,12.200196,0.007993750,0.5329132,6.5015880,1518.037200,1518.026400,0,0,1,1,0,0,0,1
2335,233.516800,233.523920,12.198830,0.007992190,0.5327988,6.4993920,1518.684800,1518.674000,0,0,1,1,0,0,0,1
2336,233.617200,233.624360,12.200196,0.007991252,0.5330850,6.5029920,1519.340000,1519.329200,0,0,1,1,0,0,0,1
2337,233.716800,233.723960,12.199416,0.007984376,0.5322838,6.4934080,1519.988400,1519.977600,0,0,1,1,0,0,0,1
2338,233.816800,233.824000,12.199220,0.007995004,0.5329896,6.5020760,1520.636400,1520.625600,0,0,1,1,0,0,0,1
2339,233.921400,233.928700,12.200196,0.007980940,0.5326272,6.4974380,1521.316800,1521.306000,0,0,1,1,0,0,0,1
2340,234.017000,234.024160,12.199808,0.007992504,0.5328370,6.5003660,1521.938800,1521.928000,0,0,1,1,0,0,0,1
2341,234.116800,234.123900,12.200196,0.007995624,0.5330278,6.5029300,1522.587600,1522.577000,0,0,1,1,0,0,0,1
2342,234.217240,234.224440,12.199808,0.007996250,0.5327988,6.4995740,1523.242400,1523.231600,0,0,1,1,0,0,0,1
2343,234.317040,234.324200,12.200196,0.007985314,0.5323602,6.4940800,1523.890000,1523.879000,0,0,1,1,0,0,0,1
2344,234.416840,234.424000,12.199024,0.007989380,0.5326272,6.4974380,1524.538000,1524.527000,0,0,1,1,0,0,0,1
2345,234.517080,234.524200,12.199808,0.007990940,0.5327226,6.4989640,1525.188800,1525.178000,0,0,1,1,0,0,0,1
2346,234.616840,234.624000,12.199612,0.007996250,0.5330660,6.5031740,1525.840000,1525.829200,0,0,1,1,0,0,0,1
2347,234.717000,234.724200,12.199808,0.007987812,0.5325128,6.4965220,1526.492400,1526.481600,0,0,1,1,0,0,0,1
2348,234.816800,234.823920,12.200590,0.007987500,0.5331040,6.5033600,1527.140400,1527.129600,0,0,1,1,0,0,0,1
2349,234.917000,234.924160,12.199024,0.007990628,0.5327036,6.4988420,1527.791000,1527.780400,0,0,1,1,0,0,0,1
2350,235.016840,235.023920,12.199612,0.007992504,0.5328180,6.5001220,1528.439600,1528.429000,0,0,1,1,0,0,0,1
2351,235.116840,235.123900,12.200784,0.007989690,0.5326272,6.4985360,1529.091600,1529.080800,0,0,1,1,0,0,0,1
2352,235.219100,235.226600,12.200004,0.007999690,0.5328180,6.4996340,1529.758000,1529.747200,0,0,1,1,0,0,0,1
2353,235.318760,235.325960,12.199612,0.007996250,0.5329704,6.5017700,1530.405600,1530.394800,0,0,1,1,0,0,0,1
2354,235.416840,235.424000,12.199808,0.007986880,0.5323792,6.4948740,1531.043000,1531.032400,0,0,1,1,0,0,0,1
2355,235.517240,235.524400,12.199416,0.007993440,0.5328942,6.5012240,1531.699000,1531.688000,0,0,1,1,0,0,0,1
2356,235.616800,235.624000,12.199612,0.007992190,0.5327988,6.4998180,1532.342000,1532.331000,0,0,1,1,0,0,0,1
2357,235.717080,235.724200,12.199808,0.007999376,0.5332756,6.5059220,1532.997600,1532.987000,0,0,1,1,0,0,0,1
2358,235.816800,235.824000,12.199024,0.007997816,0.5331804,6.5041520,1533.645600,1533.635000,0,0,1,1,0,0,0,1
2359,235.916840,235.924040,12.200196,0.007988752,0.5325700,6.4974380,1534.297000,1534.286400,0,0,1,1,0,0,0,1
2360,236.016840,236.024100,12.199416,0.007996876,0.5331040,6.5033600,1534.945600,1534.934800,0,0,1,1,0,0,0,1
2361,236.116840,236.124000,12.200004,0.007994376,0.5329514,6.5020760,1535.597200,1535.586800,0,0,1,1,0,0,0,1
2362,236.216760,236.223960,12.200196,0.007997504,0.5331612,6.5046400,1536.245200,1536.234800,0,0,1,1,0,0,0,1
2363,236.316840,236.324000,12.199612,0.007993750,0.5329132,6.5012240,1536.896800,1536.886000,0,0,1,1,0,0,0,1
2364,236.417160,236.424200,12.199612,0.007997504,0.5331422,6.5041520,1537.549000,1537.538400,0,0,1,1,0,0,0,1
2365,236.516800,236.523920,12.200004,0.007986564,0.5324174,6.4954840,1538.196400,1538.185600,0,0,1,1,0,0,0,1
2366,236.616840,236.624000,12.199220,0.007992812,0.5326654,6.4980480,1538.848000,1538.837000,0,0,1,1,0,0,0,1
2367,236.722200,236.729480,12.199416,0.007987500,0.5324936,6.4962160,1539.535200,1539.524800,0,0,1,1,0,0,0,1
2368,236.816840,236.824080,12.198830,0.007982190,0.5321504,6.4914580,1540.150800,1540.140000,0,0,1,1,0,0,0,1
2369,236.916840,236.924000,12.200196,0.007996876,0.5331040,6.5040900,1540.799000,1540.788400,0,0,1,1,0,0,0,1
2370,237.017240,237.024440,12.199220,0.007986564,0.5324364,6.4952400,1541.455000,1541.444000,0,0,1,1,0,0,0,1
2371,237.116840,237.124000,12.199808,0.007992504,0.5328180,6.5003080,1542.101600,1542.091000,0,0,1,1,0,0,0,1
2372,237.217240,237.224300,12.200590,0.007991876,0.5327036,6.4991460,1542.753600,1542.743000,0,0,1,1,0,0,0,1
2373,237.316840,237.324100,12.199220,0.007995624,0.5330278,6.5021380,1543.401600,1543.391000,0,0,1,1,0,0,0,1
2374,237.416900,237.424040,12.199612,0.007993750,0.5328942,6.5011000,1544.053000,1544.042000,0,0,1,1,0,0,0,1
2375,237.517240,237.524400,12.199612,0.007996564,0.5330850,6.5034800,1544.705000,1544.694000,0,0,1,1,0,0,0,1
2376,237.616840,237.623900,12.200004,0.007993440,0.5328942,6.5011600,1545.353000,1545.342400,0,0,1,1,0,0,0,1
2377,237.717240,237.724300,12.199612,0.007988128,0.5325318,6.5014040,1546.004000,1545.993200,0,0,1,1,0,0,0,1
2378,237.816800,237.823920,12.199416,0.007992190,0.5326272,6.4975620,1546.652000,1546.641200,0,0,1,1,0,0,0,1
2379,237.916840,237.924040,12.198636,0.007991252,0.5327416,6.4992080,1547.304400,1547.293600,0,0,1,1,0,0,0,1
2380,238.016840,238.023920,12.198636,0.007988128,0.5325318,6.4962160,1547.955600,1547.945000,0,0,1,1,0,0,0,1
2381,238.116840,238.124040,12.200196,0.007999064,0.5332566,6.5057380,1548.603000,1548.592400,0,0,1,1,0,0,0,1
2382,238.216900,238.224000,12.200004,0.007998750,0.5332376,6.5055540,1549.254800,1549.244000,0,0,1,1,0,0,0,1
2383,238.317200,238.324360,12.199416,0.007986564,0.5324364,6.4992680,1549.906400,1549.895600,0,0,1,1,0,0,0,1
2384,238.416960,238.424100,12.199612,0.007992504,0.5333710,6.5062880,1550.558400,1550.547600,0,0,1,1,0,0,0,1
2385,238.516800,238.524000,12.199220,0.007992190,0.5327988,6.5000020,1551.205200,1551.194400,0,0,1,1,0,0,0,1
2386,238.617200,238.624400,12.199612,0.007994376,0.5329514,6.5018340,1551.857000,1551.846400,0,0,1,1,0,0,0,1
2387,238.716760,238.723960,12.199808,0.007998438,0.5332184,6.5051280,1552.505000,1552.494400,0,0,1,1,0,0,0,1
2388,238.816840,238.824000,12.200390,0.007995940,0.5330660,6.5034800,1553.156400,1553.145600,0,0,1,1,0,0,0,1
2389,238.917100,238.924200,12.199220,0.007981876,0.5321122,6.5009180,1553.809000,1553.798000,0,0,1,1,0,0,0,1
2390,239.016840,239.024000,12.199024,0.007992812,0.5321312,6.4918830,1554.456000,1554.445600,0,0,1,1,0,0,0,1
2391,239.116840,239.124040,12.200196,0.007990312,0.5326844,6.4979860,1555.109000,1555.098400,0,0,1,1,0,0,0,1
2392,239.216800,239.223960,12.199612,0.007988752,0.5325700,6.4972560,1555.760000,1555.749000,0,0,1,1,0,0,0,1
2393,239.317040,239.324360,12.199220,0.007982190,0.5321312,6.4915160,1556.411200,1556.400800,0,0,1,1,0,0,0,1
2394,239.416840,239.424100,12.199808,0.007997190,0.5331230,6.5040290,1557.060000,1557.049600,0,0,1,1,0,0,0,1
2395,239.521400,239.528700,12.200390,0.007995624,0.5330278,6.5029920,1557.741000,1557.730000,0,0,1,1,0,0,0,1
2396,239.616900,239.624100,12.199220,0.007997504,0.5328560,6.5003660,1558.362400,1558.351600,0,0,1,1,0,0,0,1
2397,239.716800,239.723960,12.199808,0.007990940,0.5327226,6.4982300,1559.011600,1559.000800,0,0,1,1,0,0,0,1
2398,239.817300,239.824400,12.199612,0.007998750,0.5332376,6.5051900,1559.666000,1559.655600,0,0,1,1,0,0,0,1
2399,239.916840,239.924640,12.200004,0.007995624,0.5330468,6.5030540,1560.314800,1560.304000,0,0,1,1,0,0,0,1
2400,240.017360,240.024500,12.199808,0.007995624,0.5330278,6.5028700,1560.966400,1560.955600,0,0,1,1,0,0,0,1
2401,240.116960,240.124160,12.200390,0.007994690,0.5329704,6.5018920,1561.614400,1561.603600,0,0,1,1,0,0,0,1
2402,240.216800,240.224000,12.199416,0.007992190,0.5326272,6.4972560,1562.262400,1562.251600,0,0,1,1,0,0,0,1
2403,240.317200,240.324360,12.198830,0.007989064,0.5325890,6.4971320,1562.917600,1562.907000,0,0,1,1,0,0,0,1
2404,240.416840,240.424000,12.199024,0.007994690,0.5329704,6.5017100,1563.566000,1563.555200,0,0,1,1,0,0,0,1
2405,240.517100,240.524240,12.200004,0.007998124,0.5331994,6.5050660,1564.217000,1564.206000,0,0,1,1,0,0,0,1
2406,240.616840,240.624000,12.199416,0.007989380,0.5326082,6.4974380,1564.865000,1564.854000,0,0,1,1,0,0,0,1
2407,240.717200,240.724300,12.198636,0.007996876,0.5331230,6.5025640,1565.519600,1565.509000,0,0,1,1,0,0,0,1
2408,240.816840,240.824000,12.199416,0.007983440,0.5325128,6.4965820,1566.168400,1566.158000,0,0,1,1,0,0,0,1
2409,240.917240,240.924400,12.198830,0.007984688,0.5323030,6.4934700,1566.819600,1566.809000,0,0,1,1,0,0,0,1
2410,241.016840,241.024000,12.199612,0.007989690,0.5326462,6.4979860,1567.467600,1567.456800,0,0,1,1,0,0,0,1
2411,241.116800,241.123900,12.199808,0.007990940,0.5327226,6.4991460,1568.115200,1568.104800,0,0,1,1,0,0,0,1
2412,241.217300,241.224500,12.199612,0.007982500,0.5321694,6.4921280,1568.771000,1568.760400,0,0,1,1,0,0,0,1
2413,241.316840,241.324080,12.199220,0.007996250,0.5330850,6.5031740,1569.418000,1569.407600,0,0,1,1,0,0,0,1
2414,241.417400,241.424700,12.200004,0.008000004,0.5332376,6.5054960,1570.073200,1570.062800,0,0,1,1,0,0,0,1
2415,241.517240,241.524400,12.198636,0.007995624,0.5330468,6.5028700,1570.722400,1570.711600,0,0,1,1,0,0,0,1
2416,241.616840,241.624040,12.199416,0.007992504,0.5328180,6.5001220,1571.369200,1571.358400,0,0,1,1,0,0,0,1
2417,241.716900,241.724000,12.200004,0.007991252,0.5327608,6.4995120,1572.021000,1572.010400,0,0,1,1,0,0,0,1
2418,241.816800,241.823920,12.199612,0.007988128,0.5325318,6.4965820,1572.669000,1572.658400,0,0,1,1,0,0,0,1
2419,241.916900,241.924000,12.199220,0.007997504,0.5331612,6.5041520,1573.320400,1573.309600,0,0,1,1,0,0,0,1
2420,242.016800,242.024000,12.199808,0.007994064,0.5327798,6.4994520,1573.972400,1573.961600,0,0,1,1,0,0,0,1
2421,242.116840,242.124000,12.199220,0.007984688,0.5323030,6.4937140,1574.619200,1574.608400,0,0,1,1,0,0,0,1
2422,242.217300,242.224440,12.199808,0.007990628,0.5327036,6.4989020,1575.275000,1575.264400,0,0,1,1,0,0,0,1
2423,242.317000,242.329080,12.199416,0.007993440,0.5330660,6.5025040,1575.955200,1575.944400,0,0,1,1,0,0,0,1
2424,242.416840,242.424040,12.199612,0.007994376,0.5329514,6.5017700,1576.570400,1576.559600,0,0,1,1,0,0,0,1
2425,242.516800,242.523920,12.199024,0.007993750,0.5329132,6.5009780,1577.222000,1577.211000,0,0,1,1,0,0,0,1
2426,242.617200,242.624360,12.199808,0.007992190,0.5329896,6.5021380,1577.873000,1577.862400,0,0,1,1,0,0,0,1
2427,242.716900,242.724000,12.198830,0.007993440,0.5328752,6.5004280,1578.522000,1578.511600,0,0,1,1,0,0,0,1
2428,242.817000,242.824100,12.199416,0.007993440,0.5328942,6.5009780,1579.173000,1579.162400,0,0,1,1,0,0,0,1
2429,242.917200,242.924400,12.199024,0.007996250,0.5330660,6.5029300,1579.826000,1579.815000,0,0,1,1,0,0,0,1
2430,243.017300,243.024440,12.200004,0.007989064,0.5325890,6.4975620,1580.476800,1580.466000,0,0,1,1,0,0,0,1
2431,243.116840,243.124040,12.200390,0.007999064,0.5332566,6.4990240,1581.125000,1581.114400,0,0,1,1,0,0,0,1
2432,243.216800,243.223960,12.199416,0.008000004,0.5331040,6.5038460,1581.777000,1581.766400,0,0,1,1,0,0,0,1
2433,243.317320,243.324520,12.199612,0.008000630,0.5333710,6.5068360,1582.428400,1582.417600,0,0,1,1,0,0,0,1
2434,243.416800,243.423900,12.198636,0.007986252,0.5324174,6.4946900,1583.076400,1583.065600,0,0,1,1,0,0,0,1
2435,243.517360,243.524600,12.200004,0.007996564,0.5331040,6.5037240,1583.732000,1583.721600,0,0,1,1,0,0,0,1
2436,243.617000,243.624160,12.199808,0.007988440,0.5325510,6.4969500,1584.379000,1584.368400,0,0,1,1,0,0,0,1
2437,243.717240,243.729500,12.199024,0.007988440,0.5326844,6.4978660,1585.063600,1585.053000,0,0,1,1,0,0,0,1
2438,243.817000,243.824100,12.198830,0.007996564,0.5327608,6.4992080,1585.679000,1585.668000,0,0,1,1,0,0,0,1
2439,243.916840,243.924000,12.198830,0.008001250,0.5334092,6.5075700,1586.328000,1586.317000,0,0,1,1,0,0,0,1
2440,244.017100,244.024240,12.200196,0.007997504,0.5331612,6.5046400,1586.982000,1586.971600,0,0,1,1,0,0,0,1
2441,244.116840,244.124000,12.199808,0.007993124,0.5328752,6.5007940,1587.630000,1587.619200,0,0,1,1,0,0,0,1
2442,244.217240,244.224300,12.199612,0.007999064,0.5332566,6.5056160,1588.281600,1588.270800,0,0,1,1,0,0,0,1
2443,244.317040,244.324200,12.200196,0.007985314,0.5323410,6.4898680,1588.930000,1588.919000,0,0,1,1,0,0,0,1
2444,244.416800,244.423900,12.198244,0.007995316,0.5325128,6.4964000,1589.581600,1589.571000,0,0,1,1,0,0,0,1
2445,244.517360,244.524500,12.199220,0.008000316,0.5333520,6.5063480,1590.232400,1590.222000,0,0,1,1,0,0,0,1
2446,244.616800,244.623900,12.199220,0.007987188,0.5324746,6.4957300,1590.881000,1590.870400,0,0,1,1,0,0,0,1
2447,244.717240,244.724400,12.199024,0.007998438,0.5332184,6.5046400,1591.535200,1591.524800,0,0,1,1,0,0,0,1
2448,244.816840,244.823920,12.198636,0.007997816,0.5331804,6.5041520,1592.184400,1592.173600,0,0,1,1,0,0,0,1
2449,244.916840,244.923900,12.198830,0.007980628,0.5320360,6.5003080,1592.831600,1592.821000,0,0,1,1,0,0,0,1
2450,245.017240,245.024400,12.199024,0.007994064,0.5320550,6.4908480,1593.486400,1593.476000,0,0,1,1,0,0,0,1
2451,245.116840,245.124040,12.200196,0.007995004,0.5329896,6.5018920,1594.135000,1594.124000,0,0,1,1,0,0,0,1
2452,245.216800,245.223960,12.199416,0.007999690,0.5333138,6.5059820,1594.783000,1594.772000,0,0,1,1,0,0,0,1
2453,245.317320,245.324500,12.199220,0.007991252,0.5327416,6.4989640,1595.437600,1595.427000,0,0,1,1,0,0,0,1
2454,245.416840,245.423900,12.199416,0.007993440,0.5328942,6.5009780,1596.082000,1596.071600,0,0,1,1,0,0,0,1
2455,245.517300,245.524400,12.199220,0.007990940,0.5327226,6.4929840,1596.738000,1596.727000,0,0,1,1,0,0,0,1
2456,245.617200,245.624500,12.199024,0.007986880,0.5334284,6.5078740,1597.389200,1597.378400,0,0,1,1,0,0,0,1
2457,245.716800,245.724000,12.199416,0.007991876,0.5327798,6.4996980,1598.037000,1598.026000,0,0,1,1,0,0,0,1
2458,245.817300,245.824400,12.199808,0.007985000,0.5323220,6.4942640,1598.688000,1598.677600,0,0,1,1,0,0,0,1
2459,245.917300,245.924500,12.199220,0.007994690,0.5329704,6.5017100,1599.340000,1599.329200,0,0,1,1,0,0,0,1
2460,246.016800,246.024000,12.199024,0.007991876,0.5327798,6.4993300,1599.988000,1599.977000,0,0,1,1,0,0,0,1
2461,246.117200,246.124360,12.200004,0.007986564,0.5324364,6.4995120,1600.639000,1600.628000,0,0,1,1,0,0,0,1
2462,246.216900,246.224000,12.199416,0.007990628,0.5320168,6.4899900,1601.287000,1601.276000,0,0,1,1,0,0,0,1
2463,246.317100,246.324300,12.199416,0.007995940,0.5330468,6.5026260,1601.938800,1601.928000,0,0,1,1,0,0,0,1
2464,246.416840,246.424040,12.198830,0.007997504,0.5331612,6.5037840,1602.586000,1602.575200,0,0,1,1,0,0,0,1
2465,246.516760,246.523920,12.199612,0.007999690,0.5332948,6.5059820,1603.237600,1603.226800,0,0,1,1,0,0,0,1
2466,246.616800,246.624040,12.200004,0.007993440,0.5328942,6.5012240,1603.890000,1603.879000,0,0,1,1,0,0,0,1
2467,246.717300,246.724440,12.199612,0.007989064,0.5330468,6.5025040,1604.541000,1604.530400,0,0,1,1,0,0,0,1
2468,246.817000,246.824100,12.200004,0.007987812,0.5314256,6.4828500,1605.188800,1605.178000,0,0,1,1,0,0,0,1
2469,246.916840,246.924000,12.198636,0.007999064,0.5332756,6.5059220,1605.841600,1605.830800,0,0,1,1,0,0,0,1
2470,247.016800,247.023920,12.199416,0.007987500,0.5324936,6.4960940,1606.488400,1606.477600,0,0,1,1,0,0,0,1
2471,247.117300,247.124400,12.200004,0.007992504,0.5328180,6.5003660,1607.143600,1607.133000,0,0,1,1,0,0,0,1
2472,247.216800,247.223960,12.199416,0.007993440,0.5328752,6.5007340,1607.792800,1607.782000,0,0,1,1,0,0,0,1
2473,247.317300,247.324360,12.199416,0.007998124,0.5331994,6.5020760,1608.444000,1608.433200,0,0,1,1,0,0,0,1
2474,247.416900,247.424040,12.200004,0.007994064,0.5326082,6.4973760,1609.091600,1609.080800,0,0,1,1,0,0,0,1
2475,247.516800,247.523920,12.199416,0.007993750,0.5329132,6.5012820,1609.743000,1609.732000,0,0,1,1,0,0,0,1
2476,247.616840,247.624100,12.200004,0.007990940,0.5327226,6.4991460,1610.393600,1610.383000,0,0,1,1,0,0,0,1
2477,247.716800,247.724000,12.200196,0.007988752,0.5325700,6.4973760,1611.042800,1611.032000,0,0,1,1,0,0,0,1
2478,247.817100,247.824200,12.200390,0.007988128,0.5325318,6.4970100,1611.693600,1611.683000,0,0,1,1,0,0,0,1
2479,247.916840,247.924000,12.200784,0.007995316,0.5330086,6.4995120,1612.341600,1612.330800,0,0,1,1,0,0,0,1
2480,248.016800,248.024000,12.199416,0.007995316,0.5331422,6.5034800,1612.993200,1612.982400,0,0,1,1,0,0,0,1
2481,248.117400,248.124520,12.199612,0.007994376,0.5329514,6.5017700,1613.649000,1613.638400,0,0,1,1,0,0,0,1
2482,248.216800,248.223960,12.198830,0.007989690,0.5326272,6.4974980,1614.292000,1614.281600,0,0,1,1,0,0,0,1
2483,248.317300,248.324400,12.199808,0.007997504,0.5331422,6.5043340,1614.948000,1614.937000,0,0,1,1,0,0,0,1
2484,248.416900,248.424040,12.200004,0.007989064,0.5325890,6.4975620,1615.596000,1615.585000,0,0,1,1,0,0,0,1
2485,248.517300,248.524500,12.199612,0.007988440,0.5330660,6.5026260,1616.247600,1616.237000,0,0,1,1,0,0,0,1
2486,248.616800,248.624000,12.199416,0.008004376,0.5332756,6.5063480,1616.896000,1616.885200,0,0,1,1,0,0,0,1
2487,248.717240,248.724400,12.198830,0.007996250,0.5330850,6.5029300,1617.551000,1617.540000,0,0,1,1,0,0,0,1
2488,248.817200,248.824360,12.199024,0.007997190,0.5331422,6.5037240,1618.198400,1618.187600,0,0,1,1,0,0,0,1
2489,248.916800,248.923900,12.199220,0.007999690,0.5332948,6.5058010,1618.846000,1618.835000,0,0,1,1,0,0,0,1
2490,249.017100,249.024240,12.200590,0.007990000,0.5326462,6.4985360,1619.497200,1619.486400,0,0,1,1,0,0,0,1
2491,249.116840,249.124000,12.199808,0.007991564,0.5327608,6.5086680,1620.148400,1620.138000,0,0,1,1,0,0,0,1
2492,249.217360,249.224440,12.199416,0.007990000,0.5326462,6.4978040,1620.800400,1620.789600,0,0,1,1,0,0,0,1
2493,249.316840,249.324080,12.200004,0.007985000,0.5323220,6.4944460,1621.448400,1621.437600,0,0,1,1,0,0,0,1
2494,249.416840,249.429040,12.200004,0.007989690,0.5325318,6.4965220,1622.132000,1622.121200,0,0,1,1,0,0,0,1
2495,249.516800,249.524000,12.199416,0.007989380,0.5326272,6.4976820,1622.747200,1622.736400,0,0,1,1,0,0,0,1
2496,249.617300,249.624500,12.198830,0.008004690,0.5336380,6.5097680,1623.402400,1623.392000,0,0,1,1,0,0,0,1
2497,249.716800,249.724000,12.200196,0.007993750,0.5329132,6.5070220,1624.051000,1624.040000,0,0,1,1,0,0,0,1
2498,249.816900,249.824100,12.200004,0.007998124,0.5327226,6.4988420,1624.702400,1624.691600,0,0,1,1,0,0,0,1
2499,249.916840,249.924000,12.199808,0.007997504,0.5331422,6.5037840,1625.351200,1625.340400,0,0,1,1,0,0,0,1
2500,250.016840,250.024000,12.200004,0.008000004,0.5333330,6.5065920,1626.002400,1625.992000,0,0,1,1,0,0,0,1
2501,250.116840,250.124040,12.200390,0.007996250,0.5330660,6.5036640,1626.650000,1626.639200,0,0,1,1,0,0,0,1
2502,250.217200,250.224240,12.199808,0.007991876,0.5327798,6.4998180,1627.305000,1627.294000,0,0,1,1,0,0,0,1
2503,250.316840,250.324000,12.199024,0.007993124,0.5328752,6.5008560,1627.953200,1627.942400,0,0,1,1,0,0,0,1
2504,250.416900,250.424040,12.200196,0.007990940,0.5328752,6.5004890,1628.601600,1628.591000,0,0,1,1,0,0,0,1
2505,250.516800,250.523920,12.199612,0.007989380,0.5326082,6.4973160,1629.253000,1629.242400,0,0,1,1,0,0,0,1
2506,250.617320,250.624500,12.199416,0.007998438,0.5332184,6.5048860,1629.909000,1629.898000,0,0,1,1,0,0,0,1
2507,250.716800,250.723960,12.199808,0.007992504,0.5328180,6.5001840,1630.553200,1630.542800,0,0,1,1,0,0,0,1
2508,250.817320,250.824520,12.199220,0.008001876,0.5334474,6.5076320,1631.208800,1631.198000,0,0,1,1,0,0,0,1
2509,250.917000,250.924200,12.199416,0.007989064,0.5325890,6.4950560,1631.857000,1631.846400,0,0,1,1,0,0,0,1
2510,251.016800,251.023900,12.199220,0.007997816,0.5329896,6.5020140,1632.504000,1632.493200,0,0,1,1,0,0,0,1
2511,251.117300,251.124360,12.198830,0.007997816,0.5331804,6.5042760,1633.159200,1633.148400,0,0,1,1,0,0,0,1
2512,251.216760,251.223960,12.198830,0.008000004,0.5333138,6.5058010,1633.808400,1633.797600,0,0,1,1,0,0,0,1
2513,251.316840,251.324000,12.200004,0.007996876,0.5331040,6.5039700,1634.456000,1634.445600,0,0,1,1,0,0,0,1
2514,251.417160,251.424300,12.199808,0.008000316,0.5333520,6.5067160,1635.111600,1635.101000,0,0,1,1,0,0,0,1
2515,251.516800,251.523900,12.200196,0.008005940,0.5337144,6.4980480,1635.759600,1635.748800,0,0,1,1,0,0,0,1
2516,251.616840,251.624100,12.198636,0.007992190,0.5329896,6.5021980,1636.410400,1636.399600,0,0,1,1,0,0,0,1
2517,251.716900,251.724000,12.199612,0.007994064,0.5329324,6.5014660,1637.059000,1637.048000,0,0,1,1,0,0,0,1
2518,251.817200,251.824400,12.199808,0.008004376,0.5336190,6.5098880,1637.714400,1637.704000,0,0,1,1,0,0,0,1
2519,251.916840,251.924000,12.199808,0.007993440,0.5328942,6.5011000,1638.359000,1638.348400,0,0,1,1,0,0,0,1
2520,252.017240,252.024440,12.200004,0.007995940,0.5330468,6.5032360,1639.014000,1639.003000,0,0,1,1,0,0,0,1
2521,252.116800,252.124000,12.200390,0.007985628,0.5323792,6.4953620,1639.661200,1639.650800,0,0,1,1,0,0,0,1
2522,252.217300,252.224600,12.199612,0.007994064,0.5329132,6.5011600,1640.316800,1640.306000,0,0,1,1,0,0,0,1
2523,252.316840,252.324000,12.199024,0.008000316,0.5333330,6.5061660,1640.961000,1640.950400,0,0,1,1,0,0,0,1
2524,252.417240,252.424480,12.199416,0.007971876,0.5314636,6.4834000,1641.616400,1641.605600,0,0,1,1,0,0,0,1
2525,252.517080,252.524200,12.199024,0.007998750,0.5332376,6.5048860,1642.264000,1642.253000,0,0,1,1,0,0,0,1
2526,252.616800,252.623900,12.200196,0.007996876,0.5331230,6.5040290,1642.912000,1642.901000,0,0,1,1,0,0,0,1
2527,252.717240,252.724400,12.200590,0.007989064,0.5321694,6.4926780,1643.566800,1643.556000,0,0,1,1,0,0,0,1
2528,252.816840,252.824000,12.199808,0.007996564,0.5324174,6.4956680,1644.215600,1644.205000,0,0,1,1,0,0,0,1
2529,252.916900,252.924040,12.200004,0.007998438,0.5332184,6.5051280,1644.863000,1644.852000,0,0,1,1,0,0,0,1
2530,253.016800,253.023920,12.199024,0.007989380,0.5326272,6.4974380,1645.514400,1645.503600,0,0,1,1,0,0,0,1
2531,253.116840,253.123900,12.199220,0.007995316,0.5330086,6.5023200,1646.165000,1646.154400,0,0,1,1,0,0,0,1
2532,253.217300,253.224500,12.198830,0.007996564,0.5330850,6.5029920,1646.816800,1646.806000,0,0,1,1,0,0,0,1
2533,253.316800,253.323920,12.199220,0.007989380,0.5326082,6.5007340,1647.465000,1647.454400,0,0,1,1,0,0,0,1
2534,253.417240,253.424400,12.200196,0.008005316,0.5336762,6.5106200,1648.117000,1648.106000,0,0,1,1,0,0,0,1
2535,253.516800,253.523920,12.199220,0.007992812,0.5328560,6.5003080,1648.765000,1648.754000,0,0,1,1,0,0,0,1
2536,253.617100,253.624300,12.200196,0.007984066,0.5322648,6.4938360,1649.420800,1649.410000,0,0,1,1,0,0,0,1
2537,253.716800,253.724000,12.199808,0.008003440,0.5335618,6.5092780,1650.068000,1650.057200,0,0,1,1,0,0,0,1
2538,253.816800,253.824000,12.199024,0.007990628,0.5327036,6.4983520,1650.716000,1650.705200,0,0,1,1,0,0,0,1
2539,253.916840,253.924040,12.199024,0.008000630,0.5333710,6.5017100,1651.369000,1651.358000,0,0,1,1,0,0,0,1
2540,254.017400,254.024560,12.198830,0.007999064,0.5332566,6.5052500,1652.023600,1652.013000,0,0,1,1,0,0,0,1
2541,254.116960,254.124160,12.198830,0.007994690,0.5329704,6.5015880,1652.671000,1652.660400,0,0,1,1,0,0,0,1
2542,254.216800,254.223960,12.200590,0.007997190,0.5331422,6.5046400,1653.320000,1653.309200,0,0,1,1,0,0,0,1
2543,254.317040,254.324100,12.200004,0.007981876,0.5321122,6.4917000,1653.971600,1653.960800,0,0,1,1,0,0,0,1
2544,254.416900,254.424040,12.199808,0.007994064,0.5329324,6.5015280,1654.619000,1654.608000,0,0,1,1,0,0,0,1
2545,254.516800,254.524000,12.199024,0.007996876,0.5331040,6.5017100,1655.270000,1655.259600,0,0,1,1,0,0,0,1
2546,254.617000,254.624200,12.199612,0.007999064,0.5332566,6.5055540,1655.922000,1655.911200,0,0,1,1,0,0,0,1
2547,254.716800,254.723960,12.199416,0.008000630,0.5333710,6.5068360,1656.570400,1656.559600,0,0,1,1,0,0,0,1
2548,254.816800,254.823920,12.200196,0.007995004,0.5329896,6.5025640,1657.222000,1657.211000,0,0,1,1,0,0,0,1
2549,254.916800,254.923900,12.199024,0.008005316,0.5336762,6.5104380,1657.873000,1657.862400,0,0,1,1,0,0,0,1
2550,255.021240,255.028500,12.199024,0.007986252,0.5324174,6.4948740,1658.554400,1658.543600,0,0,1,1,0,0,0,1
2551,255.117320,255.124500,12.200390,0.007995004,0.5330468,6.5031140,1659.176400,1659.165600,0,0,1,1,0,0,0,1
2552,255.216900,255.224000,12.199808,0.008007190,0.5324746,6.4963400,1659.824400,1659.813600,0,0,1,1,0,0,0,1
2553,255.317300,255.324500,12.199220,0.007989690,0.5326462,6.4977420,1660.476400,1660.465600,0,0,1,1,0,0,0,1
2554,255.416840,255.424000,12.200004,0.007994690,0.5329704,6.5021380,1661.124800,1661.114000,0,0,1,1,0,0,0,1
2555,255.517200,255.524240,12.198830,0.007991252,0.5327416,6.4987190,1661.775600,1661.765000,0,0,1,1,0,0,0,1
2556,255.616800,255.623900,12.199612,0.007995004,0.5330086,6.5023820,1662.424000,1662.413200,0,0,1,1,0,0,0,1
2557,255.717200,255.724440,12.198440,0.007997504,0.5329132,6.5009180,1663.079200,1663.068400,0,0,1,1,0,0,0,1
2558,255.817100,255.824300,12.200590,0.007996250,0.5330660,6.5038460,1663.728000,1663.717600,0,0,1,1,0,0,0,1
2559,255.917300,255.924480,12.199416,0.008005940,0.5337334,6.5111100,1664.379000,1664.368400,0,0,1,1,0,0,0,1
2560,256.016800,256.024100,12.199612,0.007993124,0.5328752,6.5007940,1665.027600,1665.017000,0,0,1,1,0,0,0,1
2561,256.116900,256.124000,12.199808,0.007994064,0.5329324,6.5016480,1665.679000,1665.668000,0,0,1,1,0,0,0,1
2562,256.217200,256.224400,12.200004,0.008000630,0.5333520,6.5069580,1666.330400,1666.319600,0,0,1,1,0,0,0,1
2563,256.316800,256.324000,12.200196,0.007994690,0.5326462,6.4979260,1666.979000,1666.968400,0,0,1,1,0,0,0,1
2564,256.417200,256.424400,12.200390,0.007992190,0.5328180,6.5001840,1667.634400,1667.623600,0,0,1,1,0,0,0,1
2565,256.516900,256.524000,12.200004,0.007998750,0.5332376,6.5055540,1668.281600,1668.270800,0,0,1,1,0,0,0,1
2566,256.617400,256.624400,12.200980,0.007992504,0.5328180,6.5008560,1668.933200,1668.922400,0,0,1,1,0,0,0,1
2567,256.716800,256.723900,12.199416,0.007988752,0.5325700,6.4970710,1669.581600,1669.571000,0,0,1,1,0,0,0,1
2568,256.817100,256.824200,12.200390,0.007998124,0.5331994,6.5052500,1670.232400,1670.222000,0,0,1,1,0,0,0,1
2569,256.916800,256.924000,12.199416,0.007993440,0.5334664,6.5083020,1670.881000,1670.870400,0,0,1,1,0,0,0,1
2570,257.017100,257.024200,12.200390,0.007993440,0.5328942,6.5002440,1671.533000,1671.522000,0,0,1,1,0,0,0,1
2571,257.116900,257.124100,12.200196,0.007995940,0.5330660,6.5033600,1672.184400,1672.173600,0,0,1,1,0,0,0,1
2572,257.216800,257.223900,12.199612,0.007977502,0.5318260,6.4879760,1672.830400,1672.819600,0,0,1,1,0,0,0,1
2573,257.316800,257.323900,12.200390,0.007977190,0.5318070,6.4882200,1673.480800,1673.470000,0,0,1,1,0,0,0,1
2574,257.416800,257.424000,12.199416,0.007978752,0.5319024,6.4889540,1674.131000,1674.120400,0,0,1,1,0,0,0,1
2575,257.517100,257.524300,12.199612,0.007979690,0.5318260,6.4876100,1674.782000,1674.771000,0,0,1,1,0,0,0,1
2576,257.617200,257.624400,12.199024,0.007981252,0.5320550,6.4904180,1675.432000,1675.421000,0,0,1,1,0,0,0,1
2577,257.716800,257.723900,12.199808,0.007977190,0.5317880,6.4877960,1676.079200,1676.068400,0,0,1,1,0,0,0,1
2578,257.822200,257.829600,12.199024,0.007974376,0.5322838,6.4933480,1676.763000,1676.752000,0,0,1,1,0,0,0,1
2579,257.917000,257.924200,12.200004,0.007979690,0.5319596,6.4898080,1677.377000,1677.366400,0,0,1,1,0,0,0,1
2580,258.016800,258.024000,12.199024,0.007975940,0.5317116,6.4862700,1678.027600,1678.017000,0,0,1,1,0,0,0,1
2581,258.117200,258.124400,12.200590,0.007986252,0.5326462,6.4980480,1678.678400,1678.667600,0,0,1,1,0,0,0,1
2582,258.216800,258.223900,12.199808,0.007983752,0.5322458,6.4932260,1679.326000,1679.315000,0,0,1,1,0,0,0,1
2583,258.317200,258.324400,12.199024,0.007987500,0.5324936,6.4958500,1679.976000,1679.965000,0,0,1,1,0,0,0,1
2584,258.417300,258.424400,12.200004,0.007971250,0.5314064,6.4831550,1680.626800,1680.616000,0,0,1,1,0,0,0,1
2585,258.516900,258.524000,12.199612,0.007983752,0.5322458,6.4930420,1681.273600,1681.263000,0,0,1,1,0,0,0,1
2586,258.616800,258.624000,12.200590,0.007981252,0.5320740,6.4914580,1681.924000,1681.913200,0,0,1,1,0,0,0,1
2587,258.717000,258.724000,12.199220,0.007987812,0.5323792,6.4952400,1682.575000,1682.564000,0,0,1,1,0,0,0,1
2588,258.817000,258.824200,12.200390,0.007984066,0.5322648,6.4936540,1683.221000,1683.210000,0,0,1,1,0,0,0,1
2589,258.917000,258.924200,12.199808,0.007984376,0.5322838,6.4938360,1683.872400,1683.861600,0,0,1,1,0,0,0,1
2590,259.016800,259.023800,12.200390,0.007979376,0.5319406,6.4899320,1684.519000,1684.508400,0,0,1,1,0,0,0,1
2591,259.116900,259.124000,12.200004,0.007981876,0.5321122,6.4918830,1685.169000,1685.158400,0,0,1,1,0,0,0,1
2592,259.217300,259.224400,12.200390,0.007985940,0.5323984,6.4953010,1685.823200,1685.812800,0,0,1,1,0,0,0,1
2593,259.316800,259.324000,12.198830,0.007998124,0.5332184,6.5047000,1686.471600,1686.460800,0,0,1,1,0,0,0,1
2594,259.417300,259.424400,12.199220,0.008001564,0.5334284,6.5081800,1687.123000,1687.112400,0,0,1,1,0,0,0,1
2595,259.516900,259.524100,12.200196,0.007994376,0.5329514,6.5020760,1687.771600,1687.761000,0,0,1,1,0,0,0,1
2596,259.616900,259.624000,12.199024,0.007978752,0.5319024,6.4885880,1688.423000,1688.412400,0,0,1,1,0,0,0,1
2597,259.717200,259.724400,12.198440,0.007998438,0.5332184,6.5044560,1689.075200,1689.064800,0,0,1,1,0,0,0,1
2598,259.816800,259.824000,12.199416,0.007990628,0.5326844,6.4984760,1689.723200,1689.712400,0,0,1,1,0,0,0,1
2599,259.916800,259.924100,12.199416,0.007986564,0.5331994,6.5046400,1690.375000,1690.364400,0,0,1,1,0,0,0,1
2600,260.016800,260.024000,12.199220,0.007989064,0.5325890,6.4973760,1691.023000,1691.012400,0,0,1,1,0,0,0,1
2601,260.117200,260.124400,12.199416,0.007991252,0.5327416,6.4991460,1691.678000,1691.667000,0,0,1,1,0,0,0,1
2602,260.216800,260.224000,12.199220,0.007990628,0.5327036,6.4985360,1692.326400,1692.315600,0,0,1,1,0,0,0,1
2603,260.316800,260.323900,12.198830,0.007998750,0.5332376,6.5049440,1692.974000,1692.963000,0,0,1,1,0,0,0,1
2604,260.417000,260.424100,12.199416,0.007994064,0.5329132,6.5012820,1693.626000,1693.615200,0,0,1,1,0,0,0,1
2605,260.516900,260.524000,12.199808,0.007996250,0.5332948,6.5058010,1694.277600,1694.267000,0,0,1,1,0,0,0,1
2606,260.622100,260.629300,12.199220,0.007985314,0.5323410,6.4941420,1694.962400,1694.952000,0,0,1,1,0,0,0,1
2607,260.716800,260.723900,12.199024,0.007994690,0.5329704,6.5017700,1695.578000,1695.567000,0,0,1,1,0,0,0,1
2608,260.817100,260.824300,12.199808,0.007997190,0.5331422,6.5041520,1696.228800,1696.218000,0,0,1,1,0,0,0,1
2609,260.916900,260.924000,12.200590,0.008003750,0.5335618,6.5097680,1696.881600,1696.871000,0,0,1,1,0,0,0,1
2610,261.017100,261.024200,12.199612,0.007988752,0.5325700,6.4970710,1697.532400,1697.521600,0,0,1,1,0,0,0,1
2611,261.116800,261.124000,12.199612,0.008000316,0.5331040,6.5032960,1698.181200,1698.170800,0,0,1,1,0,0,0,1
2612,261.217300,261.224400,12.198636,0.007997816,0.5331804,6.5042760,1698.832000,1698.821600,0,0,1,1,0,0,0,1
2613,261.316800,261.324000,12.199612,0.007994064,0.5329324,6.5015880,1699.480800,1699.470000,0,0,1,1,0,0,0,1
2614,261.417200,261.424400,12.199612,0.007995940,0.5330468,6.5029920,1700.136400,1700.125600,0,0,1,1,0,0,0,1
2615,261.516800,261.524000,12.201172,0.007994064,0.5329132,6.5021980,1700.784400,1700.773600,0,0,1,1,0,0,0,1
2616,261.616800,261.624000,12.199024,0.007993440,0.5328942,6.5006720,1701.433200,1701.422400,0,0,1,1,0,0,0,1
2617,261.717200,261.724400,12.199612,0.007989380,0.5330086,6.5021980,1702.088000,1702.077200,0,0,1,1,0,0,0,1
2618,261.816800,261.823900,12.199416,0.008006252,0.5337526,6.5113540,1702.732400,1702.722000,0,0,1,1,0,0,0,1
2619,261.917300,261.924500,12.199024,0.007999690,0.5332948,6.5056770,1703.388400,1703.377600,0,0,1,1,0,0,0,1
2620,262.016900,262.024200,12.200196,0.007998124,0.5331994,6.5050660,1704.036400,1704.025600,0,0,1,1,0,0,0,1
2621,262.117000,262.124200,12.198636,0.008001250,0.5334092,6.5068360,1704.687600,1704.677000,0,0,1,1,0,0,0,1
2622,262.216800,262.223900,12.199808,0.007997816,0.5331804,6.5047000,1705.336000,1705.325200,0,0,1,1,0,0,0,1
2623,262.317300,262.324500,12.199024,0.008004064,0.5328752,6.5011000,1705.991600,1705.980800,0,0,1,1,0,0,0,1
2624,262.416800,262.424000,12.200196,0.008000316,0.5333330,6.5067160,1706.640400,1706.629600,0,0,1,1,0,0,0,1
2625,262.517100,262.524400,12.199808,0.007998438,0.5332184,6.5050060,1707.292800,1707.282000,0,0,1,1,0,0,0,1
2626,262.616900,262.624100,12.199220,0.008002190,0.5334664,6.5078140,1707.941000,1707.930400,0,0,1,1,0,0,0,1
2627,262.717300,262.724500,12.199612,0.008003130,0.5335236,6.5087900,1708.596000,1708.585000,0,0,1,1,0,0,0,1
2628,262.816800,262.823900,12.200196,0.007985314,0.5323602,6.4948140,1709.240400,1709.229600,0,0,1,1,0,0,0,1
2629,262.916800,262.924000,12.199612,0.007995004,0.5334856,6.5086060,1709.893000,1709.882000,0,0,1,1,0,0,0,1
2630,263.017200,263.024300,12.198830,0.007999376,0.5332756,6.5058010,1710.544800,1710.534000,0,0,1,1,0,0,0,1
2631,263.116900,263.124000,12.199416,0.007999690,0.5333138,6.5059820,1711.193000,1711.182400,0,0,1,1,0,0,0,1
2632,263.217200,263.224400,12.200390,0.007994376,0.5329514,6.5021980,1711.848000,1711.837000,0,0,1,1,0,0,0,1
2633,263.316800,263.324000,12.199416,0.008000004,0.5333138,6.5061060,1712.497000,1712.486000,0,0,1,1,0,0,0,1
2634,263.417200,263.424200,12.198830,0.007994690,0.5329704,6.5014660,1713.147600,1713.137000,0,0,1,1,0,0,0,1
2635,263.516800,263.524000,12.199808,0.007999690,0.5331994,6.5045800,1713.796800,1713.786000,0,0,1,1,0,0,0,1
2636,263.617100,263.624300,12.200196,0.007991876,0.5327798,6.4996980,1714.448400,1714.437600,0,0,1,1,0,0,0,1
2637,263.716800,263.724000,12.200196,0.007991876,0.5327798,6.4999400,1715.097200,1715.086800,0,0,1,1,0,0,0,1
2638,263.817300,263.824500,12.198440,0.007995316,0.5330086,6.5018340,1715.752000,1715.741600,0,0,1,1,0,0,0,1
2639,263.916800,263.924000,12.200784,0.007988752,0.5325700,6.4977420,1716.400800,1716.390000,0,0,1,1,0,0,0,1
2640,264.017100,264.024300,12.199416,0.007995624,0.5330468,6.5027500,1717.052400,1717.041600,0,0,1,1,0,0,0,1
2641,264.116900,264.124000,12.198636,0.007995624,0.5328180,6.5001220,1717.700400,1717.689600,0,0,1,1,0,0,0,1
2642,264.216800,264.223900,12.199612,0.007994690,0.5329704,6.5020140,1718.351600,1718.341000,0,0,1,1,0,0,0,1
2643,264.317300,264.324500,12.199220,0.007995004,0.5329896,6.5019540,1719.004000,1718.993200,0,0,1,1,0,0,0,1
2644,264.416900,264.424000,12.199220,0.008000316,0.5333520,6.5063480,1719.651600,1719.641000,0,0,1,1,0,0,0,1
2645,264.517000,264.524100,12.198636,0.007990000,0.5326654,6.4976820,1720.304400,1720.293600,0,0,1,1,0,0,0,1
2646,264.617400,264.624600,12.200004,0.008000316,0.5333330,6.4945680,1720.955200,1720.944400,0,0,1,1,0,0,0,1
2647,264.716700,264.723900,12.200004,0.007988752,0.5328942,6.5004280,1721.603600,1721.593000,0,0,1,1,0,0,0,1
2648,264.816800,264.824000,12.200196,0.007992190,0.5327988,6.5000020,1722.255600,1722.245000,0,0,1,1,0,0,0,1
2649,264.917200,264.924400,12.200004,0.007985628,0.5323602,6.4946900,1722.908000,1722.897000,0,0,1,1,0,0,0,1
2650,265.016800,265.024000,12.200196,0.008000004,0.5333138,6.5065320,1723.556400,1723.545600,0,0,1,1,0,0,0,1
2651,265.116900,265.124100,12.199612,0.008001876,0.5334474,6.5077520,1724.207000,1724.196400,0,0,1,1,0,0,0,1
2652,265.216800,265.224000,12.199612,0.007987500,0.5324936,6.4961560,1724.858400,1724.848000,0,0,1,1,0,0,0,1
2653,265.317100,265.324300,12.199808,0.007991564,0.5326654,6.4981720,1725.511000,1725.500000,0,0,1,1,0,0,0,1
2654,265.416900,265.424000,12.199612,0.007996876,0.5331040,6.5037240,1726.160000,1726.149000,0,0,1,1,0,0,0,1
2655,265.517000,265.524100,12.200004,0.008004064,0.5336000,6.5098280,1726.810800,1726.800000,0,0,1,1,0,0,0,1
2656,265.617100,265.624300,12.199416,0.007997504,0.5331612,6.5041520,1727.463000,1727.452400,0,0,1,1,0,0,0,1
2657,265.716800,265.723900,12.199416,0.007998438,0.5332184,6.5048860,1728.110400,1728.100000,0,0,1,1,0,0,0,1
2658,265.817300,265.824500,12.199416,0.007992504,0.5328180,6.5028080,1728.763000,1728.752000,0,0,1,1,0,0,0,1
2659,265.916800,265.924100,12.200390,0.007998124,0.5337716,6.5120860,1729.414400,1729.403600,0,0,1,1,0,0,0,1
2660,266.016900,266.024000,12.199612,0.007996250,0.5330660,6.5032360,1730.062800,1730.052000,0,0,1,1,0,0,0,1
2661,266.117100,266.124300,12.199416,0.007994690,0.5329704,6.5019540,1730.715000,1730.704400,0,0,1,1,0,0,0,1
2662,266.216800,266.228900,12.199220,0.008002816,0.5335046,6.5083020,1731.396000,1731.385200,0,0,1,1,0,0,0,1
2663,266.317300,266.324500,12.200590,0.007996250,0.5330660,6.5037240,1732.019000,1732.008400,0,0,1,1,0,0,0,1
2664,266.416800,266.423900,12.199220,0.007999690,0.5332948,6.5058600,1732.667600,1732.657000,0,0,1,1,0,0,0,1
2665,266.516900,266.524100,12.200004,0.008001564,0.5327988,6.4997560,1733.318400,1733.308000,0,0,1,1,0,0,0,1
2666,266.616900,266.624000,12.199024,0.008002504,0.5334856,6.5087280,1733.967000,1733.956000,0,0,1,1,0,0,0,1
2667,266.717100,266.724300,12.199220,0.007995940,0.5330468,6.5026260,1734.619200,1734.608400,0,0,1,1,0,0,0,1
2668,266.816800,266.823900,12.200390,0.007990940,0.5327226,6.4993920,1735.267000,1735.256000,0,0,1,1,0,0,0,1
2669,266.917000,266.924100,12.200004,0.008001250,0.5334092,6.5074470,1735.919600,1735.909000,0,0,1,1,0,0,0,1
2670,267.016800,267.024000,12.200196,0.008000936,0.5333710,6.5072640,1736.572000,1736.561000,0,0,1,1,0,0,0,1
2671,267.117100,267.124300,12.198830,0.007997504,0.5327226,6.4995120,1737.223200,1737.212400,0,0,1,1,0,0,0,1
2672,267.216800,267.223900,12.200390,0.008000316,0.5333520,6.5060440,1737.871200,1737.860400,0,0,1,1,0,0,0,1
2673,267.317200,267.324400,12.199416,0.007995316,0.5330086,6.5024440,1738.523000,1738.512400,0,0,1,1,0,0,0,1
2674,267.416800,267.423900,12.200004,0.007980940,0.5320550,6.4910280,1739.171600,1739.161000,0,0,1,1,0,0,0,1
2675,267.517100,267.524200,12.199220,0.007996250,0.5330850,6.5031140,1739.826400,1739.815600,0,0,1,1,0,0,0,1
2676,267.616800,267.624000,12.200004,0.007994690,0.5329704,6.5021380,1740.475200,1740.464400,0,0,1,1,0,0,0,1
2677,267.716800,267.724000,12.199612,0.008000630,0.5333138,6.5059820,1741.126000,1741.115200,0,0,1,1,0,0,0,1
2678,267.817200,267.824400,12.200004,0.007994376,0.5329514,6.5020760,1741.779000,1741.768400,0,0,1,1,0,0,0,1
2679,267.916800,267.924000,12.199612,0.007995004,0.5329896,6.5021980,1742.426000,1742.415000,0,0,1,1,0,0,0,1
2680,268.016800,268.024100,12.199024,0.007989064,0.5325890,6.4971320,1743.078400,1743.067600,0,0,1,1,0,0,0,1
2681,268.116900,268.125000,12.200196,0.007999376,0.5332948,6.5061660,1743.733600,1743.723000,0,0,1,1,0,0,0,1
2682,268.216800,268.223900,12.199024,0.007996564,0.5331040,6.5032960,1744.378000,1744.367600,0,0,1,1,0,0,0,1
2683,268.317200,268.324300,12.199024,0.007987500,0.5327036,6.4990240,1745.029600,1745.018800,0,0,1,1,0,0,0,1
2684,268.416800,268.424000,12.200196,0.007981876,0.5321122,6.4910900,1745.677000,1745.666000,0,0,1,1,0,0,0,1
2685,268.517000,268.524100,12.199024,0.007995316,0.5330086,6.5020140,1746.330000,1746.319000,0,0,1,1,0,0,0,1
2686,268.617200,268.624300,12.198440,0.007999690,0.5332948,6.5054320,1746.980800,1746.970000,0,0,1,1,0,0,0,1
2687,268.716800,268.724000,12.199220,0.008003440,0.5335618,6.5090340,1747.629000,1747.618400,0,0,1,1,0,0,0,1
2688,268.817100,268.824300,12.200004,0.007998438,0.5332184,6.5051900,1748.281600,1748.270800,0,0,1,1,0,0,0,1
2689,268.916800,268.924000,12.200590,0.007995940,0.5331994,6.5047000,1748.933200,1748.922400,0,0,1,1,0,0,0,1
2690,269.017000,269.029200,12.199808,0.007997504,0.5331612,6.5042760,1749.617600,1749.606800,0,0,1,1,0,0,0,1
2691,269.116900,269.125000,12.198830,0.007994064,0.5329132,6.5009780,1750.241000,1750.230000,0,0,1,1,0,0,0,1
2692,269.217100,269.224300,12.199808,0.008004064,0.5336000,6.5096440,1750.885200,1750.874800,0,0,1,1,0,0,0,1
2693,269.316800,269.324000,12.199416,0.008001564,0.5334284,6.5075700,1751.533200,1751.522400,0,0,1,1,0,0,0,1
2694,269.417000,269.424200,12.198830,0.007995004,0.5329896,6.4972560,1752.185000,1752.174400,0,0,1,1,0,0,0,1
2695,269.516800,269.524000,12.200004,0.007998750,0.5331804,6.5046400,1752.837000,1752.826400,0,0,1,1,0,0,0,1
2696,269.617100,269.624300,12.199416,0.007986564,0.5324174,6.4948740,1753.488400,1753.477600,0,0,1,1,0,0,0,1
2697,269.716800,269.723900,12.199808,0.007987812,0.5325128,6.4965820,1754.137600,1754.126800,0,0,1,1,0,0,0,1
2698,269.816800,269.824000,12.199416,0.007990628,0.5327036,6.4985960,1754.789200,1754.778400,0,0,1,1,0,0,0,1
2699,269.917300,269.924500,12.199416,0.007989064,0.5325890,6.4973160,1755.441000,1755.430400,0,0,1,1,0,0,0,1
2700,270.016800,270.024000,12.200196,0.008000936,0.5333902,6.5072020,1756.089000,1756.078400,0,0,1,1,0,0,0,1
2701,270.116900,270.124000,12.199808,0.007999064,0.5332376,6.5051280,1756.741600,1756.730800,0,0,1,1,0,0,0,1
2702,270.216700,270.224000,12.198244,0.008000004,0.5333138,6.5063480,1757.390400,1757.379600,0,0,1,1,0,0,0,1
2703,270.316800,270.324000,12.199416,0.007984688,0.5323030,6.4938360,1758.041000,1758.030400,0,0,1,1,0,0,0,1
2704,270.417000,270.424200,12.199416,0.007996250,0.5330850,6.5031740,1758.693600,1758.683000,0,0,1,1,0,0,0,1
2705,270.517400,270.524400,12.199220,0.008003130,0.5335428,6.5087280,1759.345200,1759.334800,0,0,1,1,0,0,0,1
2706,270.616800,270.624000,12.199808,0.007999690,0.5333138,6.5141600,1759.993200,1759.982400,0,0,1,1,0,0,0,1
2707,270.717100,270.724300,12.199024,0.007994064,0.5330086,6.5024440,1760.646000,1760.635200,0,0,1,1,0,0,0,1
2708,270.816800,270.823900,12.199808,0.007995004,0.5329896,6.5022590,1761.293000,1761.282400,0,0,1,1,0,0,0,1
2709,270.916800,270.924000,12.200196,0.007984066,0.5322648,6.4937140,1761.945600,1761.934800,0,0,1,1,0,0,0,1
2710,271.016800,271.024000,12.198440,0.008000004,0.5333330,6.5056770,1762.597200,1762.586800,0,0,1,1,0,0,0,1
2711,271.117000,271.124200,12.198830,0.008006564,0.5337716,6.5112320,1763.249600,1763.239000,0,0,1,1,0,0,0,1
2712,271.216800,271.223900,12.200390,0.008000004,0.5333138,6.5055540,1763.898000,1763.887600,0,0,1,1,0,0,0,1
2713,271.316800,271.324000,12.199024,0.007998124,0.5326654,6.4983520,1764.549000,1764.538400,0,0,1,1,0,0,0,1
2714,271.417300,271.424500,12.199808,0.007991876,0.5327798,6.4997560,1765.200400,1765.189600,0,0,1,1,0,0,0,1
2715,271.517000,271.524200,12.198440,0.007997190,0.5331422,6.5034180,1765.852800,1765.842000,0,0,1,1,0,0,0,1
2716,271.617400,271.624400,12.200390,0.007995624,0.5330468,6.5032960,1766.504000,1766.493200,0,0,1,1,0,0,0,1
2717,271.716800,271.723900,12.200004,0.007997504,0.5331612,6.5044560,1767.152400,1767.142000,0,0,1,1,0,0,0,1
2718,271.821600,271.828900,12.199612,0.007994064,0.5329132,6.5014040,1767.833600,1767.823000,0,0,1,1,0,0,0,1
2719,271.917300,271.924400,12.198830,0.007992812,0.5327988,6.4998780,1768.456800,1768.446000,0,0,1,1,0,0,0,1
2720,272.016900,272.024000,12.199416,0.007996564,0.5330850,6.5031140,1769.104800,1769.094000,0,0,1,1,0,0,0,1
2721,272.117000,272.124200,12.199808,0.008002816,0.5335236,6.5087900,1769.757600,1769.747000,0,0,1,1,0,0,0,1
2722,272.216800,272.224000,12.200196,0.008002816,0.5335236,6.5090340,1770.405000,1770.394000,0,0,1,1,0,0,0,1
2723,272.317200,272.324400,12.199808,0.007995004,0.5329896,6.5023820,1771.057000,1771.046000,0,0,1,1,0,0,0,1
2724,272.416800,272.424000,12.200004,0.007985314,0.5323410,6.5036640,1771.705600,1771.695000,0,0,1,1,0,0,0,1
2725,272.517100,272.524300,12.198636,0.007994064,0.5333520,6.5065920,1772.361000,1772.350400,0,0,1,1,0,0,0,1
2726,272.616900,272.624000,12.199220,0.007996876,0.5331040,6.5036640,1773.009600,1772.998800,0,0,1,1,0,0,0,1
2727,272.717200,272.724300,12.199416,0.007993440,0.5328752,6.5007940,1773.660400,1773.649600,0,0,1,1,0,0,0,1
2728,272.816800,272.824000,12.199024,0.008007816,0.5338480,6.5125140,1774.309000,1774.298000,0,0,1,1,0,0,0,1
2729,272.917000,272.924100,12.199416,0.007997190,0.5331230,6.5037840,1774.961000,1774.950400,0,0,1,1,0,0,0,1
2730,273.017100,273.024300,12.198830,0.008003750,0.5335618,6.5068360,1775.613000,1775.602000,0,0,1,1,0,0,0,1
2731,273.116800,273.124000,12.198830,0.007998124,0.5338860,6.5130020,1776.261600,1776.250800,0,0,1,1,0,0,0,1
2732,273.217100,273.224300,12.199024,0.007995624,0.5330468,6.5025040,1776.914000,1776.903000,0,0,1,1,0,0,0,1
2733,273.316800,273.323900,12.199612,0.007991876,0.5327798,6.4996340,1777.561600,1777.551000,0,0,1,1,0,0,0,1
2734,273.416800,273.424000,12.199808,0.008000004,0.5333138,6.5062880,1778.213000,1778.202400,0,0,1,1,0,0,0,1
2735,273.517400,273.524400,12.200590,0.007994376,0.5329514,6.5021380,1778.869200,1778.858400,0,0,1,1,0,0,0,1
2736,273.616900,273.624100,12.200390,0.007985314,0.5323410,6.4996980,1779.518400,1779.507600,0,0,1,1,0,0,0,1
2737,273.716800,273.724000,12.199612,0.008003130,0.5335046,6.5081180,1780.165600,1780.155000,0,0,1,1,0,0,0,1
2738,273.817200,273.824300,12.199808,0.007993750,0.5329132,6.5013440,1780.818000,1780.807200,0,0,1,1,0,0,0,1
2739,273.916800,273.923900,12.200004,0.007998750,0.5332376,6.5053720,1781.466400,1781.455600,0,0,1,1,0,0,0,1
2740,274.016800,274.023800,12.199612,0.007995940,0.5330468,6.5029300,1782.119000,1782.108000,0,0,1,1,0,0,0,1
2741,274.116900,274.124100,12.199220,0.007991252,0.5327416,6.4989020,1782.770000,1782.759600,0,0,1,1,0,0,0,1
2742,274.217200,274.224400,12.199612,0.007993750,0.5333138,6.5061060,1783.421000,1783.410400,0,0,1,1,0,0,0,1
2743,274.317000,274.324000,12.200390,0.008000316,0.5328560,6.5004280,1784.070000,1784.059200,0,0,1,1,0,0,0,1
2744,274.417000,274.424100,12.199612,0.007998124,0.5331994,6.5048220,1784.721600,1784.710800,0,0,1,1,0,0,0,1
2745,274.516800,274.524000,12.199416,0.007996250,0.5330660,6.5030540,1785.369200,1785.358400,0,0,1,1,0,0,0,1
2746,274.616900,274.624100,12.199612,0.007996876,0.5331230,6.5039070,1786.022000,1786.011600,0,0,1,1,0,0,0,1
2747,274.716800,274.724000,12.199416,0.008000936,0.5333902,6.5069580,1786.674400,1786.664000,0,0,1,1,0,0,0,1
2748,274.817300,274.824500,12.199416,0.007998438,0.5330086,6.5023200,1787.330000,1787.319000,0,0,1,1,0,0,0,1
2749,274.916800,274.924000,12.200004,0.007984066,0.5334284,6.5076920,1787.974400,1787.963600,0,0,1,1,0,0,0,1
2750,275.016900,275.024000,12.199220,0.007993750,0.5329132,6.5011600,1788.625000,1788.614400,0,0,1,1,0,0,0,1
2751,275.117000,275.124100,12.198830,0.007988752,0.5325700,6.4966460,1789.277000,1789.266400,0,0,1,1,0,0,0,1
2752,275.217200,275.224400,12.200004,0.007988752,0.5325700,6.4972560,1789.929200,1789.918400,0,0,1,1,0,0,0,1
2753,275.316800,275.323900,12.199808,0.007986252,0.5324174,6.4953010,1790.576400,1790.565600,0,0,1,1,0,0,0,1
2754,275.416800,275.424000,12.199220,0.007991876,0.5327798,6.5067160,1791.228800,1791.218000,0,0,1,1,0,0,0,1
2755,275.517200,275.524300,12.200196,0.007988752,0.5327226,6.4988420,1791.880400,1791.870000,0,0,1,1,0,0,0,1
2756,275.616800,275.624000,12.199612,0.007989064,0.5325890,6.4974980,1792.529000,1792.518400,0,0,1,1,0,0,0,1
2757,275.717100,275.724300,12.199612,0.007985940,0.5323792,6.4948140,1793.180400,1793.169600,0,0,1,1,0,0,0,1
2758,275.816800,275.824000,12.200004,0.008000316,0.5333520,6.5068360,1793.828400,1793.817600,0,0,1,1,0,0,0,1
2759,275.917300,275.924400,12.199808,0.007995940,0.5330468,6.5030540,1794.484000,1794.473200,0,0,1,1,0,0,0,1
2760,276.016900,276.029000,12.199024,0.007992190,0.5327988,6.5002440,1795.164400,1795.153600,0,0,1,1,0,0,0,1
2761,276.116900,276.124000,12.200004,0.008004064,0.5330278,6.5031140,1795.779600,1795.768800,0,0,1,1,0,0,0,1
2762,276.216800,276.224000,12.200390,0.007988440,0.5325510,6.4967660,1796.432400,1796.421600,0,0,1,1,0,0,0,1
2763,276.317300,276.324400,12.199808,0.007997190,0.5331230,6.5040290,1797.087600,1797.077000,0,0,1,1,0,0,0,1
2764,276.416800,276.424000,12.199024,0.008002504,0.5335046,6.5081180,1797.732000,1797.721600,0,0,1,1,0,0,0,1
2765,276.517200,276.524400,12.199416,0.007988128,0.5325318,6.4964000,1798.387000,1798.376000,0,0,1,1,0,0,0,1
2766,276.616900,276.624100,12.199220,0.008000004,0.5333330,6.5108650,1799.035200,1799.024800,0,0,1,1,0,0,0,1
2767,276.716700,276.723800,12.200196,0.007995624,0.5335236,6.5086060,1799.684400,1799.673600,0,0,1,1,0,0,0,1
2768,276.816800,276.824000,12.200004,0.008006564,0.5337526,6.5113540,1800.336800,1800.326000,0,0,1,1,0,0,0,1
2769,276.917200,276.924400,12.199612,0.007997504,0.5331612,6.5042760,1800.988000,1800.977000,0,0,1,1,0,0,0,1
2770,277.016900,277.024100,12.199416,0.007997816,0.5331804,6.5044560,1801.640400,1801.629600,0,0,1,1,0,0,0,1
2771,277.116800,277.124000,12.199808,0.007993124,0.5328560,6.5007340,1802.288400,1802.277600,0,0,1,1,0,0,0,1
2772,277.217200,277.224400,12.200004,0.008001250,0.5333710,6.5072020,1802.944000,1802.933200,0,0,1,1,0,0,0,1
2773,277.316800,277.324000,12.199220,0.008000316,0.5331994,6.5046400,1803.588400,1803.578000,0,0,1,1,0,0,0,1
2774,277.417000,277.424200,12.200004,0.007993440,0.5328752,6.5011000,1804.244000,1804.233000,0,0,1,1,0,0,0,1
2775,277.517200,277.524400,12.199612,0.008001876,0.5334474,6.5079380,1804.895600,1804.885000,0,0,1,1,0,0,0,1
2776,277.616900,277.624000,12.199808,0.007999690,0.5333138,6.5061660,1805.543600,1805.533000,0,0,1,1,0,0,0,1
2777,277.717300,277.724500,12.199024,0.007992190,0.5327988,6.4996340,1806.196000,1806.185000,0,0,1,1,0,0,0,1
2778,277.816800,277.823900,12.200590,0.008003440,0.5335618,6.5120240,1806.844000,1806.833000,0,0,1,1,0,0,0,1
2779,277.916900,277.924000,12.199808,0.007998124,0.5331612,6.5046400,1807.496000,1807.485000,0,0,1,1,0,0,0,1
2780,278.017000,278.024200,12.199220,0.007989380,0.5326082,6.4974980,1808.147600,1808.137000,0,0,1,1,0,0,0,1
2781,278.117200,278.124300,12.199024,0.007996876,0.5331040,6.5034180,1808.799000,1808.788400,0,0,1,1,0,0,0,1
2782,278.216800,278.224000,12.199808,0.007996250,0.5330660,6.5032960,1809.448000,1809.437000,0,0,1,1,0,0,0,1
2783,278.317200,278.324300,12.199024,0.008003750,0.5335618,6.5090340,1810.100000,1810.089000,0,0,1,1,0,0,0,1
2784,278.416800,278.424000,12.199808,0.007992812,0.5328560,6.5100740,1810.747600,1810.737000,0,0,1,1,0,0,0,1
2785,278.517200,278.524300,12.199220,0.007997190,0.5331230,6.5039700,1811.399600,1811.389000,0,0,1,1,0,0,0,1
2786,278.616800,278.623800,12.199024,0.007994064,0.5329324,6.5014660,1812.048400,1812.038000,0,0,1,1,0,0,0,1
2787,278.717200,278.724300,12.200390,0.007995624,0.5330278,6.5031140,1812.703200,1812.692400,0,0,1,1,0,0,0,1
2788,278.816800,278.824200,12.199808,0.007993124,0.5328560,6.5007340,1813.351600,1813.341000,0,0,1,1,0,0,0,1
2789,278.916800,278.923900,12.199612,0.007996564,0.5330850,6.5034800,1813.999600,1813.989000,0,0,1,1,0,0,0,1
2790,279.017200,279.024400,12.200390,0.007995004,0.5330086,6.5020140,1814.655000,1814.644000,0,0,1,1,0,0,0,1
2791,279.116800,279.124000,12.200196,0.007996250,0.5327988,6.4998780,1815.303000,1815.292000,0,0,1,1,0,0,0,1
2792,279.217100,279.224300,12.199808,0.007994376,0.5329514,6.5018340,1815.955000,1815.944000,0,0,1,1,0,0,0,1
2793,279.316800,279.324000,12.199808,0.007993750,0.5329132,6.5012820,1816.603000,1816.592400,0,0,1,1,0,0,0,1
2794,279.417200,279.424400,12.199808,0.007996250,0.5330660,6.5033600,1817.255600,1817.245000,0,0,1,1,0,0,0,1
2795,279.516800,279.524000,12.199612,0.007999064,0.5332566,6.5054320,1817.902400,1817.892000,0,0,1,1,0,0,0,1
2796,279.617200,279.624400,12.199416,0.007999690,0.5333138,6.5061660,1818.558000,1818.547000,0,0,1,1,0,0,0,1
2797,279.716800,279.723900,12.199220,0.007996564,0.5331040,6.5032960,1819.206800,1819.196000,0,0,1,1,0,0,0,1
2798,279.817100,279.824200,12.199612,0.007999690,0.5332948,6.5059820,1819.859000,1819.848400,0,0,1,1,0,0,0,1
2799,279.916800,279.924000,12.200004,0.007987500,0.5324936,6.4964600,1820.507600,1820.497000,0,0,1,1,0,0,0,1
2800,280.017000,280.024100,12.199416,0.007995316,0.5330086,6.5022590,1821.159000,1821.148000,0,0,1,1,0,0,0,1
2801,280.116900,280.124000,12.198830,0.008000004,0.5333138,6.5058600,1821.807000,1821.796000,0,0,1,1,0,0,0,1
2802,280.217300,280.224500,12.199024,0.007985940,0.5327798,6.4998780,1822.462400,1822.452000,0,0,1,1,0,0,0,1
2803,280.317000,280.324200,12.199220,0.007999690,0.5327608,6.4990880,1823.111000,1823.100400,0,0,1,1,0,0,0,1
2804,280.417300,280.424400,12.200390,0.007998124,0.5331994,6.5051280,1823.763000,1823.752000,0,0,1,1,0,0,0,1
2805,280.516800,280.524000,12.199612,0.007997816,0.5331994,6.5047000,1824.411000,1824.400000,0,0,1,1,0,0,0,1
2806,280.617000,280.624100,12.200196,0.008001876,0.5334474,6.5080580,1825.063000,1825.052400,0,0,1,1,0,0,0,1
2807,280.716800,280.724000,12.199220,0.007998438,0.5332184,6.5046400,1825.714400,1825.704000,0,0,1,1,0,0,0,1
2808,280.817100,280.824200,12.199220,0.007992504,0.5333710,6.5067160,1826.363000,1826.352000,0,0,1,1,0,0,0,1
2809,280.917300,280.924400,12.200004,0.008009376,0.5339432,6.5141000,1827.019000,1827.008400,0,0,1,1,0,0,0,1
2810,281.016800,281.023800,12.198636,0.008000004,0.5333330,6.5058600,1827.664000,1827.653000,0,0,1,1,0,0,0,1
2811,281.117000,281.124100,12.198830,0.007994690,0.5329896,6.5017100,1828.315000,1828.304400,0,0,1,1,0,0,0,1
2812,281.217200,281.224300,12.200390,0.007990312,0.5326844,6.4989020,1828.967000,1828.956000,0,0,1,1,0,0,0,1
2813,281.316800,281.324000,12.199024,0.007995940,0.5330468,6.5025640,1829.619000,1829.608000,0,0,1,1,0,0,0,1
2814,281.417000,281.424100,12.200390,0.007995940,0.5328752,6.5010380,1830.270000,1830.259600,0,0,1,1,0,0,0,1
2815,281.517000,281.524200,12.199612,0.007996876,0.5331230,6.5039700,1830.918000,1830.907600,0,0,1,1,0,0,0,1
2816,281.617100,281.624400,12.200004,0.007995624,0.5330468,6.5029920,1831.570400,1831.559600,0,0,1,1,0,0,0,1
2817,281.717000,281.724200,12.199612,0.007989690,0.5326462,6.4980480,1832.222400,1832.211600,0,0,1,1,0,0,0,1
2818,281.816800,281.824000,12.199612,0.007985940,0.5323984,6.4949960,1832.871000,1832.860000,0,0,1,1,0,0,0,1
2819,281.916900,281.924000,12.199416,0.007999376,0.5332756,6.5056770,1833.522000,1833.511600,0,0,1,1,0,0,0,1
2820,282.016800,282.024000,12.199416,0.007997190,0.5330086,6.5022590,1834.170000,1834.159200,0,0,1,1,0,0,0,1
2821,282.117100,282.124200,12.199612,0.007993124,0.5328560,6.5001220,1834.822000,1834.811000,0,0,1,1,0,0,0,1
2822,282.216800,282.224000,12.199612,0.007990000,0.5326654,6.4983520,1835.474400,1835.463600,0,0,1,1,0,0,0,1
2823,282.317300,282.324500,12.200004,0.007994064,0.5329324,6.5017100,1836.125000,1836.114400,0,0,1,1,0,0,0,1
2824,282.417000,282.424100,12.199416,0.008005940,0.5337144,6.5110480,1836.774000,1836.763200,0,0,1,1,0,0,0,1
2825,282.517200,282.524400,12.200004,0.007996250,0.5330660,6.5034800,1837.425000,1837.414400,0,0,1,1,0,0,0,1
2826,282.616900,282.624000,12.200004,0.008001250,0.5327036,6.4987190,1838.074000,1838.063000,0,0,1,1,0,0,0,1
2827,282.717100,282.724300,12.198050,0.007994376,0.5329514,6.5015880,1838.728800,1838.718000,0,0,1,1,0,0,0,1
2828,282.816800,282.823900,12.199220,0.007998124,0.5331994,6.5045180,1839.377000,1839.366400,0,0,1,1,0,0,0,1
2829,282.917300,282.924500,12.199612,0.007994064,0.5329324,6.5014660,1840.029000,1840.018400,0,0,1,1,0,0,0,1
2830,283.016900,283.024000,12.199416,0.007989690,0.5326462,6.4979260,1840.677000,1840.666000,0,0,1,1,0,0,0,1
2831,283.117100,283.124300,12.199416,0.007997504,0.5331612,6.5040900,1841.328400,1841.317600,0,0,1,1,0,0,0,1
2832,283.217100,283.224200,12.199612,0.007988440,0.5327226,6.4983520,1841.980800,1841.970000,0,0,1,1,0,0,0,1
2833,283.316800,283.324000,12.199808,0.007996564,0.5331040,6.5033600,1842.628400,1842.618000,0,0,1,1,0,0,0,1
2834,283.417000,283.424200,12.199612,0.008003130,0.5335428,6.5089720,1843.281000,1843.270000,0,0,1,1,0,0,0,1
2835,283.517100,283.524300,12.200390,0.007997504,0.5331612,6.5046400,1843.932400,1843.921600,0,0,1,1,0,0,0,1
2836,283.616800,283.624000,12.199220,0.007997816,0.5331612,6.5041520,1844.580400,1844.569600,0,0,1,1,0,0,0,1
2837,283.716800,283.724000,12.199220,0.008005628,0.5336952,6.5107420,1845.232400,1845.222000,0,0,1,1,0,0,0,1
2838,283.817200,283.824300,12.199612,0.007998438,0.5333138,6.5056770,1845.884400,1845.873600,0,0,1,1,0,0,0,1
2839,283.917000,283.924100,12.200196,0.007994064,0.5329324,6.5012820,1846.533000,1846.522000,0,0,1,1,0,0,0,1
2840,284.017400,284.024400,12.200004,0.007993750,0.5328942,6.5012820,1847.187600,1847.177000,0,0,1,1,0,0,0,1
2841,284.116800,284.124000,12.200004,0.008000004,0.5333330,6.5065920,1847.832000,1847.821600,0,0,1,1,0,0,0,1
2842,284.217100,284.224300,12.199220,0.008002190,0.5334664,6.5077520,1848.488400,1848.477600,0,0,1,1,0,0,0,1
2843,284.316800,284.324000,12.200980,0.007984376,0.5322838,6.4943240,1849.136400,1849.125600,0,0,1,1,0,0,0,1
2844,284.416900,284.424100,12.200390,0.007995940,0.5331230,6.5039070,1849.788400,1849.777600,0,0,1,1,0,0,0,1
2845,284.516800,284.523800,12.199220,0.007993124,0.5328752,6.5009780,1850.437000,1850.426400,0,0,1,1,0,0,0,1
2846,284.617100,284.624300,12.199024,0.008008128,0.5338670,6.5126960,1851.088400,1851.078000,0,0,1,1,0,0,0,1
2847,284.716800,284.723900,12.199808,0.008005316,0.5336762,6.5108040,1851.740400,1851.729600,0,0,1,1,0,0,0,1
2848,284.816800,284.823900,12.199612,0.007996564,0.5330850,6.5034800,1852.389200,1852.378400,0,0,1,1,0,0,0,1
2849,284.917300,284.924400,12.200390,0.007989064,0.5325890,6.4978040,1853.044800,1853.034000,0,0,1,1,0,0,0,1
2850,285.016900,285.024000,12.199808,0.007999376,0.5340386,6.5147100,1853.693000,1853.682400,0,0,1,1,0,0,0,1
2851,285.117200,285.124400,12.200196,0.008000936,0.5333710,6.5067760,1854.345200,1854.334800,0,0,1,1,0,0,0,1
2852,285.216800,285.224000,12.199612,0.007995624,0.5330278,6.5028080,1854.993200,1854.982400,0,0,1,1,0,0,0,1
2853,285.316800,285.324000,12.198440,0.007989380,0.5326082,6.4970710,1855.644800,1855.634000,0,0,1,1,0,0,0,1
2854,285.417000,285.424200,12.199416,0.007996564,0.5330850,6.5033600,1856.297000,1856.286400,0,0,1,1,0,0,0,1
2855,285.517200,285.524400,12.200784,0.007998124,0.5331994,6.5053720,1856.949000,1856.938000,0,0,1,1,0,0,0,1
2856,285.616800,285.624000,12.199220,0.008003440,0.5340004,6.5144050,1857.597200,1857.586800,0,0,1,1,0,0,0,1
2857,285.717200,285.724400,12.200784,0.007998750,0.5332376,6.5048860,1858.249600,1858.239000,0,0,1,1,0,0,0,1
2858,285.816800,285.824000,12.199808,0.007998750,0.5332376,6.5054320,1858.898000,1858.887600,0,0,1,1,0,0,0,1
2859,285.917300,285.924500,12.199416,0.008000630,0.5333520,6.5066540,1859.553000,1859.542000,0,0,1,1,0,0,0,1
2860,286.016800,286.024000,12.199808,0.007997504,0.5331612,6.5043340,1860.197600,1860.186800,0,0,1,1,0,0,0,1
2861,286.116800,286.124000,12.200004,0.008004376,0.5336000,6.5100100,1860.849200,1860.838400,0,0,1,1,0,0,0,1
2862,286.217200,286.224400,12.200196,0.007988752,0.5332948,6.5061060,1861.504000,1861.493200,0,0,1,1,0,0,0,1
2863,286.316800,286.324000,12.199024,0.007991564,0.5327416,6.4996340,1862.148400,1862.138000,0,0,1,1,0,0,0,1
2864,286.417200,286.424400,12.199416,0.007994690,0.5329704,6.5019540,1862.805000,1862.794000,0,0,1,1,0,0,0,1
2865,286.516800,286.524000,12.199808,0.007994690,0.5329704,6.5019540,1863.453000,1863.442000,0,0,1,1,0,0,0,1
2866,286.617000,286.624200,12.199612,0.007998438,0.5332184,6.5050660,1864.103600,1864.093000,0,0,1,1,0,0,0,1
2867,286.716800,286.724000,12.199416,0.007998438,0.5332184,6.5048860,1864.752400,1864.742000,0,0,1,1,0,0,0,1
2868,286.816800,286.824000,12.199220,0.007987812,0.5324556,6.4958500,1865.403600,1865.393000,0,0,1,1,0,0,0,1
2869,286.917000,286.924100,12.199220,0.008000936,0.5333902,6.5063480,1866.056400,1866.045600,0,0,1,1,0,0,0,1
2870,287.016800,287.024000,12.200390,0.007995004,0.5329896,6.5025640,1866.705000,1866.694000,0,0,1,1,0,0,0,1
2871,287.116900,287.124100,12.199612,0.007994376,0.5329514,6.5017100,1867.355600,1867.345000,0,0,1,1,0,0,0,1
2872,287.216800,287.224900,12.199808,0.007993440,0.5328752,6.5009180,1868.012400,1868.001600,0,0,1,1,0,0,0,1
2873,287.316800,287.324000,12.199808,0.007999376,0.5332756,6.5058600,1868.655600,1868.644800,0,0,1,1,0,0,0,1
2874,287.417300,287.424400,12.198636,0.007996250,0.5330278,6.5028080,1869.312000,1869.301600,0,0,1,1,0,0,0,1
2875,287.516900,287.524000,12.199220,0.007994064,0.5329324,6.5009180,1869.960800,1869.950000,0,0,1,1,0,0,0,1
2876,287.617100,287.624300,12.199220,0.007997504,0.5331612,6.5040290,1870.612000,1870.601200,0,0,1,1,0,0,0,1
2877,287.716800,287.724000,12.200004,0.007999376,0.5332756,6.5059820,1871.260000,1871.249000,0,0,1,1,0,0,0,1
2878,287.817100,287.824300,12.199612,0.007997504,0.5331612,6.5042760,1871.912400,1871.901600,0,0,1,1,0,0,0,1
2879,287.916800,287.924000,12.200980,0.007999690,0.5333138,6.5068360,1872.560800,1872.550000,0,0,1,1,0,0,0,1
2880,288.016900,288.024100,12.200390,0.007993750,0.5331804,6.5039070,1873.212400,1873.202000,0,0,1,1,0,0,0,1
2881,288.116900,288.124000,12.200196,0.007990940,0.5327226,6.4988420,1873.865000,1873.854000,0,0,1,1,0,0,0,1
2882,288.217100,288.224200,12.199220,0.007983752,0.5322266,6.4927980,1874.516400,1874.505600,0,0,1,1,0,0,0,1
2883,288.316800,288.323900,12.200004,0.007982500,0.5321694,6.4923100,1875.164000,1875.153000,0,0,1,1,0,0,0,1
2884,288.416800,288.424000,12.200196,0.007982816,0.5321884,6.4927380,1875.813600,1875.803000,0,0,1,1,0,0,0,1
2885,288.517400,288.529700,12.199416,0.007981252,0.5320740,6.4884060,1876.500800,1876.490000,0,0,1,1,0,0,0,1
2886,288.617000,288.624200,12.200196,0.007978752,0.5319596,6.4895020,1877.111000,1877.100400,0,0,1,1,0,0,0,1
2887,288.716700,288.723800,12.200004,0.007985628,0.5323602,6.4944460,1877.762000,1877.751000,0,0,1,1,0,0,0,1
2888,288.817200,288.824300,12.200004,0.007985000,0.5323220,6.4942040,1878.413000,1878.402000,0,0,1,1,0,0,0,1
2889,288.917200,288.924400,12.199220,0.007985628,0.5323602,6.4944460,1879.064000,1879.053200,0,0,1,1,0,0,0,1
2890,289.016800,289.024000,12.200390,0.007978440,0.5318834,6.4891980,1879.710000,1879.699200,0,0,1,1,0,0,0,1
2891,289.116900,289.124000,12.199612,0.007983440,0.5322266,6.4929200,1880.361000,1880.350400,0,0,1,1,0,0,0,1
2892,289.217100,289.224200,12.199416,0.007977190,0.5319978,6.4902370,1881.012400,1881.001600,0,0,1,1,0,0,0,1
2893,289.316800,289.324000,12.200390,0.007982190,0.5321504,6.4920680,1881.658400,1881.647600,0,0,1,1,0,0,0,1
2894,289.416800,289.423900,12.200196,0.007980000,0.5319788,6.4902370,1882.305000,1882.294000,0,0,1,1,0,0,0,1
2895,289.517000,289.524100,12.200004,0.007977502,0.5318260,6.4882820,1882.959000,1882.948400,0,0,1,1,0,0,0,1
2896,289.616800,289.624000,12.200004,0.007991564,0.5327608,6.4996340,1883.606800,1883.596000,0,0,1,1,0,0,0,1
2897,289.717200,289.724300,12.200590,0.007975316,0.5316736,6.4790660,1884.257600,1884.247000,0,0,1,1,0,0,0,1
2898,289.816800,289.824000,12.200004,0.007976564,0.5317690,6.4868180,1884.904000,1884.893200,0,0,1,1,0,0,0,1
2899,289.917200,289.924400,12.200196,0.007982190,0.5321312,6.4921280,1885.558400,1885.547600,0,0,1,1,0,0,0,1
2900,290.016900,290.024000,12.200390,0.007988440,0.5325510,6.4972560,1886.205600,1886.195000,0,0,1,1,0,0,0,1
2901,290.117000,290.124100,12.199024,0.007982816,0.5321884,6.4921280,1886.855600,1886.845000,0,0,1,1,0,0,0,1
2902,290.216800,290.223900,12.199220,0.007973130,0.5315400,6.4842540,1887.502000,1887.491600,0,0,1,1,0,0,0,1
2903,290.317000,290.324200,12.198636,0.007995940,0.5330468,6.5023820,1888.154000,1888.143200,0,0,1,1,0,0,0,1
2904,290.417200,290.424200,12.199612,0.007996250,0.5329132,6.5012240,1888.806400,1888.795600,0,0,1,1,0,0,0,1
2905,290.516800,290.524100,12.200784,0.008003440,0.5335618,6.5092780,1889.453200,1889.442400,0,0,1,1,0,0,0,1
2906,290.616800,290.624000,12.199612,0.008003130,0.5335428,6.5089120,1890.105600,1890.095000,0,0,1,1,0,0,0,1
2907,290.717200,290.724300,12.200004,0.007995940,0.5330468,6.5031140,1890.757600,1890.747000,0,0,1,1,0,0,0,1
2908,290.816800,290.823900,12.199220,0.007999690,0.5333138,6.5059220,1891.406000,1891.395000,0,0,1,1,0,0,0,1
2909,290.917000,290.924100,12.199024,0.007997504,0.5331422,6.5038460,1892.057200,1892.046800,0,0,1,1,0,0,0,1
2910,291.016800,291.024000,12.199024,0.007992812,0.5328370,6.5003660,1892.705200,1892.694400,0,0,1,1,0,0,0,1
2911,291.117400,291.124400,12.200196,0.008000936,0.5333710,6.5065320,1893.361600,1893.351000,0,0,1,1,0,0,0,1
2912,291.216700,291.223900,12.199808,0.008002504,0.5335046,6.5084840,1894.009600,1893.998800,0,0,1,1,0,0,0,1
2913,291.316800,291.329000,12.198830,0.007994690,0.5338480,6.5124520,1894.690800,1894.680000,0,0,1,1,0,0,0,1
2914,291.416900,291.424100,12.199220,0.007991252,0.5327416,6.4989640,1895.310000,1895.299600,0,0,1,1,0,0,0,1
2915,291.517200,291.524300,12.200004,0.008004690,0.5336380,6.5064120,1895.965000,1895.954400,0,0,1,1,0,0,0,1
2916,291.616900,291.624000,12.200196,0.007993440,0.5329896,6.5029300,1896.611000,1896.600400,0,0,1,1,0,0,0,1
2917,291.717100,291.724200,12.200004,0.007995624,0.5330278,6.5028080,1897.266000,1897.255000,0,0,1,1,0,0,0,1
2918,291.816800,291.824000,12.199808,0.008002504,0.5334856,6.5084240,1897.914800,1897.904000,0,0,1,1,0,0,0,1
2919,291.917300,291.924400,12.199416,0.007998750,0.5332376,6.5051900,1898.566800,1898.556000,0,0,1,1,0,0,0,1
2920,292.016900,292.024000,12.200390,0.008000630,0.5333710,6.5072020,1899.214400,1899.204000,0,0,1,1,0,0,0,1
2921,292.117000,292.124100,12.199808,0.007997504,0.5331612,6.5006720,1899.866400,1899.855600,0,0,1,1,0,0,0,1
2922,292.216800,292.223900,12.198244,0.007993440,0.5329896,6.5024440,1900.514400,1900.503600,0,0,1,1,0,0,0,1
2923,292.316800,292.324000,12.200980,0.008000936,0.5333710,6.5066540,1901.166800,1901.156000,0,0,1,1,0,0,0,1
2924,292.417200,292.424400,12.199612,0.008001564,0.5334284,6.5074470,1901.822000,1901.811000,0,0,1,1,0,0,0,1
2925,292.516900,292.524100,12.198830,0.008002190,0.5334856,6.5077520,1902.470400,1902.459600,0,0,1,1,0,0,0,1
2926,292.616900,292.624000,12.198830,0.007994690,0.5329514,6.5014040,1903.118400,1903.107600,0,0,1,1,0,0,0,1
2927,292.717100,292.724400,12.199808,0.007998438,0.5332184,6.5082420,1903.775000,1903.764400,0,0,1,1,0,0,0,1
2928,292.816800,292.823900,12.199220,0.007992812,0.5333520,6.5068360,1904.419600,1904.409000,0,0,1,1,0,0,0,1
2929,292.917000,292.924200,12.199220,0.007996876,0.5331230,6.5045180,1905.075000,1905.064000,0,0,1,1,0,0,0,1
2930,293.017200,293.024300,12.200390,0.007998124,0.5331994,6.5051900,1905.727000,1905.716400,0,0,1,1,0,0,0,1
2931,293.116900,293.124100,12.200004,0.007992504,0.5328180,6.5004280,1906.374800,1906.364000,0,0,1,1,0,0,0,1
2932,293.216800,293.223900,12.198830,0.007999690,0.5332948,6.5054960,1907.023000,1907.012400,0,0,1,1,0,0,0,1
2933,293.317200,293.324400,12.199808,0.008001250,0.5334092,6.5025640,1907.678000,1907.667000,0,0,1,1,0,0,0,1
2934,293.416800,293.424000,12.200004,0.008001250,0.5328752,6.5008560,1908.327000,1908.316000,0,0,1,1,0,0,0,1
2935,293.517000,293.524200,12.200004,0.007994064,0.5329132,6.5011600,1908.979000,1908.968400,0,0,1,1,0,0,0,1
2936,293.616800,293.624000,12.200004,0.008001250,0.5333902,6.5073860,1909.627000,1909.616400,0,0,1,1,0,0,0,1
2937,293.717200,293.724400,12.200004,0.008003750,0.5335618,6.5094640,1910.279000,1910.268400,0,0,1,1,0,0,0,1
2938,293.816800,293.824000,12.198830,0.007996876,0.5331230,6.5034180,1910.931000,1910.920000,0,0,1,1,0,0,0,1
2939,293.916900,293.924000,12.199416,0.007996250,0.5330850,6.5024440,1911.579000,1911.568000,0,0,1,1,0,0,0,1
2940,294.016900,294.024100,12.200390,0.007995940,0.5332566,6.5055540,1912.231000,1912.220400,0,0,1,1,0,0,0,1
2941,294.121800,294.129000,12.199612,0.008006876,0.5337716,6.5118420,1912.912400,1912.901600,0,0,1,1,0,0,0,1
2942,294.217300,294.224500,12.200390,0.007996250,0.5330660,6.5035400,1913.535000,1913.524000,0,0,1,1,0,0,0,1
2943,294.316800,294.323900,12.199612,0.007998124,0.5331994,6.5048220,1914.183000,1914.172000,0,0,1,1,0,0,0,1
2944,294.416800,294.424000,12.199808,0.007990312,0.5326654,6.4984140,1914.831600,1914.821000,0,0,1,1,0,0,0,1
2945,294.517100,294.524400,12.199612,0.007998124,0.5331994,6.5033600,1915.486400,1915.476000,0,0,1,1,0,0,0,1
2946,294.616900,294.624100,12.200390,0.007996876,0.5337526,6.5117800,1916.135000,1916.124000,0,0,1,1,0,0,0,1
2947,294.717200,294.724400,12.199612,0.008002816,0.5335236,6.5086680,1916.787000,1916.776000,0,0,1,1,0,0,0,1
2948,294.816800,294.823900,12.200004,0.008000004,0.5333330,6.5066540,1917.434800,1917.424000,0,0,1,1,0,0,0,1
2949,294.917200,294.924400,12.200196,0.007996564,0.5331040,6.5039070,1918.087600,1918.077000,0,0,1,1,0,0,0,1
2950,295.016900,295.024000,12.200390,0.008002816,0.5335046,6.5089720,1918.738400,1918.727600,0,0,1,1,0,0,0,1
2951,295.117200,295.124300,12.200004,0.007998750,0.5332376,6.5042120,1919.391200,1919.380400,0,0,1,1,0,0,0,1
2952,295.216800,295.223900,12.199612,0.008005002,0.5332756,6.5058010,1920.039200,1920.028400,0,0,1,1,0,0,0,1
2953,295.316800,295.324000,12.198050,0.008004376,0.5336190,6.5100100,1920.691000,1920.680400,0,0,1,1,0,0,0,1
2954,295.417000,295.424100,12.199612,0.007994376,0.5329514,6.5018920,1921.343600,1921.332800,0,0,1,1,0,0,0,1
2955,295.516800,295.524100,12.199416,0.008002816,0.5335236,6.5085480,1921.992000,1921.981000,0,0,1,1,0,0,0,1
2956,295.616800,295.624000,12.200196,0.008012188,0.5341340,6.5164820,1922.640000,1922.629000,0,0,1,1,0,0,0,1
2957,295.716800,295.724000,12.199416,0.007999376,0.5332756,6.5083020,1923.291000,1923.280400,0,0,1,1,0,0,0,1
2958,295.817300,295.824500,12.200004,0.007993124,0.5334284,6.5073860,1923.947600,1923.936800,0,0,1,1,0,0,0,1
2959,295.916900,295.924100,12.199612,0.008013752,0.5342294,6.5176400,1924.596400,1924.585600,0,0,1,1,0,0,0,1
2960,296.016800,296.024000,12.199220,0.008000004,0.5333330,6.5061060,1925.244400,1925.233600,0,0,1,1,0,0,0,1
2961,296.117100,296.124300,12.199612,0.007999690,0.5332948,6.5059820,1925.900000,1925.889200,0,0,1,1,0,0,0,1
2962,296.216800,296.223900,12.198830,0.007993750,0.5329132,6.5007940,1926.548400,1926.538000,0,0,1,1,0,0,0,1
2963,296.317100,296.324300,12.199416,0.007995940,0.5330468,6.5042760,1927.200400,1927.189600,0,0,1,1,0,0,0,1
2964,296.416800,296.424000,12.199808,0.007991252,0.5327226,6.4990240,1927.849200,1927.838400,0,0,1,1,0,0,0,1
2965,296.516800,296.524000,12.199024,0.007999064,0.5332756,6.5053720,1928.501600,1928.491000,0,0,1,1,0,0,0,1
2966,296.617100,296.624400,12.198636,0.007990940,0.5327036,6.4983520,1929.152400,1929.142000,0,0,1,1,0,0,0,1
2967,296.716800,296.724000,12.199612,0.007996876,0.5331230,6.5037840,1929.801600,1929.790800,0,0,1,1,0,0,0,1
2968,296.816800,296.823900,12.200196,0.008004064,0.5335808,6.5098280,1930.454000,1930.443000,0,0,1,1,0,0,0,1
2969,296.917300,296.924500,12.200390,0.007998750,0.5337334,6.5112940,1931.105000,1931.094400,0,0,1,1,0,0,0,1
2970,297.016900,297.024000,12.199808,0.007995316,0.5333330,6.5061660,1931.753600,1931.743000,0,0,1,1,0,0,0,1
2971,297.117200,297.124400,12.200196,0.007998124,0.5331994,6.5050660,1932.409000,1932.398000,0,0,1,1,0,0,0,1
2972,297.216800,297.223900,12.198830,0.007998124,0.5331994,6.5042760,1933.054400,1933.043600,0,0,1,1,0,0,0,1
2973,297.316800,297.324000,12.199808,0.008000936,0.5333902,6.5072640,1933.705600,1933.695000,0,0,1,1,0,0,0,1
2974,297.416800,297.424000,12.199808,0.008009068,0.5339242,6.5138560,1934.357600,1934.347000,0,0,1,1,0,0,0,1
2975,297.516900,297.524100,12.199416,0.008004064,0.5335808,6.5060440,1935.010000,1934.999000,0,0,1,1,0,0,0,1
2976,297.617400,297.624600,12.199220,0.008002190,0.5334664,6.5079380,1935.662400,1935.651600,0,0,1,1,0,0,0,1
2977,297.716800,297.723900,12.199808,0.007995316,0.5330086,6.5023200,1936.310000,1936.299600,0,0,1,1,0,0,0,1
2978,297.817200,297.824300,12.198440,0.008003130,0.5335236,6.5081800,1936.962400,1936.952000,0,0,1,1,0,0,0,1
2979,297.917300,297.924500,12.199024,0.007993440,0.5328942,6.5007340,1937.614000,1937.603000,0,0,1,1,0,0,0,1
2980,298.016800,298.024000,12.199024,0.007999064,0.5332566,6.5053100,1938.262000,1938.251000,0,0,1,1,0,0,0,1
2981,298.117200,298.124400,12.200196,0.007999376,0.5334284,6.5075080,1938.914400,1938.903600,0,0,1,1,0,0,0,1
2982,298.216800,298.224000,12.200004,0.007993124,0.5327416,6.4992680,1939.562800,1939.552000,0,0,1,1,0,0,0,1
2983,298.321400,298.329600,12.198636,0.007995940,0.5330660,6.5026260,1940.251600,1940.241000,0,0,1,1,0,0,0,1
2984,298.416900,298.424000,12.199612,0.007989064,0.5325890,6.4973760,1940.867000,1940.856000,0,0,1,1,0,0,0,1
2985,298.517100,298.524200,12.200390,0.007994690,0.5329704,6.5025040,1941.519000,1941.508400,0,0,1,1,0,0,0,1
2986,298.616900,298.624100,12.200390,0.007993124,0.5328560,6.5010380,1942.166000,1942.155600,0,0,1,1,0,0,0,1
2987,298.716800,298.723900,12.199612,0.008008752,0.5339242,6.5023200,1942.819000,1942.808400,0,0,1,1,0,0,0,1
2988,298.816800,298.823900,12.200004,0.008000630,0.5341722,6.5162980,1943.467000,1943.456000,0,0,1,1,0,0,0,1
2989,298.917200,298.924400,12.199220,0.007993750,0.5328942,6.5009180,1944.122800,1944.112000,0,0,1,1,0,0,0,1
2990,299.016800,299.024000,12.199808,0.007995004,0.5329896,6.5022590,1944.771000,1944.760400,0,0,1,1,0,0,0,1
2991,299.116800,299.124000,12.199808,0.007995940,0.5330468,6.5029920,1945.419600,1945.409000,0,0,1,1,0,0,0,1
2992,299.217000,299.224200,12.199416,0.007999064,0.5332566,6.5053100,1946.072000,1946.061000,0,0,1,1,0,0,0,1
2993,299.316800,299.324000,12.200004,0.007993440,0.5328752,6.5083620,1946.723200,1946.712400,0,0,1,1,0,0,0,1
2994,299.417300,299.424400,12.199220,0.007995624,0.5330278,6.5029920,1947.375000,1947.364400,0,0,1,1,0,0,0,1
2995,299.516800,299.524000,12.200004,0.007994064,0.5329324,6.5007940,1948.024000,1948.013200,0,0,1,1,0,0,0,1
2996,299.617100,299.624300,12.200590,0.007992812,0.5328560,6.5010380,1948.675000,1948.664400,0,0,1,1,0,0,0,1
2997,299.716800,299.724000,12.199416,0.007995624,0.5330278,6.5025040,1949.324000,1949.313000,0,0,1,1,0,0,0,1
2998,299.817300,299.824500,12.199024,0.007999064,0.5332566,6.5052500,1949.978800,1949.968000,0,0,1,1,0,0,0,1
2999,299.916800,299.924000,12.199808,0.007997190,0.5331422,6.4995740,1950.627000,1950.616400,0,0,1,1,0,0,0,1
3000,300.017200,300.024400,12.199612,0.007996876,0.5331040,6.5039700,1951.279600,1951.268800,0,0,1,1,0,0,0,1
3001,300.116800,300.124000,12.199416,0.007997816,0.5331804,6.5047620,1951.928400,1951.917600,0,0,1,1,0,0,0,1
3002,300.217300,300.224500,12.198830,0.007997190,0.5331422,6.5036020,1952.583600,1952.573000,0,0,1,1,0,0,0,1
3003,300.316800,300.323900,12.199416,0.008000630,0.5333520,6.5066540,1953.229000,1953.218400,0,0,1,1,0,0,0,1
3004,300.417200,300.424200,12.199416,0.007998750,0.5332376,6.5050660,1953.884400,1953.873600,0,0,1,1,0,0,0,1
3005,300.516800,300.523800,12.199808,0.007993124,0.5328560,6.5068980,1954.533000,1954.522000,0,0,1,1,0,0,0,1
3006,300.617100,300.624300,12.200004,0.007995624,0.5324174,6.4953010,1955.184000,1955.173000,0,0,1,1,0,0,0,1
3007,300.716800,300.724000,12.199612,0.007998124,0.5331994,6.5052500,1955.832000,1955.821600,0,0,1,1,0,0,0,1
3008,300.817300,300.824500,12.200004,0.007994376,0.5329514,6.5018340,1956.487600,1956.476800,0,0,1,1,0,0,0,1
3009,300.917000,300.924100,12.199808,0.008007500,0.5338288,6.5125740,1957.136400,1957.125600,0,0,1,1,0,0,0,1
3010,301.017200,301.024600,12.199808,0.007995316,0.5330086,6.5026260,1957.788000,1957.777000,0,0,1,1,0,0,0,1
3011,301.116900,301.124100,12.199808,0.007993440,0.5328752,6.5058600,1958.435600,1958.425000,0,0,1,1,0,0,0,1
3012,301.216800,301.224000,12.199808,0.008002190,0.5335236,6.5084240,1959.088400,1959.078000,0,0,1,1,0,0,0,1
3013,301.317300,301.324400,12.199416,0.008001876,0.5334474,6.5076920,1959.739200,1959.728800,0,0,1,1,0,0,0,1
3014,301.417000,301.424200,12.200196,0.007994690,0.5329704,6.5023200,1960.388400,1960.377600,0,0,1,1,0,0,0,1
3015,301.516800,301.524000,12.199612,0.007995316,0.5330086,6.5024440,1961.037000,1961.026000,0,0,1,1,0,0,0,1
3016,301.617100,301.624200,12.200004,0.007999690,0.5333138,6.5063480,1961.691600,1961.681000,0,0,1,1,0,0,0,1
3017,301.716800,301.723900,12.199808,0.008000936,0.5333902,6.5046400,1962.340400,1962.330000,0,0,1,1,0,0,0,1
3018,301.817300,301.824500,12.199808,0.007994376,0.5329514,6.5013440,1962.991600,1962.980800,0,0,1,1,0,0,0,1
3019,301.916900,301.924100,12.200004,0.007991252,0.5327226,6.4992680,1963.644000,1963.633600,0,0,1,1,0,0,0,1
3020,302.016800,302.024000,12.200196,0.007991252,0.5327608,6.4996340,1964.292800,1964.282000,0,0,1,1,0,0,0,1
3021,302.117200,302.124400,12.199416,0.007998750,0.5332566,6.5052500,1964.943600,1964.933000,0,0,1,1,0,0,0,1
3022,302.216700,302.223900,12.200004,0.007999690,0.5333138,6.5062880,1965.592400,1965.581600,0,0,1,1,0,0,0,1
3023,302.316800,302.323900,12.200196,0.007996876,0.5331230,6.5043960,1966.245000,1966.234000,0,0,1,1,0,0,0,1
3024,302.417200,302.424400,12.200980,0.007994376,0.5329514,6.5018920,1966.896000,1966.885200,0,0,1,1,0,0,0,1
3025,302.516800,302.524000,12.200004,0.007993440,0.5328752,6.5011000,1967.545600,1967.535000,0,0,1,1,0,0,0,1
3026,302.617100,302.624300,12.199024,0.007999376,0.5332756,6.5054320,1968.201000,1968.190000,0,0,1,1,0,0,0,1
3027,302.716700,302.723900,12.199808,0.007996876,0.5331230,6.5040290,1968.849200,1968.838400,0,0,1,1,0,0,0,1
3028,302.816800,302.823900,12.200590,0.008003440,0.5335428,6.5095220,1969.497600,1969.487000,0,0,1,1,0,0,0,1
3029,302.917000,302.924200,12.200004,0.007998124,0.5333520,6.5066540,1970.148400,1970.138000,0,0,1,1,0,0,0,1
3030,303.016800,303.023800,12.199416,0.007997816,0.5335046,6.5083620,1970.801000,1970.790000,0,0,1,1,0,0,0,1
3031,303.117000,303.124200,12.200390,0.008004064,0.5335808,6.5098880,1971.453200,1971.442400,0,0,1,1,0,0,0,1
3032,303.216700,303.223900,12.199416,0.007997816,0.5331804,6.5045180,1972.101600,1972.091000,0,0,1,1,0,0,0,1
3033,303.316700,303.323900,12.200196,0.007999376,0.5332756,6.5060440,1972.754000,1972.743200,0,0,1,1,0,0,0,1
3034,303.416800,303.424000,12.199416,0.007994690,0.5329704,6.5019540,1973.403000,1973.392400,0,0,1,1,0,0,0,1
3035,303.517200,303.524300,12.200196,0.007996876,0.5330850,6.5031140,1974.058400,1974.047600,0,0,1,1,0,0,0,1
3036,303.616800,303.624000,12.200590,0.007992504,0.5334284,6.5074470,1974.706800,1974.696000,0,0,1,1,0,0,0,1
3037,303.717100,303.724200,12.199612,0.008000004,0.5333138,6.5061660,1975.359000,1975.348400,0,0,1,1,0,0,0,1
3038,303.816800,303.823900,12.199612,0.007995316,0.5330278,6.5025640,1976.007600,1975.997000,0,0,1,1,0,0,0,1
3039,303.916800,303.924000,12.200590,0.007997190,0.5331422,6.5045800,1976.658400,1976.647600,0,0,1,1,0,0,0,1
3040,304.017100,304.024300,12.200004,0.007998750,0.5332376,6.5055540,1977.311000,1977.300400,0,0,1,1,0,0,0,1
3041,304.116900,304.124000,12.199808,0.007996250,0.5326082,6.4975620,1977.959000,1977.948400,0,0,1,1,0,0,0,1
3042,304.217200,304.224400,12.198830,0.007998438,0.5332184,6.5053720,1978.615200,1978.604800,0,0,1,1,0,0,0,1
3043,304.316800,304.323900,12.200004,0.007995940,0.5330468,6.5031140,1979.260000,1979.249000,0,0,1,1,0,0,0,1
3044,304.417200,304.424400,12.200390,0.007998124,0.5331994,6.5051900,1979.915000,1979.904400,0,0,1,1,0,0,0,1
3045,304.516800,304.524000,12.199024,0.008000316,0.5333520,6.5062260,1980.564000,1980.553200,0,0,1,1,0,0,0,1
3046,304.617000,304.624200,12.199220,0.008005002,0.5336572,6.5101320,1981.216400,1981.205600,0,0,1,1,0,0,0,1
3047,304.716800,304.723900,12.199612,0.007997190,0.5335808,6.5093400,1981.865000,1981.854000,0,0,1,1,0,0,0,1
3048,304.817100,304.824300,12.199808,0.007997816,0.5331804,6.5043340,1982.517200,1982.506400,0,0,1,1,0,0,0,1
3049,304.916800,304.923900,12.200390,0.007997190,0.5331422,6.5044560,1983.168400,1983.158000,0,0,1,1,0,0,0,1
3050,305.017200,305.024300,12.199220,0.007995940,0.5330468,6.5026860,1983.820400,1983.809600,0,0,1,1,0,0,0,1
3051,305.116800,305.124000,12.200004,0.007996250,0.5330660,6.5033600,1984.469200,1984.458800,0,0,1,1,0,0,0,1
3052,305.217300,305.224400,12.199808,0.008002190,0.5334664,6.5081800,1985.120400,1985.109600,0,0,1,1,0,0,0,1
3053,305.316700,305.324000,12.200004,0.007995004,0.5320932,6.4913340,1985.769000,1985.758400,0,0,1,1,0,0,0,1
3054,305.416800,305.424000,12.200004,0.007997816,0.5329132,6.5016480,1986.420800,1986.410000,0,0,1,1,0,0,0,1
3055,305.517100,305.524200,12.199612,0.007994064,0.5329132,6.5014040,1987.072400,1987.061600,0,0,1,1,0,0,0,1
3056,305.616900,305.624000,12.200004,0.007990628,0.5327036,6.4988420,1987.721600,1987.710800,0,0,1,1,0,0,0,1
3057,305.716800,305.724000,12.200004,0.007998438,0.5332184,6.5051280,1988.372400,1988.361600,0,0,1,1,0,0,0,1
3058,305.816800,305.824000,12.199416,0.007993440,0.5328752,6.5007940,1989.025000,1989.014400,0,0,1,1,0,0,0,1
3059,305.917000,305.924100,12.199220,0.007987812,0.5331230,6.5037240,1989.676000,1989.665000,0,0,1,1,0,0,0,1
3060,306.017000,306.024200,12.199220,0.008003440,0.5335618,6.5094000,1990.324400,1990.313600,0,0,1,1,0,0,0,1
3061,306.116800,306.124000,12.200004,0.007998124,0.5331994,6.5050060,1990.976800,1990.966000,0,0,1,1,0,0,0,1
3062,306.217300,306.224500,12.199612,0.008004376,0.5336190,6.5097680,1991.628400,1991.618000,0,0,1,1,0,0,0,1
3063,306.316800,306.324000,12.200196,0.008004064,0.5335808,6.5098880,1992.277000,1992.266400,0,0,1,1,0,0,0,1
3064,306.416900,306.424000,12.199024,0.008002504,0.5334856,6.5079960,1992.929200,1992.918400,0,0,1,1,0,0,0,1
3065,306.516800,306.524000,12.199024,0.007998438,0.5338670,6.5130020,1993.577200,1993.566800,0,0,1,1,0,0,0,1
3066,306.616800,306.624000,12.200590,0.007999064,0.5332756,6.5057380,1994.230000,1994.219200,0,0,1,1,0,0,0,1
3067,306.717300,306.724400,12.199612,0.007995940,0.5330468,6.5029920,1994.885000,1994.874000,0,0,1,1,0,0,0,1
3068,306.816800,306.824000,12.200004,0.008000936,0.5333902,6.5073860,1995.529600,1995.518800,0,0,1,1,0,0,0,1
3069,306.916800,306.923900,12.200390,0.008001876,0.5334474,6.5083020,1996.182000,1996.171000,0,0,1,1,0,0,0,1
3070,307.017200,307.024300,12.199220,0.007998438,0.5332376,6.5049440,1996.834000,1996.823200,0,0,1,1,0,0,0,1
3071,307.116900,307.124000,12.200196,0.008004690,0.5333330,6.5062880,1997.482000,1997.471600,0,0,1,1,0,0,0,1
3072,307.217100,307.224200,12.198830,0.007996250,0.5330850,6.5037840,1998.134400,1998.123600,0,0,1,1,0,0,0,1
3073,307.316800,307.323900,12.199024,0.007997190,0.5331230,6.5036020,1998.787000,1998.776000,0,0,1,1,0,0,0,1
3074,307.417000,307.424200,12.200390,0.007995316,0.5330278,6.5030540,1999.438000,1999.427600,0,0,1,1,0,0,0,1
3075,307.516800,307.523800,12.199612,0.008006564,0.5337716,6.5116580,2000.086000,2000.075200,0,0,1,1,0,0,0,1
3076,307.617200,307.624400,12.200784,0.007998124,0.5331994,6.5053720,2000.742400,2000.731600,0,0,1,1,0,0,0,1
3077,307.716700,307.724000,12.198440,0.008009690,0.5330660,6.5028080,2001.390000,2001.379000,0,0,1,1,0,0,0,1
3078,307.817000,307.824000,12.199220,0.008007500,0.5338288,6.5122680,2002.039000,2002.028000,0,0,1,1,0,0,0,1
3079,307.916800,307.924000,12.199416,0.008002504,0.5335046,6.5083620,2002.691000,2002.680400,0,0,1,1,0,0,0,1
3080,308.017400,308.029600,12.199612,0.007999064,0.5328942,6.5011000,2003.375600,2003.365000,0,0,1,1,0,0,0,1
3081,308.117000,308.124200,12.199808,0.007982190,0.5321312,6.4917620,2003.994400,2003.983600,0,0,1,1,0,0,0,1
3082,308.216800,308.224000,12.199416,0.007996876,0.5331230,6.5036640,2004.643200,2004.632400,0,0,1,1,0,0,0,1
3083,308.317300,308.324400,12.200004,0.007986252,0.5326272,6.4978660,2005.294800,2005.284000,0,0,1,1,0,0,0,1
3084,308.416800,308.424000,12.199416,0.007994690,0.5329514,6.5016480,2005.943000,2005.932400,0,0,1,1,0,0,0,1
3085,308.517400,308.524400,12.200784,0.007995316,0.5330086,6.5030540,2006.598400,2006.587600,0,0,1,1,0,0,0,1
3086,308.616900,308.624000,12.199220,0.008000630,0.5333710,6.5067760,2007.246400,2007.235600,0,0,1,1,0,0,0,1
3087,308.717000,308.724200,12.199808,0.007993124,0.5328752,6.5008560,2007.898400,2007.888000,0,0,1,1,0,0,0,1
3088,308.816800,308.824000,12.198440,0.008000936,0.5333710,6.5063480,2008.547000,2008.536400,0,0,1,1,0,0,0,1
3089,308.917000,308.924100,12.199808,0.007992812,0.5330660,6.5032360,2009.199000,2009.188000,0,0,1,1,0,0,0,1
3090,309.017200,309.024300,12.199808,0.007991876,0.5327988,6.5001220,2009.850400,2009.839600,0,0,1,1,0,0,0,1
3091,309.116900,309.124100,12.199808,0.007995316,0.5330278,6.5027500,2010.499600,2010.489000,0,0,1,1,0,0,0,1
3092,309.216800,309.223900,12.199416,0.007999376,0.5332948,6.5058010,2011.150800,2011.140000,0,0,1,1,0,0,0,1
3093,309.316800,309.324000,12.199416,0.007997504,0.5331612,6.5040900,2011.799000,2011.788400,0,0,1,1,0,0,0,1
3094,309.416800,309.424000,12.200390,0.007999690,0.5333138,6.5064700,2012.451000,2012.440000,0,0,1,1,0,0,0,1
3095,309.516900,309.524100,12.199612,0.007994690,0.5330468,6.5029300,2013.103000,2013.092400,0,0,1,1,0,0,0,1
3096,309.617200,309.624400,12.199416,0.007998438,0.5332184,6.5047620,2013.754800,2013.744000,0,0,1,1,0,0,0,1
3097,309.716700,309.724000,12.199416,0.008002504,0.5334856,6.5081800,2014.402400,2014.392000,0,0,1,1,0,0,0,1
3098,309.816800,309.823900,12.200784,0.007996564,0.5330850,6.5040290,2015.054400,2015.043600,0,0,1,1,0,0,0,1
3099,309.916800,309.924000,12.200196,0.007999376,0.5332756,6.5059820,2015.703000,2015.692000,0,0,1,1,0,0,0,1
3100,310.017200,310.024400,12.200196,0.007995316,0.5330278,6.5029300,2016.359000,2016.348400,0,0,1,1,0,0,0,1
3101,310.116800,310.124000,12.200390,0.007989380,0.5333710,6.5068980,2017.006400,2016.996000,0,0,1,1,0,0,0,1
3102,310.216800,310.224000,12.198830,0.007998750,0.5332376,6.5050060,2017.654400,2017.643600,0,0,1,1,0,0,0,1
3103,310.317200,310.324300,12.199220,0.007996876,0.5331040,6.5034800,2018.310800,2018.300000,0,0,1,1,0,0,0,1
3104,310.417300,310.424500,12.199808,0.007998124,0.5331994,6.5049440,2018.962400,2018.952000,0,0,1,1,0,0,0,1
3105,310.516900,310.524000,12.198636,0.008000316,0.5333330,6.5059220,2019.607000,2019.596400,0,0,1,1,0,0,0,1
3106,310.617200,310.624400,12.199612,0.007994064,0.5329324,6.5015280,2020.263200,2020.252400,0,0,1,1,0,0,0,1
3107,310.716800,310.724000,12.199612,0.007996250,0.5325128,6.4962780,2020.911200,2020.900800,0,0,1,1,0,0,0,1
3108,310.816800,310.824000,12.200004,0.007999376,0.5332756,6.5057380,2021.560000,2021.549600,0,0,1,1,0,0,0,1
3109,310.917300,310.924500,12.199416,0.007996564,0.5331040,6.5034800,2022.215000,2022.204400,0,0,1,1,0,0,0,1
3110,311.016800,311.024000,12.199612,0.008001876,0.5334474,6.5078140,2022.863600,2022.852800,0,0,1,1,0,0,0,1
3111,311.116900,311.124000,12.199416,0.007995004,0.5329896,6.5021380,2023.516000,2023.505000,0,0,1,1,0,0,0,1
3112,311.217300,311.224400,12.198244,0.007988128,0.5325318,6.4958500,2024.167600,2024.157000,0,0,1,1,0,0,0,1
3113,311.316800,311.324000,12.199024,0.007997816,0.5337144,6.5102540,2024.816000,2024.805200,0,0,1,1,0,0,0,1
3114,311.417300,311.424400,12.198050,0.007999064,0.5332566,6.5053720,2025.468400,2025.457600,0,0,1,1,0,0,0,1
3115,311.516900,311.524200,12.199416,0.007995004,0.5329896,6.5020760,2026.116400,2026.105600,0,0,1,1,0,0,0,1
3116,311.616800,311.624000,12.198440,0.007996876,0.5331040,6.5030540,2026.768000,2026.757000,0,0,1,1,0,0,0,1
3117,311.716800,311.724000,12.200390,0.008000316,0.5333330,6.5068980,2027.420000,2027.409200,0,0,1,1,0,0,0,1
3118,311.816800,311.824000,12.200196,0.007995316,0.5330086,6.5026860,2028.068400,2028.058000,0,0,1,1,0,0,0,1
3119,311.916800,311.924000,12.199808,0.008002816,0.5337716,6.5115360,2028.720400,2028.709600,0,0,1,1,0,0,0,1
3120,312.016800,312.024000,12.200590,0.007995004,0.5329896,6.5021380,2029.372800,2029.362000,0,0,1,1,0,0,0,1
3121,312.117200,312.124400,12.199808,0.007998124,0.5331994,6.5048220,2030.024000,2030.013200,0,0,1,1,0,0,0,1
3122,312.216800,312.229000,12.201172,0.007999690,0.5336000,6.5097060,2030.705200,2030.694400,0,0,1,1,0,0,0,1
3123,312.317300,312.324500,12.199416,0.007998750,0.5332376,6.5051280,2031.325000,2031.314000,0,0,1,1,0,0,0,1
3124,312.416800,312.423900,12.199808,0.007993124,0.5328752,6.5008560,2031.973000,2031.962000,0,0,1,1,0,0,0,1
3125,312.517200,312.524400,12.200004,0.007998438,0.5325510,6.4965220,2032.628400,2032.618000,0,0,1,1,0,0,0,1
3126,312.616800,312.624000,12.200004,0.007997504,0.5331612,6.5049440,2033.277000,2033.266400,0,0,1,1,0,0,0,1
3127,312.717300,312.724500,12.199808,0.007999064,0.5332566,6.5055540,2033.928000,2033.917000,0,0,1,1,0,0,0,1
3128,312.816800,312.823900,12.199024,0.008013440,0.5342294,6.5169680,2034.577000,2034.566000,0,0,1,1,0,0,0,1
3129,312.917200,312.924400,12.198830,0.007993440,0.5328752,6.5004890,2035.227600,2035.217000,0,0,1,1,0,0,0,1
3130,313.016800,313.024000,12.199220,0.007995316,0.5330086,6.5022590,2035.876800,2035.866000,0,0,1,1,0,0,0,1
3131,313.117000,313.124200,12.199612,0.008000630,0.5332948,6.5058010,2036.529000,2036.518400,0,0,1,1,0,0,0,1
3132,313.216800,313.224000,12.198830,0.007989690,0.5326462,6.4976200,2037.180000,2037.169000,0,0,1,1,0,0,0,1
3133,313.316800,313.323900,12.200590,0.007999064,0.5332566,6.5061060,2037.829000,2037.818000,0,0,1,1,0,0,0,1
3134,313.417300,313.424400,12.199808,0.007988440,0.5325510,6.4969500,2038.484000,2038.473200,0,0,1,1,0,0,0,1
3135,313.516900,313.524000,12.200004,0.007998438,0.5332376,6.5053100,2039.132400,2039.122000,0,0,1,1,0,0,0,1
3136,313.616800,313.624000,12.199024,0.007996876,0.5331040,6.5032960,2039.780000,2039.769000,0,0,1,1,0,0,0,1
3137,313.716800,313.724000,12.199220,0.008008440,0.5337334,6.5114760,2040.432000,2040.421000,0,0,1,1,0,0,0,1
3138,313.816800,313.824000,12.199612,0.008003440,0.5335428,6.5093400,2041.083600,2041.073000,0,0,1,1,0,0,0,1
3139,313.916800,313.924000,12.200590,0.007995316,0.5330086,6.5030540,2041.731600,2041.721000,0,0,1,1,0,0,0,1
3140,314.017200,314.024400,12.199220,0.008004376,0.5336190,6.5095840,2042.387600,2042.376800,0,0,1,1,0,0,0,1
3141,314.116800,314.124000,12.199612,0.007989380,0.5326082,6.4976820,2043.035200,2043.024800,0,0,1,1,0,0,0,1
3142,314.217200,314.224400,12.199612,0.007999064,0.5332566,6.5063480,2043.688000,2043.677600,0,0,1,1,0,0,0,1
3143,314.316800,314.323900,12.199220,0.008010000,0.5332756,6.5056160,2044.336000,2044.325200,0,0,1,1,0,0,0,1
3144,314.416900,314.424100,12.199612,0.007996876,0.5331230,6.5039070,2044.988400,2044.977600,0,0,1,1,0,0,0,1
3145,314.516800,314.524000,12.198244,0.007996250,0.5330850,6.5025640,2045.637000,2045.626000,0,0,1,1,0,0,0,1
3146,314.616900,314.624100,12.199612,0.008003750,0.5335618,6.5092170,2046.289000,2046.278000,0,0,1,1,0,0,0,1
3147,314.716700,314.723900,12.199808,0.007996564,0.5330850,6.5035400,2046.941000,2046.930400,0,0,1,1,0,0,0,1
3148,314.817200,314.824300,12.199808,0.008000936,0.5333902,6.5029300,2047.593600,2047.582800,0,0,1,1,0,0,0,1
3149,314.916800,314.923900,12.199024,0.007988752,0.5332756,6.5054960,2048.242000,2048.231000,0,0,1,1,0,0,0,1
3150,315.017200,315.024400,12.199024,0.007993124,0.5328560,6.5005500,2048.897000,2048.886000,0,0,1,1,0,0,0,1
3151,315.116800,315.124000,12.199220,0.007997816,0.5331804,6.5042120,2049.545000,2049.535000,0,0,1,1,0,0,0,1
3152,315.217100,315.224200,12.200590,0.007997504,0.5331612,6.5047000,2050.197000,2050.186000,0,0,1,1,0,0,0,1
3153,315.317300,315.324400,12.199220,0.008004690,0.5336380,6.5100100,2050.849000,2050.838000,0,0,1,1,0,0,0,1
3154,315.417300,315.424400,12.199416,0.007999064,0.5332566,6.5090940,2051.497000,2051.487000,0,0,1,1,0,0,0,1
3155,315.516800,315.524000,12.198440,0.007996564,0.5330086,6.5024440,2052.145000,2052.134000,0,0,1,1,0,0,0,1
3156,315.617200,315.624400,12.199416,0.008008440,0.5338860,6.5131840,2052.801000,2052.790000,0,0,1,1,0,0,0,1
3157,315.717200,315.724400,12.200004,0.007999064,0.5332756,6.5058600,2053.450000,2053.439000,0,0,1,1,0,0,0,1
3158,315.816800,315.823900,12.199612,0.007998124,0.5331994,6.5047000,2054.097000,2054.086000,0,0,1,1,0,0,0,1
3159,315.917200,315.924500,12.199612,0.008000316,0.5333520,6.5066540,2054.754000,2054.744000,0,0,1,1,0,0,0,1
3160,316.016800,316.024000,12.200004,0.007992504,0.5328180,6.5002440,2055.403000,2055.392000,0,0,1,1,0,0,0,1
3161,316.117100,316.124200,12.199416,0.007992190,0.5331612,6.5040290,2056.054000,2056.043000,0,0,1,1,0,0,0,1
3162,316.216800,316.224000,12.199416,0.007993440,0.5328942,6.5008560,2056.702000,2056.691000,0,0,1,1,0,0,0,1
3163,316.317100,316.324300,12.199612,0.007994064,0.5329324,6.5015880,2057.353000,2057.342000,0,0,1,1,0,0,0,1
3164,316.416800,316.429000,12.199612,0.007998438,0.5334092,6.5068980,2058.036000,2058.025000,0,0,1,1,0,0,0,1
3165,316.516800,316.524000,12.200004,0.008002504,0.5334856,6.5085480,2058.654000,2058.643000,0,0,1,1,0,0,0,1
3166,316.616900,316.624000,12.199416,0.007998438,0.5331994,6.5047620,2059.305000,2059.294000,0,0,1,1,0,0,0,1
3167,316.717300,316.724400,12.200390,0.007995004,0.5332376,6.5053720,2059.956000,2059.946000,0,0,1,1,0,0,0,1
3168,316.816800,316.824000,12.199808,0.008001250,0.5334092,6.5076320,2060.606000,2060.595000,0,0,1,1,0,0,0,1
3169,316.917200,316.924400,12.200784,0.007991252,0.5327416,6.4996980,2061.258000,2061.247000,0,0,1,1,0,0,0,1
3170,317.016800,317.023800,12.200004,0.007994064,0.5329324,6.5017100,2061.905000,2061.894000,0,0,1,1,0,0,0,1
3171,317.117100,317.124200,12.199808,0.007988752,0.5325700,6.4971940,2062.558000,2062.547000,0,0,1,1,0,0,0,1
3172,317.217200,317.224300,12.199808,0.007997816,0.5331804,6.4940200,2063.208000,2063.198000,0,0,1,1,0,0,0,1
3173,317.316800,317.324000,12.200390,0.007994690,0.5332184,6.5047620,2063.856000,2063.845000,0,0,1,1,0,0,0,1
3174,317.416800,317.424000,12.200004,0.008000316,0.5333520,6.5064700,2064.508000,2064.497000,0,0,1,1,0,0,0,1
3175,317.517000,317.524200,12.200196,0.007991252,0.5327416,6.4995740,2065.161000,2065.150000,0,0,1,1,0,0,0,1
3176,317.617400,317.624400,12.200390,0.007993124,0.5328560,6.5011000,2065.813000,2065.802000,0,0,1,1,0,0,0,1
3177,317.716800,317.723900,12.199612,0.007997504,0.5331422,6.5041520,2066.460000,2066.450000,0,0,1,1,0,0,0,1
3178,317.817200,317.824300,12.199416,0.007993124,0.5328560,6.4983520,2067.112000,2067.101000,0,0,1,1,0,0,0,1
3179,317.916800,317.924000,12.199612,0.008000316,0.5335046,6.5085480,2067.761000,2067.750000,0,0,1,1,0,0,0,1
3180,318.016900,318.024100,12.200004,0.007989690,0.5326462,6.4978040,2068.412000,2068.402000,0,0,1,1,0,0,0,1
3181,318.116900,318.124100,12.199024,0.007989064,0.5326082,6.4971320,2069.065000,2069.054000,0,0,1,1,0,0,0,1
3182,318.216800,318.223900,12.200004,0.008004064,0.5336000,6.5098280,2069.714000,2069.703200,0,0,1,1,0,0,0,1
3183,318.317200,318.324300,12.199220,0.008004690,0.5336380,6.5100100,2070.369000,2070.358000,0,0,1,1,0,0,0,1
3184,318.417000,318.424100,12.199808,0.008010316,0.5340196,6.4978040,2071.017000,2071.006000,0,0,1,1,0,0,0,1
3185,318.516800,318.524000,12.198636,0.007990940,0.5327036,6.4985360,2071.665000,2071.655000,0,0,1,1,0,0,0,1
3186,318.617100,318.624200,12.200004,0.007998750,0.5332376,6.5054320,2072.321000,2072.310000,0,0,1,1,0,0,0,1
3187,318.717300,318.724500,12.200196,0.007990312,0.5326844,6.4987820,2072.973000,2072.962000,0,0,1,1,0,0,0,1
3188,318.816800,318.823900,12.199612,0.008006876,0.5337906,6.5119640,2073.618000,2073.607000,0,0,1,1,0,0,0,1
3189,318.917300,318.924400,12.199024,0.007999376,0.5332756,6.5055540,2074.273000,2074.262000,0,0,1,1,0,0,0,1
3190,319.016800,319.023800,12.199808,0.007994690,0.5329704,6.5021380,2074.922000,2074.911600,0,0,1,1,0,0,0,1
3191,319.117200,319.124300,12.200590,0.008002816,0.5337716,6.5120240,2075.575000,2075.564000,0,0,1,1,0,0,0,1
3192,319.221600,319.228900,12.200980,0.007985000,0.5323220,6.4948740,2076.254000,2076.244000,0,0,1,1,0,0,0,1
3193,319.316800,319.323900,12.199612,0.007983752,0.5322458,6.4931640,2076.872000,2076.862000,0,0,1,1,0,0,0,1
3194,319.416800,319.423900,12.199808,0.007987188,0.5324746,6.4960940,2077.520000,2077.509000,0,0,1,1,0,0,0,1
3195,319.516800,319.524000,12.201760,0.007976564,0.5317690,6.4884060,2078.169000,2078.159000,0,0,1,1,0,0,0,1
3196,319.617000,319.624200,12.200784,0.007989380,0.5326082,6.4907240,2078.821000,2078.810000,0,0,1,1,0,0,0,1
3197,319.717100,319.724300,12.200590,0.007985314,0.5327608,6.4993920,2079.472000,2079.461000,0,0,1,1,0,0,0,1
3198,319.816800,319.823900,12.200390,0.007981568,0.5320932,6.4912720,2080.118000,2080.107000,0,0,1,1,0,0,0,1
3199,319.917200,319.924200,12.200980,0.007976250,0.5317308,6.4876100,2080.770000,2080.759000,0,0,1,1,0,0,0,1
3200,320.017000,320.024200,12.200004,0.007982190,0.5321312,6.4919440,2081.419000,2081.409000,0,0,1,1,0,0,0,1
3201,320.116900,320.124000,12.199416,0.007986252,0.5323984,6.4949960,2082.066000,2082.055000,0,0,1,1,0,0,0,1
3202,320.217100,320.224200,12.201368,0.007981568,0.5321122,6.4901740,2082.717000,2082.706000,0,0,1,1,0,0,0,1
3203,320.316800,320.324000,12.199024,0.007989380,0.5323792,6.4943860,2083.368000,2083.357000,0,0,1,1,0,0,0,1
3204,320.417000,320.424100,12.200590,0.007976564,0.5317690,6.4874280,2084.018000,2084.007000,0,0,1,1,0,0,0,1
3205,320.517100,320.524300,12.199416,0.007976564,0.5317690,6.4872440,2084.668000,2084.658000,0,0,1,1,0,0,0,1
3206,320.616900,320.624100,12.199612,0.007975628,0.5317116,6.4865740,2085.317000,2085.306000,0,0,1,1,0,0,0,1
3207,320.716800,320.723900,12.199220,0.007980316,0.5320168,6.4901740,2085.962000,2085.952000,0,0,1,1,0,0,0,1
3208,320.817300,320.824400,12.199220,0.007980628,0.5320360,6.4865740,2086.617000,2086.606000,0,0,1,1,0,0,0,1
3209,320.916800,320.923900,12.199416,0.007961252,0.5319978,6.4899900,2087.263000,2087.252000,0,0,1,1,0,0,0,1
3210,321.017000,321.024200,12.200980,0.007981876,0.5321122,6.4916380,2087.914000,2087.904000,0,0,1,1,0,0,0,1
3211,321.117400,321.124400,12.200004,0.007984376,0.5322838,6.4937760,2088.564000,2088.553000,0,0,1,1,0,0,0,1
3212,321.216800,321.223900,12.200390,0.007980000,0.5319788,6.4903580,2089.211000,2089.201000,0,0,1,1,0,0,0,1
3213,321.317000,321.324000,12.199220,0.007976564,0.5317690,6.4871220,2089.861000,2089.850000,0,0,1,1,0,0,0,1
3214,321.416800,321.423900,12.200784,0.007971564,0.5314446,6.4839480,2090.508000,2090.497000,0,0,1,1,0,0,0,1
3215,321.516800,321.524000,12.199808,0.007980940,0.5319214,6.4893800,2091.160000,2091.149000,0,0,1,1,0,0,0,1
3216,321.617000,321.624100,12.201172,0.007980940,0.5320550,6.4907840,2091.809000,2091.798000,0,0,1,1,0,0,0,1
3217,321.717000,321.724200,12.199220,0.007995316,0.5330086,6.5021980,2092.457000,2092.447000,0,0,1,1,0,0,0,1
3218,321.817300,321.824400,12.201172,0.007998124,0.5331994,6.5056770,2093.110000,2093.099000,0,0,1,1,0,0,0,1
3219,321.916800,321.923900,12.200390,0.007996564,0.5331040,6.5039700,2093.758000,2093.747000,0,0,1,1,0,0,0,1
3220,322.016900,322.024100,12.199220,0.007995940,0.5330468,6.5017100,2094.409000,2094.398000,0,0,1,1,0,0,0,1
3221,322.117200,322.124400,12.200004,0.007994064,0.5330850,6.5035400,2095.066000,2095.055000,0,0,1,1,0,0,0,1
3222,322.216700,322.223900,12.198830,0.007993440,0.5328752,6.5009180,2095.708000,2095.698000,0,0,1,1,0,0,0,1
3223,322.317100,322.324200,12.199808,0.007993440,0.5328942,6.5011600,2096.361000,2096.350000,0,0,1,1,0,0,0,1
3224,322.417000,322.424200,12.200590,0.007995316,0.5330086,6.5029920,2097.012000,2097.001000,0,0,1,1,0,0,0,1
3225,322.516800,322.524000,12.200784,0.007993440,0.5328942,6.5016480,2097.661000,2097.650000,0,0,1,1,0,0,0,1
3226,322.616900,322.624100,12.200196,0.008002190,0.5334664,6.5001220,2098.313000,2098.302000,0,0,1,1,0,0,0,1
3227,322.716800,322.724000,12.200590,0.007994376,0.5334092,6.5076320,2098.965000,2098.954000,0,0,1,1,0,0,0,1
3228,322.817100,322.824200,12.198830,0.008002190,0.5334664,6.5083620,2099.618000,2099.607000,0,0,1,1,0,0,0,1
3229,322.917300,322.924400,12.199416,0.007999690,0.5333138,6.5060440,2100.268000,2100.257000,0,0,1,1,0,0,0,1
3230,323.016800,323.024000,12.200196,0.008001250,0.5334092,6.5076320,2100.917000,2100.907000,0,0,1,1,0,0,0,1
3231,323.117100,323.124300,12.200390,0.008000936,0.5333710,6.5073860,2101.568000,2101.557000,0,0,1,1,0,0,0,1
3232,323.216800,323.224000,12.199024,0.007994064,0.5329324,6.5032360,2102.216000,2102.205000,0,0,1,1,0,0,0,1
3233,323.317200,323.324400,12.198440,0.007996876,0.5329132,6.5012820,2102.871000,2102.861000,0,0,1,1,0,0,0,1
3234,323.416900,323.424000,12.199612,0.007995624,0.5330278,6.5025640,2103.520000,2103.509000,0,0,1,1,0,0,0,1
3235,323.517200,323.524400,12.199220,0.007991252,0.5327416,6.4989640,2104.172000,2104.161600,0,0,1,1,0,0,0,1
3236,323.616900,323.624100,12.200196,0.007990312,0.5326844,6.4989020,2104.819000,2104.808000,0,0,1,1,0,0,0,1
3237,323.716800,323.723900,12.199612,0.007996564,0.5330850,6.5035400,2105.471000,2105.460000,0,0,1,1,0,0,0,1
3238,323.817000,323.824000,12.199808,0.007989380,0.5326082,6.4919440,2106.119000,2106.108000,0,0,1,1,0,0,0,1
3239,323.916800,323.924000,12.201172,0.007989064,0.5326462,6.4985360,2106.770000,2106.759000,0,0,1,1,0,0,0,1
3240,324.017100,324.024300,12.200004,0.008001250,0.5333902,6.5073860,2107.422000,2107.411600,0,0,1,1,0,0,0,1
3241,324.116800,324.124000,12.199612,0.007988440,0.5325700,6.4969500,2108.071000,2108.060000,0,0,1,1,0,0,0,1
3242,324.216800,324.223900,12.200196,0.007995316,0.5330086,6.5028080,2108.721000,2108.710000,0,0,1,1,0,0,0,1
3243,324.317200,324.324300,12.198830,0.008001250,0.5333902,6.5068360,2109.372000,2109.362000,0,0,1,1,0,0,0,1
3244,324.416800,324.424000,12.198636,0.007995940,0.5330468,6.4968880,2110.021000,2110.010000,0,0,1,1,0,0,0,1
3245,324.517000,324.524100,12.200390,0.007994690,0.5328942,6.5008560,2110.672000,2110.661600,0,0,1,1,0,0,0,1
3246,324.617400,324.624400,12.198636,0.007992190,0.5327988,6.4993920,2111.328400,2111.318000,0,0,1,1,0,0,0,1
3247,324.716800,324.724000,12.199808,0.008002816,0.5335046,6.5086680,2111.973000,2111.962000,0,0,1,1,0,0,0,1
3248,324.817200,324.824400,12.200004,0.007999064,0.5332566,6.5056160,2112.627000,2112.617000,0,0,1,1,0,0,0,1
3249,324.916800,324.924000,12.200004,0.007990628,0.5327036,6.4989020,2113.276000,2113.265000,0,0,1,1,0,0,0,1
3250,325.017100,325.024300,12.199808,0.007998750,0.5332376,6.4859640,2113.927000,2113.916000,0,0,1,1,0,0,0,1
3251,325.116800,325.124000,12.199220,0.007996250,0.5331230,6.5039700,2114.576000,2114.565000,0,0,1,1,0,0,0,1
3252,325.216800,325.224000,12.199024,0.007993124,0.5328752,6.5009180,2115.227000,2115.216000,0,0,1,1,0,0,0,1
3253,325.317200,325.324300,12.198830,0.007991564,0.5327608,6.4991460,2115.879000,2115.869000,0,0,1,1,0,0,0,1
3254,325.416800,325.424000,12.199416,0.007996564,0.5330850,6.5033600,2116.528000,2116.517000,0,0,1,1,0,0,0,1
3255,325.516900,325.524100,12.199220,0.007991876,0.5327988,6.4996340,2117.180000,2117.169000,0,0,1,1,0,0,0,1
3256,325.617400,325.624600,12.199612,0.007988128,0.5332376,6.5048220,2117.831000,2117.821000,0,0,1,1,0,0,0,1
3257,325.716800,325.724000,12.199808,0.007993750,0.5327798,6.5000020,2118.478000,2118.467000,0,0,1,1,0,0,0,1
3258,325.817200,325.824400,12.199024,0.007992190,0.5327988,6.4996980,2119.130000,2119.119200,0,0,1,1,0,0,0,1
3259,325.916800,325.924000,12.198830,0.007998124,0.5331994,6.5043340,2119.778000,2119.767000,0,0,1,1,0,0,0,1
3260,326.017000,326.024400,12.200390,0.008005002,0.5336572,6.5108040,2120.434000,2120.423000,0,0,1,1,0,0,0,1
3261,326.116900,326.124100,12.199416,0.007995316,0.5330086,6.5023200,2121.082000,2121.072000,0,0,1,1,0,0,0,1
3262,326.216800,326.224000,12.199612,0.007990312,0.5326844,6.5018920,2121.734000,2121.723000,0,0,1,1,0,0,0,1
3263,326.317200,326.324400,12.199220,0.007991876,0.5336380,6.5104380,2122.385000,2122.374000,0,0,1,1,0,0,0,1
3264,326.416800,326.423900,12.200784,0.007994376,0.5329514,6.5020760,2123.033000,2123.022000,0,0,1,1,0,0,0,1
3265,326.517200,326.524300,12.200390,0.007991564,0.5327608,6.4999400,2123.685000,2123.674000,0,0,1,1,0,0,0,1
3266,326.616900,326.624000,12.199024,0.008001564,0.5334284,6.5073260,2124.333000,2124.323000,0,0,1,1,0,0,0,1
3267,326.717200,326.724300,12.200784,0.007986880,0.5324556,6.4962780,2124.989000,2124.978000,0,0,1,1,0,0,0,1
3268,326.816800,326.824000,12.200196,0.007994064,0.5329132,6.5029920,2125.637000,2125.626000,0,0,1,1,0,0,0,1
3269,326.917300,326.924500,12.200004,0.008002816,0.5335046,6.5083020,2126.289000,2126.279000,0,0,1,1,0,0,0,1
3270,327.016800,327.023800,12.199612,0.007995316,0.5330086,6.5021380,2126.936000,2126.925000,0,0,1,1,0,0,0,1
3271,327.117400,327.124400,12.200004,0.007996564,0.5330850,6.5036020,2127.588000,2127.578000,0,0,1,1,0,0,0,1
3272,327.216800,327.223900,12.200980,0.007985940,0.5323792,6.4955460,2128.236000,2128.225000,0,0,1,1,0,0,0,1
3273,327.317000,327.324000,12.199612,0.007995624,0.5330278,6.5027500,2128.888000,2128.877000,0,0,1,1,0,0,0,1
3274,327.417000,327.424200,12.200196,0.007987500,0.5324936,6.5015280,2129.539000,2129.529000,0,0,1,1,0,0,0,1
3275,327.517400,327.524400,12.200196,0.008003440,0.5335428,6.5092780,2130.192000,2130.181000,0,0,1,1,0,0,0,1
3276,327.616800,327.624000,12.199612,0.007989064,0.5326082,6.4978040,2130.840000,2130.829000,0,0,1,1,0,0,0,1
3277,327.717200,327.724400,12.199220,0.007995004,0.5330086,6.5021980,2131.493000,2131.482000,0,0,1,1,0,0,0,1
3278,327.816800,327.824000,12.198830,0.007984376,0.5322838,6.4932260,2132.141000,2132.130000,0,0,1,1,0,0,0,1
3279,327.917000,327.924100,12.199416,0.007993440,0.5328752,6.5008560,2132.792000,2132.782000,0,0,1,1,0,0,0,1
3280,328.017100,328.024200,12.200980,0.007992812,0.5328560,6.5013440,2133.445000,2133.434000,0,0,1,1,0,0,0,1
3281,328.117100,328.124300,12.200390,0.008002190,0.5327036,6.4989020,2134.095000,2134.084000,0,0,1,1,0,0,0,1
3282,328.216800,328.223900,12.199808,0.007994376,0.5329514,6.5014660,2134.743000,2134.732000,0,0,1,1,0,0,0,1
3283,328.316800,328.323900,12.200004,0.007993440,0.5328752,6.5010380,2135.395000,2135.384000,0,0,1,1,0,0,0,1
3284,328.416900,328.424200,12.200004,0.007987812,0.5325128,6.4967040,2136.047000,2136.036800,0,0,1,1,0,0,0,1
3285,328.516800,328.524000,12.200590,0.008000630,0.5333710,6.5074470,2136.695000,2136.684000,0,0,1,1,0,0,0,1
3286,328.617100,328.624200,12.200784,0.007990312,0.5326844,6.4974380,2137.346000,2137.335000,0,0,1,1,0,0,0,1
3287,328.716800,328.723900,12.199220,0.007994376,0.5329324,6.5015280,2137.995000,2137.985000,0,0,1,1,0,0,0,1
3288,328.817200,328.824300,12.199808,0.007990940,0.5327226,6.4990880,2138.650000,2138.639000,0,0,1,1,0,0,0,1
3289,328.916800,328.923900,12.199612,0.007996250,0.5330660,6.5031740,2139.298000,2139.287000,0,0,1,1,0,0,0,1
3290,329.017100,329.024200,12.199808,0.007989064,0.5326082,6.4975620,2139.950000,2139.939000,0,0,1,1,0,0,0,1
3291,329.116800,329.124000,12.199808,0.007992190,0.5327988,6.5000020,2140.598000,2140.587000,0,0,1,1,0,0,0,1
3292,329.217100,329.224300,12.199612,0.007994376,0.5331994,6.5041520,2141.250000,2141.240000,0,0,1,1,0,0,0,1
3293,329.316800,329.324000,12.199416,0.007990000,0.5330278,6.5026860,2141.899000,2141.888000,0,0,1,1,0,0,0,1
3294,329.416900,329.424100,12.199024,0.007996876,0.5331230,6.5034800,2142.549000,2142.538000,0,0,1,1,0,0,0,1
3295,329.517200,329.524200,12.200590,0.008003130,0.5335236,6.5092780,2143.201000,2143.190000,0,0,1,1,0,0,0,1
3296,329.616900,329.624000,12.199808,0.007993440,0.5328752,6.5010380,2143.849000,2143.838000,0,0,1,1,0,0,0,1
3297,329.717000,329.724200,12.199612,0.007994376,0.5329514,6.5017700,2144.500000,2144.490000,0,0,1,1,0,0,0,1
3298,329.817200,329.824400,12.200004,0.007996250,0.5329324,6.5019540,2145.153000,2145.142000,0,0,1,1,0,0,0,1
3299,329.916800,329.924000,12.199808,0.007993750,0.5330850,6.5037840,2145.801000,2145.790000,0,0,1,1,0,0,0,1
3300,330.016800,330.024000,12.200784,0.007994690,0.5329704,6.5021380,2146.453200,2146.443000,0,0,1,1,0,0,0,1
3301,330.117100,330.124300,12.200196,0.007998750,0.5332376,6.5056160,2147.105000,2147.094000,0,0,1,1,0,0,0,1
3302,330.216800,330.224000,12.199416,0.008000316,0.5333520,6.5064700,2147.756000,2147.745000,0,0,1,1,0,0,0,1
3303,330.317200,330.329300,12.200196,0.008002190,0.5334664,6.5084840,2148.442000,2148.431000,0,0,1,1,0,0,0,1
3304,330.416800,330.424000,12.199416,0.007993124,0.5328752,6.5092170,2149.056000,2149.045000,0,0,1,1,0,0,0,1
3305,330.517100,330.524300,12.200196,0.007997816,0.5331804,6.5040900,2149.708000,2149.698000,0,0,1,1,0,0,0,1
3306,330.616800,330.624000,12.200196,0.007991252,0.5327416,6.4987820,2150.357000,2150.346000,0,0,1,1,0,0,0,1
3307,330.717200,330.724400,12.198636,0.007996876,0.5331040,6.5032360,2151.012000,2151.001000,0,0,1,1,0,0,0,1
3308,330.816800,330.824000,12.199808,0.007994064,0.5329132,6.5014660,2151.661000,2151.650000,0,0,1,1,0,0,0,1
3309,330.917200,330.924400,12.199416,0.007999690,0.5333138,6.5059820,2152.313000,2152.302000,0,0,1,1,0,0,0,1
3310,331.016800,331.024000,12.200004,0.007992504,0.5328370,6.4918220,2152.959000,2152.949000,0,0,1,1,0,0,0,1
3311,331.117200,331.124400,12.199220,0.007995940,0.5330660,6.5026860,2153.611000,2153.600000,0,0,1,1,0,0,0,1
3312,331.217200,331.224400,12.200196,0.007986564,0.5324364,6.4958500,2154.263000,2154.252000,0,0,1,1,0,0,0,1
3313,331.316800,331.323900,12.199808,0.007997504,0.5331612,6.5044560,2154.911000,2154.900000,0,0,1,1,0,0,0,1
3314,331.417200,331.424200,12.199612,0.007995624,0.5330468,6.5028700,2155.562000,2155.551000,0,0,1,1,0,0,0,1
3315,331.516800,331.524000,12.200004,0.007993440,0.5328942,6.5012820,2156.211000,2156.201000,0,0,1,1,0,0,0,1
3316,331.617100,331.624300,12.200004,0.007991876,0.5327226,6.4990240,2156.866000,2156.855000,0,0,1,1,0,0,0,1
3317,331.716800,331.729000,12.200004,0.007994690,0.5329132,6.5016480,2157.547000,2157.536800,0,0,1,1,0,0,0,1
3318,331.817300,331.824500,12.198636,0.007989380,0.5326272,6.4972560,2158.165000,2158.155000,0,0,1,1,0,0,0,1
3319,331.916900,331.924000,12.199612,0.007991876,0.5327798,6.4997560,2158.813000,2158.802000,0,0,1,1,0,0,0,1
3320,332.017200,332.024400,12.198830,0.007993440,0.5328752,6.5003660,2159.465000,2159.454000,0,0,1,1,0,0,0,1
3321,332.116900,332.124000,12.200590,0.007993750,0.5329132,6.5017100,2160.113000,2160.102000,0,0,1,1,0,0,0,1
3322,332.216800,332.224000,12.198440,0.007997816,0.5331612,6.4989020,2160.766000,2160.755000,0,0,1,1,0,0,0,1
3323,332.317000,332.324200,12.200590,0.007995004,0.5329896,6.5023820,2161.416000,2161.406000,0,0,1,1,0,0,0,1
3324,332.416800,332.424000,12.198830,0.007989690,0.5326462,6.4976200,2162.064000,2162.053000,0,0,1,1,0,0,0,1
3325,332.516900,332.524100,12.200784,0.008006876,0.5337906,6.5126960,2162.716000,2162.705000,0,0,1,1,0,0,0,1
3326,332.616900,332.624000,12.199808,0.008000316,0.5333330,6.5065320,2163.368000,2163.357000,0,0,1,1,0,0,0,1
3327,332.717100,332.724300,12.199416,0.007994690,0.5329704,6.5018920,2164.020000,2164.009000,0,0,1,1,0,0,0,1
3328,332.816800,332.824000,12.199220,0.007995004,0.5329896,6.5001220,2164.668000,2164.658000,0,0,1,1,0,0,0,1
3329,332.917200,332.924400,12.199612,0.007993750,0.5328942,6.5009180,2165.321000,2165.310000,0,0,1,1,0,0,0,1
3330,333.016800,333.024000,12.198440,0.007996250,0.5330660,6.5026260,2165.967000,2165.956000,0,0,1,1,0,0,0,1
3331,333.116900,333.124100,12.199612,0.007999376,0.5332756,6.5057380,2166.620000,2166.610000,0,0,1,1,0,0,0,1
3332,333.217300,333.224400,12.199612,0.007991876,0.5327798,6.4996340,2167.275000,2167.264000,0,0,1,1,0,0,0,1
3333,333.316800,333.324000,12.199612,0.007994690,0.5329704,6.5020140,2167.918000,2167.908000,0,0,1,1,0,0,0,1
3334,333.417200,333.424200,12.200004,0.008008128,0.5325318,6.4962780,2168.575000,2168.564000,0,0,1,1,0,0,0,1
3335,333.516800,333.523800,12.200196,0.008000316,0.5323602,6.4949960,2169.223000,2169.212000,0,0,1,1,0,0,0,1
3336,333.617200,333.625300,12.199808,0.007995624,0.5330278,6.5027500,2169.882000,2169.871000,0,0,1,1,0,0,0,1
3337,333.716800,333.723900,12.199416,0.007996876,0.5331230,6.5037240,2170.522000,2170.511000,0,0,1,1,0,0,0,1
3338,333.817200,333.824400,12.199416,0.007997504,0.5331612,6.5041520,2171.173000,2171.162000,0,0,1,1,0,0,0,1
3339,333.916800,333.924000,12.199024,0.007995624,0.5330278,6.5022590,2171.822000,2171.811000,0,0,1,1,0,0,0,1
3340,334.017200,334.024400,12.200390,0.007991252,0.5326844,6.4987190,2172.477000,2172.466000,0,0,1,1,0,0,0,1
3341,334.116800,334.124000,12.199220,0.007992812,0.5320360,6.4906020,2173.125000,2173.115000,0,0,1,1,0,0,0,1
3342,334.217000,334.224200,12.199416,0.008000630,0.5333710,6.5068980,2173.778000,2173.767000,0,0,1,1,0,0,0,1
3343,334.317000,334.324200,12.199808,0.007996250,0.5330850,6.5034180,2174.428000,2174.417000,0,0,1,1,0,0,0,1
3344,334.417300,334.424500,12.200390,0.008001250,0.5334092,6.5076320,2175.079000,2175.069000,0,0,1,1,0,0,0,1
3345,334.516800,334.524000,12.199612,0.007992504,0.5328370,6.5003080,2175.728000,2175.717000,0,0,1,1,0,0,0,1
3346,334.617200,334.624800,12.200004,0.007989064,0.5327608,6.4995740,2176.379000,2176.369000,0,0,1,1,0,0,0,1
3347,334.716800,334.723900,12.200196,0.008002190,0.5332184,6.5051280,2177.028000,2177.017000,0,0,1,1,0,0,0,1
3348,334.817100,334.824300,12.199220,0.007991564,0.5327608,6.4992680,2177.680000,2177.669000,0,0,1,1,0,0,0,1
3349,334.916900,334.924000,12.200196,0.007994064,0.5329324,6.5018340,2178.328000,2178.317000,0,0,1,1,0,0,0,1
3350,335.017200,335.024300,12.199808,0.007994376,0.5329324,6.5017100,2178.982000,2178.971000,0,0,1,1,0,0,0,1
3351,335.116800,335.124000,12.199024,0.007992190,0.5327988,6.4995120,2179.626000,2179.616000,0,0,1,1,0,0,0,1
3352,335.216800,335.224000,12.200004,0.007993440,0.5327988,6.4999400,2180.279000,2180.268000,0,0,1,1,0,0,0,1
3353,335.317000,335.324000,12.199808,0.007980940,0.5320550,6.4905420,2180.930000,2180.919000,0,0,1,1,0,0,0,1
3354,335.416800,335.424000,12.200196,0.007997190,0.5331422,6.5043340,2181.582000,2181.572000,0,0,1,1,0,0,0,1
3355,335.517100,335.524300,12.199220,0.007995316,0.5330278,6.5023820,2182.234000,2182.223000,0,0,1,1,0,0,0,1
3356,335.616800,335.624000,12.200196,0.007995004,0.5329896,6.5023820,2182.881000,2182.870000,0,0,1,1,0,0,0,1
3357,335.717200,335.724300,12.199808,0.007992504,0.5328180,6.5002440,2183.533000,2183.522000,0,0,1,1,0,0,0,1
3358,335.816800,335.823900,12.199612,0.007990628,0.5330660,6.5032960,2184.180000,2184.169000,0,0,1,1,0,0,0,1
3359,335.917000,335.924200,12.199220,0.007988752,0.5325700,6.4972560,2184.832000,2184.822000,0,0,1,1,0,0,0,1
3360,336.017100,336.024300,12.200196,0.007998750,0.5332376,6.5055540,2185.484000,2185.473000,0,0,1,1,0,0,0,1
3361,336.116800,336.124000,12.200196,0.007992504,0.5328180,6.5004280,2186.132000,2186.121000,0,0,1,1,0,0,0,1
3362,336.217000,336.224200,12.200004,0.007990312,0.5326844,6.4987190,2186.785000,2186.774000,0,0,1,1,0,0,0,1
3363,336.317300,336.324500,12.199612,0.007991876,0.5327798,6.4996340,2187.439000,2187.428000,0,0,1,1,0,0,0,1
3364,336.417000,336.424100,12.200390,0.007997816,0.5329132,6.5007340,2188.086000,2188.076000,0,0,1,1,0,0,0,1
3365,336.517200,336.524300,12.199220,0.007993124,0.5328560,6.5010380,2188.739000,2188.728000,0,0,1,1,0,0,0,1
3366,336.616900,336.624100,12.199808,0.007992190,0.5328180,6.5001840,2189.387000,2189.376000,0,0,1,1,0,0,0,1
3367,336.717100,336.724400,12.198830,0.007998124,0.5331994,6.5042760,2190.039000,2190.029000,0,0,1,1,0,0,0,1
3368,336.816800,336.823900,12.200004,0.007985940,0.5323984,6.4951200,2190.686000,2190.675000,0,0,1,1,0,0,0,1
3369,336.917000,336.924100,12.200196,0.007987188,0.5324746,6.4962160,2191.337000,2191.327000,0,0,1,1,0,0,0,1
3370,337.016800,337.024000,12.200196,0.007993440,0.5327608,6.4995740,2191.986000,2191.975000,0,0,1,1,0,0,0,1
3371,337.116900,337.124100,12.199612,0.007996564,0.5331040,6.5034800,2192.637000,2192.626000,0,0,1,1,0,0,0,1
3372,337.217100,337.224300,12.200004,0.007996876,0.5331230,6.5040900,2193.289000,2193.279000,0,0,1,1,0,0,0,1
3373,337.317300,337.324500,12.200390,0.008001564,0.5334284,6.5080580,2193.941000,2193.930000,0,0,1,1,0,0,0,1
3374,337.416800,337.424000,12.199024,0.007999376,0.5332756,6.5054960,2194.590000,2194.579000,0,0,1,1,0,0,0,1
3375,337.517100,337.524200,12.199808,0.007990940,0.5327226,6.4991460,2195.242000,2195.231000,0,0,1,1,0,0,0,1
3376,337.616800,337.624000,12.199808,0.007995624,0.5329896,6.5023200,2195.889000,2195.878000,0,0,1,1,0,0,0,1
3377,337.717100,337.724300,12.199220,0.007993750,0.5329132,6.5013440,2196.544000,2196.534000,0,0,1,1,0,0,0,1
3378,337.816800,337.823900,12.200196,0.008003130,0.5335236,6.5090340,2197.193000,2197.182000,0,0,1,1,0,0,0,1
3379,337.917200,337.924400,12.200590,0.007986564,0.5324364,6.4959120,2197.844000,2197.833000,0,0,1,1,0,0,0,1
3380,338.016800,338.023800,12.199808,0.007996564,0.5331040,6.5036020,2198.493000,2198.482000,0,0,1,1,0,0,0,1
3381,338.117100,338.124300,12.199220,0.008000936,0.5333902,6.5069580,2199.145000,2199.134000,0,0,1,1,0,0,0,1
3382,338.216800,338.223900,12.200196,0.007986880,0.5325700,6.4968880,2199.793000,2199.783000,0,0,1,1,0,0,0,1
3383,338.316800,338.324200,12.199220,0.007995940,0.5330468,6.5029300,2200.444000,2200.433000,0,0,1,1,0,0,0,1
3384,338.417200,338.424400,12.199808,0.007992190,0.5327988,6.5000020,2201.095000,2201.084000,0,0,1,1,0,0,0,1
3385,338.516800,338.524000,12.200196,0.007988752,0.5325700,6.4973760,2201.744000,2201.733000,0,0,1,1,0,0,0,1
3386,338.616900,338.624000,12.199808,0.007995316,0.5330086,6.5025640,2202.395000,2202.384000,0,0,1,1,0,0,0,1
3387,338.716800,338.724000,12.199220,0.007992812,0.5328560,6.5002440,2203.047000,2203.036800,0,0,1,1,0,0,0,1
3388,338.817200,338.824500,12.199024,0.007999690,0.5336000,6.5097060,2203.700000,2203.689000,0,0,1,1,0,0,0,1
3389,338.917300,338.924500,12.198830,0.007995940,0.5330468,6.5028700,2204.351000,2204.340000,0,0,1,1,0,0,0,1
3390,339.017400,339.024400,12.198830,0.007993440,0.5328942,6.5005500,2205.002000,2204.992000,0,0,1,1,0,0,0,1
3391,339.116900,339.124000,12.200590,0.007995624,0.5330468,6.5034180,2205.650000,2205.639000,0,0,1,1,0,0,0,1
3392,339.217000,339.224000,12.199808,0.007994690,0.5329704,6.5020140,2206.298000,2206.287000,0,0,1,1,0,0,0,1
3393,339.317100,339.324200,12.199024,0.007993750,0.5329132,6.5008560,2206.950000,2206.939000,0,0,1,1,0,0,0,1
3394,339.416800,339.424000,12.199808,0.007997190,0.5331230,6.5039070,2207.602000,2207.591000,0,0,1,1,0,0,0,1
3395,339.517000,339.524100,12.199612,0.007988752,0.5325890,6.4975620,2208.250000,2208.240000,0,0,1,1,0,0,0,1
3396,339.617000,339.624100,12.200196,0.007994690,0.5329514,6.5021980,2208.901000,2208.890000,0,0,1,1,0,0,0,1
3397,339.717200,339.724400,12.200004,0.007994064,0.5329132,6.5015880,2209.552000,2209.541000,0,0,1,1,0,0,0,1
3398,339.816800,339.823900,12.200590,0.007995004,0.5329896,6.5027500,2210.201000,2210.190000,0,0,1,1,0,0,0,1
3399,339.916900,339.924100,12.199220,0.007988128,0.5325510,6.4965820,2210.852000,2210.841000,0,0,1,1,0,0,0,1
3400,340.017200,340.024400,12.199220,0.007997190,0.5323602,6.4945680,2211.508000,2211.497000,0,0,1,1,0,0,0,1
3401,340.116900,340.124100,12.200004,0.007999690,0.5332948,6.5062880,2212.153000,2212.142000,0,0,1,1,0,0,0,1
3402,340.217200,340.224400,12.199612,0.007996250,0.5330660,6.5032960,2212.807000,2212.796000,0,0,1,1,0,0,0,1
3403,340.316800,340.323900,12.200196,0.007986252,0.5323984,6.4953620,2213.456000,2213.446000,0,0,1,1,0,0,0,1
3404,340.416900,340.424100,12.199808,0.008001250,0.5334092,6.5073260,2214.107000,2214.096000,0,0,1,1,0,0,0,1
3405,340.516800,340.524000,12.199220,0.007997504,0.5331612,6.5040900,2214.755000,2214.744800,0,0,1,1,0,0,0,1
3406,340.617000,340.624200,12.199220,0.008003130,0.5331230,6.5036640,2215.407000,2215.396000,0,0,1,1,0,0,0,1
3407,340.717100,340.724300,12.200004,0.008005002,0.5336572,6.5101940,2216.059000,2216.048000,0,0,1,1,0,0,0,1
3408,340.816800,340.824000,12.200004,0.007998124,0.5331994,6.5050060,2216.707000,2216.697000,0,0,1,1,0,0,0,1
3409,340.917300,340.924400,12.200390,0.008001250,0.5334092,6.5077520,2217.359000,2217.348000,0,0,1,1,0,0,0,1
3410,341.016800,341.023800,12.200196,0.007998124,0.5331994,6.5051900,2218.008000,2217.997000,0,0,1,1,0,0,0,1
3411,341.117100,341.124300,12.200004,0.007994376,0.5329514,6.5020140,2218.662000,2218.652000,0,0,1,1,0,0,0,1
3412,341.216800,341.223900,12.201172,0.008002504,0.5330660,6.5034180,2219.311000,2219.300000,0,0,1,1,0,0,0,1
3413,341.317100,341.324200,12.200004,0.008009376,0.5339624,6.5140400,2219.962000,2219.952000,0,0,1,1,0,0,0,1
3414,341.416800,341.424000,12.200390,0.007994376,0.5329514,6.5021380,2220.611000,2220.600000,0,0,1,1,0,0,0,1
3415,341.517100,341.524300,12.199808,0.007994376,0.5329514,6.5017100,2221.262000,2221.251000,0,0,1,1,0,0,0,1
3416,341.616900,341.624100,12.199612,0.007995624,0.5330278,6.5027500,2221.911000,2221.900000,0,0,1,1,0,0,0,1
3417,341.716800,341.724000,12.199612,0.007991564,0.5327798,6.4995740,2222.563000,2222.552000,0,0,1,1,0,0,0,1
3418,341.817300,341.824500,12.199416,0.008001876,0.5330660,6.5028700,2223.217000,2223.206000,0,0,1,1,0,0,0,1
3419,341.916800,341.924000,12.199808,0.007996250,0.5330660,6.5031140,2223.862000,2223.851000,0,0,1,1,0,0,0,1
3420,342.016900,342.024000,12.201368,0.007998124,0.5331994,6.5058010,2224.513000,2224.502000,0,0,1,1,0,0,0,1
3421,342.117400,342.124400,12.200004,0.007995316,0.5330086,6.5026860,2225.169000,2225.159000,0,0,1,1,0,0,0,1
3422,342.216800,342.224000,12.199416,0.008005002,0.5336572,6.5103160,2225.817000,2225.806000,0,0,1,1,0,0,0,1
3423,342.317200,342.324400,12.200784,0.007992812,0.5328370,6.5010380,2226.469000,2226.458000,0,0,1,1,0,0,0,1
3424,342.416800,342.424000,12.199808,0.007997816,0.5329514,6.5018340,2227.118000,2227.107000,0,0,1,1,0,0,0,1
3425,342.516800,342.524000,12.198830,0.007993124,0.5328752,6.5007940,2227.766000,2227.755000,0,0,1,1,0,0,0,1
3426,342.616900,342.624000,12.199808,0.007989064,0.5326082,6.4975620,2228.417000,2228.407000,0,0,1,1,0,0,0,1
3427,342.716800,342.723900,12.199416,0.007994690,0.5329704,6.5019540,2229.070000,2229.059000,0,0,1,1,0,0,0,1
3428,342.817200,342.824400,12.200196,0.008000004,0.5333138,6.5065320,2229.720000,2229.709000,0,0,1,1,0,0,0,1
3429,342.916800,342.924000,12.200390,0.008000316,0.5333520,6.5070220,2230.369000,2230.358000,0,0,1,1,0,0,0,1
3430,343.017000,343.024100,12.200590,0.007997504,0.5329514,6.5021380,2231.020000,2231.009000,0,0,1,1,0,0,0,1
3431,343.117100,343.124300,12.200196,0.007995004,0.5329896,6.5018920,2231.672000,2231.661600,0,0,1,1,0,0,0,1
3432,343.216800,343.224000,12.200004,0.008004376,0.5336190,6.5100100,2232.320000,2232.309000,0,0,1,1,0,0,0,1
3433,343.316800,343.324000,12.200390,0.007996250,0.5330850,6.5037240,2232.973000,2232.962000,0,0,1,1,0,0,0,1
3434,343.416800,343.424000,12.199612,0.008002504,0.5334856,6.5083620,2233.623000,2233.613000,0,0,1,1,0,0,0,1
3435,343.516800,343.524000,12.200004,0.007999376,0.5332756,6.5059220,2234.272000,2234.261000,0,0,1,1,0,0,0,1
3436,343.617200,343.624400,12.201172,0.007995940,0.5324364,6.4954840,2234.927000,2234.916000,0,0,1,1,0,0,0,1
3437,343.716700,343.724000,12.199612,0.007992190,0.5327988,6.4996980,2235.575000,2235.564000,0,0,1,1,0,0,0,1
3438,343.817100,343.824300,12.199416,0.007988752,0.5325700,6.4970100,2236.226000,2236.215000,0,0,1,1,0,0,0,1
3439,343.917300,343.924500,12.200390,0.007995624,0.5330278,6.5031740,2236.879000,2236.869000,0,0,1,1,0,0,0,1
3440,344.016800,344.024000,12.199416,0.007991252,0.5327416,6.4990880,2237.527000,2237.516000,0,0,1,1,0,0,0,1
3441,344.117000,344.124200,12.199612,0.007998124,0.5331994,6.5048860,2238.178000,2238.167000,0,0,1,1,0,0,0,1
3442,344.217300,344.224400,12.200004,0.007994690,0.5335046,6.5089720,2238.830000,2238.820000,0,0,1,1,0,0,0,1
3443,344.316800,344.324000,12.198244,0.007995004,0.5329896,6.5019540,2239.478000,2239.467000,0,0,1,1,0,0,0,1
3444,344.417400,344.424500,12.199612,0.008003750,0.5335618,6.5092780,2240.130000,2240.119200,0,0,1,1,0,0,0,1
3445,344.516800,344.524000,12.199808,0.007996876,0.5331040,6.5037840,2240.778000,2240.767000,0,0,1,1,0,0,0,1
3446,344.617200,344.624300,12.199808,0.007994064,0.5329324,6.5016480,2241.430000,2241.419000,0,0,1,1,0,0,0,1
3447,344.716800,344.723900,12.199220,0.007996564,0.5331040,6.5034180,2242.078400,2242.068000,0,0,1,1,0,0,0,1
3448,344.817200,344.824300,12.200390,0.007995940,0.5335808,6.5090940,2242.735000,2242.724000,0,0,1,1,0,0,0,1
3449,344.916800,344.924000,12.199808,0.007992504,0.5328180,6.5000020,2243.381000,2243.370000,0,0,1,1,0,0,0,1
3450,345.017000,345.024100,12.199024,0.008001250,0.5333902,6.5069580,2244.034000,2244.023000,0,0,1,1,0,0,0,1
3451,345.117200,345.124400,12.198636,0.008009376,0.5339432,6.5133680,2244.685000,2244.674000,0,0,1,1,0,0,0,1
3452,345.216800,345.223900,12.199220,0.007994690,0.5329704,6.5017100,2245.333000,2245.323000,0,0,1,1,0,0,0,1
3453,345.317000,345.324000,12.200390,0.007999690,0.5333138,6.5065920,2245.985000,2245.974000,0,0,1,1,0,0,0,1
3454,345.417000,345.424200,12.200004,0.007982500,0.5323792,6.4946300,2246.633000,2246.622000,0,0,1,1,0,0,0,1
3455,345.517000,345.524100,12.199612,0.007997504,0.5331612,6.5043960,2247.286000,2247.275000,0,0,1,1,0,0,0,1
3456,345.621600,345.629000,12.200590,0.007999690,0.5333138,6.5034800,2247.965000,2247.954000,0,0,1,1,0,0,0,1
3457,345.717100,345.724300,12.199416,0.007993124,0.5328560,6.5005500,2248.588000,2248.578000,0,0,1,1,0,0,0,1
3458,345.816800,345.823900,12.200784,0.007995940,0.5330468,6.5035400,2249.238000,2249.227000,0,0,1,1,0,0,0,1
3459,345.917000,345.924100,12.200196,0.007999690,0.5332948,6.5062880,2249.888000,2249.877000,0,0,1,1,0,0,0,1
3460,346.017100,346.024300,12.200196,0.007998124,0.5322266,6.4928600,2250.540000,2250.530000,0,0,1,1,0,0,0,1
3461,346.117400,346.124600,12.200590,0.007996564,0.5330850,6.5036020,2251.192000,2251.181000,0,0,1,1,0,0,0,1
3462,346.216800,346.224000,12.199612,0.007995940,0.5330660,6.5031140,2251.840000,2251.829000,0,0,1,1,0,0,0,1
3463,346.316800,346.323900,12.199808,0.008000936,0.5333710,6.5070220,2252.489000,2252.478000,0,0,1,1,0,0,0,1
3464,346.417200,346.424400,12.200004,0.007989690,0.5326272,6.4981080,2253.145000,2253.134000,0,0,1,1,0,0,0,1
3465,346.516800,346.524000,12.200196,0.007995004,0.5329896,6.5026860,2253.788000,2253.778000,0,0,1,1,0,0,0,1
3466,346.616900,346.624100,12.200784,0.007999064,0.5328942,6.5015280,2254.441000,2254.430000,0,0,1,1,0,0,0,1
3467,346.716800,346.724000,12.198636,0.007994064,0.5329324,6.5015880,2255.091000,2255.080000,0,0,1,1,0,0,0,1
3468,346.817300,346.824500,12.199416,0.007992812,0.5328370,6.5003080,2255.743000,2255.732000,0,0,1,1,0,0,0,1
3469,346.916900,346.924000,12.199612,0.008007190,0.5337906,6.5120240,2256.391000,2256.380000,0,0,1,1,0,0,0,1
3470,347.020900,347.028100,12.199808,0.007985314,0.5323410,6.4944460,2257.068000,2257.057000,0,0,1,1,0,0,0,1
3471,347.117400,347.124600,12.199808,0.007990940,0.5327226,6.4988420,2257.698000,2257.687000,0,0,1,1,0,0,0,1
3472,347.216800,347.223900,12.199808,0.008007190,0.5327798,6.4996340,2258.342000,2258.331000,0,0,1,1,0,0,0,1
3473,347.317200,347.324400,12.200390,0.007985314,0.5323410,6.4945680,2258.994000,2258.983000,0,0,1,1,0,0,0,1
3474,347.416800,347.424000,12.198830,0.007994064,0.5329324,6.5010380,2259.646000,2259.635000,0,0,1,1,0,0,0,1
3475,347.517000,347.524200,12.200590,0.007998124,0.5331994,6.5053720,2260.297000,2260.286800,0,0,1,1,0,0,0,1
3476,347.616900,347.624000,12.199808,0.007985628,0.5323602,6.4947520,2260.946000,2260.935000,0,0,1,1,0,0,0,1
3477,347.716800,347.723900,12.200196,0.007992504,0.5328180,6.5004280,2261.597000,2261.586000,0,0,1,1,0,0,0,1
3478,347.817300,347.824500,12.199220,0.007994064,0.5329132,6.5013440,2262.248000,2262.238000,0,0,1,1,0,0,0,1
3479,347.916800,347.923900,12.200004,0.007992812,0.5328560,6.5005500,2262.898000,2262.887000,0,0,1,1,0,0,0,1
3480,348.017100,348.024200,12.199416,0.007993440,0.5328942,6.5009180,2263.548000,2263.537000,0,0,1,1,0,0,0,1
3481,348.116800,348.124000,12.200784,0.007990940,0.5327226,6.4997560,2264.197000,2264.186000,0,0,1,1,0,0,0,1
3482,348.217000,348.224000,12.199808,0.007998750,0.5332376,6.5053720,2264.848000,2264.837000,0,0,1,1,0,0,0,1
3483,348.317100,348.324200,12.201172,0.007992812,0.5328560,6.5014040,2265.500000,2265.490000,0,0,1,1,0,0,0,1
3484,348.416900,348.429100,12.199416,0.007995316,0.5330086,6.5024440,2266.181000,2266.170000,0,0,1,1,0,0,0,1
3485,348.516800,348.524000,12.200196,0.008001250,0.5334092,6.5076320,2266.801000,2266.790000,0,0,1,1,0,0,0,1
3486,348.616900,348.624100,12.199416,0.007987500,0.5324936,6.4960360,2267.452000,2267.441000,0,0,1,1,0,0,0,1
3487,348.716800,348.724000,12.199808,0.007997190,0.5331422,6.5042120,2268.100000,2268.089000,0,0,1,1,0,0,0,1
3488,348.817100,348.824300,12.200196,0.008001250,0.5334092,6.5075080,2268.755000,2268.744800,0,0,1,1,0,0,0,1
3489,348.916800,348.924000,12.200590,0.007987188,0.5324746,6.4964000,2269.404000,2269.393000,0,0,1,1,0,0,0,1
3490,349.017000,349.024200,12.199808,0.007994064,0.5332184,6.5049440,2270.055000,2270.044000,0,0,1,1,0,0,0,1
3491,349.117400,349.124400,12.200004,0.007982190,0.5321312,6.4915780,2270.707000,2270.697000,0,0,1,1,0,0,0,1
3492,349.216800,349.224000,12.199220,0.007998438,0.5332184,6.5048860,2271.356000,2271.345000,0,0,1,1,0,0,0,1
3493,349.317200,349.324300,12.199612,0.007993750,0.5329132,6.5012240,2272.006000,2271.995000,0,0,1,1,0,0,0,1
3494,349.416800,349.424000,12.200390,0.007986252,0.5324174,6.4956060,2272.656000,2272.645000,0,0,1,1,0,0,0,1
3495,349.517000,349.524200,12.199612,0.007993750,0.5329132,6.5076320,2273.306000,2273.295000,0,0,1,1,0,0,0,1
3496,349.617200,349.624400,12.199612,0.007995624,0.5329324,6.5016480,2273.958000,2273.948000,0,0,1,1,0,0,0,1
3497,349.716800,349.723900,12.200196,0.007996564,0.5331040,6.5036020,2274.606000,2274.595000,0,0,1,1,0,0,0,1
3498,349.817200,349.824400,12.199808,0.007995940,0.5330660,6.5031740,2275.258000,2275.247000,0,0,1,1,0,0,0,1
3499,349.917300,349.924500,12.199024,0.007996564,0.5331040,6.5032960,2275.911000,2275.900000,0,0,1,1,0,0,0,1
3500,350.016800,350.024000,12.199612,0.007984066,0.5322648,6.4932880,2276.557000,2276.546000,0,0,1,1,0,0,0,1
3501,350.117100,350.124300,12.200980,0.007991564,0.5327608,6.5101320,2277.209000,2277.199000,0,0,1,1,0,0,0,1
3502,350.216800,350.224000,12.200590,0.007985000,0.5326654,6.4986580,2277.861000,2277.850000,0,0,1,1,0,0,0,1
3503,350.316800,350.323900,12.199416,0.007988128,0.5325318,6.4962160,2278.509000,2278.498000,0,0,1,1,0,0,0,1
3504,350.416800,350.424000,12.200196,0.008001564,0.5334284,6.5079380,2279.161000,2279.150000,0,0,1,1,0,0,0,1
3505,350.517100,350.524200,12.199220,0.007993440,0.5328752,6.5006720,2279.813000,2279.802000,0,0,1,1,0,0,0,1
3506,350.617100,350.624400,12.200590,0.007986252,0.5323984,6.4956060,2280.462000,2280.452000,0,0,1,1,0,0,0,1
3507,350.716700,350.723900,12.200590,0.007984066,0.5322648,6.4939000,2281.109000,2281.098000,0,0,1,1,0,0,0,1
3508,350.817200,350.824400,12.200196,0.007978128,0.5318642,6.4888320,2281.760000,2281.749000,0,0,1,1,0,0,0,1
3509,350.916800,350.924000,12.200004,0.007981252,0.5320740,6.4908480,2282.407000,2282.396000,0,0,1,1,0,0,0,1
3510,351.017000,351.024100,12.200196,0.007978440,0.5318834,6.4890160,2283.057000,2283.046000,0,0,1,1,0,0,0,1
3511,351.117100,351.124300,12.199024,0.007978752,0.5319214,6.4887700,2283.707000,2283.697000,0,0,1,1,0,0,0,1
3512,351.216800,351.224000,12.200004,0.007975316,0.5316926,6.4865120,2284.356000,2284.345000,0,0,1,1,0,0,0,1
3513,351.317300,351.324400,12.200196,0.007989690,0.5326272,6.4953010,2285.009000,2284.998000,0,0,1,1,0,0,0,1
3514,351.416800,351.424000,12.199808,0.007979376,0.5319596,6.4899320,2285.657000,2285.646000,0,0,1,1,0,0,0,1
3515,351.517100,351.524300,12.201368,0.007983128,0.5321884,6.4930420,2286.308000,2286.297000,0,0,1,1,0,0,0,1
3516,351.616900,351.624000,12.199612,0.007984066,0.5322648,6.4932880,2286.953200,2286.943000,0,0,1,1,0,0,0,1
3517,351.716800,351.724000,12.201172,0.007981876,0.5321122,6.4924320,2287.605000,2287.594000,0,0,1,1,0,0,0,1
3518,351.817300,351.824400,12.199808,0.007977190,0.5318070,6.4877960,2288.254000,2288.244000,0,0,1,1,0,0,0,1
3519,351.916800,351.924000,12.201368,0.007988440,0.5325510,6.4979260,2288.902000,2288.891000,0,0,1,1,0,0,0,1
3520,352.016800,352.024000,12.200196,0.007980628,0.5320168,6.4899900,2289.552000,2289.541000,0,0,1,1,0,0,0,1
3521,352.117200,352.124300,12.200004,0.007983128,0.5322076,6.4924940,2290.203200,2290.193000,0,0,1,1,0,0,0,1
3522,352.216700,352.223900,12.200004,0.007985940,0.5323984,6.4951200,2290.850000,2290.839000,0,0,1,1,0,0,0,1
3523,352.316800,352.324000,12.199416,0.007978752,0.5319214,6.4890760,2291.500000,2291.490000,0,0,1,1,0,0,0,1
3524,352.417200,352.424200,12.200196,0.007980628,0.5320360,6.4909680,2292.151000,2292.140000,0,0,1,1,0,0,0,1
3525,352.517200,352.524400,12.200196,0.007972190,0.5314828,6.4923740,2292.802000,2292.791000,0,0,1,1,0,0,0,1
3526,352.621400,352.628700,12.199416,0.007983440,0.5322266,6.4927380,2293.478000,2293.467000,0,0,1,1,0,0,0,1
3527,352.716800,352.724900,12.200390,0.007980316,0.5319978,6.4906020,2294.103000,2294.092000,0,0,1,1,0,0,0,1
3528,352.817200,352.824300,12.200004,0.007980316,0.5319978,6.4904180,2294.750000,2294.740000,0,0,1,1,0,0,0,1
3529,352.917400,352.924600,12.199808,0.007993750,0.5329132,6.5012240,2295.403000,2295.392000,0,0,1,1,0,0,0,1
3530,353.016800,353.024000,12.199808,0.007992190,0.5328180,6.5001220,2296.047000,2296.036800,0,0,1,1,0,0,0,1
3531,353.117100,353.124200,12.200784,0.008004376,0.5336190,6.4997560,2296.699000,2296.688000,0,0,1,1,0,0,0,1
3532,353.217300,353.224500,12.200004,0.007998124,0.5329514,6.5014040,2297.353000,2297.342000,0,0,1,1,0,0,0,1
3533,353.316700,353.323900,12.199612,0.007997190,0.5331422,6.5039700,2297.997000,2297.987000,0,0,1,1,0,0,0,1
3534,353.417000,353.424200,12.201172,0.007995624,0.5330278,6.5036640,2298.653000,2298.642000,0,0,1,1,0,0,0,1
3535,353.516900,353.524000,12.199416,0.007985940,0.5323984,6.4948740,2299.301000,2299.290000,0,0,1,1,0,0,0,1
3536,353.617000,353.624100,12.199024,0.007994690,0.5329704,6.5017700,2299.953200,2299.943000,0,0,1,1,0,0,0,1
3537,353.717100,353.725200,12.200196,0.008000936,0.5330086,6.5023200,2300.608000,2300.597000,0,0,1,1,0,0,0,1
3538,353.816800,353.824000,12.200590,0.007992812,0.5323602,6.4943860,2301.252000,2301.242000,0,0,1,1,0,0,0,1
3539,353.917300,353.924400,12.200196,0.008000316,0.5333520,6.5065320,2301.904000,2301.893000,0,0,1,1,0,0,0,1
3540,354.016800,354.029000,12.199024,0.007995624,0.5330278,6.5040900,2302.585000,2302.575000,0,0,1,1,0,0,0,1
3541,354.117200,354.124400,12.199612,0.007987812,0.5325128,6.4963400,2303.207000,2303.197000,0,0,1,1,0,0,0,1
3542,354.216800,354.223900,12.200004,0.007990000,0.5326654,6.4984140,2303.852000,2303.841000,0,0,1,1,0,0,0,1
3543,354.317000,354.324200,12.200004,0.007995940,0.5330468,6.5028700,2304.504000,2304.494000,0,0,1,1,0,0,0,1
3544,354.417000,354.424100,12.199612,0.007994064,0.5329896,6.5023200,2305.156000,2305.145000,0,0,1,1,0,0,0,1
3545,354.517200,354.524400,12.199612,0.007992190,0.5327988,6.4998780,2305.806000,2305.795000,0,0,1,1,0,0,0,1
3546,354.616800,354.624000,12.199612,0.007991876,0.5327798,6.4996980,2306.454000,2306.444000,0,0,1,1,0,0,0,1
3547,354.717200,354.725300,12.200784,0.007998750,0.5332376,6.5058010,2307.114000,2307.103000,0,0,1,1,0,0,0,1
3548,354.816800,354.824000,12.200390,0.007994690,0.5329704,6.5024440,2307.758000,2307.747000,0,0,1,1,0,0,0,1
3549,354.918500,354.925800,12.200390,0.007996250,0.5328370,6.5000020,2308.420000,2308.410000,0,0,1,1,0,0,0,1
3550,355.016800,355.024000,12.199808,0.007988128,0.5328942,6.5014040,2309.057000,2309.046000,0,0,1,1,0,0,0,1
3551,355.117200,355.124400,12.198440,0.008004376,0.5336190,6.5093400,2309.709000,2309.699000,0,0,1,1,0,0,0,1
3552,355.216700,355.223900,12.200390,0.007994376,0.5329514,6.5022590,2310.357000,2310.346000,0,0,1,1,0,0,0,1
3553,355.317300,355.324500,12.200390,0.007990628,0.5326844,6.4990240,2311.012000,2311.001000,0,0,1,1,0,0,0,1
3554,355.421700,355.429000,12.199612,0.007981568,0.5320932,6.4912120,2311.693000,2311.682000,0,0,1,1,0,0,0,1
3555,355.517100,355.524300,12.200980,0.007993124,0.5328752,6.4987190,2312.313000,2312.302000,0,0,1,1,0,0,0,1
3556,355.616900,355.624000,12.199024,0.007990000,0.5332376,6.5050660,2312.961000,2312.951000,0,0,1,1,0,0,0,1
3557,355.717100,355.725200,12.199612,0.007997504,0.5331612,6.5044560,2313.620000,2313.610000,0,0,1,1,0,0,0,1
3558,355.816800,355.823900,12.199024,0.007990000,0.5326654,6.4978660,2314.260000,2314.249000,0,0,1,1,0,0,0,1
3559,355.916900,355.924100,12.200196,0.007989690,0.5326272,6.4981720,2314.911600,2314.901000,0,0,1,1,0,0,0,1
3560,356.016800,356.024000,12.199808,0.008010000,0.5339814,6.5144050,2315.564000,2315.553000,0,0,1,1,0,0,0,1
3561,356.116900,356.124100,12.199612,0.007995004,0.5329896,6.4999400,2316.212000,2316.202000,0,0,1,1,0,0,0,1
3562,356.217300,356.224500,12.199808,0.007998124,0.5331422,6.5036640,2316.868000,2316.857000,0,0,1,1,0,0,0,1
3563,356.316800,356.324000,12.200004,0.007997816,0.5331612,6.5042120,2317.516000,2317.505000,0,0,1,1,0,0,0,1
3564,356.417300,356.424400,12.199220,0.007997504,0.5331612,6.5041520,2318.168000,2318.158000,0,0,1,1,0,0,0,1
3565,356.516800,356.524000,12.199612,0.007990312,0.5326654,6.4983520,2318.817000,2318.806000,0,0,1,1,0,0,0,1
3566,356.617200,356.624300,12.199612,0.007988128,0.5325318,6.4965820,2319.468000,2319.457000,0,0,1,1,0,0,0,1
3567,356.716800,356.723900,12.200390,0.007993440,0.5328942,6.5061660,2320.117000,2320.106000,0,0,1,1,0,0,0,1
3568,356.816800,356.824000,12.200196,0.007991252,0.5329324,6.5011600,2320.769000,2320.758000,0,0,1,1,0,0,0,1
3569,356.917300,356.924500,12.200004,0.007999064,0.5332756,6.5058600,2321.423000,2321.412000,0,0,1,1,0,0,0,1
3570,357.016800,357.024000,12.199220,0.007999690,0.5333138,6.5058600,2322.072000,2322.061000,0,0,1,1,0,0,0,1
3571,357.117100,357.124300,12.200004,0.007996876,0.5331230,6.5040900,2322.723000,2322.712000,0,0,1,1,0,0,0,1
3572,357.216700,357.223900,12.200784,0.007998124,0.5331994,6.5053100,2323.371000,2323.361000,0,0,1,1,0,0,0,1
3573,357.317200,357.324400,12.200196,0.007992812,0.5325700,6.4968260,2324.024000,2324.013000,0,0,1,1,0,0,0,1
3574,357.416800,357.423900,12.200004,0.007995624,0.5328752,6.5009180,2324.672000,2324.661600,0,0,1,1,0,0,0,1
3575,357.517100,357.524300,12.198440,0.007999690,0.5332948,6.5052500,2325.327000,2325.316000,0,0,1,1,0,0,0,1
3576,357.617200,357.624400,12.199416,0.008003440,0.5335618,6.5090940,2325.976000,2325.965000,0,0,1,1,0,0,0,1
3577,357.716700,357.723800,12.199808,0.007994376,0.5329514,6.5018920,2326.622000,2326.612000,0,0,1,1,0,0,0,1
3578,357.817300,357.824400,12.200004,0.007999690,0.5333138,6.5062880,2327.278000,2327.267000,0,0,1,1,0,0,0,1
3579,357.916900,357.924000,12.200390,0.007993124,0.5328752,6.4962780,2327.926000,2327.915000,0,0,1,1,0,0,0,1
3580,358.017000,358.024200,12.199220,0.007995004,0.5326844,6.4989020,2328.578400,2328.568000,0,0,1,1,0,0,0,1
3581,358.117200,358.124400,12.199024,0.007992504,0.5328180,6.4998180,2329.229000,2329.218000,0,0,1,1,0,0,0,1
3582,358.216700,358.229000,12.198440,0.007998124,0.5333902,6.5072640,2329.911000,2329.900000,0,0,1,1,0,0,0,1
3583,358.317200,358.324400,12.199220,0.007995316,0.5330086,6.5022590,2330.530000,2330.519000,0,0,1,1,0,0,0,1
3584,358.416800,358.424000,12.200784,0.007988128,0.5325318,6.4972560,2331.177000,2331.166000,0,0,1,1,0,0,0,1
3585,358.517200,358.524300,12.199416,0.007999064,0.5327988,6.4996980,2331.828400,2331.818000,0,0,1,1,0,0,0,1
3586,358.616900,358.624100,12.199808,0.007989690,0.5329132,6.5011000,2332.477000,2332.466000,0,0,1,1,0,0,0,1
3587,358.717100,358.724200,12.199808,0.007988128,0.5325318,6.4968260,2333.129000,2333.119000,0,0,1,1,0,0,0,1
3588,358.816800,358.824000,12.200390,0.008002190,0.5334664,6.5083620,2333.782000,2333.771000,0,0,1,1,0,0,0,1
3589,358.917200,358.924400,12.200196,0.007998438,0.5332184,6.5053720,2334.433000,2334.422000,0,0,1,1,0,0,0,1
3590,359.016800,359.024300,12.199612,0.007993750,0.5328942,6.5011000,2335.083000,2335.073000,0,0,1,1,0,0,0,1
3591,359.117200,359.124400,12.200980,0.007995004,0.5328180,6.5004890,2335.735000,2335.724000,0,0,1,1,0,0,0,1
3592,359.216800,359.223900,12.199416,0.007995316,0.5329132,6.5016480,2336.379000,2336.369000,0,0,1,1,0,0,0,1
3593,359.317300,359.324500,12.200196,0.007996250,0.5330850,6.5036020,2337.036000,2337.025000,0,0,1,1,0,0,0,1
3594,359.416800,359.424000,12.200980,0.008002816,0.5335046,6.5093400,2337.684000,2337.673000,0,0,1,1,0,0,0,1
3595,359.516900,359.524100,12.199612,0.007998124,0.5331994,6.5047620,2338.332000,2338.322000,0,0,1,1,0,0,0,1
3596,359.616800,359.629000,12.199612,0.007996876,0.5331230,6.5039070,2339.016000,2339.005000,0,0,1,1,0,0,0,1
3597,359.717200,359.724300,12.199612,0.008000004,0.5325318,6.4965220,2339.636000,2339.625000,0,0,1,1,0,0,0,1
3598,359.816800,359.823900,12.199808,0.008001250,0.5326272,6.4982920,2340.284000,2340.273000,0,0,1,1,0,0,0,1
3599,359.917300,359.924400,12.200004,0.007992190,0.5327988,6.5001840,2340.939000,2340.928000,0,0,1,1,0,0,0,1
3600,360.016800,360.024000,12.200196,0.007995940,0.5330468,6.5031740,2341.587000,2341.577000,0,0,1,1,0,0,0,1
3601,360.117000,360.124100,12.200390,0.007991564,0.5327608,6.4999400,2342.239000,2342.228000,0,0,1,1,0,0,0,1
3602,360.217200,360.224400,12.199612,0.007994690,0.5329704,6.5018920,2342.891000,2342.880000,0,0,1,1,0,0,0,1
3603,360.316800,360.323900,12.200390,0.007993124,0.5328752,6.5023820,2343.539000,2343.529000,0,0,1,1,0,0,0,1
3604,360.417200,360.424200,12.199808,0.007993750,0.5329132,6.5012820,2344.192000,2344.181000,0,0,1,1,0,0,0,1
3605,360.516900,360.524000,12.199220,0.007991876,0.5327798,6.5000620,2344.838000,2344.828000,0,0,1,1,0,0,0,1
3606,360.617100,360.624300,12.199220,0.007995004,0.5329896,6.5020140,2345.491000,2345.480000,0,0,1,1,0,0,0,1
3607,360.716800,360.723900,12.200004,0.007989064,0.5325890,6.4976200,2346.138000,2346.127000,0,0,1,1,0,0,0,1
3608,360.817300,360.824500,12.199612,0.007994064,0.5329132,6.5013440,2346.793000,2346.783000,0,0,1,1,0,0,0,1
3609,360.916800,360.924000,12.199416,0.007993440,0.5328942,6.5031740,2347.442000,2347.431000,0,0,1,1,0,0,0,1
3610,361.016900,361.024100,12.199808,0.007992812,0.5330086,6.5020760,2348.094000,2348.083000,0,0,1,1,0,0,0,1
3611,361.117200,361.124400,12.199612,0.007993124,0.5328752,6.5007940,2348.745000,2348.735000,0,0,1,1,0,0,0,1
3612,361.216800,361.224000,12.199808,0.007992812,0.5328560,6.5006720,2349.394000,2349.383000,0,0,1,1,0,0,0,1
3613,361.317100,361.324300,12.199612,0.007990940,0.5327226,6.4990880,2350.046000,2350.036000,0,0,1,1,0,0,0,1
3614,361.416800,361.424000,12.200004,0.007990940,0.5327226,6.4990240,2350.693000,2350.682000,0,0,1,1,0,0,0,1
3615,361.517100,361.524300,12.199416,0.007989064,0.5329514,6.5023200,2351.344000,2351.333000,0,0,1,1,0,0,0,1
3616,361.616900,361.624000,12.200980,0.007985314,0.5323984,6.4957900,2351.996000,2351.986000,0,0,1,1,0,0,0,1
3617,361.716800,361.724000,12.199416,0.007992190,0.5328180,6.5000020,2352.645000,2352.634000,0,0,1,1,0,0,0,1
3618,361.817100,361.824200,12.199220,0.007991252,0.5327416,6.4989640,2353.295000,2353.285000,0,0,1,1,0,0,0,1
3619,361.916800,361.924000,12.199808,0.007982500,0.5321504,6.4921280,2353.947000,2353.936000,0,0,1,1,0,0,0,1
3620,362.016800,362.023800,12.200784,0.007999064,0.5332566,6.5062260,2354.595000,2354.584000,0,0,1,1,0,0,0,1
3621,362.117200,362.124300,12.200390,0.007995316,0.5325700,6.4970710,2355.249000,2355.239000,0,0,1,1,0,0,0,1
3622,362.216800,362.223900,12.200196,0.007991252,0.5326462,6.4981080,2355.899000,2355.888000,0,0,1,1,0,0,0,1
3623,362.317300,362.324400,12.199808,0.007994690,0.5329704,6.5020140,2356.550000,2356.539000,0,0,1,1,0,0,0,1
3624,362.416800,362.429000,12.199220,0.007995624,0.5327226,6.4992080,2357.231000,2357.220000,0,0,1,1,0,0,0,1
3625,362.517100,362.524300,12.198636,0.008000936,0.5333902,6.5065320,2357.849000,2357.838000,0,0,1,1,0,0,0,1
3626,362.616800,362.624000,12.199808,0.007999690,0.5332948,6.5060440,2358.496000,2358.486000,0,0,1,1,0,0,0,1
3627,362.717000,362.724000,12.199220,0.007995624,0.5330278,6.5062260,2359.149000,2359.138000,0,0,1,1,0,0,0,1
3628,362.817200,362.824300,12.200390,0.007995004,0.5329896,6.5021980,2359.800000,2359.789000,0,0,1,1,0,0,0,1
3629,362.916800,362.924000,12.200784,0.007994064,0.5329132,6.5019540,2360.449000,2360.438000,0,0,1,1,0,0,0,1
3630,363.017100,363.024300,12.200590,0.007994064,0.5329324,6.5019540,2361.103000,2361.092000,0,0,1,1,0,0,0,1
3631,363.116900,363.124100,12.199612,0.007988128,0.5325318,6.4965820,2361.751000,2361.741000,0,0,1,1,0,0,0,1
3632,363.216800,363.224000,12.200196,0.007980628,0.5320168,6.4907240,2362.399000,2362.388000,0,0,1,1,0,0,0,1
3633,363.317200,363.324400,12.200004,0.007994064,0.5326082,6.4974380,2363.055000,2363.044000,0,0,1,1,0,0,0,1
3634,363.416900,363.424000,12.199612,0.007994064,0.5330468,6.5022590,2363.703200,2363.693000,0,0,1,1,0,0,0,1
3635,363.517400,363.524400,12.201368,0.007994064,0.5329132,6.5023200,2364.356000,2364.345000,0,0,1,1,0,0,0,1
3636,363.616800,363.624000,12.199416,0.007991564,0.5327608,6.4994520,2365.002000,2364.992000,0,0,1,1,0,0,0,1
3637,363.717100,363.724300,12.200980,0.008000004,0.5333138,6.5069580,2365.654000,2365.643000,0,0,1,1,0,0,0,1
3638,363.816800,363.824200,12.199612,0.007994064,0.5329132,6.5014660,2366.306000,2366.295000,0,0,1,1,0,0,0,1
3639,363.916800,363.924000,12.199024,0.007996876,0.5331230,6.4939000,2366.953200,2366.943000,0,0,1,1,0,0,0,1
3640,364.016900,364.024100,12.200590,0.007993750,0.5331804,6.5047000,2367.606000,2367.595000,0,0,1,1,0,0,0,1
3641,364.117200,364.124300,12.200784,0.008001250,0.5333902,6.5078740,2368.257000,2368.246000,0,0,1,1,0,0,0,1
3642,364.216800,364.223900,12.199808,0.007992812,0.5328560,6.5006130,2368.906000,2368.895000,0,0,1,1,0,0,0,1
3643,364.317200,364.324300,12.200196,0.007994690,0.5329514,6.5021980,2369.558000,2369.547000,0,0,1,1,0,0,0,1
3644,364.416800,364.424000,12.200004,0.007991564,0.5327608,6.4996980,2370.204000,2370.194000,0,0,1,1,0,0,0,1
3645,364.517200,364.524300,12.200004,0.007992190,0.5322076,6.4929200,2370.860000,2370.849000,0,0,1,1,0,0,0,1
3646,364.616800,364.624000,12.199612,0.007993750,0.5327608,6.4996340,2371.508000,2371.497000,0,0,1,1,0,0,0,1
3647,364.717100,364.724300,12.199416,0.008001876,0.5334474,6.5076920,2372.161000,2372.150000,0,0,1,1,0,0,0,1
3648,364.816800,364.824000,12.199220,0.008000316,0.5333330,6.5062260,2372.808000,2372.797000,0,0,1,1,0,0,0,1
3649,364.916900,364.924000,12.200196,0.007994376,0.5329514,6.5019540,2373.459000,2373.449000,0,0,1,1,0,0,0,1
3650,365.017400,365.024300,12.200004,0.008004064,0.5336000,6.5098880,2374.111000,2374.100000,0,0,1,1,0,0,0,1
3651,365.117400,365.124800,12.199612,0.007998750,0.5328752,6.5006130,2374.766000,2374.755000,0,0,1,1,0,0,0,1
3652,365.216800,365.224200,12.200004,0.007987500,0.5324936,6.4958500,2375.411000,2375.400000,0,0,1,1,0,0,0,1
3653,365.317100,365.324300,12.200004,0.007992504,0.5328370,6.5004890,2376.063000,2376.052000,0,0,1,1,0,0,0,1
3654,365.416900,365.424000,12.200390,0.007986564,0.5324174,6.4956680,2376.711000,2376.701000,0,0,1,1,0,0,0,1
3655,365.517100,365.524300,12.199612,0.007997190,0.5331230,6.5039700,2377.366000,2377.355000,0,0,1,1,0,0,0,1
3656,365.617400,365.624400,12.200004,0.007995004,0.5329896,6.5025040,2378.015000,2378.004000,0,0,1,1,0,0,0,1
3657,365.716800,365.723900,12.200784,0.007994376,0.5329514,6.5002440,2378.661600,2378.651000,0,0,1,1,0,0,0,1
3658,365.816800,365.824000,12.200784,0.007994064,0.5322838,6.4936540,2379.313000,2379.302000,0,0,1,1,0,0,0,1
3659,365.917300,365.924500,12.199416,0.007996250,0.5330660,6.5031140,2379.965000,2379.954000,0,0,1,1,0,0,0,1
3660,366.016800,366.024000,12.199416,0.008008128,0.5338670,6.5128200,2380.614000,2380.603000,0,0,1,1,0,0,0,1
3661,366.116800,366.124000,12.199612,0.007991252,0.5327226,6.4990240,2381.265000,2381.254000,0,0,1,1,0,0,0,1
3662,366.217100,366.224300,12.200390,0.007994064,0.5329324,6.5018920,2381.916000,2381.906000,0,0,1,1,0,0,0,1
3663,366.316800,366.324000,12.199024,0.007996876,0.5328752,6.5009780,2382.566000,2382.555000,0,0,1,1,0,0,0,1
3664,366.417200,366.424400,12.200004,0.007991252,0.5327416,6.4992080,2383.220000,2383.209000,0,0,1,1,0,0,0,1
3665,366.516800,366.524000,12.199808,0.007997504,0.5331612,6.5043340,2383.868000,2383.857000,0,0,1,1,0,0,0,1
3666,366.617200,366.624300,12.199808,0.008004064,0.5336000,6.5097680,2384.520000,2384.509000,0,0,1,1,0,0,0,1
3667,366.716700,366.723900,12.200004,0.007997504,0.5331422,6.5043960,2385.168000,2385.158000,0,0,1,1,0,0,0,1
3668,366.816800,366.823900,12.200004,0.007999690,0.5332948,6.5061060,2385.820000,2385.809000,0,0,1,1,0,0,0,1
3669,366.917200,366.924400,12.200004,0.007991564,0.5326082,6.4981720,2386.472000,2386.461000,0,0,1,1,0,0,0,1
3670,367.016800,367.024000,12.199808,0.007996250,0.5323792,6.4948740,2387.119000,2387.108000,0,0,1,1,0,0,0,1
3671,367.117000,367.124100,12.199808,0.007993750,0.5329132,6.5014040,2387.771000,2387.760000,0,0,1,1,0,0,0,1
3672,367.217000,367.224300,12.199416,0.007994690,0.5329704,6.5018920,2388.422000,2388.411600,0,0,1,1,0,0,0,1
3673,367.316800,367.324000,12.201368,0.007995004,0.5329896,6.5030540,2389.071000,2389.060000,0,0,1,1,0,0,0,1
3674,367.417000,367.424100,12.200390,0.007995316,0.5330278,6.5029920,2389.722000,2389.711000,0,0,1,1,0,0,0,1
3675,367.517100,367.524300,12.199808,0.007989064,0.5329514,6.5024440,2390.373000,2390.363000,0,0,1,1,0,0,0,1
3676,367.616800,367.624100,12.199024,0.007990000,0.5326654,6.4985360,2391.023000,2391.012000,0,0,1,1,0,0,0,1
3677,367.717100,367.724300,12.199416,0.007996876,0.5331230,6.5037240,2391.673000,2391.662000,0,0,1,1,0,0,0,1
3678,367.816800,367.824500,12.199612,0.007988752,0.5325700,6.4970710,2392.325000,2392.314000,0,0,1,1,0,0,0,1
3679,367.916800,367.929000,12.199220,0.007995316,0.5330278,6.5025640,2393.005000,2392.994800,0,0,1,1,0,0,0,1
3680,368.017400,368.024400,12.199808,0.007992812,0.5328370,6.5004280,2393.628000,2393.618000,0,0,1,1,0,0,0,1
3681,368.116800,368.124000,12.199612,0.007991876,0.5328942,6.5011600,2394.273000,2394.262000,0,0,1,1,0,0,0,1
3682,368.217100,368.224300,12.199416,0.008000004,0.5333330,6.5067760,2394.929000,2394.918000,0,0,1,1,0,0,0,1
3683,368.316800,368.323900,12.199024,0.007992504,0.5328370,6.5000020,2395.576000,2395.565000,0,0,1,1,0,0,0,1
3684,368.417200,368.424400,12.200196,0.007994690,0.5329514,6.5021980,2396.228000,2396.217000,0,0,1,1,0,0,0,1
3685,368.516800,368.524000,12.199808,0.007998750,0.5332376,6.5053100,2396.875000,2396.865000,0,0,1,1,0,0,0,1
3686,368.617000,368.624100,12.200784,0.007992504,0.5328180,6.5007940,2397.528000,2397.517000,0,0,1,1,0,0,0,1
3687,368.717200,368.724400,12.198830,0.008000316,0.5327798,6.4992680,2398.179000,2398.168000,0,0,1,1,0,0,0,1
3688,368.816800,368.824000,12.200004,0.007992190,0.5327988,6.5001840,2398.828000,2398.817000,0,0,1,1,0,0,0,1
3689,368.917300,368.924400,12.200590,0.007997816,0.5331804,6.5051280,2399.482000,2399.471000,0,0,1,1,0,0,0,1
3690,369.016800,369.024000,12.199024,0.007993124,0.5328560,6.5003660,2400.126000,2400.116000,0,0,1,1,0,0,0,1
3691,369.116900,369.124100,12.200004,0.008005940,0.5337334,6.5114760,2400.779000,2400.768000,0,0,1,1,0,0,0,1
3692,369.217200,369.224400,12.200196,0.007996250,0.5330850,6.5037240,2401.434000,2401.423000,0,0,1,1,0,0,0,1
3693,369.316800,369.328900,12.199220,0.007985940,0.5323792,6.4945680,2402.111000,2402.100000,0,0,1,1,0,0,0,1
3694,369.416900,369.424100,12.200004,0.007998124,0.5331994,6.5048220,2402.729000,2402.718000,0,0,1,1,0,0,0,1
3695,369.516800,369.524000,12.200390,0.007992190,0.5327988,6.5003080,2403.381000,2403.370000,0,0,1,1,0,0,0,1
3696,369.616900,369.624100,12.200980,0.007990312,0.5326654,6.4990880,2404.033000,2404.022000,0,0,1,1,0,0,0,1
3697,369.717300,369.724500,12.199612,0.007993750,0.5328942,6.5011600,2404.684000,2404.673000,0,0,1,1,0,0,0,1
3698,369.816800,369.824000,12.201368,0.007997190,0.5331422,6.5048860,2405.332000,2405.322000,0,0,1,1,0,0,0,1
3699,369.917200,369.924400,12.198636,0.007993440,0.5330850,6.5034800,2405.985000,2405.974000,0,0,1,1,0,0,0,1
3700,370.017200,370.024400,12.199808,0.007992812,0.5328370,6.5001220,2406.635000,2406.624000,0,0,1,1,0,0,0,1
3701,370.116900,370.124100,12.200004,0.007989380,0.5326082,6.4978040,2407.285000,2407.274000,0,0,1,1,0,0,0,1
3702,370.217300,370.224400,12.199612,0.008001876,0.5334664,6.5079380,2407.935000,2407.924000,0,0,1,1,0,0,0,1
3703,370.316800,370.323900,12.200590,0.007991252,0.5327416,6.4996340,2408.583000,2408.573000,0,0,1,1,0,0,0,1
3704,370.417200,370.424200,12.200196,0.007995316,0.5330086,6.5028080,2409.235000,2409.224000,0,0,1,1,0,0,0,1
3705,370.516900,370.524000,12.200390,0.007995624,0.5327988,6.4999400,2409.887000,2409.876000,0,0,1,1,0,0,0,1
3706,370.617000,370.624100,12.199024,0.007990628,0.5327036,6.4988420,2410.539000,2410.529000,0,0,1,1,0,0,0,1
3707,370.716800,370.723900,12.200004,0.007983440,0.5322266,6.4929840,2411.186000,2411.175000,0,0,1,1,0,0,0,1
3708,370.817200,370.824400,12.200196,0.007994376,0.5329324,6.5019540,2411.837000,2411.827000,0,0,1,1,0,0,0,1
3709,370.916800,370.924000,12.199612,0.007990000,0.5326462,6.4981080,2412.486000,2412.475000,0,0,1,1,0,0,0,1
3710,371.016900,371.024000,12.200196,0.007995316,0.5330086,6.5028700,2413.137000,2413.126000,0,0,1,1,0,0,0,1
3711,371.117200,371.124300,12.200196,0.007997816,0.5330278,6.5028080,2413.789000,2413.779000,0,0,1,1,0,0,0,1
3712,371.216800,371.224000,12.199612,0.007996564,0.5330850,6.5034180,2414.438000,2414.427000,0,0,1,1,0,0,0,1
3713,371.317100,371.324400,12.199416,0.007999064,0.5332566,6.5053720,2415.092000,2415.081000,0,0,1,1,0,0,0,1
3714,371.416800,371.424000,12.200196,0.007994376,0.5329324,6.5018920,2415.742000,2415.731000,0,0,1,1,0,0,0,1
3715,371.517100,371.524300,12.198440,0.007991564,0.5327608,6.4987820,2416.392000,2416.381000,0,0,1,1,0,0,0,1
3716,371.616800,371.624000,12.200390,0.007988128,0.5325318,6.4970710,2417.039000,2417.029000,0,0,1,1,0,0,0,1
3717,371.717100,371.724200,12.199612,0.007991564,0.5328370,6.5007940,2417.692000,2417.681000,0,0,1,1,0,0,0,1
3718,371.816800,371.823900,12.199612,0.007993124,0.5328560,6.5007340,2418.340000,2418.329000,0,0,1,1,0,0,0,1
3719,371.917000,371.924200,12.199612,0.007994064,0.5329324,6.5014660,2418.996000,2418.986000,0,0,1,1,0,0,0,1
3720,372.016800,372.024000,12.200004,0.008000936,0.5333710,6.5070800,2419.643000,2419.632000,0,0,1,1,0,0,0,1
3721,372.117000,372.129100,12.199808,0.007994376,0.5329324,6.5016480,2420.328000,2420.317000,0,0,1,1,0,0,0,1
3722,372.216700,372.223900,12.200390,0.008004064,0.5336000,6.5100100,2420.943000,2420.932000,0,0,1,1,0,0,0,1
3723,372.316800,372.324000,12.200004,0.008000630,0.5337526,6.5113540,2421.595000,2421.584000,0,0,1,1,0,0,0,1
3724,372.417200,372.424400,12.200196,0.007995624,0.5330278,6.5028700,2422.246000,2422.236000,0,0,1,1,0,0,0,1
3725,372.516800,372.524000,12.200196,0.007990312,0.5326844,6.4987190,2422.895000,2422.884000,0,0,1,1,0,0,0,1
3726,372.617100,372.624300,12.199612,0.008003440,0.5335618,6.5090940,2423.547000,2423.536800,0,0,1,1,0,0,0,1
3727,372.716800,372.724000,12.200004,0.007989064,0.5325890,6.4975620,2424.194000,2424.183000,0,0,1,1,0,0,0,1
3728,372.817200,372.824300,12.200004,0.007985000,0.5323220,6.4942640,2424.849000,2424.838000,0,0,1,1,0,0,0,1
3729,372.917300,372.924500,12.200784,0.007987812,0.5328180,6.5001220,2425.500000,2425.490000,0,0,1,1,0,0,0,1
3730,373.016900,373.024000,12.199024,0.007994064,0.5329132,6.5009780,2426.145000,2426.134000,0,0,1,1,0,0,0,1
3731,373.117100,373.124300,12.199612,0.008000004,0.5333330,6.5063480,2426.801000,2426.790000,0,0,1,1,0,0,0,1
3732,373.216800,373.223900,12.200590,0.007999064,0.5332756,6.5061060,2427.450000,2427.439000,0,0,1,1,0,0,0,1
3733,373.317100,373.324200,12.200004,0.007997504,0.5331612,6.5044560,2428.100000,2428.089000,0,0,1,1,0,0,0,1
3734,373.417200,373.424400,12.199612,0.008000630,0.5333520,6.5067160,2428.751000,2428.741000,0,0,1,1,0,0,0,1
3735,373.516800,373.524000,12.199808,0.008003130,0.5330278,6.5030540,2429.399000,2429.388000,0,0,1,1,0,0,0,1
3736,373.617200,373.624400,12.200196,0.007992190,0.5328180,6.4996340,2430.051000,2430.040000,0,0,1,1,0,0,0,1
3737,373.716800,373.723900,12.200196,0.007993440,0.5328942,6.5013440,2430.699000,2430.688000,0,0,1,1,0,0,0,1
3738,373.817200,373.824300,12.200390,0.007999376,0.5332756,6.5062260,2431.355000,2431.344000,0,0,1,1,0,0,0,1
3739,373.916800,373.923900,12.199808,0.007999376,0.5332756,6.5059220,2432.002000,2431.992000,0,0,1,1,0,0,0,1
3740,374.017200,374.024400,12.200196,0.007991252,0.5327416,6.4966460,2432.654000,2432.643000,0,0,1,1,0,0,0,1
3741,374.116800,374.124000,12.200004,0.007994064,0.5335236,6.5091580,2433.301000,2433.290000,0,0,1,1,0,0,0,1
3742,374.217200,374.224300,12.199808,0.008006876,0.5337906,6.5120240,2433.953200,2433.943000,0,0,1,1,0,0,0,1
3743,374.316800,374.323900,12.199416,0.007994376,0.5329514,6.5016480,2434.602000,2434.591000,0,0,1,1,0,0,0,1
3744,374.417300,374.424400,12.200004,0.007985628,0.5323602,6.4947520,2435.256000,2435.245000,0,0,1,1,0,0,0,1
3745,374.516800,374.523800,12.200004,0.007999064,0.5332566,6.5058010,2435.906000,2435.895000,0,0,1,1,0,0,0,1
3746,374.617400,374.624400,12.200196,0.007995624,0.5330278,6.5059220,2436.557000,2436.546000,0,0,1,1,0,0,0,1
3747,374.716800,374.723900,12.199220,0.008002190,0.5331230,6.5029920,2437.204000,2437.194000,0,0,1,1,0,0,0,1
3748,374.817000,374.824000,12.200590,0.007995940,0.5330468,6.5030540,2437.856000,2437.845000,0,0,1,1,0,0,0,1
3749,374.916800,374.929000,12.199612,0.007992812,0.5328370,6.5004280,2438.537000,2438.527000,0,0,1,1,0,0,0,1
3750,375.016800,375.024000,12.199220,0.007994064,0.5329132,6.5011600,2439.156000,2439.145000,0,0,1,1,0,0,0,1
3751,375.117000,375.124100,12.199808,0.007999064,0.5332756,6.5057380,2439.809000,2439.798000,0,0,1,1,0,0,0,1
3752,375.216800,375.224000,12.200590,0.007994690,0.5329704,6.5025640,2440.456000,2440.446000,0,0,1,1,0,0,0,1
3753,375.317000,375.324000,12.200590,0.007994376,0.5327988,6.5002440,2441.107000,2441.096000,0,0,1,1,0,0,0,1
3754,375.417000,375.424100,12.199612,0.007988128,0.5325318,6.4968260,2441.759000,2441.748000,0,0,1,1,0,0,0,1
3755,375.516800,375.524000,12.198830,0.007994064,0.5329324,6.5009780,2442.407000,2442.396000,0,0,1,1,0,0,0,1
3756,375.617000,375.624100,12.200390,0.007996250,0.5330660,6.5036640,2443.059000,2443.048000,0,0,1,1,0,0,0,1
3757,375.717000,375.724200,12.199808,0.007990312,0.5326844,6.4987190,2443.711000,2443.701000,0,0,1,1,0,0,0,1
3758,375.816800,375.824000,12.199612,0.007997816,0.5331804,6.5046400,2444.358000,2444.347000,0,0,1,1,0,0,0,1
3759,375.917300,375.924400,12.200004,0.008000630,0.5324746,6.4959720,2445.013000,2445.002000,0,0,1,1,0,0,0,1
3760,376.016800,376.024000,12.199220,0.007993440,0.5328752,6.5009780,2445.661600,2445.651000,0,0,1,1,0,0,0,1
3761,376.116900,376.124000,12.199808,0.007988128,0.5325318,6.4967040,2446.313000,2446.302000,0,0,1,1,0,0,0,1
3762,376.217300,376.224400,12.199612,0.007992812,0.5328370,6.5004280,2446.965000,2446.954000,0,0,1,1,0,0,0,1
3763,376.321400,376.328600,12.200390,0.007994376,0.5329514,6.5018920,2447.642000,2447.631000,0,0,1,1,0,0,0,1
3764,376.416900,376.424100,12.199024,0.007992504,0.5328180,6.4997560,2448.264000,2448.253000,0,0,1,1,0,0,0,1
3765,376.517200,376.524300,12.200196,0.007991564,0.5329514,6.5019540,2448.915000,2448.905000,0,0,1,1,0,0,0,1
3766,376.616800,376.624000,12.200004,0.007988440,0.5325510,6.4968260,2449.564000,2449.553000,0,0,1,1,0,0,0,1
3767,376.716800,376.724000,12.200390,0.007990940,0.5327226,6.4992680,2450.215000,2450.204000,0,0,1,1,0,0,0,1
3768,376.817100,376.824200,12.200390,0.007993750,0.5328942,6.5015280,2450.868000,2450.857000,0,0,1,1,0,0,0,1
3769,376.916800,376.924000,12.199808,0.008003130,0.5335236,6.5089120,2451.516000,2451.505000,0,0,1,1,0,0,0,1
3770,377.017100,377.024300,12.199808,0.007996250,0.5330660,6.5131840,2452.167000,2452.157000,0,0,1,1,0,0,0,1
3771,377.116900,377.124100,12.200784,0.007994376,0.5330660,6.5033600,2452.815000,2452.804000,0,0,1,1,0,0,0,1
3772,377.217100,377.224200,12.200004,0.007986252,0.5324174,6.4951200,2453.466000,2453.455000,0,0,1,1,0,0,0,1
3773,377.316800,377.323900,12.200784,0.007995004,0.5329896,6.5028080,2454.115000,2454.104000,0,0,1,1,0,0,0,1
3774,377.417200,377.424400,12.200196,0.007994376,0.5329514,6.5020760,2454.770000,2454.759000,0,0,1,1,0,0,0,1
3775,377.516800,377.524000,12.200004,0.007993750,0.5329132,6.5015280,2455.418000,2455.408000,0,0,1,1,0,0,0,1
3776,377.617000,377.624100,12.199220,0.007999690,0.5332948,6.5058010,2456.070000,2456.059000,0,0,1,1,0,0,0,1
3777,377.717100,377.724400,12.199416,0.007989690,0.5334092,6.5066540,2456.721000,2456.710000,0,0,1,1,0,0,0,1
3778,377.816800,377.824000,12.200196,0.007993440,0.5328942,6.5010380,2457.369000,2457.358000,0,0,1,1,0,0,0,1
3779,377.916800,377.924000,12.199220,0.007993440,0.5328942,6.5007940,2458.021000,2458.010000,0,0,1,1,0,0,0,1
3780,378.016900,378.024000,12.200004,0.007995624,0.5330468,6.5030540,2458.668000,2458.658000,0,0,1,1,0,0,0,1
3781,378.117200,378.124300,12.200590,0.007992190,0.5327988,6.5004280,2459.325000,2459.314000,0,0,1,1,0,0,0,1
3782,378.216800,378.223900,12.198636,0.008004690,0.5336380,6.5097060,2459.973000,2459.962000,0,0,1,1,0,0,0,1
3783,378.317100,378.324200,12.200196,0.007995316,0.5327988,6.5002440,2460.624000,2460.614000,0,0,1,1,0,0,0,1
3784,378.416800,378.424000,12.199808,0.007991876,0.5327798,6.4994520,2461.272000,2461.261000,0,0,1,1,0,0,0,1
3785,378.517200,378.524300,12.200004,0.007999376,0.5332756,6.5059220,2461.923000,2461.912000,0,0,1,1,0,0,0,1
3786,378.616800,378.624000,12.200590,0.007988440,0.5325510,6.4973760,2462.572000,2462.561000,0,0,1,1,0,0,0,1
3787,378.716800,378.723900,12.199024,0.007997504,0.5331422,6.5039070,2463.223000,2463.212000,0,0,1,1,0,0,0,1
3788,378.817300,378.824500,12.199612,0.007996876,0.5331040,6.5067760,2463.879000,2463.869000,0,0,1,1,0,0,0,1
3789,378.916800,378.924000,12.199808,0.007998124,0.5331612,6.5046400,2464.524000,2464.513000,0,0,1,1,0,0,0,1
3790,379.017100,379.024300,12.200784,0.007992190,0.5327988,6.4998780,2465.180000,2465.169000,0,0,1,1,0,0,0,1
3791,379.116800,379.124000,12.199808,0.008004690,0.5336380,6.5101320,2465.828000,2465.817000,0,0,1,1,0,0,0,1
3792,379.217100,379.224300,12.200590,0.007989690,0.5326462,6.4984140,2466.479000,2466.468000,0,0,1,1,0,0,0,1
3793,379.316800,379.323900,12.200196,0.007997504,0.5331612,6.5047000,2467.126000,2467.116000,0,0,1,1,0,0,0,1
3794,379.417200,379.424400,12.199808,0.008000630,0.5333520,6.5025640,2467.778000,2467.767000,0,0,1,1,0,0,0,1
3795,379.516800,379.524000,12.201368,0.008001250,0.5336380,6.5104380,2468.426000,2468.415000,0,0,1,1,0,0,0,1
3796,379.616900,379.624000,12.199612,0.007990940,0.5327226,6.4990880,2469.078400,2469.068000,0,0,1,1,0,0,0,1
3797,379.717100,379.724300,12.199808,0.007994376,0.5329514,6.5018340,2469.731000,2469.720000,0,0,1,1,0,0,0,1
3798,379.816800,379.824000,12.199612,0.007983752,0.5322458,6.4931040,2470.381000,2470.370000,0,0,1,1,0,0,0,1
3799,379.916800,379.924000,12.199024,0.007991252,0.5327416,6.4988420,2471.030000,2471.019000,0,0,1,1,0,0,0,1
3800,380.017200,380.024300,12.199808,0.007997504,0.5331612,6.5041520,2471.685000,2471.674000,0,0,1,1,0,0,0,1
3801,380.116900,380.124000,12.200590,0.008000316,0.5330850,6.5039070,2472.333000,2472.323000,0,0,1,1,0,0,0,1
3802,380.217000,380.224200,12.200590,0.007995004,0.5329896,6.5021380,2472.981000,2472.970000,0,0,1,1,0,0,0,1
3803,380.317100,380.324300,12.200590,0.007994690,0.5329704,6.5025640,2473.633000,2473.622000,0,0,1,1,0,0,0,1
3804,380.417300,380.424500,12.199808,0.007994064,0.5329324,6.5015880,2474.286000,2474.275000,0,0,1,1,0,0,0,1
3805,380.516800,380.524000,12.199416,0.007993750,0.5328942,6.5010380,2474.932000,2474.921000,0,0,1,1,0,0,0,1
3806,380.617200,380.624300,12.200590,0.007988440,0.5325510,6.4984760,2475.587000,2475.577000,0,0,1,1,0,0,0,1
3807,380.717300,380.724400,12.200390,0.007989064,0.5326462,6.4981080,2476.236000,2476.225000,0,0,1,1,0,0,0,1
3808,380.816800,380.823900,12.199612,0.007999064,0.5332566,6.5056160,2476.883000,2476.872000,0,0,1,1,0,0,0,1
3809,380.916800,380.924000,12.199808,0.007994376,0.5329514,6.5017700,2477.535000,2477.524000,0,0,1,1,0,0,0,1
3810,381.017100,381.024200,12.200004,0.007998438,0.5332184,6.5051900,2478.188000,2478.177000,0,0,1,1,0,0,0,1
3811,381.116900,381.124000,12.199416,0.007995940,0.5330468,6.5027500,2478.835000,2478.825000,0,0,1,1,0,0,0,1
3812,381.216800,381.223900,12.199808,0.007994064,0.5329324,6.5016480,2479.486000,2479.475000,0,0,1,1,0,0,0,1
3813,381.317300,381.324400,12.199416,0.008007816,0.5329132,6.5015880,2480.138000,2480.127000,0,0,1,1,0,0,0,1
3814,381.416800,381.424000,12.199808,0.007993124,0.5328560,6.5006720,2480.786000,2480.775000,0,0,1,1,0,0,0,1
3815,381.517100,381.524300,12.200196,0.007998750,0.5332376,6.5054960,2481.441000,2481.430000,0,0,1,1,0,0,0,1
3816,381.616800,381.624000,12.199612,0.007990940,0.5327036,6.4988420,2482.090000,2482.079000,0,0,1,1,0,0,0,1
3817,381.716800,381.724000,12.200980,0.007986880,0.5324364,6.4963400,2482.737000,2482.726000,0,0,1,1,0,0,0,1
3818,381.816800,381.824000,12.199808,0.007978752,0.5319024,6.4934080,2483.388000,2483.377000,0,0,1,1,0,0,0,1
3819,381.916900,381.924100,12.200390,0.007979690,0.5320360,6.4909680,2484.038000,2484.028000,0,0,1,1,0,0,0,1
3820,382.017100,382.024200,12.199612,0.007994064,0.5329324,6.5014040,2484.689000,2484.678000,0,0,1,1,0,0,0,1
3821,382.116800,382.124000,12.199220,0.007979064,0.5319406,6.4891980,2485.336000,2485.326000,0,0,1,1,0,0,0,1
3822,382.217100,382.224200,12.200004,0.007975628,0.5317116,6.4867560,2485.986000,2485.975000,0,0,1,1,0,0,0,1
3823,382.316800,382.323900,12.199220,0.007975940,0.5317116,6.4864500,2486.633000,2486.622000,0,0,1,1,0,0,0,1
3824,382.416900,382.424000,12.200590,0.007975004,0.5316736,6.4850490,2487.285000,2487.274000,0,0,1,1,0,0,0,1
3825,382.517100,382.524300,12.200590,0.007979064,0.5319978,6.4904180,2487.934000,2487.923000,0,0,1,1,0,0,0,1
3826,382.616900,382.624000,12.199416,0.007987188,0.5324556,6.4962780,2488.581000,2488.571000,0,0,1,1,0,0,0,1
3827,382.717200,382.724400,12.200004,0.007980000,0.5319788,6.4901130,2489.235000,2489.224000,0,0,1,1,0,0,0,1
3828,382.816800,382.823900,12.199808,0.007975004,0.5316544,6.4859640,2489.883000,2489.872000,0,0,1,1,0,0,0,1
3829,382.917300,382.924400,12.199416,0.007976876,0.5317880,6.4873660,2490.533000,2490.522000,0,0,1,1,0,0,0,1
3830,383.016800,383.024000,12.200590,0.007975940,0.5317116,6.4871220,2491.180000,2491.169000,0,0,1,1,0,0,0,1
3831,383.116800,383.124000,12.200590,0.007988128,0.5321122,6.4919440,2491.829000,2491.819000,0,0,1,1,0,0,0,1
3832,383.217100,383.224200,12.200784,0.007969064,0.5312540,6.4816300,2492.481000,2492.470000,0,0,1,1,0,0,0,1
3833,383.317100,383.324300,12.200784,0.007975628,0.5316926,6.4871220,2493.130000,2493.119200,0,0,1,1,0,0,0,1
3834,383.416800,383.423900,12.200590,0.007983752,0.5322458,6.4935940,2493.778000,2493.767000,0,0,1,1,0,0,0,1
3835,383.517200,383.524300,12.199808,0.007985628,0.5323602,6.4946900,2494.428000,2494.417000,0,0,1,1,0,0,0,1
3836,383.616800,383.623800,12.201760,0.007979064,0.5319406,6.4904800,2495.075000,2495.064000,0,0,1,1,0,0,0,1
3837,383.717000,383.724000,12.200784,0.007979376,0.5320740,6.4913340,2495.727000,2495.716000,0,0,1,1,0,0,0,1
3838,383.823600,383.831100,12.200004,0.007987812,0.5322266,6.4932260,2496.420000,2496.410000,0,0,1,1,0,0,0,1
3839,383.916800,383.924000,12.200784,0.007980316,0.5319978,6.4907840,2497.024000,2497.013000,0,0,1,1,0,0,0,1
3840,384.017200,384.024300,12.199612,0.007999064,0.5332756,6.5056160,2497.678000,2497.667000,0,0,1,1,0,0,0,1
3841,384.116800,384.123800,12.200004,0.007997816,0.5331804,6.5047000,2498.323000,2498.312000,0,0,1,1,0,0,0,1
3842,384.217000,384.224200,12.200196,0.007990940,0.5327226,6.5045180,2498.978000,2498.967000,0,0,1,1,0,0,0,1
3843,384.317300,384.324400,12.199220,0.007992190,0.5329896,6.5024440,2499.629000,2499.619000,0,0,1,1,0,0,0,1
3844,384.416900,384.424000,12.199808,0.007989064,0.5325890,6.4978040,2500.278000,2500.267000,0,0,1,1,0,0,0,1
3845,384.517100,384.524200,12.200004,0.007999690,0.5333138,6.5063480,2500.930000,2500.919000,0,0,1,1,0,0,0,1
3846,384.617400,384.624400,12.199808,0.007997816,0.5331804,6.5046400,2501.581000,2501.571000,0,0,1,1,0,0,0,1
3847,384.716800,384.724000,12.200980,0.007996564,0.5330850,6.5040900,2502.228000,2502.217000,0,0,1,1,0,0,0,1
3848,384.817000,384.824000,12.199612,0.007986880,0.5324556,6.4934700,2502.880000,2502.869200,0,0,1,1,0,0,0,1
3849,384.917000,384.925100,12.200004,0.007991252,0.5330086,6.5020760,2503.536000,2503.525000,0,0,1,1,0,0,0,1
3850,385.017400,385.024400,12.199416,0.007999064,0.5332566,6.5054960,2504.184000,2504.173000,0,0,1,1,0,0,0,1
3851,385.116900,385.124000,12.199808,0.007991564,0.5327608,6.4995120,2504.828400,2504.818000,0,0,1,1,0,0,0,1
3852,385.216800,385.223900,12.200196,0.007996876,0.5331230,6.5040900,2505.479000,2505.468000,0,0,1,1,0,0,0,1
3853,385.317100,385.324300,12.200784,0.008000004,0.5333330,6.5069580,2506.132000,2506.121000,0,0,1,1,0,0,0,1
3854,385.416800,385.424000,12.200004,0.007995940,0.5330660,6.5072640,2506.779000,2506.768000,0,0,1,1,0,0,0,1
3855,385.516900,385.524100,12.200196,0.007993750,0.5339814,6.5145280,2507.431000,2507.420000,0,0,1,1,0,0,0,1
3856,385.617200,385.624400,12.200196,0.007997816,0.5331612,6.5047000,2508.086000,2508.076000,0,0,1,1,0,0,0,1
3857,385.716700,385.723900,12.200004,0.007998750,0.5332376,6.5054320,2508.731000,2508.720000,0,0,1,1,0,0,0,1
3858,385.817100,385.824300,12.199808,0.007991876,0.5327988,6.4999400,2509.387000,2509.376000,0,0,1,1,0,0,0,1
3859,385.916800,385.924000,12.200980,0.007995624,0.5330468,6.5035400,2510.035000,2510.024000,0,0,1,1,0,0,0,1
3860,386.017100,386.024300,12.200390,0.008000936,0.5333710,6.5053100,2510.688000,2510.677000,0,0,1,1,0,0,0,1
3861,386.117400,386.124600,12.200390,0.008000316,0.5333520,6.5069580,2511.338000,2511.328000,0,0,1,1,0,0,0,1
3862,386.216800,386.223900,12.200196,0.007996876,0.5331230,6.5037840,2511.987000,2511.976000,0,0,1,1,0,0,0,1
3863,386.317100,386.324400,12.200390,0.007991876,0.5327798,6.5001220,2512.639000,2512.628000,0,0,1,1,0,0,0,1
3864,386.416800,386.424000,12.199220,0.007997504,0.5331422,6.5039700,2513.288000,2513.278000,0,0,1,1,0,0,0,1
3865,386.517000,386.524100,12.200004,0.007999376,0.5332756,6.5060440,2513.940000,2513.929000,0,0,1,1,0,0,0,1
3866,386.617400,386.624600,12.199220,0.008003440,0.5331994,6.5052500,2514.591000,2514.580000,0,0,1,1,0,0,0,1
3867,386.717200,386.724400,12.199220,0.007997816,0.5331804,6.5050060,2515.243000,2515.232000,0,0,1,1,0,0,0,1
3868,386.816800,386.824000,12.201368,0.007994064,0.5329324,6.5017700,2515.891000,2515.880000,0,0,1,1,0,0,0,1
3869,386.916900,386.924000,12.199220,0.007990940,0.5327226,6.4986580,2516.543000,2516.533000,0,0,1,1,0,0,0,1
3870,387.017100,387.024200,12.200590,0.007991564,0.5327608,6.4998780,2517.196000,2517.185000,0,0,1,1,0,0,0,1
3871,387.116900,387.124100,12.199220,0.007992190,0.5327988,6.4998180,2517.844000,2517.833000,0,0,1,1,0,0,0,1
3872,387.217100,387.224200,12.200004,0.007992504,0.5328180,6.5014040,2518.495000,2518.485000,0,0,1,1,0,0,0,1
3873,387.316800,387.324000,12.199416,0.008001876,0.5329514,6.5025040,2519.143000,2519.132000,0,0,1,1,0,0,0,1
3874,387.417200,387.424400,12.199220,0.007998124,0.5331994,6.5045180,2519.799000,2519.788000,0,0,1,1,0,0,0,1
3875,387.516800,387.524000,12.200004,0.007995624,0.5330278,6.5028080,2520.447000,2520.436000,0,0,1,1,0,0,0,1
3876,387.617200,387.624400,12.200196,0.007999690,0.5333138,6.5064700,2521.099000,2521.088000,0,0,1,1,0,0,0,1
3877,387.716800,387.723900,12.199416,0.007993440,0.5328752,6.5007340,2521.746000,2521.736000,0,0,1,1,0,0,0,1
3878,387.817100,387.824300,12.200196,0.007994690,0.5329704,6.5056770,2522.399000,2522.388000,0,0,1,1,0,0,0,1
3879,387.916800,387.923900,12.200004,0.007991252,0.5326844,6.4984140,2523.047000,2523.036800,0,0,1,1,0,0,0,1
3880,388.016800,388.024000,12.201368,0.007995624,0.5330278,6.5022590,2523.700000,2523.689000,0,0,1,1,0,0,0,1
3881,388.117200,388.124300,12.200590,0.007993440,0.5328752,6.5013440,2524.351000,2524.340000,0,0,1,1,0,0,0,1
3882,388.217200,388.224400,12.200196,0.007985940,0.5323792,6.4951200,2525.001000,2524.991000,0,0,1,1,0,0,0,1
3883,388.317200,388.324500,12.199612,0.007994376,0.5329324,6.5016480,2525.654000,2525.643000,0,0,1,1,0,0,0,1
3884,388.416900,388.424100,12.199808,0.007996564,0.5331040,6.5020760,2526.301000,2526.290000,0,0,1,1,0,0,0,1
3885,388.517100,388.524300,12.198830,0.007996876,0.5331230,6.5032960,2526.953200,2526.943000,0,0,1,1,0,0,0,1
3886,388.616900,388.624000,12.199024,0.007991564,0.5327608,6.4987190,2527.602000,2527.591000,0,0,1,1,0,0,0,1
3887,388.717200,388.724400,12.199220,0.008000630,0.5333520,6.5065920,2528.257000,2528.246000,0,0,1,1,0,0,0,1
3888,388.817200,388.824400,12.199220,0.008000316,0.5333520,6.5063480,2528.906000,2528.895000,0,0,1,1,0,0,0,1
3889,388.916800,388.924100,12.199612,0.007995940,0.5330468,6.5029920,2529.553000,2529.542000,0,0,1,1,0,0,0,1
3890,389.017400,389.024600,12.199612,0.007991252,0.5332184,6.5045180,2530.209000,2530.199000,0,0,1,1,0,0,0,1
3891,389.116900,389.124000,12.200004,0.007998750,0.5333138,6.5056770,2530.857000,2530.846000,0,0,1,1,0,0,0,1
3892,389.217100,389.224200,12.199416,0.007992812,0.5328560,6.5004280,2531.508000,2531.497000,0,0,1,1,0,0,0,1
3893,389.316800,389.324000,12.199220,0.007996876,0.5331230,6.5036020,2532.157000,2532.146000,0,0,1,1,0,0,0,1
3894,389.416900,389.424000,12.198636,0.007989380,0.5326272,6.4973160,2532.809000,2532.798000,0,0,1,1,0,0,0,1
3895,389.517000,389.524200,12.199220,0.008007500,0.5338288,6.5122100,2533.461000,2533.451000,0,0,1,1,0,0,0,1
3896,389.616900,389.624100,12.199612,0.007998750,0.5332376,6.5061660,2534.110000,2534.099000,0,0,1,1,0,0,0,1
3897,389.717200,389.724400,12.200196,0.007995940,0.5330468,6.5028700,2534.761000,2534.750000,0,0,1,1,0,0,0,1
3898,389.817200,389.824300,12.198244,0.007996250,0.5330850,6.5026860,2535.412000,2535.402000,0,0,1,1,0,0,0,1
3899,389.916800,389.924000,12.198830,0.007998124,0.5331994,6.5044560,2536.062000,2536.051000,0,0,1,1,0,0,0,1
3900,390.017200,390.024400,12.199612,0.008003750,0.5335618,6.5091580,2536.713000,2536.703000,0,0,1,1,0,0,0,1
3901,390.116900,390.124000,12.200196,0.007989380,0.5326272,6.4981080,2537.361000,2537.350000,0,0,1,1,0,0,0,1
3902,390.217000,390.224200,12.199220,0.007996876,0.5335046,6.5083620,2538.013000,2538.002000,0,0,1,1,0,0,0,1
3903,390.317300,390.324800,12.199612,0.008000316,0.5333330,6.5064700,2538.668000,2538.658000,0,0,1,1,0,0,0,1
3904,390.416800,390.424000,12.199808,0.007992812,0.5328370,6.5004890,2539.313000,2539.302000,0,0,1,1,0,0,0,1
3905,390.517200,390.524400,12.200004,0.007992190,0.5327988,6.5000620,2539.969000,2539.958000,0,0,1,1,0,0,0,1
3906,390.616900,390.624000,12.199612,0.007999064,0.5332566,6.5055540,2540.618000,2540.607000,0,0,1,1,0,0,0,1
3907,390.717200,390.724400,12.199416,0.008008128,0.5338670,6.5129400,2541.269000,2541.258000,0,0,1,1,0,0,0,1
3908,390.816800,390.823900,12.199612,0.007996876,0.5331230,6.5076320,2541.916000,2541.906000,0,0,1,1,0,0,0,1
3909,390.917200,390.924200,12.199612,0.007999064,0.5332756,6.5054320,2542.568000,2542.557000,0,0,1,1,0,0,0,1
3910,391.016800,391.024000,12.199220,0.008000630,0.5333710,6.5065920,2543.217000,2543.206000,0,0,1,1,0,0,0,1
3911,391.116900,391.124000,12.199416,0.007996876,0.5331230,6.5037240,2543.869000,2543.858000,0,0,1,1,0,0,0,1
3912,391.217100,391.224200,12.200196,0.007998124,0.5331804,6.5049440,2544.520000,2544.509000,0,0,1,1,0,0,0,1
3913,391.316800,391.323900,12.200004,0.007994690,0.5329704,6.5022590,2545.168000,2545.158000,0,0,1,1,0,0,0,1
3914,391.417200,391.424200,12.199220,0.007983752,0.5332756,6.5060440,2545.825000,2545.814000,0,0,1,1,0,0,0,1
3915,391.516800,391.524000,12.199416,0.007995624,0.5330086,6.5020140,2546.472000,2546.461000,0,0,1,1,0,0,0,1
3916,391.617100,391.629300,12.199220,0.008001876,0.5334474,6.5076320,2547.157000,2547.146000,0,0,1,1,0,0,0,1
3917,391.716700,391.724000,12.199220,0.008004690,0.5336380,6.5099500,2547.771000,2547.760000,0,0,1,1,0,0,0,1
3918,391.816800,391.824000,12.199416,0.007994064,0.5329324,6.5013440,2548.423000,2548.412000,0,0,1,1,0,0,0,1
3919,391.917200,391.924200,12.199612,0.007999064,0.5332566,6.5054960,2549.075000,2549.064000,0,0,1,1,0,0,0,1
3920,392.016800,392.024000,12.200196,0.007993750,0.5333902,6.5072020,2549.723000,2549.712000,0,0,1,1,0,0,0,1
3921,392.117100,392.124300,12.199612,0.007994376,0.5329514,6.5021380,2550.375000,2550.365000,0,0,1,1,0,0,0,1
3922,392.216800,392.224000,12.199416,0.007996250,0.5330850,6.5032360,2551.028000,2551.017000,0,0,1,1,0,0,0,1
3923,392.317000,392.324200,12.199416,0.007989690,0.5326462,6.4978660,2551.679000,2551.668000,0,0,1,1,0,0,0,1
3924,392.417300,392.424500,12.199416,0.007992190,0.5327988,6.4996980,2552.331000,2552.321000,0,0,1,1,0,0,0,1
3925,392.516900,392.524100,12.199024,0.007990000,0.5326654,6.4979260,2552.978000,2552.967000,0,0,1,1,0,0,0,1
3926,392.617200,392.624400,12.199416,0.007992504,0.5328180,6.4999400,2553.630000,2553.619200,0,0,1,1,0,0,0,1
3927,392.716800,392.723900,12.199808,0.007990940,0.5327036,6.4985960,2554.279000,2554.268000,0,0,1,1,0,0,0,1
3928,392.817200,392.824300,12.198636,0.007996250,0.5330660,6.5027500,2554.930000,2554.919000,0,0,1,1,0,0,0,1
3929,392.917000,392.924200,12.199024,0.008016564,0.5344392,6.5194700,2555.582000,2555.572000,0,0,1,1,0,0,0,1
3930,393.016800,393.029000,12.199808,0.007989690,0.5326462,6.4981720,2556.264000,2556.253000,0,0,1,1,0,0,0,1
3931,393.117100,393.124300,12.199416,0.007988752,0.5325700,6.4969500,2556.883000,2556.872000,0,0,1,1,0,0,0,1
3932,393.217300,393.224400,12.199808,0.007985628,0.5332376,6.5051280,2557.535000,2557.524000,0,0,1,1,0,0,0,1
3933,393.316800,393.323900,12.198636,0.008000004,0.5329704,6.5020140,2558.183000,2558.172000,0,0,1,1,0,0,0,1
3934,393.417300,393.424500,12.199416,0.007995624,0.5330468,6.5026860,2558.837000,2558.827000,0,0,1,1,0,0,0,1
3935,393.516800,393.523800,12.199808,0.007992812,0.5328560,6.5007340,2559.482000,2559.471000,0,0,1,1,0,0,0,1
3936,393.617100,393.624200,12.200196,0.007999064,0.5332566,6.5058600,2560.133000,2560.122000,0,0,1,1,0,0,0,1
3937,393.716700,393.723900,12.200004,0.007994376,0.5329514,6.5018920,2560.786000,2560.775000,0,0,1,1,0,0,0,1
3938,393.817200,393.824400,12.200784,0.007994376,0.5328560,6.5007940,2561.437000,2561.426000,0,0,1,1,0,0,0,1
3939,393.916800,393.923900,12.198830,0.008000004,0.5338288,6.5123900,2562.086000,2562.076000,0,0,1,1,0,0,0,1
3940,394.017100,394.024300,12.200390,0.007998124,0.5331994,6.5052500,2562.739000,2562.728000,0,0,1,1,0,0,0,1
3941,394.116800,394.124000,12.198830,0.007989690,0.5326462,6.4974980,2563.385000,2563.374000,0,0,1,1,0,0,0,1
3942,394.217000,394.224000,12.198830,0.007993750,0.5328942,6.5006720,2564.038000,2564.028000,0,0,1,1,0,0,0,1
3943,394.317000,394.324000,12.200390,0.007995940,0.5330660,6.5034800,2564.689000,2564.678000,0,0,1,1,0,0,0,1
3944,394.416800,394.427200,12.199808,0.007993124,0.5328752,6.5008560,2565.360000,2565.349000,0,0,1,1,0,0,0,1
3945,394.516800,394.524000,12.199612,0.007993750,0.5329132,6.5006720,2565.990000,2565.979000,0,0,1,1,0,0,0,1
3946,394.617000,394.624100,12.198830,0.007998124,0.5331994,6.5043340,2566.641000,2566.630000,0,0,1,1,0,0,0,1
3947,394.717100,394.724200,12.199220,0.007996876,0.5331040,6.5035400,2567.293000,2567.283000,0,0,1,1,0,0,0,1
3948,394.817300,394.824400,12.200004,0.008002504,0.5334856,6.5086060,2567.946000,2567.935000,0,0,1,1,0,0,0,1
3949,394.916800,394.923900,12.200004,0.007998124,0.5331804,6.5048220,2568.594000,2568.583000,0,0,1,1,0,0,0,1
3950,395.016800,395.024000,12.199024,0.008000936,0.5333520,6.5064120,2569.244800,2569.234000,0,0,1,1,0,0,0,1
3951,395.117200,395.124400,12.200004,0.007988752,0.5325700,6.4968880,2569.897000,2569.886000,0,0,1,1,0,0,0,1
3952,395.216700,395.223900,12.199612,0.008003750,0.5335808,6.5094000,2570.545000,2570.535000,0,0,1,1,0,0,0,1
3953,395.317100,395.324300,12.199416,0.007997190,0.5331422,6.5039700,2571.197000,2571.186000,0,0,1,1,0,0,0,1
3954,395.416800,395.424000,12.200004,0.007997504,0.5331612,6.5045800,2571.844000,2571.833000,0,0,1,1,0,0,0,1
3955,395.517100,395.524200,12.199612,0.007994376,0.5329514,6.5018340,2572.496000,2572.486000,0,0,1,1,0,0,0,1
3956,395.616900,395.624000,12.200390,0.007998438,0.5331422,6.5041520,2573.149000,2573.138000,0,0,1,1,0,0,0,1
3957,395.717200,395.724300,12.198440,0.007993124,0.5328752,6.5009780,2573.800000,2573.789000,0,0,1,1,0,0,0,1
3958,395.821700,395.828900,12.199220,0.008004690,0.5336380,6.5100740,2574.481000,2574.470000,0,0,1,1,0,0,0,1
3959,395.916800,395.924000,12.198636,0.007995624,0.5330278,6.5021980,2575.101000,2575.090000,0,0,1,1,0,0,0,1
3960,396.017200,396.024400,12.200004,0.007995624,0.5330278,6.5028080,2575.752000,2575.742000,0,0,1,1,0,0,0,1
3961,396.116900,396.124100,12.199808,0.007991876,0.5327798,6.4998180,2576.401000,2576.390000,0,0,1,1,0,0,0,1
3962,396.217300,396.224500,12.198830,0.007995940,0.5331612,6.5043960,2577.055000,2577.044000,0,0,1,1,0,0,0,1
3963,396.316800,396.324000,12.200590,0.008003750,0.5335618,6.5097680,2577.700000,2577.689000,0,0,1,1,0,0,0,1
3964,396.416900,396.424200,12.199808,0.007988128,0.5325318,6.4966460,2578.351000,2578.340000,0,0,1,1,0,0,0,1
3965,396.516800,396.524000,12.199220,0.007995940,0.5330468,6.5027500,2579.004000,2578.994000,0,0,1,1,0,0,0,1
3966,396.616900,396.624100,12.199220,0.007994376,0.5329324,6.5014040,2579.653000,2579.642000,0,0,1,1,0,0,0,1
3967,396.717200,396.724400,12.200390,0.007998124,0.5331994,6.5051900,2580.308000,2580.297000,0,0,1,1,0,0,0,1
3968,396.816800,396.823900,12.199612,0.007994064,0.5329704,6.5017700,2580.955000,2580.945000,0,0,1,1,0,0,0,1
3969,396.917200,396.924200,12.199220,0.007993124,0.5328560,6.5009180,2581.607000,2581.596000,0,0,1,1,0,0,0,1
3970,397.016800,397.024000,12.199808,0.007992504,0.5328180,6.5003080,2582.254000,2582.244000,0,0,1,1,0,0,0,1
3971,397.117000,397.124200,12.199612,0.007999376,0.5332756,6.5056770,2582.907000,2582.896000,0,0,1,1,0,0,0,1
3972,397.221400,397.228700,12.199220,0.007996564,0.5331040,6.5032960,2583.588000,2583.578000,0,0,1,1,0,0,0,1
3973,397.316800,397.323900,12.199612,0.008001564,0.5334284,6.5075700,2584.207000,2584.197000,0,0,1,1,0,0,0,1
3974,397.417200,397.424400,12.199024,0.007996876,0.5330850,6.5035400,2584.859000,2584.848000,0,0,1,1,0,0,0,1
3975,397.516800,397.523800,12.199808,0.007999690,0.5332948,6.5064700,2585.507000,2585.496000,0,0,1,1,0,0,0,1
3976,397.617000,397.624100,12.199220,0.007985940,0.5323792,6.4946300,2586.158000,2586.147000,0,0,1,1,0,0,0,1
3977,397.717000,397.724000,12.199808,0.007997504,0.5331612,6.5043960,2586.811000,2586.800000,0,0,1,1,0,0,0,1
3978,397.817200,397.824300,12.199024,0.007998124,0.5331994,6.5044560,2587.461000,2587.451000,0,0,1,1,0,0,0,1
3979,397.916800,397.924000,12.199416,0.007993124,0.5328752,6.5006720,2588.110000,2588.099000,0,0,1,1,0,0,0,1
3980,398.017100,398.024300,12.199024,0.007998124,0.5331040,6.5032360,2588.766000,2588.755000,0,0,1,1,0,0,0,1
3981,398.116800,398.123800,12.199220,0.008000630,0.5333710,6.5069580,2589.411000,2589.400000,0,0,1,1,0,0,0,1
3982,398.216800,398.224000,12.200004,0.007999064,0.5332756,6.5058600,2590.063000,2590.052000,0,0,1,1,0,0,0,1
3983,398.317100,398.324300,12.199808,0.007992190,0.5328180,6.5001220,2590.714000,2590.703200,0,0,1,1,0,0,0,1
3984,398.416800,398.424000,12.199808,0.007995940,0.5330468,6.5029920,2591.367000,2591.356000,0,0,1,1,0,0,0,1
3985,398.516900,398.524100,12.199416,0.008000630,0.5333710,6.5067760,2592.018000,2592.007000,0,0,1,1,0,0,0,1
3986,398.617400,398.624600,12.199808,0.008002504,0.5333710,6.5064120,2592.670000,2592.660000,0,0,1,1,0,0,0,1
3987,398.716800,398.724000,12.199220,0.007989380,0.5326082,6.4975620,2593.319000,2593.308000,0,0,1,1,0,0,0,1
3988,398.817000,398.824000,12.199808,0.007995316,0.5330086,6.5025640,2593.966000,2593.955000,0,0,1,1,0,0,0,1
3989,398.917200,398.924200,12.200004,0.007999690,0.5333138,6.5062880,2594.622000,2594.612000,0,0,1,1,0,0,0,1
3990,399.016800,399.024000,12.198830,0.007995316,0.5330086,6.5020140,2595.270000,2595.259000,0,0,1,1,0,0,0,1
3991,399.117100,399.124200,12.198636,0.007986252,0.5323984,6.4945680,2595.922000,2595.911600,0,0,1,1,0,0,0,1
3992,399.216800,399.224000,12.199416,0.007990940,0.5321884,6.4929200,2596.571000,2596.560000,0,0,1,1,0,0,0,1
3993,399.316800,399.324000,12.198636,0.007999376,0.5332756,6.5052500,2597.222000,2597.211000,0,0,1,1,0,0,0,1
3994,399.417200,399.424400,12.200390,0.007995316,0.5330086,6.5029300,2597.874000,2597.864000,0,0,1,1,0,0,0,1
3995,399.516800,399.524000,12.199220,0.007984066,0.5322648,6.4931640,2598.521000,2598.510000,0,0,1,1,0,0,0,1
3996,399.617000,399.624100,12.199612,0.007990312,0.5326844,6.4984140,2599.173000,2599.162000,0,0,1,1,0,0,0,1
3997,399.717200,399.724300,12.199612,0.007991564,0.5327608,6.5000620,2599.825000,2599.814000,0,0,1,1,0,0,0,1
3998,399.816800,399.824000,12.199612,0.007995316,0.5331230,6.5031740,2600.473000,2600.462000,0,0,1,1,0,0,0,1
3999,399.917200,399.924200,12.199612,0.007998438,0.5332184,6.5052500,2601.124000,2601.114000,0,0,1,1,0,0,0,1
4000,400.016800,400.029000,12.199612,0.007996564,0.5330850,6.5017700,2601.805000,2601.794000,0,0,1,1,0,0,0,1
4001,400.117100,400.124300,12.199612,0.007996876,0.5331230,6.5037240,2602.428000,2602.417000,0,0,1,1,0,0,0,1
4002,400.216800,400.223900,12.198636,0.007990312,0.5326844,6.4979860,2603.077000,2603.066000,0,0,1,1,0,0,0,1
4003,400.317300,400.324500,12.199416,0.007992812,0.5328560,6.4987820,2603.729000,2603.718000,0,0,1,1,0,0,0,1
4004,400.416800,400.424000,12.200196,0.007984688,0.5335046,6.5080580,2604.376000,2604.366000,0,0,1,1,0,0,0,1
4005,400.517100,400.524300,12.199416,0.007994064,0.5329324,6.5014660,2605.028000,2605.017000,0,0,1,1,0,0,0,1
4006,400.616900,400.624000,12.200004,0.007995940,0.5330468,6.5032360,2605.677000,2605.666000,0,0,1,1,0,0,0,1
4007,400.717100,400.724200,12.200196,0.007992504,0.5328180,6.5005500,2606.332000,2606.322000,0,0,1,1,0,0,0,1
4008,400.817200,400.824300,12.199416,0.008001876,0.5334474,6.5078740,2606.981000,2606.970000,0,0,1,1,0,0,0,1
4009,400.916800,400.923900,12.200004,0.007996250,0.5330850,6.5034800,2607.628000,2607.618000,0,0,1,1,0,0,0,1
4010,401.017100,401.024200,12.199220,0.007996250,0.5331994,6.5045180,2608.285000,2608.274000,0,0,1,1,0,0,0,1
4011,401.116800,401.124000,12.199808,0.007987500,0.5324936,6.4962160,2608.932000,2608.921000,0,0,1,1,0,0,0,1
4012,401.216800,401.224000,12.200004,0.007994690,0.5329704,6.5022590,2609.584000,2609.574000,0,0,1,1,0,0,0,1
4013,401.317100,401.324200,12.200196,0.008000316,0.5333520,6.5070220,2610.236000,2610.225000,0,0,1,1,0,0,0,1
4014,401.422300,401.429500,12.199024,0.007992190,0.5327988,6.4995120,2610.921000,2610.911000,0,0,1,1,0,0,0,1
4015,401.516800,401.524000,12.199024,0.007994376,0.5329514,6.5015280,2611.536800,2611.526000,0,0,1,1,0,0,0,1
4016,401.617400,401.624400,12.199612,0.007985940,0.5331422,6.5039700,2612.188000,2612.177000,0,0,1,1,0,0,0,1
4017,401.716800,401.723900,12.199416,0.007990000,0.5326654,6.4979260,2612.836000,2612.826000,0,0,1,1,0,0,0,1
4018,401.817000,401.824200,12.199220,0.008000630,0.5333520,6.5065320,2613.488000,2613.477000,0,0,1,1,0,0,0,1
4019,401.916900,401.924000,12.199416,0.007991252,0.5327416,6.4990240,2614.136000,2614.125000,0,0,1,1,0,0,0,1
4020,402.017200,402.024400,12.199024,0.007984688,0.5323030,6.4936540,2614.791000,2614.781000,0,0,1,1,0,0,0,1
4021,402.116800,402.124000,12.199612,0.007995940,0.5330660,6.5030540,2615.436000,2615.425000,0,0,1,1,0,0,0,1
4022,402.216800,402.223900,12.199416,0.008000004,0.5331994,6.5042760,2616.088000,2616.078000,0,0,1,1,0,0,0,1
4023,402.317300,402.324500,12.200590,0.007996876,0.5331230,6.5036640,2616.743000,2616.732000,0,0,1,1,0,0,0,1
4024,402.416800,402.423900,12.199612,0.007994064,0.5329324,6.5015880,2617.391000,2617.380000,0,0,1,1,0,0,0,1
4025,402.517200,402.524300,12.200196,0.007992504,0.5328370,6.5006130,2618.043000,2618.033000,0,0,1,1,0,0,0,1
4026,402.616800,402.624100,12.199808,0.007997816,0.5331804,6.5045800,2618.692000,2618.681000,0,0,1,1,0,0,0,1
4027,402.716700,402.723900,12.200980,0.007999064,0.5332756,6.5063480,2619.342000,2619.331000,0,0,1,1,0,0,0,1
4028,402.817200,402.824500,12.200590,0.007992812,0.5333330,6.5060440,2619.995000,2619.985000,0,0,1,1,0,0,0,1
4029,402.916800,402.924000,12.199416,0.007987812,0.5325128,6.4961560,2620.644000,2620.633000,0,0,1,1,0,0,0,1
4030,403.017200,403.024400,12.199612,0.007985000,0.5323220,6.4940200,2621.298000,2621.287000,0,0,1,1,0,0,0,1
4031,403.117200,403.124400,12.199808,0.008001564,0.5334284,6.5076320,2621.947000,2621.936000,0,0,1,1,0,0,0,1
4032,403.216700,403.223900,12.199808,0.007988752,0.5325700,6.4971320,2622.594000,2622.583000,0,0,1,1,0,0,0,1
4033,403.317000,403.324000,12.200196,0.007996250,0.5330850,6.5036020,2623.246000,2623.236000,0,0,1,1,0,0,0,1
4034,403.416900,403.424100,12.200004,0.007990628,0.5329324,6.5017700,2623.898000,2623.887000,0,0,1,1,0,0,0,1
4035,403.516800,403.524000,12.199416,0.007992812,0.5328370,6.5001840,2624.547000,2624.536800,0,0,1,1,0,0,0,1
4036,403.617100,403.624200,12.200590,0.008013440,0.5342294,6.5177620,2625.200000,2625.189000,0,0,1,1,0,0,0,1
4037,403.717100,403.724300,12.199612,0.007989380,0.5326082,6.4975620,2625.850000,2625.839000,0,0,1,1,0,0,0,1
4038,403.816800,403.823900,12.200390,0.007990000,0.5326654,6.4986580,2626.499000,2626.489000,0,0,1,1,0,0,0,1
4039,403.916900,403.924000,12.198830,0.007994064,0.5329324,6.5011600,2627.150000,2627.139000,0,0,1,1,0,0,0,1
4040,404.017000,404.024200,12.199024,0.007992812,0.5329132,6.5012820,2627.802000,2627.791000,0,0,1,1,0,0,0,1
4041,404.116900,404.124000,12.200784,0.007994376,0.5329514,6.5016480,2628.452000,2628.441000,0,0,1,1,0,0,0,1
4042,404.217200,404.229400,12.199808,0.008005316,0.5330850,6.5028080,2629.140000,2629.129000,0,0,1,1,0,0,0,1
4043,404.316800,404.324000,12.199612,0.007994690,0.5329704,6.5020760,2629.750000,2629.740000,0,0,1,1,0,0,0,1
4044,404.416900,404.424100,12.199612,0.007993750,0.5329132,6.5012820,2630.404000,2630.393000,0,0,1,1,0,0,0,1
4045,404.517200,404.524400,12.199808,0.008006564,0.5337716,6.5070220,2631.059000,2631.048000,0,0,1,1,0,0,0,1
4046,404.616800,404.624000,12.199220,0.007995624,0.5331230,6.5036020,2631.703200,2631.693000,0,0,1,1,0,0,0,1
4047,404.717100,404.724400,12.198636,0.007995624,0.5330278,6.5023820,2632.359000,2632.348000,0,0,1,1,0,0,0,1
4048,404.816800,404.824000,12.199416,0.007988440,0.5325510,6.4968260,2633.007000,2632.996000,0,0,1,1,0,0,0,1
4049,404.917000,404.924200,12.199416,0.007999064,0.5332566,6.5053720,2633.659000,2633.648000,0,0,1,1,0,0,0,1
4050,405.016800,405.024000,12.200196,0.007991564,0.5327608,6.4996980,2634.306000,2634.295000,0,0,1,1,0,0,0,1
4051,405.117100,405.124300,12.199024,0.007990312,0.5326654,6.4972560,2634.962000,2634.952000,0,0,1,1,0,0,0,1
4052,405.216800,405.223900,12.199220,0.007998750,0.5336000,6.5094000,2635.611000,2635.600000,0,0,1,1,0,0,0,1
4053,405.316800,405.323900,12.200590,0.007990000,0.5326462,6.4983520,2636.258000,2636.247000,0,0,1,1,0,0,0,1
4054,405.417000,405.424100,12.200004,0.007998750,0.5332376,6.5053720,2636.911000,2636.900000,0,0,1,1,0,0,0,1
4055,405.517200,405.524300,12.200004,0.007995940,0.5330468,6.5032360,2637.563000,2637.552000,0,0,1,1,0,0,0,1
4056,405.616800,405.629000,12.200196,0.008000630,0.5333710,6.5065320,2638.244000,2638.233000,0,0,1,1,0,0,0,1
4057,405.717000,405.724200,12.198636,0.007997190,0.5331422,6.5094000,2638.864000,2638.853000,0,0,1,1,0,0,0,1
4058,405.817200,405.824400,12.200196,0.007998124,0.5327416,6.4987190,2639.515000,2639.504000,0,0,1,1,0,0,0,1
4059,405.916800,405.924000,12.199220,0.008000630,0.5333520,6.5062880,2640.162000,2640.152000,0,0,1,1,0,0,0,1
4060,406.016800,406.024000,12.199808,0.007995940,0.5330660,6.5031740,2640.816000,2640.805000,0,0,1,1,0,0,0,1
4061,406.116900,406.124100,12.199220,0.008018440,0.5345536,6.5211800,2641.468000,2641.457000,0,0,1,1,0,0,0,1
4062,406.217000,406.224200,12.198830,0.007997504,0.5331612,6.5039070,2642.119000,2642.108000,0,0,1,1,0,0,0,1
4063,406.317200,406.324400,12.200196,0.007990628,0.5327036,6.5035400,2642.772000,2642.761000,0,0,1,1,0,0,0,1
4064,406.416800,406.424000,12.199416,0.008001250,0.5323792,6.4945680,2643.418000,2643.408000,0,0,1,1,0,0,0,1
4065,406.516900,406.524000,12.200590,0.007993440,0.5328942,6.5009180,2644.067000,2644.056000,0,0,1,1,0,0,0,1
4066,406.617000,406.624200,12.199220,0.007989380,0.5326082,6.4974380,2644.718000,2644.707000,0,0,1,1,0,0,0,1
4067,406.717000,406.724200,12.200390,0.008001564,0.5334284,6.5081180,2645.371000,2645.361000,0,0,1,1,0,0,0,1
4068,406.816800,406.824000,12.200196,0.007997816,0.5331804,6.5047000,2646.020000,2646.009000,0,0,1,1,0,0,0,1
4069,406.917200,406.924400,12.199416,0.007997816,0.5331804,6.5041520,2646.675000,2646.664000,0,0,1,1,0,0,0,1
4070,407.021600,407.028800,12.199612,0.008005940,0.5337144,6.5111100,2647.352000,2647.341000,0,0,1,1,0,0,0,1
4071,407.117000,407.124200,12.200004,0.007987500,0.5324936,6.4962780,2647.974000,2647.963000,0,0,1,1,0,0,0,1
4072,407.217200,407.224300,12.199808,0.007998124,0.5331994,6.5048220,2648.626000,2648.616000,0,0,1,1,0,0,0,1
4073,407.316800,407.323900,12.201172,0.008001876,0.5334664,6.5087900,2649.274000,2649.263000,0,0,1,1,0,0,0,1
4074,407.417200,407.424400,12.200004,0.007998124,0.5331994,6.5050660,2649.926000,2649.915000,0,0,1,1,0,0,0,1
4075,407.516800,407.524000,12.199220,0.007994376,0.5329324,6.5014660,2650.575000,2650.564000,0,0,1,1,0,0,0,1
4076,407.617000,407.624200,12.199220,0.007997816,0.5331422,6.5038460,2651.227000,2651.216000,0,0,1,1,0,0,0,1
4077,407.717200,407.724300,12.199612,0.007993124,0.5328752,6.5006130,2651.878000,2651.868000,0,0,1,1,0,0,0,1
4078,407.816800,407.823900,12.199808,0.008002190,0.5334664,6.5079960,2652.526000,2652.515000,0,0,1,1,0,0,0,1
4079,407.917200,407.924400,12.200004,0.007988752,0.5325700,6.4973160,2653.178000,2653.167000,0,0,1,1,0,0,0,1
4080,408.016800,408.024000,12.200004,0.007999690,0.5332948,6.5062880,2653.827000,2653.816000,0,0,1,1,0,0,0,1
4081,408.117100,408.124300,12.198440,0.007991564,0.5327608,6.5025040,2654.481000,2654.470000,0,0,1,1,0,0,0,1
4082,408.216700,408.223900,12.199416,0.007989690,0.5332756,6.5054960,2655.130000,2655.119200,0,0,1,1,0,0,0,1
4083,408.317200,408.324300,12.199808,0.008000316,0.5333330,6.5062880,2655.782000,2655.771000,0,0,1,1,0,0,0,1
4084,408.416900,408.424000,12.199220,0.007997816,0.5331804,6.5043340,2656.430000,2656.419000,0,0,1,1,0,0,0,1
4085,408.517000,408.524100,12.199612,0.007999376,0.5332756,6.5058010,2657.081000,2657.071000,0,0,1,1,0,0,0,1
4086,408.616900,408.624000,12.199416,0.007991252,0.5327416,6.4990240,2657.734000,2657.723000,0,0,1,1,0,0,0,1
4087,408.717000,408.724300,12.200196,0.008000004,0.5333138,6.5047620,2658.385000,2658.374000,0,0,1,1,0,0,0,1
4088,408.816800,408.824000,12.199024,0.007992190,0.5330850,6.5030540,2659.034000,2659.023000,0,0,1,1,0,0,0,1
4089,408.917000,408.924100,12.199808,0.008009376,0.5339624,6.5137940,2659.687000,2659.676000,0,0,1,1,0,0,0,1
4090,409.016800,409.024000,12.199220,0.008001876,0.5334474,6.5076320,2660.335000,2660.325000,0,0,1,1,0,0,0,1
4091,409.117100,409.124300,12.199416,0.008003750,0.5335808,6.5093400,2660.987000,2660.976000,0,0,1,1,0,0,0,1
4092,409.216800,409.223900,12.200004,0.007989690,0.5326272,6.4981080,2661.635000,2661.624000,0,0,1,1,0,0,0,1
4093,409.317200,409.324400,12.199416,0.007999690,0.5332948,6.5077520,2662.290000,2662.280000,0,0,1,1,0,0,0,1
4094,409.417300,409.424500,12.200196,0.007993440,0.5333710,6.5063480,2662.944000,2662.933000,0,0,1,1,0,0,0,1
4095,409.516800,409.524000,12.199612,0.008002504,0.5335046,6.5084840,2663.592000,2663.581000,0,0,1,1,0,0,0,1
4096,409.617200,409.624400,12.199808,0.008001250,0.5334092,6.5075080,2664.244000,2664.233000,0,0,1,1,0,0,0,1
4097,409.716700,409.723900,12.199808,0.007996250,0.5330850,6.5033600,2664.891000,2664.880000,0,0,1,1,0,0,0,1
4098,409.820700,409.828000,12.199416,0.007991564,0.5327608,6.4989020,2665.570000,2665.559000,0,0,1,1,0,0,0,1
4099,409.917200,409.924400,12.199808,0.007997816,0.5331804,6.4965220,2666.196000,2666.185000,0,0,1,1,0,0,0,1
4100,410.016800,410.024000,12.198636,0.007993440,0.5330660,6.5031740,2666.844000,2666.833000,0,0,1,1,0,0,0,1
4101,410.117000,410.124200,12.199808,0.008002504,0.5335046,6.5079380,2667.496000,2667.486000,0,0,1,1,0,0,0,1
4102,410.216700,410.223900,12.200004,0.007992812,0.5328560,6.5007340,2668.145000,2668.134000,0,0,1,1,0,0,0,1
4103,410.317100,410.324300,12.200390,0.007994376,0.5329514,6.5022590,2668.799000,2668.788000,0,0,1,1,0,0,0,1
4104,410.416800,410.423900,12.199612,0.008003440,0.5335618,6.5090940,2669.449000,2669.438000,0,0,1,1,0,0,0,1
4105,410.517100,410.524200,12.199808,0.007995940,0.5330660,6.5117800,2670.101000,2670.090000,0,0,1,1,0,0,0,1
4106,410.617000,410.624100,12.200004,0.007995316,0.5332566,6.5053720,2670.748000,2670.738000,0,0,1,1,0,0,0,1
4107,410.724000,410.731500,12.199416,0.007999690,0.5330850,6.5029920,2671.449000,2671.438000,0,0,1,1,0,0,0,1
4108,410.816800,410.824000,12.200390,0.007997816,0.5331804,6.5050060,2672.049000,2672.038000,0,0,1,1,0,0,0,1
4109,410.917000,410.924200,12.199024,0.007999690,0.5332948,6.5056160,2672.703200,2672.693000,0,0,1,1,0,0,0,1
4110,411.016800,411.024000,12.199220,0.008003440,0.5335618,6.5089720,2673.353000,2673.342000,0,0,1,1,0,0,0,1
4111,411.117000,411.124200,12.199416,0.007992190,0.5327988,6.5112320,2674.004000,2673.994000,0,0,1,1,0,0,0,1
4112,411.217100,411.224400,12.200004,0.008002190,0.5330660,6.5033600,2674.657000,2674.646000,0,0,1,1,0,0,0,1
4113,411.316800,411.323900,12.199808,0.008001876,0.5334474,6.5079960,2675.304000,2675.293000,0,0,1,1,0,0,0,1
4114,411.416800,411.423900,12.198830,0.008006564,0.5337716,6.5112940,2675.953200,2675.943000,0,0,1,1,0,0,0,1
4115,411.517200,411.524300,12.199220,0.007998438,0.5332184,6.5047620,2676.608000,2676.597000,0,0,1,1,0,0,0,1
4116,411.616800,411.624000,12.199416,0.008003130,0.5335236,6.5087900,2677.256000,2677.245000,0,0,1,1,0,0,0,1
4117,411.717000,411.724200,12.199416,0.008000004,0.5333138,6.5076920,2677.909000,2677.898000,0,0,1,1,0,0,0,1
4118,411.817300,411.824500,12.199220,0.008002504,0.5334856,6.5083620,2678.560000,2678.549000,0,0,1,1,0,0,0,1
4119,411.916800,411.923900,12.200004,0.007999064,0.5332566,6.5051900,2679.208000,2679.198000,0,0,1,1,0,0,0,1
4120,412.017100,412.024300,12.199808,0.007991876,0.5327798,6.4996980,2679.862000,2679.851000,0,0,1,1,0,0,0,1
4121,412.116900,412.124100,12.200004,0.008008128,0.5338480,6.5130020,2680.509000,2680.498000,0,0,1,1,0,0,0,1
4122,412.217300,412.224400,12.198830,0.007998438,0.5332376,6.5047620,2681.165000,2681.155000,0,0,1,1,0,0,0,1
4123,412.316800,412.324000,12.199416,0.007994690,0.5329704,6.5035400,2681.813000,2681.802000,0,0,1,1,0,0,0,1
4124,412.416900,412.424100,12.199220,0.007998438,0.5328370,6.5001840,2682.461000,2682.451000,0,0,1,1,0,0,0,1
4125,412.517200,412.524400,12.198636,0.007999376,0.5332756,6.5051900,2683.117000,2683.106000,0,0,1,1,0,0,0,1
4126,412.616900,412.629000,12.199416,0.008005316,0.5333138,6.5062260,2683.794000,2683.784000,0,0,1,1,0,0,0,1
4127,412.717200,412.724400,12.199024,0.007990000,0.5326654,6.4979260,2684.418000,2684.408000,0,0,1,1,0,0,0,1
4128,412.816800,412.824200,12.200390,0.008000630,0.5333520,6.5071420,2685.067000,2685.056000,0,0,1,1,0,0,0,1
4129,412.917200,412.924200,12.200004,0.007984066,0.5322648,6.4965820,2685.718000,2685.707000,0,0,1,1,0,0,0,1
4130,413.016800,413.024000,12.199808,0.007982190,0.5328180,6.5002440,2686.364000,2686.353000,0,0,1,1,0,0,0,1
4131,413.117000,413.124200,12.200196,0.007979690,0.5319596,6.4899900,2687.016000,2687.005000,0,0,1,1,0,0,0,1
4132,413.217300,413.224500,12.199808,0.007980000,0.5319978,6.4901130,2687.665000,2687.655000,0,0,1,1,0,0,0,1
4133,413.316800,413.324000,12.199416,0.007987812,0.5325128,6.4963400,2688.314000,2688.303000,0,0,1,1,0,0,0,1
4134,413.417000,413.424400,12.199808,0.007978752,0.5319024,6.4891360,2688.968000,2688.957000,0,0,1,1,0,0,0,1
4135,413.516800,413.523800,12.200196,0.007984688,0.5323030,6.4958500,2689.611000,2689.600000,0,0,1,1,0,0,0,1
4136,413.617000,413.624100,12.199808,0.007990628,0.5322458,6.4929840,2690.265000,2690.254000,0,0,1,1,0,0,0,1
4137,413.717300,413.724400,12.200590,0.007983440,0.5322076,6.4933480,2690.916000,2690.906000,0,0,1,1,0,0,0,1
4138,413.816800,413.823900,12.200390,0.007986880,0.5324556,6.4960940,2691.559000,2691.548000,0,0,1,1,0,0,0,1
4139,413.916900,413.924100,12.199612,0.007979690,0.5319596,6.4896260,2692.213000,2692.203000,0,0,1,1,0,0,0,1
4140,414.017200,414.024400,12.199220,0.007979690,0.5319596,6.4896260,2692.865000,2692.854000,0,0,1,1,0,0,0,1
4141,414.116800,414.124000,12.199220,0.007988128,0.5325510,6.4898680,2693.511000,2693.500000,0,0,1,1,0,0,0,1
4142,414.217000,414.224000,12.200196,0.007991876,0.5323792,6.4948740,2694.159000,2694.148000,0,0,1,1,0,0,0,1
4143,414.317200,414.324300,12.199220,0.007984688,0.5323030,6.4935940,2694.809000,2694.798000,0,0,1,1,0,0,0,1
4144,414.417300,414.424500,12.199024,0.007986252,0.5324174,6.4948740,2695.463000,2695.453000,0,0,1,1,0,0,0,1
4145,414.516800,414.524000,12.200590,0.007989380,0.5326082,6.4981720,2696.107000,2696.096000,0,0,1,1,0,0,0,1
4146,414.617000,414.624100,12.200004,0.007986880,0.5324364,6.4957300,2696.757000,2696.746000,0,0,1,1,0,0,0,1
4147,414.717200,414.724300,12.199612,0.007982816,0.5320168,6.4904180,2697.408000,2697.397000,0,0,1,1,0,0,0,1
4148,414.816800,414.824300,12.200196,0.007978752,0.5324556,6.4954250,2698.058000,2698.047000,0,0,1,1,0,0,0,1
4149,414.917300,414.924600,12.200196,0.007987812,0.5325128,6.4967660,2698.709000,2698.699000,0,0,1,1,0,0,0,1
4150,415.017000,415.024100,12.199808,0.007985000,0.5323220,6.4942040,2699.356000,2699.345000,0,0,1,1,0,0,0,1
4151,415.117000,415.124200,12.199808,0.007975940,0.5317308,6.4869400,2700.006000,2699.995000,0,0,1,1,0,0,0,1
4152,415.217200,415.224300,12.200390,0.007983752,0.5322458,6.4935310,2700.659000,2700.648000,0,0,1,1,0,0,0,1
4153,415.316800,415.324000,12.200004,0.007985628,0.5323792,6.4965820,2701.305000,2701.294000,0,0,1,1,0,0,0,1
4154,415.417200,415.429400,12.199612,0.007983128,0.5321884,6.4925540,2701.989000,2701.978000,0,0,1,1,0,0,0,1
4155,415.516900,415.524000,12.199220,0.007969376,0.5312920,6.4813240,2702.602000,2702.591000,0,0,1,1,0,0,0,1
4156,415.616900,415.624100,12.200196,0.007986880,0.5324556,6.4959120,2703.253000,2703.243000,0,0,1,1,0,0,0,1
4157,415.716800,415.723900,12.199024,0.007979690,0.5319788,6.4895020,2703.901000,2703.890000,0,0,1,1,0,0,0,1
4158,415.817000,415.824200,12.199220,0.007989064,0.5325890,6.4971320,2704.551000,2704.540000,0,0,1,1,0,0,0,1
4159,415.916900,415.924100,12.200196,0.007984376,0.5322838,6.4938360,2705.202000,2705.191000,0,0,1,1,0,0,0,1
4160,416.016800,416.024000,12.199808,0.007983440,0.5322076,6.4926780,2705.849000,2705.838000,0,0,1,1,0,0,0,1
4161,416.117200,416.124400,12.200004,0.007981876,0.5321122,6.4918220,2706.504000,2706.494000,0,0,1,1,0,0,0,1
4162,416.216800,416.223900,12.199808,0.007980940,0.5320550,6.4908480,2707.150000,2707.139000,0,0,1,1,0,0,0,1
4163,416.317000,416.324200,12.199416,0.007981252,0.5320740,6.4909060,2707.801000,2707.790000,0,0,1,1,0,0,0,1
4164,416.417000,416.424100,12.200390,0.007991564,0.5327608,6.4998180,2708.453000,2708.442000,0,0,1,1,0,0,0,1
4165,416.517200,416.524300,12.200004,0.007979064,0.5315972,6.4846200,2709.102000,2709.091000,0,0,1,1,0,0,0,1
4166,416.616900,416.624000,12.200784,0.007983752,0.5319978,6.4902370,2709.750000,2709.740000,0,0,1,1,0,0,0,1
4167,416.717000,416.724200,12.199808,0.007987500,0.5324936,6.4963400,2710.397000,2710.386000,0,0,1,1,0,0,0,1
4168,416.817000,416.824000,12.199808,0.007974376,0.5316164,6.4855360,2711.048000,2711.037000,0,0,1,1,0,0,0,1
4169,416.917200,416.924500,12.199612,0.007977816,0.5318452,6.4884060,2711.700000,2711.689000,0,0,1,1,0,0,0,1
4170,417.016800,417.024000,12.199808,0.007985000,0.5323220,6.4942640,2712.345000,2712.334000,0,0,1,1,0,0,0,1
4171,417.116900,417.124400,12.199024,0.007982500,0.5321504,6.5003080,2712.996000,2712.986000,0,0,1,1,0,0,0,1
4172,417.216700,417.223900,12.199808,0.007983440,0.5324364,6.4953010,2713.648000,2713.637000,0,0,1,1,0,0,0,1
4173,417.317100,417.324300,12.200590,0.007984376,0.5322648,6.4939580,2714.297000,2714.286800,0,0,1,1,0,0,0,1
4174,417.416800,417.423900,12.199612,0.007994690,0.5329514,6.5018340,2714.946000,2714.935000,0,0,1,1,0,0,0,1
4175,417.517100,417.524200,12.199416,0.007987500,0.5324746,6.4959120,2715.595000,2715.584000,0,0,1,1,0,0,0,1
4176,417.616800,417.624000,12.199612,0.007977502,0.5318260,6.4881600,2716.244000,2716.233000,0,0,1,1,0,0,0,1
4177,417.717000,417.724000,12.200004,0.007986564,0.5323220,6.4946900,2716.894000,2716.883000,0,0,1,1,0,0,0,1
4178,417.817100,417.824300,12.199612,0.007979064,0.5326844,6.4989640,2717.544000,2717.534000,0,0,1,1,0,0,0,1
4179,417.916800,417.924000,12.199808,0.007983440,0.5322266,6.4930420,2718.192000,2718.181000,0,0,1,1,0,0,0,1
4180,418.017000,418.024200,12.199808,0.007989380,0.5326272,6.4978040,2718.843000,2718.832000,0,0,1,1,0,0,0,1
4181,418.117200,418.124400,12.200196,0.007980628,0.5320168,6.4907840,2719.496000,2719.486000,0,0,1,1,0,0,0,1
4182,418.216800,418.223900,12.200196,0.007979690,0.5319596,6.4899900,2720.141000,2720.130000,0,0,1,1,0,0,0,1
4183,418.317100,418.324300,12.200980,0.007980316,0.5327798,6.4995740,2720.795000,2720.785000,0,0,1,1,0,0,0,1
4184,418.416800,418.424000,12.200590,0.007981252,0.5317308,6.4871220,2721.442000,2721.431000,0,0,1,1,0,0,0,1
4185,418.517000,418.524100,12.199416,0.007981568,0.5320932,6.4910900,2722.093000,2722.082000,0,0,1,1,0,0,0,1
4186,418.617100,418.624300,12.200004,0.007990000,0.5326462,6.4982920,2722.743000,2722.732000,0,0,1,1,0,0,0,1
4187,418.716700,418.723900,12.199612,0.007985000,0.5323220,6.4940200,2723.390000,2723.379000,0,0,1,1,0,0,0,1
4188,418.816800,418.823900,12.200980,0.007980000,0.5319788,6.4906620,2724.037000,2724.027000,0,0,1,1,0,0,0,1
4189,418.916900,418.924200,12.200004,0.007985628,0.5319788,6.4896860,2724.688000,2724.677000,0,0,1,1,0,0,0,1
4190,419.016800,419.024100,12.199808,0.007982190,0.5320932,6.4918220,2725.338000,2725.328000,0,0,1,1,0,0,0,1
4191,419.117400,419.124400,12.199024,0.007986252,0.5323984,6.4946900,2725.990000,2725.979000,0,0,1,1,0,0,0,1
4192,419.216800,419.224000,12.199612,0.007984688,0.5323030,6.4939000,2726.637000,2726.626000,0,0,1,1,0,0,0,1
4193,419.317100,419.324200,12.199612,0.007979690,0.5319596,6.4896260,2727.286800,2727.276000,0,0,1,1,0,0,0,1
4194,419.416800,419.424000,12.199612,0.007983752,0.5322266,6.4929840,2727.934000,2727.923000,0,0,1,1,0,0,0,1
4195,419.517100,419.524300,12.200196,0.007996250,0.5322266,6.4933480,2728.589000,2728.578400,0,0,1,1,0,0,0,1
4196,419.616800,419.629100,12.200004,0.007972816,0.5315018,6.4843760,2729.268000,2729.257000,0,0,1,1,0,0,0,1
4197,419.716800,419.723900,12.199612,0.007985314,0.5323410,6.4944460,2729.883000,2729.872000,0,0,1,1,0,0,0,1
4198,419.817200,419.824400,12.200390,0.007975628,0.5316926,6.4869400,2730.537000,2730.527000,0,0,1,1,0,0,0,1
4199,419.916800,419.924000,12.198244,0.007972504,0.5315018,6.4832180,2731.185000,2731.174000,0,0,1,1,0,0,0,1
4200,420.017200,420.024300,12.199808,0.007982190,0.5321312,6.4919440,2731.836000,2731.826000,0,0,1,1,0,0,0,1
4201,420.116900,420.124000,12.199612,0.007986880,0.5319406,6.4890160,2732.482000,2732.471000,0,0,1,1,0,0,0,1
4202,420.217200,420.224400,12.200196,0.007968750,0.5312348,6.4809580,2733.136000,2733.125000,0,0,1,1,0,0,0,1
4203,420.316800,420.324000,12.200784,0.007978128,0.5318642,6.4891360,2733.785000,2733.774000,0,0,1,1,0,0,0,1
4204,420.417200,420.424400,12.199416,0.007985314,0.5323410,6.4943240,2734.434000,2734.423000,0,0,1,1,0,0,0,1
4205,420.516900,420.524000,12.200004,0.007989380,0.5326082,6.4977420,2735.082000,2735.072000,0,0,1,1,0,0,0,1
4206,420.617100,420.624200,12.199612,0.007981568,0.5320932,6.4913340,2735.732000,2735.721000,0,0,1,1,0,0,0,1
4207,420.716800,420.723900,12.199024,0.007981252,0.5320740,6.4948740,2736.380000,2736.369200,0,0,1,1,0,0,0,1
4208,420.817100,420.824200,12.200390,0.007979690,0.5319788,6.4895020,2737.031000,2737.020000,0,0,1,1,0,0,0,1
4209,420.917200,420.924400,12.199416,0.007988128,0.5325510,6.4965820,2737.680000,2737.669000,0,0,1,1,0,0,0,1
4210,421.017400,421.024800,12.200004,0.007982816,0.5321884,6.4925540,2738.335000,2738.325000,0,0,1,1,0,0,0,1
4211,421.117000,421.124200,12.199220,0.007976564,0.5317498,6.4869400,2738.979000,2738.968000,0,0,1,1,0,0,0,1
4212,421.216700,421.224000,12.199612,0.007983128,0.5321884,6.4925540,2739.629000,2739.619000,0,0,1,1,0,0,0,1
4213,421.316800,421.324000,12.200004,0.007978752,0.5323984,6.4952400,2740.277000,2740.266000,0,0,1,1,0,0,0,1
4214,421.417000,421.424200,12.200590,0.007984376,0.5322838,6.4934080,2740.926000,2740.915000,0,0,1,1,0,0,0,1
4215,421.516800,421.524000,12.200004,0.007978440,0.5318834,6.4890160,2741.578000,2741.567000,0,0,1,1,0,0,0,1
4216,421.617000,421.624200,12.199416,0.007984688,0.5323030,6.4937140,2742.228000,2742.217000,0,0,1,1,0,0,0,1
4217,421.717200,421.724300,12.199416,0.007988752,0.5325700,6.4970100,2742.879000,2742.869000,0,0,1,1,0,0,0,1
4218,421.817300,421.824500,12.199612,0.007973750,0.5315782,6.4850490,2743.530000,2743.519000,0,0,1,1,0,0,0,1
4219,421.916800,421.923900,12.199024,0.007979690,0.5318452,6.4884660,2744.173000,2744.162000,0,0,1,1,0,0,0,1
4220,422.017100,422.024200,12.200390,0.007981876,0.5321312,6.4913940,2744.828000,2744.817000,0,0,1,1,0,0,0,1
4221,422.116800,422.124000,12.199024,0.007987812,0.5325128,6.4960360,2745.474000,2745.463000,0,0,1,1,0,0,0,1
4222,422.217200,422.224400,12.200004,0.007979690,0.5319788,6.4899900,2746.124000,2746.114000,0,0,1,1,0,0,0,1
4223,422.316800,422.323900,12.199808,0.007980940,0.5320360,6.4907840,2746.772000,2746.761000,0,0,1,1,0,0,0,1
4224,422.416800,422.424100,12.199612,0.007979690,0.5319596,6.4896860,2747.422000,2747.411600,0,0,1,1,0,0,0,1
4225,422.516800,422.524000,12.199612,0.007975316,0.5319406,6.4896260,2748.070000,2748.059000,0,0,1,1,0,0,0,1
4226,422.617100,422.624300,12.200590,0.007975628,0.5317116,6.4865120,2748.722000,2748.711000,0,0,1,1,0,0,0,1
4227,422.716800,422.723900,12.199220,0.007969376,0.5312730,6.4811400,2749.370000,2749.360000,0,0,1,1,0,0,0,1
4228,422.816800,422.824000,12.199808,0.007983128,0.5322076,6.4926780,2750.016000,2750.005000,0,0,1,1,0,0,0,1
4229,422.917200,422.924200,12.199808,0.007986564,0.5324364,6.4955460,2750.670000,2750.660000,0,0,1,1,0,0,0,1
4230,423.016800,423.024000,12.200784,0.007984688,0.5323030,6.4945100,2751.318000,2751.307000,0,0,1,1,0,0,0,1
4231,423.116900,423.124100,12.199416,0.007982500,0.5325510,6.4965220,2751.969000,2751.958000,0,0,1,1,0,0,0,1
4232,423.217100,423.224300,12.199808,0.007977502,0.5318070,6.4879760,2752.619000,2752.608000,0,0,1,1,0,0,0,1
4233,423.316800,423.324000,12.199416,0.007984688,0.5323030,6.4935940,2753.266000,2753.255000,0,0,1,1,0,0,0,1
4234,423.417000,423.424200,12.199220,0.007981252,0.5320740,6.4907840,2753.916000,2753.906000,0,0,1,1,0,0,0,1
4235,423.517000,423.524200,12.199220,0.007974064,0.5315972,6.4850490,2754.569000,2754.558000,0,0,1,1,0,0,0,1
4236,423.617200,423.624300,12.199220,0.007990940,0.5327226,6.4988420,2755.219000,2755.208000,0,0,1,1,0,0,0,1
4237,423.724000,423.731500,12.199612,0.007972504,0.5315018,6.4840700,2755.913000,2755.903000,0,0,1,1,0,0,0,1
4238,423.816800,423.824000,12.200004,0.007974690,0.5316354,6.4855360,2756.512000,2756.501000,0,0,1,1,0,0,0,1
4239,423.917200,423.924400,12.200004,0.007992812,0.5328560,6.5007340,2757.167000,2757.157000,0,0,1,1,0,0,0,1
4240,424.016800,424.023800,12.198636,0.007989690,0.5326272,6.4972560,2757.812000,2757.801000,0,0,1,1,0,0,0,1
4241,424.117100,424.124200,12.199416,0.007983440,0.5322266,6.4928600,2758.465000,2758.454000,0,0,1,1,0,0,0,1
4242,424.216700,424.223900,12.199612,0.007985000,0.5323220,6.4939580,2759.112000,2759.101000,0,0,1,1,0,0,0,1
4243,424.316800,424.323900,12.199808,0.007976876,0.5317690,6.4875500,2759.762000,2759.751000,0,0,1,1,0,0,0,1
4244,424.417200,424.424200,12.200784,0.007979376,0.5319406,6.4899320,2760.414000,2760.404000,0,0,1,1,0,0,0,1
4245,424.516800,424.524000,12.200390,0.007984066,0.5322648,6.4938360,2761.060000,2761.049000,0,0,1,1,0,0,0,1
4246,424.616900,424.624100,12.200004,0.007983440,0.5322076,6.4929840,2761.712000,2761.702000,0,0,1,1,0,0,0,1
4247,424.717200,424.724300,12.199220,0.007983752,0.5322458,6.4929200,2762.363000,2762.352000,0,0,1,1,0,0,0,1
4248,424.816800,424.824000,12.200390,0.007990940,0.5327036,6.4992680,2763.009000,2762.998000,0,0,1,1,0,0,0,1
4249,424.916900,424.924100,12.200196,0.007987500,0.5314064,6.4829720,2763.661000,2763.650000,0,0,1,1,0,0,0,1
4250,425.017000,425.024100,12.199024,0.007985628,0.5323792,6.4946900,2764.312000,2764.301000,0,0,1,1,0,0,0,1
4251,425.117200,425.124400,12.199612,0.007982500,0.5321504,6.4920680,2764.961000,2764.951000,0,0,1,1,0,0,0,1
4252,425.216800,425.224000,12.200196,0.007986252,0.5324174,6.4954250,2765.610000,2765.599000,0,0,1,1,0,0,0,1
4253,425.316800,425.324000,12.200196,0.007983128,0.5322076,6.4929200,2766.256000,2766.245000,0,0,1,1,0,0,0,1
4254,425.417200,425.424200,12.200196,0.007981252,0.5320932,6.4915160,2766.911000,2766.900000,0,0,1,1,0,0,0,1
4255,425.516900,425.524000,12.200590,0.007968440,0.5320740,6.4910280,2767.558000,2767.547000,0,0,1,1,0,0,0,1
4256,425.616800,425.624000,12.200196,0.007975628,0.5316926,6.4866960,2768.204000,2768.194000,0,0,1,1,0,0,0,1
4257,425.717100,425.724300,12.199220,0.007982816,0.5321884,6.4921880,2768.859000,2768.848000,0,0,1,1,0,0,0,1
4258,425.816800,425.824000,12.200004,0.007990312,0.5326654,6.4985360,2769.506000,2769.495000,0,0,1,1,0,0,0,1
4259,425.916800,425.924000,12.199220,0.007985628,0.5323792,6.4945680,2770.153000,2770.142000,0,0,1,1,0,0,0,1
4260,426.017100,426.024300,12.199416,0.007984066,0.5322648,6.4933480,2770.807000,2770.796000,0,0,1,1,0,0,0,1
4261,426.116900,426.124000,12.200590,0.007975004,0.5320740,6.4910900,2771.454000,2771.444000,0,0,1,1,0,0,0,1
4262,426.217000,426.224200,12.199612,0.007989064,0.5326082,6.4973760,2772.106000,2772.095000,0,0,1,1,0,0,0,1
4263,426.316800,426.323900,12.200004,0.007983128,0.5322076,6.4927980,2772.753000,2772.743000,0,0,1,1,0,0,0,1
4264,426.417200,426.424400,12.200390,0.007980940,0.5320360,6.4910280,2773.407000,2773.396000,0,0,1,1,0,0,0,1
4265,426.517200,426.524300,12.201172,0.007979690,0.5319788,6.4906620,2774.053000,2774.042000,0,0,1,1,0,0,0,1
4266,426.616900,426.624000,12.200004,0.007980940,0.5320550,6.4910280,2774.702000,2774.691000,0,0,1,1,0,0,0,1
4267,426.717000,426.724200,12.200590,0.007983440,0.5320550,6.4906020,2775.352000,2775.341000,0,0,1,1,0,0,0,1
4268,426.817100,426.824200,12.199612,0.007980628,0.5320360,6.4906020,2776.001000,2775.991000,0,0,1,1,0,0,0,1
4269,426.916800,426.924000,12.200390,0.007981568,0.5320932,6.4917000,2776.649000,2776.638000,0,0,1,1,0,0,0,1
4270,427.016900,427.024000,12.200004,0.007977502,0.5318260,6.4881600,2777.299000,2777.288000,0,0,1,1,0,0,0,1
4271,427.117100,427.124200,12.199416,0.007971876,0.5314446,6.4832180,2777.950000,2777.939000,0,0,1,1,0,0,0,1
4272,427.216700,427.223900,12.198830,0.007981252,0.5320740,6.4905420,2778.597000,2778.586000,0,0,1,1,0,0,0,1
4273,427.317100,427.324200,12.200004,0.007982816,0.5319978,6.4904800,2779.247000,2779.237000,0,0,1,1,0,0,0,1
4274,427.416800,427.424000,12.200390,0.007987188,0.5324556,6.4962160,2779.894000,2779.883000,0,0,1,1,0,0,0,1
4275,427.517000,427.524100,12.199612,0.007983752,0.5322458,6.4931640,2780.545000,2780.535000,0,0,1,1,0,0,0,1
4276,427.617400,427.624400,12.199220,0.007983128,0.5322076,6.4923740,2781.200000,2781.189000,0,0,1,1,0,0,0,1
4277,427.716800,427.723900,12.199416,0.007994376,0.5329514,6.5016480,2781.842000,2781.831000,0,0,1,1,0,0,0,1
4278,427.817000,427.824200,12.199024,0.007981876,0.5321122,6.4912120,2782.496000,2782.486000,0,0,1,1,0,0,0,1
4279,427.916800,427.929000,12.200980,0.007983752,0.5322458,6.4931040,2783.177000,2783.166000,0,0,1,1,0,0,0,1
4280,428.017200,428.024400,12.200196,0.007974376,0.5315972,6.4853540,2783.794000,2783.784000,0,0,1,1,0,0,0,1
4281,428.116900,428.124000,12.199612,0.007985940,0.5323792,6.4948140,2784.442000,2784.431000,0,0,1,1,0,0,0,1
4282,428.217100,428.224300,12.199808,0.007981252,0.5320740,6.4912120,2785.092000,2785.081000,0,0,1,1,0,0,0,1
4283,428.316800,428.324000,12.199808,0.007979064,0.5319406,6.4895020,2785.743000,2785.732000,0,0,1,1,0,0,0,1
4284,428.417300,428.424400,12.200390,0.007976250,0.5317308,6.4873660,2786.393000,2786.382000,0,0,1,1,0,0,0,1
4285,428.516800,428.524000,12.200004,0.007985000,0.5322076,6.4924940,2787.039000,2787.029000,0,0,1,1,0,0,0,1
4286,428.617000,428.624200,12.200980,0.007983752,0.5322458,6.4928600,2787.692000,2787.681000,0,0,1,1,0,0,0,1
4287,428.717100,428.724300,12.199024,0.007991876,0.5327798,6.4993300,2788.341000,2788.330000,0,0,1,1,0,0,0,1
4288,428.817300,428.824400,12.199808,0.007988128,0.5325128,6.4965820,2788.993000,2788.982000,0,0,1,1,0,0,0,1
4289,428.916800,428.924000,12.200590,0.007975940,0.5317308,6.4873060,2789.639000,2789.628000,0,0,1,1,0,0,0,1
4290,429.016900,429.024100,12.200196,0.007974690,0.5316354,6.4860840,2790.287000,2790.277000,0,0,1,1,0,0,0,1
4291,429.116900,429.124000,12.199024,0.007977502,0.5322458,6.4933480,2790.938000,2790.927000,0,0,1,1,0,0,0,1
4292,429.217400,429.224500,12.200004,0.007982816,0.5321694,6.4923100,2791.591000,2791.580000,0,0,1,1,0,0,0,1
4293,429.316800,429.324000,12.200196,0.007987188,0.5324556,6.4960360,2792.235000,2792.224000,0,0,1,1,0,0,0,1
4294,429.416800,429.424000,12.199612,0.007981876,0.5321122,6.4915160,2792.886000,2792.875000,0,0,1,1,0,0,0,1
4295,429.517200,429.524400,12.200390,0.007970938,0.5313874,6.4830940,2793.539000,2793.529000,0,0,1,1,0,0,0,1
4296,429.616800,429.624000,12.199220,0.007989380,0.5326272,6.4975620,2794.184000,2794.173000,0,0,1,1,0,0,0,1
4297,429.716800,429.724000,12.199612,0.007981876,0.5323030,6.4940200,2794.833000,2794.823000,0,0,1,1,0,0,0,1
4298,429.817000,429.824000,12.201172,0.007979064,0.5319214,6.4893800,2795.485000,2795.474000,0,0,1,1,0,0,0,1
4299,429.917000,429.924200,12.200390,0.007984066,0.5322458,6.4936540,2796.134000,2796.123000,0,0,1,1,0,0,0,1
4300,430.016900,430.024000,12.199808,0.007978128,0.5318642,6.4886480,2796.782000,2796.771000,0,0,1,1,0,0,0,1
4301,430.117400,430.124400,12.200980,0.007980316,0.5320168,6.4909680,2797.436000,2797.425000,0,0,1,1,0,0,0,1
4302,430.216800,430.223900,12.200980,0.007984688,0.5323030,6.4946300,2798.079000,2798.069000,0,0,1,1,0,0,0,1
4303,430.317100,430.324200,12.199220,0.007978440,0.5323220,6.4940200,2798.730000,2798.719000,0,0,1,1,0,0,0,1
4304,430.416800,430.424000,12.200196,0.007983128,0.5322076,6.4924940,2799.380000,2799.369200,0,0,1,1,0,0,0,1
4305,430.517200,430.524400,12.200196,0.007975940,0.5317308,6.4871220,2800.031000,2800.020000,0,0,1,1,0,0,0,1
4306,430.616800,430.624000,12.198636,0.007980940,0.5320550,6.4903580,2800.678000,2800.667000,0,0,1,1,0,0,0,1
4307,430.716800,430.729200,12.199808,0.007980316,0.5320168,6.4906020,2801.362000,2801.351000,0,0,1,1,0,0,0,1
4308,430.816800,430.824000,12.200004,0.007981568,0.5320932,6.4915160,2801.976000,2801.965000,0,0,1,1,0,0,0,1
4309,430.917000,430.924200,12.200004,0.007989380,0.5330850,6.5032360,2802.630000,2802.619200,0,0,1,1,0,0,0,1
4310,431.017100,431.024200,12.200196,0.007982816,0.5321884,6.4924320,2803.278000,2803.267000,0,0,1,1,0,0,0,1
4311,431.116900,431.124000,12.199416,0.007980000,0.5319978,6.4899900,2803.927000,2803.916000,0,0,1,1,0,0,0,1
4312,431.216800,431.223900,12.199808,0.007980628,0.5320360,6.4907840,2804.575000,2804.564000,0,0,1,1,0,0,0,1
4313,431.317100,431.324300,12.199808,0.007984376,0.5322838,6.4936540,2805.225000,2805.214000,0,0,1,1,0,0,0,1
4314,431.416800,431.424000,12.200004,0.007984688,0.5323030,6.4941420,2805.875000,2805.865000,0,0,1,1,0,0,0,1
4315,431.517100,431.524200,12.199416,0.007974376,0.5321122,6.4915780,2806.527000,2806.516000,0,0,1,1,0,0,0,1
4316,431.616800,431.624000,12.199808,0.007983128,0.5322076,6.4925540,2807.173000,2807.162000,0,0,1,1,0,0,0,1
4317,431.717100,431.724300,12.201368,0.007980316,0.5320168,6.4912720,2807.824000,2807.813000,0,0,1,1,0,0,0,1
4318,431.816800,431.823900,12.200004,0.007985000,0.5323220,6.4943860,2808.471000,2808.460000,0,0,1,1,0,0,0,1
4319,431.916800,431.924000,12.200196,0.007985940,0.5323792,6.4952400,2809.121000,2809.111000,0,0,1,1,0,0,0,1
4320,432.016800,432.024100,12.199808,0.007977502,0.5318260,6.4882200,2809.772000,2809.761000,0,0,1,1,0,0,0,1
4321,432.117200,432.124300,12.199220,0.007987812,0.5322648,6.4932880,2810.423000,2810.412000,0,0,1,1,0,0,0,1
4322,432.216800,432.223900,12.199416,0.007985628,0.5323792,6.4948740,2811.071000,2811.060000,0,0,1,1,0,0,0,1
4323,432.317200,432.324400,12.200004,0.007979064,0.5319214,6.4895020,2811.720000,2811.709000,0,0,1,1,0,0,0,1
4324,432.416900,432.424000,12.200004,0.007989064,0.5325890,6.4976200,2812.368000,2812.357000,0,0,1,1,0,0,0,1
4325,432.517000,432.524100,12.200004,0.007981876,0.5321122,6.4916380,2813.018000,2813.007000,0,0,1,1,0,0,0,1
4326,432.616900,432.624000,12.200004,0.007982190,0.5321312,6.4919440,2813.668000,2813.658000,0,0,1,1,0,0,0,1
4327,432.717000,432.724000,12.199220,0.007966876,0.5315210,6.4838880,2814.320000,2814.309000,0,0,1,1,0,0,0,1
4328,432.816800,432.823900,12.199808,0.007979690,0.5319596,6.4894420,2814.966000,2814.955000,0,0,1,1,0,0,0,1
4329,432.917000,432.924200,12.200784,0.007982500,0.5321504,6.4926160,2815.617000,2815.606000,0,0,1,1,0,0,0,1
4330,433.017000,433.024200,12.199416,0.007979376,0.5319596,6.4895020,2816.268000,2816.257000,0,0,1,1,0,0,0,1
4331,433.116900,433.124000,12.200390,0.007980940,0.5320360,6.4910900,2816.914000,2816.904000,0,0,1,1,0,0,0,1
4332,433.216800,433.223900,12.200196,0.007980316,0.5320168,6.4906020,2817.565000,2817.554000,0,0,1,1,0,0,0,1
4333,433.317300,433.324500,12.200390,0.007980940,0.5323410,6.4949340,2818.216000,2818.205000,0,0,1,1,0,0,0,1
4334,433.416800,433.424000,12.199416,0.007995940,0.5330660,6.5031740,2818.864000,2818.853000,0,0,1,1,0,0,0,1
4335,433.516800,433.529000,12.199416,0.007979690,0.5319788,6.4873060,2819.547000,2819.536800,0,0,1,1,0,0,0,1
4336,433.617200,433.624400,12.199808,0.007977190,0.5318070,6.4877960,2820.164000,2820.154000,0,0,1,1,0,0,0,1
4337,433.716700,433.723900,12.199612,0.007983128,0.5321884,6.4924940,2820.811000,2820.800000,0,0,1,1,0,0,0,1
4338,433.817200,433.824300,12.200196,0.007984066,0.5322648,6.4912120,2821.461000,2821.451000,0,0,1,1,0,0,0,1
4339,433.916800,433.924000,12.199416,0.007982816,0.5317116,6.4862700,2822.110000,2822.099000,0,0,1,1,0,0,0,1
4340,434.016900,434.024100,12.199220,0.007980940,0.5320550,6.4909680,2822.759000,2822.748000,0,0,1,1,0,0,0,1
4341,434.117200,434.124600,12.200390,0.007982816,0.5321694,6.4927380,2823.414000,2823.404000,0,0,1,1,0,0,0,1
4342,434.216800,434.223900,12.199024,0.007980000,0.5319788,6.4896260,2824.058000,2824.047000,0,0,1,1,0,0,0,1
4343,434.317100,434.324300,12.200980,0.007968750,0.5312348,6.4814460,2824.711000,2824.701000,0,0,1,1,0,0,0,1
4344,434.416800,434.424000,12.199808,0.007984376,0.5322838,6.4937760,2825.358000,2825.347000,0,0,1,1,0,0,0,1
4345,434.517100,434.524300,12.200196,0.007985940,0.5321884,6.4926160,2826.009000,2825.998000,0,0,1,1,0,0,0,1
4346,434.616900,434.624100,12.199612,0.007982500,0.5321694,6.4924940,2826.657000,2826.646000,0,0,1,1,0,0,0,1
4347,434.717000,434.724000,12.199416,0.007980000,0.5319788,6.4898080,2827.306000,2827.295000,0,0,1,1,0,0,0,1
4348,434.816800,434.824000,12.200590,0.007982190,0.5321312,6.4923740,2827.957000,2827.947000,0,0,1,1,0,0,0,1
4349,434.916900,434.924100,12.200004,0.007993750,0.5329132,6.5014660,2828.605000,2828.594000,0,0,1,1,0,0,0,1
4350,435.017200,435.024400,12.200390,0.007987500,0.5324746,6.4926780,2829.259000,2829.248000,0,0,1,1,0,0,0,1
4351,435.116900,435.124000,12.200004,0.007984688,0.5319406,6.4896260,2829.903000,2829.892000,0,0,1,1,0,0,0,1
4352,435.217300,435.224400,12.200196,0.007976564,0.5317690,6.4873060,2830.556000,2830.545000,0,0,1,1,0,0,0,1
4353,435.316800,435.323900,12.199612,0.007991252,0.5327416,6.4992680,2831.204000,2831.194000,0,0,1,1,0,0,0,1
4354,435.417300,435.424500,12.199416,0.007982190,0.5321312,6.4917000,2831.855000,2831.844000,0,0,1,1,0,0,0,1
4355,435.516800,435.524000,12.199808,0.007985628,0.5323602,6.4946900,2832.501000,2832.491000,0,0,1,1,0,0,0,1
4356,435.617100,435.624300,12.200390,0.007985314,0.5323410,6.4972560,2833.156000,2833.145000,0,0,1,1,0,0,0,1
4357,435.716800,435.723900,12.199808,0.007979064,0.5323602,6.4949340,2833.804000,2833.793000,0,0,1,1,0,0,0,1
4358,435.817300,435.824500,12.200390,0.007984376,0.5322838,6.4934700,2834.453200,2834.443000,0,0,1,1,0,0,0,1
4359,435.916800,435.924000,12.200004,0.007971250,0.5314064,6.4831550,2835.102000,2835.091000,0,0,1,1,0,0,0,1
4360,436.018700,436.026000,12.198830,0.007985940,0.5323792,6.4942640,2835.762000,2835.751000,0,0,1,1,0,0,0,1
4361,436.117100,436.124300,12.199612,0.007978752,0.5319024,6.4889540,2836.403000,2836.392000,0,0,1,1,0,0,0,1
4362,436.216800,436.224000,12.201368,0.007988440,0.5325510,6.4923100,2837.050000,2837.039000,0,0,1,1,0,0,0,1
4363,436.316800,436.324200,12.200390,0.007980000,0.5316354,6.4855960,2837.700000,2837.689000,0,0,1,1,0,0,0,1
4364,436.417000,436.424100,12.200390,0.007985628,0.5323602,6.4947520,2838.350000,2838.339000,0,0,1,1,0,0,0,1
4365,436.517200,436.524400,12.199808,0.007973436,0.5315400,6.4848030,2839.002000,2838.992000,0,0,1,1,0,0,0,1
4366,436.616800,436.624000,12.199220,0.007981876,0.5321122,6.4913940,2839.649000,2839.638000,0,0,1,1,0,0,0,1
4367,436.717000,436.724200,12.199416,0.007981876,0.5321122,6.4915160,2840.299000,2840.288000,0,0,1,1,0,0,0,1
4368,436.816800,436.823900,12.199808,0.007987812,0.5325128,6.4964000,2840.946000,2840.935000,0,0,1,1,0,0,0,1
4369,436.917200,436.924400,12.200590,0.007985628,0.5319978,6.4902370,2841.598000,2841.587000,0,0,1,1,0,0,0,1
4370,437.016800,437.024000,12.199416,0.007985000,0.5323220,6.4940200,2842.244800,2842.234000,0,0,1,1,0,0,0,1
4371,437.116900,437.124000,12.199416,0.007979690,0.5319788,6.4896860,2842.895000,2842.884000,0,0,1,1,0,0,0,1
4372,437.217000,437.224200,12.199612,0.007976876,0.5317880,6.4874900,2843.544000,2843.534000,0,0,1,1,0,0,0,1
4373,437.317100,437.324300,12.199808,0.007979690,0.5319788,6.4899900,2844.196000,2844.185000,0,0,1,1,0,0,0,1
4374,437.416800,437.424000,12.200004,0.007993440,0.5328942,6.4920060,2844.843000,2844.832000,0,0,1,1,0,0,0,1
4375,437.517000,437.524200,12.200390,0.007979064,0.5330660,6.5029300,2845.494000,2845.483000,0,0,1,1,0,0,0,1
4376,437.617100,437.624200,12.200004,0.007984688,0.5323030,6.4945680,2846.144000,2846.133000,0,0,1,1,0,0,0,1
4377,437.721600,437.728800,12.200004,0.007978752,0.5319024,6.4888320,2846.825000,2846.814000,0,0,1,1,0,0,0,1
4378,437.817200,437.824300,12.199612,0.007983128,0.5321884,6.4925540,2847.442000,2847.431000,0,0,1,1,0,0,0,1
4379,437.916800,437.923900,12.200390,0.007985940,0.5323984,6.4953620,2848.089000,2848.078400,0,0,1,1,0,0,0,1
4380,438.017000,438.024100,12.199612,0.007980628,0.5320168,6.4914580,2848.739000,2848.728000,0,0,1,1,0,0,0,1
4381,438.117200,438.124400,12.200590,0.007986564,0.5322648,6.4936540,2849.394000,2849.383000,0,0,1,1,0,0,0,1
