seq,t_start_s,t_end_s,bus_voltage_V,shunt_voltage_V,current_A,power_W,energy_J,energy_since_start_J,math_overflow,energy_overflow,memory_ok,conversion_ready,math_overflow_latched,energy_overflow_latched,memory_error_latched,accumulation_valid
0,0.017166,0.024612,12.202736,0.007978752,0.5319024,6.4906620,0.163086,0.152344,0,0,1,1,0,0,0,1
1,0.117233,0.124496,12.204690,0.007974064,0.5315972,6.4880380,0.813477,0.802734,0,0,1,1,0,0,0,1
2,0.216843,0.223953,12.204884,0.007977816,0.5318452,6.4910280,1.456055,1.445312,0,0,1,1,0,0,0,1
3,0.317215,0.324356,12.203712,0.007966876,0.5311204,6.4815680,2.110352,2.099610,0,0,1,1,0,0,0,1
4,0.416702,0.423843,12.203910,0.007971876,0.5314446,6.4871220,2.752930,2.742188,0,0,1,1,0,0,0,1
5,0.516952,0.524094,12.203910,0.007975940,0.5310632,6.4802860,3.406251,3.395509,0,0,1,1,0,0,0,1
6,0.616989,0.624130,12.203910,0.007981252,0.5320740,6.4932880,4.052736,4.041992,0,0,1,1,0,0,0,1
7,0.716964,0.724167,12.203520,0.007973436,0.5315590,6.4868180,4.703126,4.692384,0,0,1,1,0,0,0,1
8,0.817032,0.824142,12.204104,0.007973750,0.5315782,6.4873060,5.352542,5.341800,0,0,1,1,0,0,0,1
9,0.916733,0.923874,12.203128,0.007969064,0.5312540,6.4829720,5.999024,5.988282,0,0,1,1,0,0,0,1
10,1.017136,1.024307,12.203128,0.007972816,0.5311394,6.4820560,6.649414,6.638672,0,0,1,1,0,0,0,1
11,1.116684,1.123856,12.203712,0.007970004,0.5313302,6.4846200,7.295902,7.285158,0,0,1,1,0,0,0,1
12,1.221786,1.229050,12.204296,0.007968750,0.5312348,6.4833380,7.978516,7.967774,0,0,1,1,0,0,0,1
13,1.317214,1.324356,12.203520,0.007957812,0.5305100,6.4740620,8.595704,8.584964,0,0,1,1,0,0,0,1
14,1.416732,1.423874,12.203910,0.007973130,0.5315210,6.4866340,9.242190,9.231446,0,0,1,1,0,0,0,1
15,1.516738,1.523818,12.203910,0.007965940,0.5310632,6.4808960,9.892580,9.881836,0,0,1,1,0,0,0,1
16,1.616684,1.623825,12.204496,0.007962500,0.5308344,6.4822400,10.538088,10.527344,0,0,1,1,0,0,0,1
17,1.717056,1.724166,12.203712,0.007967816,0.5313112,6.4839480,11.192384,11.181642,0,0,1,1,0,0,0,1
18,1.816666,1.823806,12.204496,0.007966876,0.5311204,6.4811400,11.838870,11.828128,0,0,1,1,0,0,0,1
19,1.917129,1.924332,12.204104,0.007985628,0.5323792,6.4970710,12.489260,12.478516,0,0,1,1,0,0,0,1
20,2.016738,2.023849,12.204296,0.007975004,0.5316544,6.4884060,13.135744,13.125000,0,0,1,1,0,0,0,1
21,2.124404,2.131820,12.204496,0.007972504,0.5314828,6.4864500,13.835944,13.825200,0,0,1,1,0,0,0,1
22,2.216964,2.224166,12.203520,0.007970316,0.5313492,6.4842540,14.435552,14.424810,0,0,1,1,0,0,0,1
23,2.316665,2.323806,12.204884,0.007975940,0.5317498,6.4894420,15.082032,15.071290,0,0,1,1,0,0,0,1
24,2.417037,2.424178,12.203910,0.007970004,0.5313112,6.4841920,15.736330,15.725588,0,0,1,1,0,0,0,1
25,2.516677,2.523818,12.202544,0.007975316,0.5316736,6.4876720,16.381840,16.371100,0,0,1,1,0,0,0,1
26,2.616897,2.624008,12.203910,0.007969376,0.5312920,6.4837660,17.032230,17.021490,0,0,1,1,0,0,0,1
27,2.716750,2.724014,12.203520,0.007965624,0.5310440,6.4805920,17.678710,17.667970,0,0,1,1,0,0,0,1
28,2.817123,2.824294,12.203320,0.007966250,0.5314256,6.4848640,18.329108,18.318360,0,0,1,1,0,0,0,1
29,2.916671,2.923843,12.204104,0.007977816,0.5314446,6.4857180,18.975590,18.964850,0,0,1,1,0,0,0,1
30,3.017257,3.024368,12.203320,0.007968750,0.5312540,6.4829720,19.628910,19.618170,0,0,1,1,0,0,0,1
31,3.116683,3.123794,12.203910,0.007975316,0.5316736,6.4884660,20.275390,20.264650,0,0,1,1,0,0,0,1
32,3.217025,3.224166,12.203910,0.007969376,0.5312730,6.4835820,20.925784,20.915040,0,0,1,1,0,0,0,1
33,3.317275,3.324386,12.204296,0.007973130,0.5315400,6.4869400,21.576180,21.565440,0,0,1,1,0,0,0,1
34,3.417220,3.424362,12.204296,0.007962190,0.5317308,6.4887120,22.226568,22.215820,0,0,1,1,0,0,0,1
35,3.516647,3.523757,12.202930,0.007970004,0.5315972,6.4871860,22.869140,22.858400,0,0,1,1,0,0,0,1
36,3.616866,3.624008,12.204104,0.007970630,0.5313684,6.4848640,23.519540,23.508800,0,0,1,1,0,0,0,1
37,3.716873,3.724075,12.204296,0.007972504,0.5314828,6.4864500,24.169924,24.159180,0,0,1,1,0,0,0,1
38,3.816665,3.823806,12.203128,0.007972504,0.5315018,6.4858400,24.816410,24.805670,0,0,1,1,0,0,0,1
39,3.917129,3.924301,12.203910,0.007975940,0.5317308,6.4891980,25.470708,25.459960,0,0,1,1,0,0,0,1
40,4.016676,4.023818,12.203520,0.007973130,0.5315210,6.4904180,26.117200,26.106452,0,0,1,1,0,0,0,1
41,4.116714,4.123854,12.202930,0.007966250,0.5317690,6.4895640,26.763676,26.752930,0,0,1,1,0,0,0,1
42,4.216720,4.223982,12.204690,0.007973750,0.5315782,6.4876100,27.413090,27.402350,0,0,1,1,0,0,0,1
43,4.317092,4.324232,12.203320,0.007977816,0.5318260,6.4901130,28.063480,28.052740,0,0,1,1,0,0,0,1
44,4.416702,4.423842,12.203712,0.007963752,0.5309106,6.4790660,28.709970,28.699230,0,0,1,1,0,0,0,1
45,4.517196,4.524336,12.204104,0.007975004,0.5316544,6.4882820,29.364270,29.353524,0,0,1,1,0,0,0,1
46,4.616682,4.623762,12.203520,0.007977502,0.5318070,6.4865120,30.010750,30.000010,0,0,1,1,0,0,0,1
47,4.716688,4.723800,12.203520,0.007975316,0.5313492,6.4843140,30.657230,30.646490,0,0,1,1,0,0,0,1
48,4.816908,4.824110,12.203910,0.007980000,0.5319788,6.4922500,31.311530,31.300784,0,0,1,1,0,0,0,1
49,4.916824,4.923964,12.203128,0.007970004,0.5313302,6.4837660,31.957040,31.946300,0,0,1,1,0,0,0,1
50,5.017164,5.024276,12.204296,0.007968124,0.5311968,6.4829120,32.607420,32.596680,0,0,1,1,0,0,0,1
51,5.116744,5.123946,12.203520,0.007973436,0.5315590,6.4868800,33.253910,33.243170,0,0,1,1,0,0,0,1
52,5.216994,5.224136,12.203910,0.007965004,0.5314064,6.4851080,33.904300,33.893560,0,0,1,1,0,0,0,1
53,5.317184,5.324354,12.203520,0.007973750,0.5315782,6.4870620,34.554700,34.543950,0,0,1,1,0,0,0,1
54,5.416670,5.423872,12.203520,0.007968750,0.5312348,6.4826080,35.201180,35.190440,0,0,1,1,0,0,0,1
55,5.516708,5.523848,12.203128,0.007975004,0.5316544,6.4877960,35.851570,35.840820,0,0,1,1,0,0,0,1
56,5.617172,5.624312,12.203910,0.007978128,0.5318834,6.4909680,36.500980,36.490240,0,0,1,1,0,0,0,1
57,5.716933,5.724136,12.202930,0.007965312,0.5310250,6.4800420,37.151380,37.140630,0,0,1,1,0,0,0,1
58,5.817214,5.824324,12.204104,0.007972504,0.5316544,6.4887120,37.801760,37.791020,0,0,1,1,0,0,0,1
59,5.916732,5.923872,12.203520,0.007965624,0.5318642,6.4907240,38.448250,38.437500,0,0,1,1,0,0,0,1
60,6.016920,6.024032,12.204496,0.007977816,0.5318452,6.4909060,39.097660,39.086920,0,0,1,1,0,0,0,1
61,6.117140,6.124282,12.203910,0.007978440,0.5318834,6.4909680,39.748060,39.737310,0,0,1,1,0,0,0,1
62,6.216720,6.223982,12.205080,0.007970938,0.5313874,6.4855960,40.394540,40.383800,0,0,1,1,0,0,0,1
63,6.316970,6.324172,12.202150,0.007972816,0.5315210,6.4857180,41.044920,41.034180,0,0,1,1,0,0,0,1
64,6.417158,6.424330,12.203128,0.007969376,0.5314446,6.4855360,41.695320,41.684580,0,0,1,1,0,0,0,1
65,6.516708,6.523878,12.204104,0.007967816,0.5312348,6.4829720,42.341820,42.331080,0,0,1,1,0,0,0,1
66,6.617080,6.624220,12.204296,0.007980316,0.5320168,6.4928600,42.991230,42.980490,0,0,1,1,0,0,0,1
67,6.717208,6.724318,12.203128,0.007977816,0.5318452,6.4899900,43.641600,43.630860,0,0,1,1,0,0,0,1
68,6.816695,6.823866,12.204104,0.007972504,0.5314828,6.4862060,44.288090,44.277350,0,0,1,1,0,0,0,1
69,6.916702,6.923842,12.203910,0.007969376,0.5312920,6.4837660,44.934590,44.923850,0,0,1,1,0,0,0,1
70,7.016860,7.024000,12.204104,0.007975628,0.5310822,6.4810180,45.584960,45.574220,0,0,1,1,0,0,0,1
71,7.116682,7.123946,12.204104,0.007974690,0.5317498,6.4893800,46.235360,46.224620,0,0,1,1,0,0,0,1
72,7.217178,7.224380,12.204296,0.007973130,0.5315400,6.4869400,46.885750,46.875000,0,0,1,1,0,0,0,1
73,7.316848,7.323988,12.203520,0.007967504,0.5311586,6.4820560,47.531260,47.520520,0,0,1,1,0,0,0,1
74,7.417158,7.424270,12.203320,0.007973436,0.5315400,6.4865740,48.181660,48.170920,0,0,1,1,0,0,0,1
75,7.516982,7.524092,12.204496,0.007980940,0.5320550,6.4933480,48.832040,48.821300,0,0,1,1,0,0,0,1
76,7.617018,7.624160,12.203520,0.007971250,0.5307580,6.4773560,49.482420,49.471680,0,0,1,1,0,0,0,1
77,7.716842,7.723952,12.203910,0.007980940,0.5314256,6.4854140,50.128910,50.118170,0,0,1,1,0,0,0,1
78,7.816878,7.824020,12.202930,0.007974064,0.5315972,6.4870620,50.779320,50.768580,0,0,1,1,0,0,0,1
79,7.917098,7.924238,12.203910,0.007975004,0.5316544,6.4882200,51.428730,51.417990,0,0,1,1,0,0,0,1
80,8.016736,8.023910,12.204296,0.007968124,0.5312158,6.4830320,52.075200,52.064460,0,0,1,1,0,0,0,1
81,8.117046,8.124220,12.203910,0.007974376,0.5315972,6.4876100,52.725590,52.714850,0,0,1,1,0,0,0,1
82,8.216720,8.223890,12.204104,0.007974376,0.5316164,6.4825440,53.372090,53.361350,0,0,1,1,0,0,0,1
83,8.317000,8.324230,12.203910,0.007969690,0.5312920,6.4838880,54.021500,54.010760,0,0,1,1,0,0,0,1
84,8.416912,8.424116,12.202736,0.007973750,0.5315590,6.4864500,54.671880,54.661140,0,0,1,1,0,0,0,1
85,8.517226,8.524456,12.200196,0.007978440,0.5318834,6.4890760,55.322270,55.311530,0,0,1,1,0,0,0,1
86,8.616744,8.623882,12.200590,0.007975004,0.5316736,6.4865740,55.967780,55.957040,0,0,1,1,0,0,0,1
87,8.716994,8.724134,12.200590,0.007976250,0.5317498,6.4876100,56.618180,56.607440,0,0,1,1,0,0,0,1
88,8.817120,8.824294,12.200390,0.007978440,0.5313492,6.4824840,57.267600,57.256860,0,0,1,1,0,0,0,1
89,8.916912,8.924086,12.200004,0.007971876,0.5314636,6.4838880,57.914070,57.903320,0,0,1,1,0,0,0,1
90,9.016676,9.023786,12.200004,0.007965624,0.5310440,6.4787000,58.559580,58.548840,0,0,1,1,0,0,0,1
91,9.116714,9.123946,12.201172,0.007969064,0.5312540,6.4819340,59.209960,59.199220,0,0,1,1,0,0,0,1
92,9.217116,9.224316,12.201368,0.007976564,0.5317498,6.4880380,59.863280,59.852540,0,0,1,1,0,0,0,1
93,9.316692,9.323836,12.200390,0.007963440,0.5308916,6.4770520,60.505880,60.495140,0,0,1,1,0,0,0,1
94,9.416730,9.423840,12.200590,0.007966876,0.5311204,6.4846800,61.155300,61.144550,0,0,1,1,0,0,0,1
95,9.516736,9.523876,12.200980,0.007970630,0.5312920,6.4820560,61.805670,61.794920,0,0,1,1,0,0,0,1
96,9.616680,9.623854,12.200196,0.007971564,0.5314256,6.4834600,62.452160,62.441410,0,0,1,1,0,0,0,1
97,9.716994,9.724074,12.200390,0.007970004,0.5313302,6.4824220,63.105480,63.094730,0,0,1,1,0,0,0,1
98,9.816662,9.823806,12.200196,0.007973436,0.5315590,6.4849860,63.751980,63.741230,0,0,1,1,0,0,0,1
99,9.916854,9.924116,12.200980,0.007968750,0.5312348,6.4815680,64.402340,64.391600,0,0,1,1,0,0,0,1
100,10.017010,10.024120,12.200590,0.007975316,0.5313112,6.4824220,65.051760,65.041040,0,0,1,1,0,0,0,1
101,10.116712,10.124770,12.199612,0.007968440,0.5308916,6.4771740,65.701180,65.690440,0,0,1,1,0,0,0,1
102,10.217052,10.224224,12.200980,0.007963440,0.5308916,6.4772960,66.347660,66.336940,0,0,1,1,0,0,0,1
103,10.324200,10.331648,12.200004,0.007970630,0.5313684,6.4827280,67.044940,67.034200,0,0,1,1,0,0,0,1
104,10.416760,10.423932,12.200590,0.007979376,0.5319596,6.4900520,67.643560,67.632820,0,0,1,1,0,0,0,1
105,10.517256,10.524364,12.200390,0.007966876,0.5311204,6.4799200,68.293960,68.283200,0,0,1,1,0,0,0,1
106,10.616680,10.623760,12.200784,0.007977190,0.5318070,6.4795560,68.940440,68.929700,0,0,1,1,0,0,0,1
107,10.716688,10.723860,12.201760,0.007976876,0.5316544,6.4868800,69.589840,69.579100,0,0,1,1,0,0,0,1
108,10.816876,10.824050,12.200784,0.007973130,0.5315210,6.4849250,70.240240,70.229500,0,0,1,1,0,0,0,1
109,10.917068,10.924236,12.200980,0.007974690,0.5316354,6.4863900,70.889660,70.878920,0,0,1,1,0,0,0,1
110,11.016676,11.023848,12.200784,0.007985000,0.5323220,6.4946900,71.536140,71.525400,0,0,1,1,0,0,0,1
111,11.116712,11.123944,12.200390,0.007966250,0.5310822,6.4794320,72.185560,72.174820,0,0,1,1,0,0,0,1
112,11.216720,11.223920,12.201568,0.007976876,0.5314446,6.4842540,72.832040,72.821300,0,0,1,1,0,0,0,1
113,11.317090,11.324230,12.199808,0.007964376,0.5309488,6.4779060,73.485360,73.474620,0,0,1,1,0,0,0,1
114,11.416700,11.423780,12.201368,0.007972504,0.5314828,6.4848030,74.127940,74.117200,0,0,1,1,0,0,0,1
115,11.516796,11.523970,12.201368,0.007964376,0.5309488,6.4782120,74.778340,74.767600,0,0,1,1,0,0,0,1
116,11.616712,11.623824,12.200784,0.007968124,0.5311968,6.4810180,75.427740,75.417000,0,0,1,1,0,0,0,1
117,11.717208,11.724348,12.201172,0.007971564,0.5314256,6.4839480,76.078140,76.067400,0,0,1,1,0,0,0,1
118,11.816756,11.823864,12.200784,0.007976564,0.5318260,6.4883430,76.724620,76.713880,0,0,1,1,0,0,0,1
119,11.916730,11.923840,12.200390,0.007973130,0.5316736,6.4868180,77.374040,77.363300,0,0,1,1,0,0,0,1
120,12.016736,12.023848,12.199808,0.007980316,0.5319978,6.4902370,78.024440,78.013680,0,0,1,1,0,0,0,1
121,12.116680,12.123824,12.202150,0.007971564,0.5314446,6.4845580,78.670900,78.660160,0,0,1,1,0,0,0,1
122,12.217208,12.224410,12.200980,0.007970630,0.5313684,6.4831550,79.324240,79.313500,0,0,1,1,0,0,0,1
123,12.316692,12.323864,12.201172,0.007973130,0.5315400,6.4853540,79.970700,79.959960,0,0,1,1,0,0,0,1
124,12.417004,12.424236,12.200004,0.007973750,0.5317498,6.4876720,80.620140,80.609400,0,0,1,1,0,0,0,1
125,12.516706,12.523910,12.200196,0.007964064,0.5309296,6.4779060,81.266600,81.255860,0,0,1,1,0,0,0,1
126,12.616712,12.628890,12.200390,0.007963752,0.5309106,6.4772960,81.948240,81.937500,0,0,1,1,0,0,0,1
127,12.716750,12.723920,12.200980,0.007972816,0.5315018,6.4848640,82.562500,82.551760,0,0,1,1,0,0,0,1
128,12.816908,12.824050,12.200980,0.007977502,0.5318260,6.4887120,83.211940,83.201180,0,0,1,1,0,0,0,1
129,12.916730,12.923870,12.201172,0.007965312,0.5310060,6.4788220,83.862320,83.851560,0,0,1,1,0,0,0,1
130,13.017040,13.024184,12.200590,0.007969690,0.5316354,6.4866340,84.511740,84.501000,0,0,1,1,0,0,0,1
131,13.117170,13.124250,12.200590,0.007970630,0.5313684,6.4824840,85.161140,85.150400,0,0,1,1,0,0,0,1
132,13.216688,13.223860,12.200590,0.007976876,0.5317690,6.4879160,85.807640,85.796900,0,0,1,1,0,0,0,1
133,13.316970,13.324080,12.200784,0.007971564,0.5314256,6.4837040,86.458020,86.447280,0,0,1,1,0,0,0,1
134,13.416700,13.423870,12.200390,0.007961564,0.5307580,6.4754040,87.104500,87.093760,0,0,1,1,0,0,0,1
135,13.516706,13.523848,12.200004,0.007967504,0.5311586,6.4800420,87.753920,87.743180,0,0,1,1,0,0,0,1
136,13.616650,13.623792,12.200004,0.007969690,0.5315972,6.4857800,88.400400,88.389660,0,0,1,1,0,0,0,1
137,13.716900,13.723980,12.200980,0.007973436,0.5315590,6.4857800,89.050800,89.040040,0,0,1,1,0,0,0,1
138,13.816816,13.823956,12.200784,0.007963752,0.5308916,6.4774200,89.701180,89.690440,0,0,1,1,0,0,0,1
139,13.916670,13.923840,12.200196,0.007974376,0.5316164,6.4857180,90.347700,90.336960,0,0,1,1,0,0,0,1
140,14.017040,14.024212,12.200590,0.007973436,0.5315400,6.4851700,91.001000,90.990240,0,0,1,1,0,0,0,1
141,14.117110,14.124280,12.200590,0.007970938,0.5313874,6.4831550,91.650400,91.639660,0,0,1,1,0,0,0,1
142,14.216688,14.223800,12.201368,0.007970630,0.5314828,6.4840100,92.292980,92.282240,0,0,1,1,0,0,0,1
143,14.316816,14.323928,12.200196,0.007974376,0.5316164,6.4859020,92.943360,92.932640,0,0,1,1,0,0,0,1
144,14.417220,14.424480,12.200590,0.007965940,0.5310440,6.4790040,93.596700,93.585940,0,0,1,1,0,0,0,1
145,14.516706,14.523876,12.201172,0.007961564,0.5307580,6.4758940,94.243180,94.232440,0,0,1,1,0,0,0,1
146,14.616680,14.623824,12.200196,0.007976876,0.5317690,6.4877960,94.888700,94.877960,0,0,1,1,0,0,0,1
147,14.717024,14.724196,12.200980,0.007973130,0.5315400,6.4852300,95.539060,95.528340,0,0,1,1,0,0,0,1
148,14.817060,14.824200,12.200390,0.007967816,0.5321504,6.4926780,96.188500,96.177740,0,0,1,1,0,0,0,1
149,14.917156,14.924300,12.201172,0.007969064,0.5312540,6.4816920,96.838880,96.828140,0,0,1,1,0,0,0,1
150,15.016676,15.023786,12.200390,0.007970004,0.5313302,6.4824220,97.485360,97.474620,0,0,1,1,0,0,0,1
151,15.116680,15.123824,12.200390,0.007971876,0.5314446,6.4838880,98.134780,98.124040,0,0,1,1,0,0,0,1
152,15.216750,15.223920,12.200196,0.007970316,0.5313492,6.4826080,98.781260,98.770520,0,0,1,1,0,0,0,1
153,15.317244,15.324352,12.200590,0.007981568,0.5320932,6.4917000,99.435560,99.424820,0,0,1,1,0,0,0,1
154,15.416730,15.423932,12.201368,0.007956252,0.5311968,6.4807760,100.081080,100.070320,0,0,1,1,0,0,0,1
155,15.516736,15.523910,12.201568,0.007974690,0.5316354,6.4860840,100.727560,100.716800,0,0,1,1,0,0,0,1
156,15.616712,15.623916,12.200980,0.007966250,0.5310822,6.4796150,101.376960,101.366220,0,0,1,1,0,0,0,1
157,15.716720,15.723860,12.200390,0.007974376,0.5316164,6.4859020,102.027400,102.016640,0,0,1,1,0,0,0,1
158,15.817244,15.824384,12.200980,0.007976564,0.5317690,6.4881000,102.676800,102.666060,0,0,1,1,0,0,0,1
159,15.916670,15.923810,12.200390,0.007962812,0.5308344,6.4763800,103.323240,103.312500,0,0,1,1,0,0,0,1
160,16.017160,16.024300,12.200390,0.007970938,0.5311776,6.4807140,103.973640,103.962900,0,0,1,1,0,0,0,1
161,16.116740,16.123850,12.200784,0.007979376,0.5319596,6.4901130,104.619160,104.608400,0,0,1,1,0,0,0,1
162,16.216716,16.223920,12.200196,0.007969690,0.5313112,6.4820560,105.269560,105.258840,0,0,1,1,0,0,0,1
163,16.316750,16.323860,12.201172,0.007972190,0.5314828,6.4846200,105.919000,105.908240,0,0,1,1,0,0,0,1
164,16.417030,16.424480,12.201172,0.007964690,0.5309678,6.4782720,106.569360,106.558600,0,0,1,1,0,0,0,1
165,16.516768,16.524000,12.201172,0.007967504,0.5311586,6.4807760,107.214840,107.204100,0,0,1,1,0,0,0,1
166,16.616710,16.623880,12.200590,0.007975004,0.5313112,6.4826080,107.865240,107.854500,0,0,1,1,0,0,0,1
167,16.717232,16.724376,12.200784,0.007972504,0.5314828,6.4841920,108.514660,108.503920,0,0,1,1,0,0,0,1
168,16.817000,16.824200,12.200004,0.007969690,0.5313112,6.4818740,109.165040,109.154300,0,0,1,1,0,0,0,1
169,16.916700,16.923840,12.201172,0.007969064,0.5312540,6.4819980,109.811520,109.800800,0,0,1,1,0,0,0,1
170,17.016950,17.024090,12.200784,0.007975316,0.5316926,6.4870000,110.460960,110.450200,0,0,1,1,0,0,0,1
171,17.116710,17.123820,12.200784,0.007969376,0.5312920,6.4820560,111.107460,111.096720,0,0,1,1,0,0,0,1
172,17.216716,17.223890,12.201368,0.007966250,0.5318070,6.4879760,111.757820,111.747080,0,0,1,1,0,0,0,1
173,17.316660,17.323860,12.201568,0.007980940,0.5320550,6.4910900,112.403360,112.392620,0,0,1,1,0,0,0,1
174,17.416970,17.424110,12.200196,0.007972190,0.5314636,6.4840100,113.056640,113.045900,0,0,1,1,0,0,0,1
175,17.516700,17.523876,12.200784,0.007969376,0.5312730,6.4820560,113.703140,113.692400,0,0,1,1,0,0,0,1
176,17.617230,17.624400,12.200980,0.007969064,0.5312730,6.4818740,114.353520,114.342800,0,0,1,1,0,0,0,1
177,17.716684,17.723830,12.200980,0.007974376,0.5316164,6.4863280,115.000000,114.989280,0,0,1,1,0,0,0,1
178,17.817210,17.824350,12.201760,0.007954068,0.5311012,6.4797370,115.653360,115.642620,0,0,1,1,0,0,0,1
179,17.916700,17.923840,12.200784,0.007977190,0.5318070,6.4880380,116.295900,116.285160,0,0,1,1,0,0,0,1
180,18.016824,18.024060,12.200004,0.007975004,0.5316544,6.4860240,116.945320,116.934580,0,0,1,1,0,0,0,1
181,18.116710,18.123850,12.201172,0.007979376,0.5319596,6.4904180,117.595700,117.584960,0,0,1,1,0,0,0,1
182,18.216716,18.223920,12.200590,0.007974376,0.5315972,6.4858400,118.245120,118.234400,0,0,1,1,0,0,0,1
183,18.316750,18.323860,12.200980,0.007974376,0.5316164,6.4862700,118.891600,118.880880,0,0,1,1,0,0,0,1
184,18.417152,18.424300,12.201568,0.007972816,0.5318070,6.4883430,119.544960,119.534220,0,0,1,1,0,0,0,1
185,18.516732,18.524000,12.202344,0.007959380,0.5306054,6.4736940,120.191440,120.180700,0,0,1,1,0,0,0,1
186,18.616710,18.623880,12.200784,0.007973436,0.5315590,6.4853540,120.837900,120.827160,0,0,1,1,0,0,0,1
187,18.717204,18.724316,12.200004,0.007978128,0.5318642,6.4887120,121.491220,121.480480,0,0,1,1,0,0,0,1
188,18.817150,18.824260,12.200784,0.007969690,0.5313112,6.4823620,122.137740,122.127000,0,0,1,1,0,0,0,1
189,18.916700,18.923840,12.200004,0.007970630,0.5313684,6.4826660,122.784220,122.773480,0,0,1,1,0,0,0,1
190,19.017220,19.024392,12.200784,0.007965312,0.5312920,6.4819980,123.437500,123.426760,0,0,1,1,0,0,0,1
191,19.116740,19.123850,12.200980,0.007968750,0.5312540,6.4817520,124.084000,124.073240,0,0,1,1,0,0,0,1
192,19.216716,19.223860,12.201368,0.007975628,0.5316926,6.4873660,124.730500,124.719760,0,0,1,1,0,0,0,1
193,19.316720,19.323890,12.201172,0.007971564,0.5314256,6.4840700,125.379920,125.369180,0,0,1,1,0,0,0,1
194,19.416700,19.423840,12.200196,0.007968440,0.5312158,6.4808960,126.030300,126.019540,0,0,1,1,0,0,0,1
195,19.517040,19.524180,12.200590,0.007969690,0.5313112,6.4822400,126.679700,126.668960,0,0,1,1,0,0,0,1
196,19.617110,19.624310,12.201568,0.007971250,0.5314064,6.4836440,127.330120,127.319380,0,0,1,1,0,0,0,1
197,19.716684,19.723860,12.200590,0.007970630,0.5313684,6.4828500,127.976560,127.965840,0,0,1,1,0,0,0,1
198,19.817150,19.824290,12.200980,0.007970938,0.5313874,6.4834600,128.626000,128.615240,0,0,1,1,0,0,0,1
199,19.916730,19.923870,12.200390,0.007970630,0.5313684,6.4828500,129.272500,129.261760,0,0,1,1,0,0,0,1
200,20.016950,20.024090,12.200590,0.007971250,0.5314064,6.4835820,129.921900,129.911160,0,0,1,1,0,0,0,1
201,20.116740,20.123880,12.200980,0.007968750,0.5312348,6.4814460,130.568400,130.557640,0,0,1,1,0,0,0,1
202,20.217050,20.224190,12.201172,0.007971876,0.5315210,6.4849860,131.221700,131.210960,0,0,1,1,0,0,0,1
203,20.316690,20.323860,12.200980,0.007971250,0.5314064,6.4834600,131.868200,131.857440,0,0,1,1,0,0,0,1
204,20.416880,20.424050,12.200004,0.007977816,0.5318452,6.4885260,132.517600,132.506840,0,0,1,1,0,0,0,1
205,20.516700,20.524000,12.200590,0.007967816,0.5311776,6.4807140,133.164100,133.153320,0,0,1,1,0,0,0,1
206,20.617230,20.624400,12.200980,0.007974376,0.5316164,6.4862060,133.817400,133.806680,0,0,1,1,0,0,0,1
207,20.716750,20.723830,12.201568,0.007976564,0.5317690,6.4883430,134.460000,134.449240,0,0,1,1,0,0,0,1
208,20.816968,20.824080,12.200196,0.007972190,0.5309296,6.4776620,135.110400,135.099640,0,0,1,1,0,0,0,1
209,20.916730,20.923870,12.200590,0.007972816,0.5315018,6.4841920,135.760760,135.750000,0,0,1,1,0,0,0,1
210,21.017190,21.024392,12.200590,0.007976876,0.5317880,6.4881000,136.410200,136.399440,0,0,1,1,0,0,0,1
211,21.116710,21.123850,12.200196,0.007979376,0.5319406,6.4898080,137.056680,137.045900,0,0,1,1,0,0,0,1
212,21.216750,21.223890,12.201368,0.007977816,0.5318452,6.4891980,137.707080,137.696300,0,0,1,1,0,0,0,1
213,21.316690,21.323830,12.200590,0.007961252,0.5307390,6.4753420,138.353520,138.342800,0,0,1,1,0,0,0,1
214,21.417092,21.424232,12.200196,0.007970316,0.5315210,6.4842540,139.006840,138.996100,0,0,1,1,0,0,0,1
215,21.516700,21.523876,12.200590,0.007972190,0.5314636,6.4838880,139.653320,139.642600,0,0,1,1,0,0,0,1
216,21.616984,21.624124,12.200784,0.007961878,0.5307770,6.4757700,140.302760,140.292000,0,0,1,1,0,0,0,1
217,21.716684,21.723830,12.200980,0.007982500,0.5321504,6.4926780,140.949240,140.938500,0,0,1,1,0,0,0,1
218,21.817030,21.824170,12.200784,0.007973436,0.5315590,6.4854140,141.599640,141.588900,0,0,1,1,0,0,0,1
219,21.916730,21.923870,12.200980,0.007975316,0.5316736,6.4868180,142.246100,142.235400,0,0,1,1,0,0,0,1
220,22.017070,22.024150,12.200980,0.007976564,0.5315590,6.4857800,142.899440,142.888700,0,0,1,1,0,0,0,1
221,22.116680,22.123820,12.200590,0.007973436,0.5315400,6.4847440,143.545900,143.535200,0,0,1,1,0,0,0,1
222,22.216780,22.223950,12.200980,0.007971250,0.5314064,6.4836440,144.195320,144.184600,0,0,1,1,0,0,0,1
223,22.317030,22.324140,12.201368,0.007966564,0.5310822,6.4799820,144.844760,144.834000,0,0,1,1,0,0,0,1
224,22.416760,22.423990,12.200980,0.007974064,0.5315972,6.4859640,145.491240,145.480500,0,0,1,1,0,0,0,1
225,22.516700,22.523876,12.200196,0.007976564,0.5317498,6.4874900,146.137700,146.127000,0,0,1,1,0,0,0,1
226,22.617076,22.624340,12.200590,0.007963752,0.5315782,6.4856600,146.791040,146.780300,0,0,1,1,0,0,0,1
227,22.716750,22.723890,12.201368,0.007980000,0.5319788,6.4903580,147.437500,147.426800,0,0,1,1,0,0,0,1
228,22.817030,22.824140,12.200390,0.007974064,0.5315782,6.4855360,148.087900,148.077200,0,0,1,1,0,0,0,1
229,22.916760,22.923870,12.201368,0.007963126,0.5308534,6.4771740,148.733400,148.722700,0,0,1,1,0,0,0,1
230,23.016700,23.023848,12.201760,0.007969690,0.5313112,6.4829120,149.383800,149.373100,0,0,1,1,0,0,0,1
231,23.116800,23.123910,12.201760,0.007966876,0.5311012,6.4804080,150.033200,150.022500,0,0,1,1,0,0,0,1
232,23.217110,23.224348,12.201172,0.007982500,0.5315018,6.4841920,150.683600,150.672900,0,0,1,1,0,0,0,1
233,23.316720,23.323890,12.200004,0.007971250,0.5314064,6.4832780,151.330100,151.319360,0,0,1,1,0,0,0,1
234,23.416700,23.423870,12.200004,0.007976876,0.5317690,6.4876100,151.979500,151.968800,0,0,1,1,0,0,0,1
235,23.517010,23.524180,12.201568,0.007976876,0.5317880,6.4885260,152.629900,152.619160,0,0,1,1,0,0,0,1
236,23.616680,23.623850,12.200390,0.007973436,0.5315590,6.4850490,153.276400,153.265640,0,0,1,1,0,0,0,1
237,23.717020,23.724250,12.201368,0.007975940,0.5317308,6.4870620,153.925800,153.915080,0,0,1,1,0,0,0,1
238,23.816750,23.823860,12.200196,0.007972816,0.5320932,6.4916380,154.572300,154.561520,0,0,1,1,0,0,0,1
239,23.917220,23.924390,12.199808,0.007970004,0.5313112,6.4822400,155.226600,155.215840,0,0,1,1,0,0,0,1
240,24.016700,24.023876,12.201956,0.007974690,0.5316354,6.4870000,155.873100,155.862300,0,0,1,1,0,0,0,1
241,24.117048,24.124220,12.201760,0.007982190,0.5321312,6.4928600,156.523480,156.512700,0,0,1,1,0,0,0,1
242,24.216750,24.223890,12.200784,0.007988440,0.5325510,6.4973760,157.170900,157.160200,0,0,1,1,0,0,0,1
243,24.317030,24.324170,12.200196,0.007988128,0.5325318,6.4984760,157.821300,157.810600,0,0,1,1,0,0,0,1
244,24.416730,24.423840,12.200980,0.007982500,0.5324174,6.4953620,158.468800,158.458040,0,0,1,1,0,0,0,1
245,24.516950,24.524090,12.200590,0.007995004,0.5329896,6.5027500,159.120160,159.109400,0,0,1,1,0,0,0,1
246,24.616740,24.623880,12.200784,0.007985000,0.5323220,6.4948140,159.771500,159.760760,0,0,1,1,0,0,0,1
247,24.716960,24.724220,12.201172,0.007987812,0.5325128,6.4971940,160.421960,160.411200,0,0,1,1,0,0,0,1
248,24.816660,24.823800,12.200196,0.007976876,0.5317880,6.4878540,161.069360,161.058600,0,0,1,1,0,0,0,1
249,24.917000,24.924110,12.200980,0.007983752,0.5322458,6.4984760,161.720800,161.710040,0,0,1,1,0,0,0,1
250,25.016640,25.023816,12.200784,0.007990628,0.5320168,6.4907840,162.368200,162.357440,0,0,1,1,0,0,0,1
251,25.117140,25.124370,12.201172,0.007982500,0.5321504,6.4924320,163.022500,163.011760,0,0,1,1,0,0,0,1
252,25.216750,25.224560,12.200784,0.007988128,0.5325318,6.4973160,163.673900,163.663200,0,0,1,1,0,0,0,1
253,25.317000,25.324230,12.199808,0.007986252,0.5323984,6.4951780,164.321300,164.310600,0,0,1,1,0,0,0,1
254,25.416670,25.423810,12.200980,0.007987812,0.5325128,6.4970710,164.968800,164.958040,0,0,1,1,0,0,0,1
255,25.517220,25.524360,12.200004,0.007989690,0.5326462,6.4913340,165.624040,165.613300,0,0,1,1,0,0,0,1
256,25.616650,25.623850,12.200590,0.007977502,0.5324556,6.4960360,166.267600,166.256840,0,0,1,1,0,0,0,1
257,25.717170,25.724250,12.199808,0.007990628,0.5326844,6.4987190,166.922900,166.912160,0,0,1,1,0,0,0,1
258,25.816690,25.823860,12.200390,0.007980628,0.5320360,6.4910280,167.570400,167.559680,0,0,1,1,0,0,0,1
259,25.916970,25.924140,12.200784,0.007987500,0.5324936,6.4968260,168.221700,168.210960,0,0,1,1,0,0,0,1
260,26.017190,26.024330,12.201368,0.007987812,0.5325128,6.4973160,168.873100,168.862300,0,0,1,1,0,0,0,1
261,26.116710,26.123910,12.200390,0.007982500,0.5321504,6.4924320,169.520520,169.509800,0,0,1,1,0,0,0,1
262,26.216960,26.224130,12.200004,0.007988128,0.5325128,6.4968260,170.170900,170.160200,0,0,1,1,0,0,0,1
263,26.316720,26.323890,12.200590,0.007986564,0.5324364,6.4963400,170.818400,170.807640,0,0,1,1,0,0,0,1
264,26.416730,26.423900,12.199808,0.007990000,0.5326462,6.4982300,171.469760,171.459000,0,0,1,1,0,0,0,1
265,26.516732,26.528880,12.200980,0.007982190,0.5318452,6.4887700,172.149440,172.138700,0,0,1,1,0,0,0,1
266,26.617140,26.624280,12.200390,0.007990312,0.5326844,6.4987820,172.771500,172.760760,0,0,1,1,0,0,0,1
267,26.724190,26.731640,12.200196,0.007981568,0.5320932,6.4915780,173.469760,173.459000,0,0,1,1,0,0,0,1
268,26.816876,26.824080,12.200196,0.007985628,0.5326462,6.4984140,174.070320,174.059600,0,0,1,1,0,0,0,1
269,26.916760,26.923930,12.201568,0.007983752,0.5322458,6.4930420,174.717800,174.707080,0,0,1,1,0,0,0,1
270,27.016670,27.023780,12.200390,0.007979690,0.5319596,6.4901130,175.369160,175.358400,0,0,1,1,0,0,0,1
271,27.116830,27.123970,12.200196,0.007991252,0.5327416,6.4996340,176.020520,176.009800,0,0,1,1,0,0,0,1
272,27.216750,27.223920,12.200390,0.007989380,0.5326082,6.4980480,176.668000,176.657240,0,0,1,1,0,0,0,1
273,27.317210,27.324380,12.200196,0.007996250,0.5330660,6.4967040,177.322300,177.311520,0,0,1,1,0,0,0,1
274,27.416730,27.423930,12.200980,0.007983440,0.5320168,6.4902960,177.969760,177.959000,0,0,1,1,0,0,0,1
275,27.516768,27.523970,12.200784,0.007992812,0.5328560,6.5008560,178.617200,178.606480,0,0,1,1,0,0,0,1
276,27.616710,27.623850,12.201368,0.007985628,0.5323602,6.4954840,179.268600,179.257840,0,0,1,1,0,0,0,1
277,27.716716,27.723860,12.201368,0.007982190,0.5321312,6.4927380,179.919920,179.909200,0,0,1,1,0,0,0,1
278,27.817090,27.824290,12.201368,0.007986252,0.5324174,6.4960940,180.571300,180.560600,0,0,1,1,0,0,0,1
279,27.916730,27.923960,12.200390,0.007984376,0.5322838,6.4959120,181.218800,181.208040,0,0,1,1,0,0,0,1
280,28.016732,28.023876,12.201568,0.007979064,0.5326082,6.4981720,181.869160,181.858400,0,0,1,1,0,0,0,1
281,28.116710,28.123850,12.201368,0.007987188,0.5324556,6.4964600,182.516700,182.505920,0,0,1,1,0,0,0,1
282,28.217140,28.224284,12.200590,0.007986880,0.5324364,6.4960940,183.171900,183.161160,0,0,1,1,0,0,0,1
283,28.316750,28.323952,12.201368,0.007998750,0.5332376,6.5061660,183.819360,183.808600,0,0,1,1,0,0,0,1
284,28.416700,28.423870,12.200390,0.007986252,0.5323984,6.4954840,184.466800,184.456100,0,0,1,1,0,0,0,1
285,28.517010,28.524150,12.200590,0.008000004,0.5333138,6.4938360,185.117200,185.106480,0,0,1,1,0,0,0,1
286,28.616710,28.623820,12.200390,0.007987188,0.5327988,6.5003080,185.768640,185.757900,0,0,1,1,0,0,0,1
287,28.717204,28.724316,12.200784,0.007990000,0.5326654,6.4987190,186.419920,186.409200,0,0,1,1,0,0,0,1
288,28.816750,28.823984,12.200196,0.007996876,0.5331230,6.5042120,187.067480,187.056700,0,0,1,1,0,0,0,1
289,28.916760,28.923900,12.200784,0.007991252,0.5327416,6.4996980,187.718800,187.708040,0,0,1,1,0,0,0,1
290,29.017220,29.024424,12.201568,0.007990312,0.5326844,6.4995120,188.370160,188.359400,0,0,1,1,0,0,0,1
291,29.116920,29.124068,12.201368,0.007990312,0.5326844,6.4941420,189.017600,189.006840,0,0,1,1,0,0,0,1
292,29.216750,29.223920,12.201172,0.007992504,0.5322648,6.4934080,189.668960,189.658200,0,0,1,1,0,0,0,1
293,29.316720,29.323952,12.201368,0.007991564,0.5327608,6.4994520,190.316400,190.305700,0,0,1,1,0,0,0,1
294,29.416730,29.423870,12.200980,0.007988752,0.5325700,6.4979260,190.967800,190.957080,0,0,1,1,0,0,0,1
295,29.516950,29.524090,12.200784,0.007988128,0.5325318,6.4971940,191.619160,191.608400,0,0,1,1,0,0,0,1
296,29.616680,29.623850,12.200980,0.007987188,0.5324746,6.4966460,192.266600,192.255900,0,0,1,1,0,0,0,1
297,29.717080,29.724160,12.199416,0.007996876,0.5331230,6.4981080,192.920900,192.910200,0,0,1,1,0,0,0,1
298,29.816690,29.823860,12.200390,0.007983128,0.5329704,6.5022590,193.568400,193.557640,0,0,1,1,0,0,0,1
299,29.917184,29.924300,12.200390,0.007992504,0.5328180,6.5012240,194.219760,194.209000,0,0,1,1,0,0,0,1
300,30.016670,30.023780,12.200390,0.007987500,0.5324936,6.4966460,194.867200,194.856480,0,0,1,1,0,0,0,1
301,30.116770,30.123940,12.201368,0.007990312,0.5326844,6.4993300,195.517600,195.506840,0,0,1,1,0,0,0,1
302,30.217170,30.224348,12.200590,0.007980940,0.5320550,6.4912120,196.169000,196.158300,0,0,1,1,0,0,0,1
303,30.316720,30.323830,12.200004,0.007986564,0.5324174,6.4955460,196.816400,196.805700,0,0,1,1,0,0,0,1
304,30.417220,30.424360,12.201172,0.007984066,0.5322076,6.4934700,197.470700,197.460000,0,0,1,1,0,0,0,1
305,30.516670,30.523780,12.200590,0.007985628,0.5323792,6.4954250,198.115240,198.104500,0,0,1,1,0,0,0,1
306,30.617140,30.624370,12.200196,0.007988752,0.5325890,6.4976200,198.769560,198.758800,0,0,1,1,0,0,0,1
307,30.716750,30.723920,12.200196,0.007988440,0.5325510,6.4971320,199.417000,199.406300,0,0,1,1,0,0,0,1
308,30.816968,30.824230,12.200196,0.007985314,0.5323410,6.4947520,200.068400,200.057640,0,0,1,1,0,0,0,1
309,30.916760,30.923930,12.200196,0.007984066,0.5322648,6.4951780,200.714900,200.704200,0,0,1,1,0,0,0,1
310,31.016732,31.023848,12.201172,0.007983440,0.5326082,6.4985960,201.366240,201.355500,0,0,1,1,0,0,0,1
311,31.116710,31.123880,12.200590,0.007989064,0.5326082,6.4982300,202.017600,202.006840,0,0,1,1,0,0,0,1
312,31.217050,31.224250,12.201172,0.007985314,0.5323410,6.4950560,202.668080,202.657300,0,0,1,1,0,0,0,1
313,31.316720,31.323924,12.199808,0.007989690,0.5326462,6.4980480,203.315480,203.304700,0,0,1,1,0,0,0,1
314,31.416730,31.423900,12.200196,0.007991876,0.5327608,6.4998180,203.966900,203.956160,0,0,1,1,0,0,0,1
315,31.517160,31.524300,12.200590,0.007981876,0.5321122,6.4894420,204.617200,204.606480,0,0,1,1,0,0,0,1
316,31.616710,31.623880,12.201172,0.007984066,0.5323984,6.4958500,205.264700,205.253900,0,0,1,1,0,0,0,1
317,31.717140,31.724316,12.200196,0.007982190,0.5321312,6.4921280,205.916040,205.905300,0,0,1,1,0,0,0,1
318,31.816660,31.823830,12.199808,0.007983752,0.5322458,6.4932260,206.563500,206.552760,0,0,1,1,0,0,0,1
319,31.917184,31.924330,12.201368,0.007988128,0.5325318,6.4974980,207.217800,207.207080,0,0,1,1,0,0,0,1
320,32.016820,32.024000,12.201172,0.007985000,0.5323410,6.4951200,207.865240,207.854500,0,0,1,1,0,0,0,1
321,32.116920,32.124120,12.201172,0.007977190,0.5318070,6.4828500,208.516600,208.505900,0,0,1,1,0,0,0,1
322,32.217080,32.224220,12.201172,0.007981876,0.5324364,6.4964600,209.168000,209.157240,0,0,1,1,0,0,0,1
323,32.316680,32.323860,12.200390,0.007988752,0.5325890,6.4973760,209.815480,209.804700,0,0,1,1,0,0,0,1
324,32.416960,32.424140,12.199612,0.007975940,0.5317308,6.4868180,210.465900,210.455160,0,0,1,1,0,0,0,1
325,32.516670,32.523810,12.200390,0.007985314,0.5323602,6.4948740,211.113300,211.102560,0,0,1,1,0,0,0,1
326,32.616640,32.623760,12.200004,0.007983128,0.5322076,6.4927980,211.760760,211.750000,0,0,1,1,0,0,0,1
327,32.717080,32.724250,12.200004,0.007986564,0.5324174,6.4985360,212.416040,212.405300,0,0,1,1,0,0,0,1
328,32.816720,32.823920,12.200784,0.007985940,0.5323792,6.4951780,213.063560,213.052800,0,0,1,1,0,0,0,1
329,32.916720,32.923920,12.200784,0.007980628,0.5320360,6.4908480,213.714840,213.704100,0,0,1,1,0,0,0,1
330,33.017120,33.024260,12.200004,0.007980628,0.5320168,6.4907240,214.365240,214.354500,0,0,1,1,0,0,0,1
331,33.116700,33.123840,12.200390,0.007990628,0.5327036,6.4990240,215.012700,215.002000,0,0,1,1,0,0,0,1
332,33.216770,33.223920,12.201568,0.007982190,0.5321504,6.4929840,215.664100,215.653320,0,0,1,1,0,0,0,1
333,33.317200,33.324380,12.199612,0.007989690,0.5324556,6.4962780,216.315500,216.304800,0,0,1,1,0,0,0,1
334,33.416700,33.428900,12.200784,0.007982500,0.5321504,6.4926780,216.996100,216.985400,0,0,1,1,0,0,0,1
335,33.516730,33.523900,12.200590,0.007989690,0.5326462,6.4988420,217.614320,217.603600,0,0,1,1,0,0,0,1
336,33.616980,33.624150,12.199416,0.007992190,0.5328180,6.5000020,218.265640,218.254900,0,0,1,1,0,0,0,1
337,33.716740,33.723880,12.199808,0.007984066,0.5322648,6.4934700,218.913200,218.902400,0,0,1,1,0,0,0,1
338,33.817060,33.824140,12.199416,0.007993440,0.5328942,6.5009180,219.564500,219.553760,0,0,1,1,0,0,0,1
339,33.916700,33.923860,12.200196,0.007999064,0.5332566,6.4989640,220.212000,220.201240,0,0,1,1,0,0,0,1
340,34.017120,34.024330,12.200590,0.007988128,0.5321694,6.4925540,220.866300,220.855560,0,0,1,1,0,0,0,1
341,34.116760,34.123900,12.200784,0.007991876,0.5327988,6.5004890,221.514700,221.503900,0,0,1,1,0,0,0,1
342,34.217140,34.224340,12.200784,0.007987812,0.5325128,6.4968880,222.165100,222.154400,0,0,1,1,0,0,0,1
343,34.316680,34.323860,12.200784,0.007987812,0.5325128,6.4970710,222.812500,222.801800,0,0,1,1,0,0,0,1
344,34.417210,34.424360,12.200004,0.007986252,0.5323984,6.4953010,223.467800,223.457080,0,0,1,1,0,0,0,1
345,34.516640,34.523810,12.200390,0.007989064,0.5326082,6.4939000,224.111360,224.100600,0,0,1,1,0,0,0,1
346,34.617040,34.624180,12.200004,0.007987500,0.5329324,6.5015880,224.766600,224.755900,0,0,1,1,0,0,0,1
347,34.717140,34.724250,12.200590,0.007984688,0.5323030,6.4944460,225.414100,225.403320,0,0,1,1,0,0,0,1
348,34.816720,34.823860,12.200590,0.007995316,0.5330086,6.5030540,226.061600,226.050840,0,0,1,1,0,0,0,1
349,34.917030,34.924230,12.200390,0.007993440,0.5328752,6.5012820,226.715900,226.705160,0,0,1,1,0,0,0,1
350,35.016730,35.023930,12.200784,0.007987812,0.5325128,6.4970100,227.363300,227.352560,0,0,1,1,0,0,0,1
351,35.116700,35.123840,12.200004,0.007976250,0.5317498,6.5018340,228.010800,228.000100,0,0,1,1,0,0,0,1
352,35.216800,35.223980,12.200980,0.007979064,0.5323030,6.4936540,228.662160,228.651400,0,0,1,1,0,0,0,1
353,35.317140,35.324340,12.200784,0.007990312,0.5326844,6.4992080,229.316400,229.305700,0,0,1,1,0,0,0,1
354,35.416700,35.423780,12.200590,0.007983752,0.5322458,6.4936540,229.960960,229.950200,0,0,1,1,0,0,0,1
355,35.517000,35.524120,12.199416,0.007985628,0.5323602,6.4944460,230.615240,230.604500,0,0,1,1,0,0,0,1
356,35.616640,35.623760,12.200784,0.007990628,0.5327036,6.4994520,231.262800,231.252040,0,0,1,1,0,0,0,1
357,35.717110,35.724310,12.201368,0.007982190,0.5324746,6.4960940,231.914100,231.903320,0,0,1,1,0,0,0,1
358,35.816720,35.823830,12.200390,0.007983752,0.5327608,6.4996980,232.560640,232.549900,0,0,1,1,0,0,0,1
359,35.917150,35.924230,12.199220,0.007985940,0.5323792,6.4945680,233.215900,233.205160,0,0,1,1,0,0,0,1
360,36.016670,36.023810,12.200784,0.007986880,0.5324556,6.4963400,233.859480,233.848700,0,0,1,1,0,0,0,1
361,36.117010,36.124090,12.200196,0.007982500,0.5321504,6.4924320,234.514760,234.504000,0,0,1,1,0,0,0,1
362,36.217170,36.224310,12.199808,0.007987188,0.5324746,6.4960360,235.166040,235.155300,0,0,1,1,0,0,0,1
363,36.316930,36.324160,12.201368,0.007983752,0.5322458,6.4920060,235.813560,235.802800,0,0,1,1,0,0,0,1
364,36.416700,36.423860,12.200390,0.008000316,0.5328942,6.5015280,236.460960,236.450200,0,0,1,1,0,0,0,1
365,36.517040,36.524240,12.200590,0.007981568,0.5320932,6.4919440,237.115240,237.104500,0,0,1,1,0,0,0,1
366,36.616700,36.623780,12.200390,0.007993124,0.5328560,6.5009780,237.759800,237.749040,0,0,1,1,0,0,0,1
367,36.716840,36.724040,12.200784,0.007983752,0.5322458,6.4937140,238.414100,238.403320,0,0,1,1,0,0,0,1
368,36.816660,36.823800,12.200390,0.007981876,0.5321122,6.4919440,239.061520,239.050800,0,0,1,1,0,0,0,1
369,36.916780,36.924020,12.199220,0.007982500,0.5321504,6.4959120,239.712900,239.702200,0,0,1,1,0,0,0,1
370,37.017000,37.024140,12.200784,0.007985940,0.5317116,6.4869400,240.364320,240.353600,0,0,1,1,0,0,0,1
371,37.117070,37.124210,12.200196,0.007986252,0.5324174,6.4956060,241.014700,241.003900,0,0,1,1,0,0,0,1
372,37.216710,37.223820,12.199612,0.007988752,0.5325700,6.4971940,241.662200,241.651480,0,0,1,1,0,0,0,1
373,37.317020,37.324220,12.200196,0.007994690,0.5329704,6.5023200,242.313500,242.302760,0,0,1,1,0,0,0,1
374,37.416720,37.423920,12.200390,0.007979064,0.5319214,6.4896260,242.961000,242.950300,0,0,1,1,0,0,0,1
375,37.517100,37.524200,12.200590,0.007986564,0.5323602,6.4947520,243.611400,243.600700,0,0,1,1,0,0,0,1
376,37.616640,37.628850,12.200004,0.007991564,0.5327608,6.4996980,244.292000,244.281300,0,0,1,1,0,0,0,1
377,37.717110,37.724340,12.200390,0.007995004,0.5329896,6.5025640,244.914160,244.903400,0,0,1,1,0,0,0,1
378,37.816750,37.823890,12.200590,0.007988440,0.5325510,6.4974980,245.561520,245.550800,0,0,1,1,0,0,0,1
379,37.916900,37.924040,12.201368,0.007979376,0.5319596,6.4905420,246.213000,246.202240,0,0,1,1,0,0,0,1
380,38.017180,38.024330,12.200980,0.007982190,0.5321312,6.4924320,246.864300,246.853520,0,0,1,1,0,0,0,1
381,38.116740,38.123880,12.200784,0.007986252,0.5323984,6.4913940,247.510760,247.500000,0,0,1,1,0,0,0,1
382,38.217040,38.224220,12.200980,0.007979376,0.5322648,6.4932880,248.162200,248.151480,0,0,1,1,0,0,0,1
383,38.316680,38.323920,12.200980,0.007984066,0.5322648,6.4945100,248.809600,248.798840,0,0,1,1,0,0,0,1
384,38.417120,38.424290,12.200390,0.007986564,0.5324364,6.4959120,249.461000,249.450300,0,0,1,1,0,0,0,1
385,38.516700,38.523810,12.200590,0.007987188,0.5324746,6.4964000,250.108400,250.097700,0,0,1,1,0,0,0,1
386,38.616890,38.624060,12.201568,0.007981876,0.5321122,6.4924940,250.758900,250.748160,0,0,1,1,0,0,0,1
387,38.716650,38.723790,12.200784,0.007973436,0.5315590,6.4808360,251.408300,251.397520,0,0,1,1,0,0,0,1
388,38.817120,38.824260,12.201568,0.007973750,0.5315782,6.4857180,252.058700,252.047920,0,0,1,1,0,0,0,1
389,38.916720,38.923860,12.200980,0.007982190,0.5321312,6.4922500,252.705100,252.694360,0,0,1,1,0,0,0,1
390,39.016790,39.024080,12.201172,0.007961564,0.5307580,6.4757700,253.355500,253.344760,0,0,1,1,0,0,0,1
391,39.116740,39.123970,12.200784,0.007971876,0.5314636,6.4841340,254.004900,253.994160,0,0,1,1,0,0,0,1
392,39.216680,39.223790,12.201760,0.007978128,0.5318642,6.4896860,254.651480,254.640700,0,0,1,1,0,0,0,1
393,39.317240,39.325050,12.200004,0.007972190,0.5315210,6.4848030,255.309680,255.298900,0,0,1,1,0,0,0,1
394,39.417180,39.424360,12.200980,0.007973436,0.5315400,6.4849860,255.952200,255.941400,0,0,1,1,0,0,0,1
395,39.517250,39.524390,12.200196,0.007969376,0.5312730,6.4816300,256.601600,256.590900,0,0,1,1,0,0,0,1
396,39.616700,39.623880,12.200784,0.007969064,0.5312730,6.4819340,257.248100,257.237400,0,0,1,1,0,0,0,1
397,39.716860,39.724000,12.200980,0.007975940,0.5317308,6.4875500,257.898500,257.887800,0,0,1,1,0,0,0,1
398,39.816750,39.823920,12.201172,0.007975316,0.5316736,6.4869400,258.544000,258.533200,0,0,1,1,0,0,0,1
399,39.917120,39.924290,12.201172,0.007978440,0.5319978,6.4906620,259.198300,259.187600,0,0,1,1,0,0,0,1
400,40.016670,40.023870,12.200004,0.007977816,0.5314446,6.4835820,259.840900,259.830100,0,0,1,1,0,0,0,1
401,40.117200,40.124400,12.199808,0.007978128,0.5318642,6.4885260,260.495200,260.484400,0,0,1,1,0,0,0,1
402,40.216680,40.223880,12.199612,0.007973436,0.5315400,6.4846800,261.141600,261.130900,0,0,1,1,0,0,0,1
403,40.316840,40.324220,12.200590,0.007973436,0.5315590,6.4851080,261.791100,261.780300,0,0,1,1,0,0,0,1
404,40.416720,40.428900,12.200590,0.007981568,0.5320932,6.4917620,262.470800,262.460000,0,0,1,1,0,0,0,1
405,40.517000,40.524180,12.200590,0.007988752,0.5304338,6.4714980,263.087900,263.077200,0,0,1,1,0,0,0,1
406,40.616680,40.623820,12.201172,0.007972816,0.5315210,6.4849250,263.734400,263.723700,0,0,1,1,0,0,0,1
407,40.717040,40.724220,12.200004,0.007986880,0.5324364,6.4957900,264.387800,264.377000,0,0,1,1,0,0,0,1
408,40.817140,40.824260,12.201368,0.007988128,0.5325318,6.4976820,265.039100,265.028400,0,0,1,1,0,0,0,1
409,40.916700,40.923840,12.200390,0.007985000,0.5323220,6.4943860,265.683600,265.672900,0,0,1,1,0,0,0,1
410,41.016700,41.023870,12.200980,0.007978440,0.5319024,6.4895640,266.334000,266.323300,0,0,1,1,0,0,0,1
411,41.116700,41.123900,12.200590,0.007991876,0.5327798,6.4922500,266.985400,266.974600,0,0,1,1,0,0,0,1
412,41.217020,41.224120,12.200390,0.007989064,0.5325890,6.4977420,267.636800,267.626000,0,0,1,1,0,0,0,1
413,41.317060,41.324220,12.199612,0.007987812,0.5325128,6.4964600,268.288100,268.277400,0,0,1,1,0,0,0,1
414,41.416720,41.423920,12.200390,0.007989690,0.5326462,6.4982920,268.935600,268.924800,0,0,1,1,0,0,0,1
415,41.517100,41.524260,12.200390,0.007995004,0.5329896,6.5026860,269.587000,269.576200,0,0,1,1,0,0,0,1
416,41.616680,41.623820,12.200590,0.007989380,0.5326082,6.4982300,270.234400,270.223700,0,0,1,1,0,0,0,1
417,41.716800,41.723980,12.201568,0.007989380,0.5326272,6.5014040,270.885800,270.875000,0,0,1,1,0,0,0,1
418,41.820620,41.827880,12.200390,0.007995624,0.5330278,6.5031740,271.562600,271.551800,0,0,1,1,0,0,0,1
419,41.917120,41.924230,12.199808,0.007983752,0.5322458,6.4931640,272.187600,272.176800,0,0,1,1,0,0,0,1
420,42.016700,42.023870,12.200390,0.007993750,0.5329132,6.5017100,272.835000,272.824300,0,0,1,1,0,0,0,1
421,42.116680,42.123820,12.200980,0.007981252,0.5320740,6.4916380,273.486400,273.475600,0,0,1,1,0,0,0,1
422,42.216680,42.223760,12.201172,0.007985628,0.5323792,6.4954840,274.133800,274.123100,0,0,1,1,0,0,0,1
423,42.317080,42.324200,12.200196,0.007988752,0.5326844,6.4982920,274.789100,274.778400,0,0,1,1,0,0,0,1
424,42.416700,42.423840,12.200004,0.007991876,0.5324936,6.4966460,275.436600,275.425800,0,0,1,1,0,0,0,1
425,42.517000,42.524140,12.200590,0.007987812,0.5324936,6.4968260,276.087900,276.077200,0,0,1,1,0,0,0,1
426,42.616740,42.623900,12.200784,0.008000630,0.5333710,6.5073860,276.735400,276.724600,0,0,1,1,0,0,0,1
427,42.716840,42.723980,12.200784,0.007983128,0.5322076,6.4932880,277.385800,277.375000,0,0,1,1,0,0,0,1
428,42.817240,42.824340,12.200590,0.007989380,0.5326082,6.4981080,278.037200,278.026400,0,0,1,1,0,0,0,1
429,42.916720,42.923840,12.200590,0.007980000,0.5319978,6.5012820,278.684600,278.673900,0,0,1,1,0,0,0,1
430,43.016700,43.023780,12.200390,0.007979064,0.5327036,6.4990880,279.336000,279.325200,0,0,1,1,0,0,0,1
431,43.116860,43.124090,12.200196,0.007988440,0.5325510,6.4971320,279.986400,279.975600,0,0,1,1,0,0,0,1
432,43.217080,43.224340,12.200980,0.007983752,0.5322266,6.4937140,280.637800,280.627000,0,0,1,1,0,0,0,1
433,43.316680,43.323860,12.200590,0.007990312,0.5326654,6.4987820,281.286200,281.275400,0,0,1,1,0,0,0,1
434,43.417120,43.424320,12.200196,0.007987500,0.5324936,6.4964000,281.936600,281.925800,0,0,1,1,0,0,0,1
435,43.516730,43.523870,12.200980,0.008000004,0.5333330,6.4952400,282.585000,282.574300,0,0,1,1,0,0,0,1
436,43.616760,43.623880,12.200980,0.007984376,0.5320550,6.4912120,283.236400,283.225600,0,0,1,1,0,0,0,1
437,43.716800,43.723980,12.200784,0.007995624,0.5330278,6.5032360,283.886800,283.876000,0,0,1,1,0,0,0,1
438,43.817120,43.824280,12.200390,0.007985628,0.5323602,6.4949960,284.538100,284.527400,0,0,1,1,0,0,0,1
439,43.916760,43.923900,12.200390,0.007986564,0.5324364,6.4959120,285.185600,285.174800,0,0,1,1,0,0,0,1
440,44.017040,44.024180,12.200390,0.007992504,0.5328180,6.5005500,285.837000,285.826200,0,0,1,1,0,0,0,1
441,44.116980,44.124150,12.201172,0.007990628,0.5323030,6.4939580,286.488300,286.477600,0,0,1,1,0,0,0,1
442,44.216740,44.223850,12.200590,0.007981876,0.5321504,6.4926780,287.135800,287.125000,0,0,1,1,0,0,0,1
443,44.317020,44.324200,12.200590,0.007980940,0.5320550,6.4913340,287.787200,287.776400,0,0,1,1,0,0,0,1
444,44.417000,44.424170,12.200004,0.007986252,0.5323984,6.4951780,288.437600,288.426800,0,0,1,1,0,0,0,1
445,44.516670,44.523870,12.201172,0.007986252,0.5324174,6.4960360,289.085000,289.074300,0,0,1,1,0,0,0,1
446,44.617130,44.629340,12.200196,0.007990000,0.5326654,6.4985960,289.769600,289.758800,0,0,1,1,0,0,0,1
447,44.716740,44.723920,12.200004,0.007986252,0.5329132,6.5020140,290.383800,290.373100,0,0,1,1,0,0,0,1
448,44.817140,44.824320,12.200004,0.007986252,0.5323984,6.4947520,291.039100,291.028400,0,0,1,1,0,0,0,1
449,44.916760,44.923860,12.200784,0.007992504,0.5328370,6.5009180,291.682700,291.671900,0,0,1,1,0,0,0,1
450,45.017060,45.024240,12.200784,0.007988752,0.5325700,6.4978040,292.337900,292.327200,0,0,1,1,0,0,0,1
451,45.117100,45.124360,12.200784,0.007990000,0.5326654,6.4988420,292.989300,292.978600,0,0,1,1,0,0,0,1
452,45.216710,45.223880,12.200590,0.007992812,0.5328370,6.5008560,293.636800,293.626000,0,0,1,1,0,0,0,1
453,45.317020,45.324140,12.199808,0.007984066,0.5324746,6.4965820,294.288100,294.277400,0,0,1,1,0,0,0,1
454,45.416700,45.423840,12.201956,0.007985940,0.5326462,6.4982920,294.935600,294.924800,0,0,1,1,0,0,0,1
455,45.517000,45.524140,12.199808,0.007986880,0.5324556,6.4956680,295.586000,295.575200,0,0,1,1,0,0,0,1
456,45.617040,45.624150,12.199220,0.007984688,0.5323030,6.4935310,296.237400,296.226600,0,0,1,1,0,0,0,1
457,45.717140,45.724250,12.200590,0.007984376,0.5322838,6.4941420,296.888700,296.878000,0,0,1,1,0,0,0,1
458,45.816750,45.823980,12.200390,0.007975004,0.5316736,6.4864500,297.536200,297.525400,0,0,1,1,0,0,0,1
459,45.917060,45.924170,12.200784,0.007988128,0.5329132,6.5017100,298.187600,298.176800,0,0,1,1,0,0,0,1
460,46.017120,46.024360,12.200784,0.007991564,0.5327608,6.4995120,298.837900,298.827200,0,0,1,1,0,0,0,1
461,46.116760,46.123970,12.201760,0.007976250,0.5317308,6.4880380,299.485400,299.474600,0,0,1,1,0,0,0,1
462,46.216960,46.224060,12.201368,0.007981252,0.5320740,6.4920060,300.135800,300.125000,0,0,1,1,0,0,0,1
463,46.317020,46.324140,12.200784,0.007982500,0.5321504,6.4926160,300.783200,300.772500,0,0,1,1,0,0,0,1
464,46.417150,46.424320,12.200004,0.007975316,0.5316926,6.4865120,301.434600,301.423900,0,0,1,1,0,0,0,1
465,46.516640,46.523780,12.200784,0.007990000,0.5326462,6.4926780,302.082100,302.071300,0,0,1,1,0,0,0,1
466,46.616820,46.623940,12.200390,0.007986880,0.5324556,6.4959720,302.733400,302.722700,0,0,1,1,0,0,0,1
467,46.716980,46.724120,12.200784,0.007972190,0.5314636,6.4842540,303.383800,303.373100,0,0,1,1,0,0,0,1
468,46.816750,46.823920,12.199612,0.007994064,0.5329324,6.5014660,304.031300,304.020600,0,0,1,1,0,0,0,1
469,46.917210,46.924380,12.200784,0.007986880,0.5324364,6.4961560,304.686600,304.675800,0,0,1,1,0,0,0,1
470,47.016670,47.023840,12.199808,0.007988440,0.5325510,6.4970710,305.334000,305.323300,0,0,1,1,0,0,0,1
471,47.116950,47.124280,12.199612,0.007995624,0.5330086,6.5025040,305.985400,305.974600,0,0,1,1,0,0,0,1
472,47.216740,47.223880,12.200590,0.007990628,0.5326844,6.4996340,306.632800,306.622100,0,0,1,1,0,0,0,1
473,47.317020,47.324160,12.201568,0.007993124,0.5328752,6.5019540,307.283200,307.272500,0,0,1,1,0,0,0,1
474,47.421330,47.428600,12.200390,0.007989064,0.5323602,6.4951200,307.963900,307.953200,0,0,1,1,0,0,0,1
475,47.516730,47.523840,12.200390,0.007985314,0.5323410,6.4947520,308.582100,308.571300,0,0,1,1,0,0,0,1
476,47.617010,47.624150,12.200784,0.007995004,0.5329896,6.5026860,309.233400,309.222700,0,0,1,1,0,0,0,1
477,47.716740,47.723820,12.199808,0.007986564,0.5325318,6.4964600,309.880900,309.870200,0,0,1,1,0,0,0,1
478,47.817060,47.824200,12.200590,0.007995624,0.5330278,6.5030540,310.536200,310.525400,0,0,1,1,0,0,0,1
479,47.916720,47.923840,12.200590,0.007986252,0.5323984,6.4956060,311.183600,311.172900,0,0,1,1,0,0,0,1
480,48.016980,48.024080,12.200196,0.007982500,0.5321694,6.4924940,311.834000,311.823300,0,0,1,1,0,0,0,1
481,48.117010,48.124150,12.200784,0.007990940,0.5327226,6.4996340,312.485400,312.474600,0,0,1,1,0,0,0,1
482,48.216680,48.223820,12.200590,0.007989380,0.5326082,6.4981080,313.132800,313.122100,0,0,1,1,0,0,0,1
483,48.316960,48.324100,12.200784,0.007989064,0.5323030,6.4942040,313.784200,313.773500,0,0,1,1,0,0,0,1
484,48.416720,48.423920,12.200980,0.007983440,0.5322266,6.4929840,314.431700,314.421000,0,0,1,1,0,0,0,1
485,48.516820,48.523960,12.199416,0.007986252,0.5323984,6.4948140,315.083000,315.072300,0,0,1,1,0,0,0,1
486,48.616980,48.624180,12.200590,0.007992812,0.5328560,6.5009780,315.734400,315.723700,0,0,1,1,0,0,0,1
487,48.716710,48.723850,12.199612,0.007992504,0.5328370,6.5003660,316.381900,316.371200,0,0,1,1,0,0,0,1
488,48.817060,48.829260,12.200784,0.007986880,0.5324556,6.4963400,317.065500,317.054700,0,0,1,1,0,0,0,1
489,48.916700,48.923860,12.200980,0.007985000,0.5325700,6.4975620,317.679700,317.669000,0,0,1,1,0,0,0,1
490,49.016670,49.023780,12.199416,0.007988752,0.5321694,6.4926160,318.331100,318.320400,0,0,1,1,0,0,0,1
491,49.117070,49.124240,12.200390,0.007994690,0.5329704,6.5025040,318.982500,318.971700,0,0,1,1,0,0,0,1
492,49.217200,49.224460,12.200980,0.007990312,0.5326844,6.4992680,319.636800,319.626000,0,0,1,1,0,0,0,1
493,49.316720,49.323920,12.200196,0.007978752,0.5319024,6.4892580,320.280300,320.269600,0,0,1,1,0,0,0,1
494,49.416720,49.423860,12.200590,0.007992812,0.5328370,6.5008560,320.931800,320.921100,0,0,1,1,0,0,0,1
495,49.517040,49.524200,12.201760,0.007985940,0.5323410,6.4946300,321.583000,321.572300,0,0,1,1,0,0,0,1
496,49.616740,49.623940,12.200980,0.007979064,0.5319214,6.4896260,322.230600,322.219900,0,0,1,1,0,0,0,1
497,49.717040,49.724190,12.200004,0.007986880,0.5324556,6.4959120,322.881900,322.871200,0,0,1,1,0,0,0,1
498,49.816720,49.823800,12.201568,0.007986252,0.5324174,6.4961560,323.529500,323.518700,0,0,1,1,0,0,0,1
499,49.917060,49.924140,12.200196,0.007984688,0.5323030,6.4941420,324.183800,324.173000,0,0,1,1,0,0,0,1
500,50.017180,50.024300,12.200390,0.007985940,0.5323984,6.4953620,324.835000,324.824300,0,0,1,1,0,0,0,1
501,50.117040,50.124180,12.201172,0.007993440,0.5326272,6.4982300,325.482600,325.471800,0,0,1,1,0,0,0,1
502,50.217110,50.224370,12.200590,0.007985000,0.5323220,6.4944460,326.133800,326.123100,0,0,1,1,0,0,0,1
503,50.317180,50.324280,12.200784,0.007988128,0.5325318,6.4973760,326.785200,326.774400,0,0,1,1,0,0,0,1
504,50.416700,50.423960,12.200004,0.007991564,0.5327608,6.4996980,327.432700,327.421900,0,0,1,1,0,0,0,1
505,50.517180,50.524300,12.201368,0.007983752,0.5322458,6.4940800,328.084000,328.073300,0,0,1,1,0,0,0,1
506,50.616700,50.623900,12.200196,0.007980940,0.5320360,6.4910280,328.731500,328.720800,0,0,1,1,0,0,0,1
507,50.716770,50.723940,12.200004,0.007992190,0.5327988,6.5003080,329.382800,329.372100,0,0,1,1,0,0,0,1
508,50.817060,50.824220,12.200390,0.007985940,0.5323984,6.4951780,330.034200,330.023500,0,0,1,1,0,0,0,1
509,50.916720,50.923860,12.201568,0.007986880,0.5324364,6.4965220,330.681700,330.671000,0,0,1,1,0,0,0,1
510,51.016850,51.024000,12.201368,0.007990312,0.5326844,6.4993300,331.332200,331.321400,0,0,1,1,0,0,0,1
511,51.117070,51.124240,12.201760,0.007982190,0.5321312,6.4928600,331.983400,331.972700,0,0,1,1,0,0,0,1
512,51.217200,51.224460,12.200390,0.007993440,0.5328752,6.5013440,332.634800,332.624100,0,0,1,1,0,0,0,1
513,51.316680,51.323860,12.200196,0.007990000,0.5328180,6.5000620,333.283200,333.272500,0,0,1,1,0,0,0,1
514,51.416940,51.424140,12.201568,0.007993440,0.5328752,6.5011600,333.933600,333.922900,0,0,1,1,0,0,0,1
515,51.517120,51.524330,12.200590,0.007989380,0.5326082,6.4981080,334.585000,334.574300,0,0,1,1,0,0,0,1
516,51.617220,51.624460,12.200980,0.007989380,0.5326082,6.4982920,335.236400,335.225600,0,0,1,1,0,0,0,1
517,51.716710,51.723850,12.200196,0.007991252,0.5327416,6.4995120,335.880900,335.870200,0,0,1,1,0,0,0,1
518,51.817180,51.824380,12.200784,0.007993750,0.5329132,6.5018340,336.536200,336.525400,0,0,1,1,0,0,0,1
519,51.916700,51.923860,12.200590,0.007988128,0.5327226,6.5003080,337.183600,337.172900,0,0,1,1,0,0,0,1
520,52.016980,52.024120,12.200196,0.007989380,0.5326082,6.4979260,337.835000,337.824300,0,0,1,1,0,0,0,1
521,52.117220,52.124340,12.200784,0.007980940,0.5320550,6.4915160,338.485500,338.474800,0,0,1,1,0,0,0,1
522,52.216710,52.223850,12.200784,0.007985628,0.5323602,6.4951780,339.133800,339.123100,0,0,1,1,0,0,0,1
523,52.316680,52.323830,12.199220,0.007990628,0.5327036,6.4985360,339.781300,339.770600,0,0,1,1,0,0,0,1
524,52.416760,52.423920,12.200590,0.007996250,0.5330850,6.5037840,340.432700,340.421900,0,0,1,1,0,0,0,1
525,52.516940,52.524060,12.200784,0.007990940,0.5323030,6.4942640,341.084000,341.073300,0,0,1,1,0,0,0,1
526,52.616740,52.623940,12.201368,0.007991252,0.5327416,6.5001220,341.731500,341.720800,0,0,1,1,0,0,0,1
527,52.717200,52.724370,12.200590,0.007975004,0.5316544,6.4865120,342.385800,342.375000,0,0,1,1,0,0,0,1
528,52.816750,52.823860,12.201172,0.007991252,0.5327416,6.5000020,343.033200,343.022500,0,0,1,1,0,0,0,1
529,52.917150,52.924320,12.200590,0.007981568,0.5320932,6.4917000,343.684600,343.673900,0,0,1,1,0,0,0,1
530,53.017180,53.024420,12.200004,0.007998438,0.5332184,6.4970710,344.336000,344.325200,0,0,1,1,0,0,0,1
531,53.116640,53.123840,12.199024,0.007987500,0.5330468,6.5032960,344.984600,344.973800,0,0,1,1,0,0,0,1
532,53.216710,53.223820,12.201760,0.007991252,0.5327416,6.4993920,345.631900,345.621200,0,0,1,1,0,0,0,1
533,53.316900,53.324140,12.200390,0.007995624,0.5330468,6.5032960,346.286200,346.275400,0,0,1,1,0,0,0,1
534,53.416720,53.423960,12.199808,0.007988752,0.5325890,6.4973160,346.933600,346.922900,0,0,1,1,0,0,0,1
535,53.517060,53.524240,12.200196,0.007988752,0.5325700,6.4973160,347.585000,347.574300,0,0,1,1,0,0,0,1
536,53.617130,53.624280,12.200590,0.007994376,0.5329514,6.5022590,348.236500,348.225800,0,0,1,1,0,0,0,1
537,53.716650,53.723790,12.199808,0.007996564,0.5328942,6.5015280,348.883800,348.873100,0,0,1,1,0,0,0,1
538,53.817140,53.824280,12.200196,0.007984376,0.5322838,6.4939000,349.535300,349.524600,0,0,1,1,0,0,0,1
539,53.916700,53.923860,12.200196,0.007990628,0.5327036,6.4990240,350.182700,350.171900,0,0,1,1,0,0,0,1
540,54.017120,54.024300,12.200390,0.007979690,0.5319596,6.4901130,350.837900,350.827200,0,0,1,1,0,0,0,1
541,54.117220,54.124360,12.200390,0.007985940,0.5323792,6.4952400,351.485400,351.474600,0,0,1,1,0,0,0,1
542,54.217140,54.224250,12.200590,0.007989690,0.5326272,6.4983520,352.136800,352.126000,0,0,1,1,0,0,0,1
543,54.317240,54.324400,12.200784,0.007998438,0.5317880,6.4877320,352.787300,352.776500,0,0,1,1,0,0,0,1
544,54.416760,54.423980,12.200590,0.007984376,0.5322648,6.4934700,353.435600,353.424800,0,0,1,1,0,0,0,1
545,54.517040,54.524200,12.199808,0.007989064,0.5325890,6.4973160,354.087000,354.076200,0,0,1,1,0,0,0,1
546,54.617160,54.624280,12.201172,0.007986564,0.5324364,6.4962780,354.737400,354.726600,0,0,1,1,0,0,0,1
547,54.716740,54.723920,12.200004,0.007994376,0.5329514,6.5018920,355.384900,355.374200,0,0,1,1,0,0,0,1
548,54.817260,54.824380,12.201172,0.007985628,0.5323602,6.4946900,356.036200,356.025400,0,0,1,1,0,0,0,1
549,54.916720,54.923860,12.200196,0.007987500,0.5326844,6.4978040,356.683800,356.673000,0,0,1,1,0,0,0,1
550,55.016730,55.023900,12.200196,0.007979376,0.5319406,6.4900520,357.335000,357.324300,0,0,1,1,0,0,0,1
551,55.117040,55.124180,12.199024,0.007989380,0.5326272,6.4973760,357.986400,357.975600,0,0,1,1,0,0,0,1
552,55.216680,55.223820,12.200196,0.007993124,0.5328752,6.5011000,358.633800,358.623100,0,0,1,1,0,0,0,1
553,55.316930,55.324070,12.200196,0.007996250,0.5330660,6.5034800,359.285200,359.274400,0,0,1,1,0,0,0,1
554,55.416700,55.424780,12.200390,0.007992812,0.5328370,6.4991460,359.940600,359.929800,0,0,1,1,0,0,0,1
555,55.516920,55.524120,12.200004,0.007993440,0.5325128,6.4968880,360.584000,360.573300,0,0,1,1,0,0,0,1
556,55.617220,55.624400,12.200784,0.007985628,0.5323792,6.4954250,361.239400,361.228700,0,0,1,1,0,0,0,1
557,55.716680,55.723790,12.200004,0.007989064,0.5325890,6.4976820,361.882800,361.872100,0,0,1,1,0,0,0,1
558,55.816990,55.824220,12.201172,0.007990628,0.5326844,6.4994520,362.538200,362.527500,0,0,1,1,0,0,0,1
559,55.916760,55.923920,12.201368,0.007981252,0.5320740,6.4919440,363.185600,363.174800,0,0,1,1,0,0,0,1
560,56.016980,56.024140,12.199612,0.007990000,0.5326462,6.4981720,363.837100,363.826400,0,0,1,1,0,0,0,1
561,56.117200,56.124300,12.200980,0.007988752,0.5328180,6.5004890,364.488300,364.477600,0,0,1,1,0,0,0,1
562,56.217040,56.224220,12.200004,0.007990628,0.5327036,6.4996340,365.135900,365.125200,0,0,1,1,0,0,0,1
563,56.316750,56.323890,12.200590,0.007989690,0.5326462,6.4985360,365.783200,365.772500,0,0,1,1,0,0,0,1
564,56.417030,56.424500,12.199612,0.007992504,0.5328180,6.5002440,366.434700,366.424000,0,0,1,1,0,0,0,1
565,56.516920,56.524020,12.200590,0.007991252,0.5327416,6.4998180,367.086000,367.075200,0,0,1,1,0,0,0,1
566,56.617040,56.624150,12.201172,0.007992190,0.5327988,6.5006720,367.737400,367.726600,0,0,1,1,0,0,0,1
567,56.716710,56.723850,12.200590,0.007992812,0.5327988,6.5003080,368.384800,368.374100,0,0,1,1,0,0,0,1
568,56.817060,56.824200,12.200390,0.007999690,0.5332948,6.5063480,369.036200,369.025400,0,0,1,1,0,0,0,1
569,56.917030,56.924110,12.200196,0.007992190,0.5328180,6.5003660,369.687600,369.676800,0,0,1,1,0,0,0,1
570,57.017160,57.024300,12.200980,0.007985940,0.5323792,6.4954840,370.338900,370.328200,0,0,1,1,0,0,0,1
571,57.117130,57.124280,12.200980,0.007986564,0.5324174,6.4959720,370.986400,370.975600,0,0,1,1,0,0,0,1
572,57.216740,57.228820,12.200980,0.007979376,0.5319406,6.4902370,371.667000,371.656300,0,0,1,1,0,0,0,1
573,57.316960,57.324160,12.200196,0.007985628,0.5323602,6.4945680,372.288100,372.277400,0,0,1,1,0,0,0,1
574,57.417210,57.424420,12.201172,0.007993440,0.5328942,6.5016480,372.939500,372.928800,0,0,1,1,0,0,0,1
575,57.516820,57.524000,12.200390,0.007997504,0.5331612,6.5048220,373.587000,373.576200,0,0,1,1,0,0,0,1
576,57.617070,57.624180,12.200196,0.007987188,0.5324746,6.4962160,374.238300,374.227600,0,0,1,1,0,0,0,1
577,57.716710,57.723850,12.200390,0.007984376,0.5322838,6.4940200,374.885800,374.875000,0,0,1,1,0,0,0,1
578,57.816960,57.824100,12.200390,0.007993440,0.5328942,6.5014660,375.537200,375.526400,0,0,1,1,0,0,0,1
579,57.916960,57.924110,12.200390,0.007988440,0.5323792,6.4956060,376.184600,376.173900,0,0,1,1,0,0,0,1
580,58.016980,58.024140,12.199808,0.007984688,0.5323030,6.4941420,376.836000,376.825200,0,0,1,1,0,0,0,1
581,58.116640,58.123820,12.200784,0.007985000,0.5323220,6.4947520,377.483400,377.472700,0,0,1,1,0,0,0,1
582,58.216680,58.223820,12.200590,0.007990628,0.5327036,6.4992680,378.134000,378.123200,0,0,1,1,0,0,0,1
583,58.316990,58.324100,12.200196,0.007992504,0.5328180,6.5004890,378.785200,378.774400,0,0,1,1,0,0,0,1
584,58.417210,58.424290,12.201172,0.007986252,0.5323984,6.5023200,379.436600,379.425800,0,0,1,1,0,0,0,1
585,58.516700,58.523870,12.200196,0.007990940,0.5329324,6.5017100,380.084000,380.073300,0,0,1,1,0,0,0,1
586,58.616860,58.629040,12.201172,0.007989690,0.5326462,6.4987190,380.768600,380.757800,0,0,1,1,0,0,0,1
587,58.716710,58.723880,12.200784,0.007994376,0.5329324,6.5021980,381.386800,381.376000,0,0,1,1,0,0,0,1
588,58.817060,58.824260,12.200980,0.007988128,0.5325318,6.4973160,382.038100,382.027400,0,0,1,1,0,0,0,1
589,58.916720,58.923860,12.200196,0.007985000,0.5323220,6.4943860,382.685600,382.674800,0,0,1,1,0,0,0,1
590,59.016760,59.023930,12.200004,0.007988128,0.5325318,6.4969500,383.337000,383.326200,0,0,1,1,0,0,0,1
591,59.117100,59.124280,12.200196,0.007994064,0.5325128,6.4965820,383.988400,383.977700,0,0,1,1,0,0,0,1
592,59.216710,59.223880,12.200390,0.007986252,0.5324174,6.4953010,384.635800,384.625000,0,0,1,1,0,0,0,1
593,59.316990,59.324160,12.200196,0.007985940,0.5323792,6.4951200,385.287300,385.276500,0,0,1,1,0,0,0,1
594,59.417120,59.424380,12.199808,0.007994690,0.5329704,6.5020140,385.938500,385.927800,0,0,1,1,0,0,0,1
595,59.516730,59.523930,12.200590,0.007990628,0.5327036,6.4992680,386.587000,386.576200,0,0,1,1,0,0,0,1
596,59.617200,59.624360,12.200784,0.007988440,0.5325510,6.4908480,387.237400,387.226600,0,0,1,1,0,0,0,1
597,59.717200,59.724340,12.200390,0.007989690,0.5317880,6.4883430,387.888700,387.878000,0,0,1,1,0,0,0,1
598,59.816990,59.824160,12.200980,0.007986880,0.5324556,6.4955460,388.536200,388.525400,0,0,1,1,0,0,0,1
599,59.917090,59.924230,12.200784,0.007992504,0.5328370,6.5009780,389.187600,389.176800,0,0,1,1,0,0,0,1
600,60.021300,60.028510,12.200196,0.007980316,0.5323220,6.4942040,389.867400,389.856600,0,0,1,1,0,0,0,1
601,60.116680,60.123820,12.200784,0.007984376,0.5322838,6.4942640,390.486400,390.475600,0,0,1,1,0,0,0,1
602,60.217040,60.224250,12.200590,0.007980316,0.5319978,6.4948140,391.136900,391.126200,0,0,1,1,0,0,0,1
603,60.316680,60.323890,12.200390,0.007992190,0.5329132,6.5017700,391.785200,391.774400,0,0,1,1,0,0,0,1
604,60.416820,60.423960,12.200590,0.007985628,0.5323602,6.4952400,392.435700,392.425000,0,0,1,1,0,0,0,1
605,60.517120,60.524300,12.200980,0.007985000,0.5323220,6.4948740,393.087000,393.076200,0,0,1,1,0,0,0,1
606,60.616820,60.623970,12.201368,0.007990940,0.5327036,6.4997560,393.734600,393.723800,0,0,1,1,0,0,0,1
607,60.717110,60.724190,12.200784,0.007992190,0.5328180,6.5006720,394.389700,394.379000,0,0,1,1,0,0,0,1
608,60.817180,60.824320,12.200004,0.007983440,0.5322076,6.4964600,395.037200,395.026400,0,0,1,1,0,0,0,1
609,60.916700,60.923780,12.199612,0.007978128,0.5319214,6.4895020,395.684600,395.673900,0,0,1,1,0,0,0,1
610,61.017000,61.024140,12.201568,0.007991876,0.5327798,6.4995740,396.336000,396.325200,0,0,1,1,0,0,0,1
611,61.117200,61.124300,12.199808,0.007990000,0.5326654,6.4984140,396.987400,396.976600,0,0,1,1,0,0,0,1
612,61.216980,61.224160,12.201172,0.007983440,0.5322266,6.4936540,397.637800,397.627000,0,0,1,1,0,0,0,1
613,61.317120,61.324280,12.200784,0.007982190,0.5321312,6.4924320,398.289100,398.278400,0,0,1,1,0,0,0,1
614,61.418950,61.426550,12.200784,0.007987812,0.5325128,6.4963400,398.951200,398.940500,0,0,1,1,0,0,0,1
615,61.517100,61.524300,12.200004,0.007984688,0.5328942,6.5014660,399.587900,399.577200,0,0,1,1,0,0,0,1
616,61.616680,61.623820,12.200784,0.007983128,0.5321884,6.4930420,400.236400,400.225600,0,0,1,1,0,0,0,1
617,61.716980,61.724190,12.200196,0.007989380,0.5326082,6.4979860,400.886800,400.876000,0,0,1,1,0,0,0,1
618,61.817240,61.824380,12.200784,0.007980316,0.5320168,6.4909060,401.538100,401.527400,0,0,1,1,0,0,0,1
619,61.916700,61.923840,12.200784,0.007987188,0.5324746,6.4964600,402.185600,402.174800,0,0,1,1,0,0,0,1
620,62.016850,62.023960,12.199612,0.007985000,0.5323220,6.4942040,402.837000,402.826200,0,0,1,1,0,0,0,1
621,62.116740,62.123840,12.200390,0.007990000,0.5329704,6.5023200,403.484400,403.473700,0,0,1,1,0,0,0,1
622,62.216710,62.223820,12.200390,0.007991876,0.5327988,6.4995740,404.135800,404.125000,0,0,1,1,0,0,0,1
623,62.316870,62.324010,12.200590,0.007986880,0.5324556,6.4960940,404.787200,404.776400,0,0,1,1,0,0,0,1
624,62.417060,62.424140,12.200390,0.007981876,0.5321122,6.4919440,405.438600,405.427900,0,0,1,1,0,0,0,1
625,62.516730,62.523870,12.200784,0.007980628,0.5320360,6.4912120,406.086000,406.075200,0,0,1,1,0,0,0,1
626,62.616950,62.624120,12.200390,0.007991252,0.5327416,6.4956680,406.737500,406.726700,0,0,1,1,0,0,0,1
627,62.716740,62.723880,12.200390,0.007989064,0.5327226,6.4996340,407.384800,407.374100,0,0,1,1,0,0,0,1
628,62.817080,62.829260,12.200590,0.007980940,0.5320360,6.4913340,408.072300,408.061600,0,0,1,1,0,0,0,1
629,62.917150,62.924290,12.199808,0.007987188,0.5324556,6.4958500,408.691400,408.680700,0,0,1,1,0,0,0,1
630,63.016730,63.023870,12.200390,0.007987812,0.5325128,6.4968260,409.338900,409.328200,0,0,1,1,0,0,0,1
631,63.117070,63.124180,12.201172,0.007987812,0.5325128,6.4971940,409.990300,409.979500,0,0,1,1,0,0,0,1
632,63.216680,63.223790,12.200004,0.007988752,0.5325700,6.4973160,410.637800,410.627000,0,0,1,1,0,0,0,1
633,63.316720,63.323860,12.199416,0.007997190,0.5324364,6.4960360,411.285200,411.274400,0,0,1,1,0,0,0,1
634,63.416960,63.424140,12.199416,0.007992504,0.5328370,6.5008560,411.940500,411.929700,0,0,1,1,0,0,0,1
635,63.516670,63.523930,12.200784,0.007987188,0.5324746,6.4965820,412.587900,412.577200,0,0,1,1,0,0,0,1
636,63.616700,63.623880,12.200004,0.007990940,0.5327036,6.4990240,413.239300,413.228600,0,0,1,1,0,0,0,1
637,63.716980,63.724120,12.200784,0.007996876,0.5331230,6.5044560,413.890800,413.880000,0,0,1,1,0,0,0,1
638,63.817080,63.824260,12.200590,0.007989690,0.5326272,6.5008560,414.542000,414.531300,0,0,1,1,0,0,0,1
639,63.917180,63.924320,12.200784,0.007991252,0.5323220,6.4941420,415.189600,415.178900,0,0,1,1,0,0,0,1
640,64.016700,64.023840,12.200590,0.007988752,0.5325700,6.4978660,415.837000,415.826200,0,0,1,1,0,0,0,1
641,64.116700,64.123860,12.200390,0.007994064,0.5329132,6.5017700,416.487400,416.476600,0,0,1,1,0,0,0,1
642,64.216760,64.224000,12.200196,0.007989380,0.5326082,6.4980480,417.138700,417.128000,0,0,1,1,0,0,0,1
643,64.317060,64.324160,12.200784,0.007991564,0.5327608,6.4999400,417.790100,417.779400,0,0,1,1,0,0,0,1
644,64.416700,64.423860,12.200590,0.007985940,0.5323792,6.4953620,418.437600,418.426800,0,0,1,1,0,0,0,1
645,64.516900,64.524060,12.200196,0.007990000,0.5324174,6.4957300,419.088900,419.078200,0,0,1,1,0,0,0,1
646,64.616900,64.624060,12.199808,0.007981876,0.5321312,6.4918830,419.740400,419.729600,0,0,1,1,0,0,0,1
647,64.717240,64.724360,12.200004,0.007980000,0.5319788,6.4901130,420.391600,420.380900,0,0,1,1,0,0,0,1
648,64.817240,64.824340,12.200196,0.007989380,0.5326082,6.4979260,421.042000,421.031300,0,0,1,1,0,0,0,1
649,64.916760,64.923940,12.200980,0.007993440,0.5328942,6.5017700,421.686600,421.675800,0,0,1,1,0,0,0,1
650,65.016840,65.024000,12.200004,0.007991564,0.5327608,6.4987190,422.338000,422.327300,0,0,1,1,0,0,0,1
651,65.117100,65.124280,12.200390,0.007987812,0.5328752,6.5013440,422.988300,422.977600,0,0,1,1,0,0,0,1
652,65.216760,65.223860,12.201172,0.007984066,0.5322458,6.4939580,423.635800,423.625000,0,0,1,1,0,0,0,1
653,65.317100,65.324160,12.201368,0.007983128,0.5322076,6.4935310,424.291200,424.280400,0,0,1,1,0,0,0,1
654,65.416700,65.423900,12.201172,0.007979376,0.5319406,6.4902960,424.938500,424.927800,0,0,1,1,0,0,0,1
655,65.517100,65.524300,12.201172,0.007979376,0.5319406,6.4903580,425.590000,425.579300,0,0,1,1,0,0,0,1
656,65.616680,65.623900,12.200196,0.007988440,0.5325510,6.4978040,426.237400,426.226600,0,0,1,1,0,0,0,1
657,65.716960,65.724140,12.201368,0.007989380,0.5325700,6.4975620,426.888800,426.878100,0,0,1,1,0,0,0,1
658,65.816960,65.824140,12.200590,0.007986880,0.5324556,6.4960940,427.540100,427.529400,0,0,1,1,0,0,0,1
659,65.917140,65.924240,12.199416,0.007983752,0.5322458,6.4929840,428.190500,428.179700,0,0,1,1,0,0,0,1
660,66.016660,66.023840,12.200196,0.007990940,0.5327036,6.4991460,428.838900,428.828200,0,0,1,1,0,0,0,1
661,66.116940,66.124140,12.201568,0.007988440,0.5325510,6.4978660,429.489300,429.478600,0,0,1,1,0,0,0,1
662,66.217020,66.224140,12.201172,0.007990312,0.5326844,6.5040290,430.140800,430.130000,0,0,1,1,0,0,0,1
663,66.316720,66.323860,12.200590,0.007982190,0.5333330,6.5065320,430.788100,430.777400,0,0,1,1,0,0,0,1
664,66.416860,66.424000,12.200784,0.007981876,0.5321312,6.4926160,431.439600,431.428900,0,0,1,1,0,0,0,1
665,66.517060,66.525140,12.200196,0.007976250,0.5317498,6.4873060,432.093900,432.083200,0,0,1,1,0,0,0,1
666,66.616680,66.623860,12.201956,0.007989064,0.5326082,6.4987190,432.738400,432.727700,0,0,1,1,0,0,0,1
667,66.717200,66.724360,12.200004,0.007989380,0.5326272,6.4978660,433.389700,433.379000,0,0,1,1,0,0,0,1
668,66.817200,66.824340,12.200784,0.007995940,0.5330660,6.4923100,434.040100,434.029400,0,0,1,1,0,0,0,1
669,66.916960,66.924160,12.200390,0.007984688,0.5321694,6.4928600,434.687600,434.676800,0,0,1,1,0,0,0,1
670,67.022100,67.029300,12.199808,0.007992812,0.5328560,6.5006130,435.372100,435.361400,0,0,1,1,0,0,0,1
671,67.116700,67.123820,12.201368,0.007984376,0.5322648,6.4943860,435.986400,435.975600,0,0,1,1,0,0,0,1
672,67.216940,67.224040,12.199612,0.007980940,0.5320360,6.4907240,436.637800,436.627000,0,0,1,1,0,0,0,1
673,67.316880,67.324060,12.200004,0.007993440,0.5328752,6.5011000,437.289200,437.278500,0,0,1,1,0,0,0,1
674,67.416960,67.424100,12.200980,0.007985314,0.5323410,6.4953010,437.940500,437.929700,0,0,1,1,0,0,0,1
675,67.517000,67.524160,12.199808,0.007993440,0.5322076,6.4930420,438.588000,438.577300,0,0,1,1,0,0,0,1
676,67.619660,67.627100,12.200390,0.007989380,0.5326082,6.4980480,439.257000,439.246300,0,0,1,1,0,0,0,1
677,67.717020,67.724200,12.200590,0.007989064,0.5325890,6.4978660,439.889700,439.879000,0,0,1,1,0,0,0,1
678,67.817060,67.824140,12.200980,0.007981568,0.5320932,6.4919440,440.538100,440.527400,0,0,1,1,0,0,0,1
679,67.917140,67.924260,12.200390,0.007990000,0.5326654,6.4985960,441.188500,441.177800,0,0,1,1,0,0,0,1
680,68.017200,68.024340,12.199220,0.007987500,0.5324936,6.4942640,441.840000,441.829300,0,0,1,1,0,0,0,1
681,68.117020,68.124160,12.200590,0.007994064,0.5323602,6.4953010,442.491400,442.480600,0,0,1,1,0,0,0,1
682,68.216760,68.223860,12.199808,0.007983752,0.5322458,6.4935310,443.138800,443.128100,0,0,1,1,0,0,0,1
683,68.317140,68.324320,12.200390,0.007985628,0.5323602,6.4949960,443.790200,443.779500,0,0,1,1,0,0,0,1
684,68.421740,68.428940,12.200196,0.007989380,0.5324364,6.4957900,444.469800,444.459000,0,0,1,1,0,0,0,1
685,68.516840,68.523960,12.200390,0.007985940,0.5323792,6.4951200,445.089000,445.078300,0,0,1,1,0,0,0,1
686,68.616920,68.624100,12.200004,0.007985314,0.5323602,6.4934700,445.739300,445.728600,0,0,1,1,0,0,0,1
687,68.716700,68.723860,12.201368,0.007990000,0.5319788,6.4905420,446.386800,446.376000,0,0,1,1,0,0,0,1
688,68.816700,68.823840,12.200590,0.007984688,0.5323030,6.4944460,447.038100,447.027400,0,0,1,1,0,0,0,1
689,68.916760,68.923940,12.199220,0.007986564,0.5324364,6.4953620,447.685600,447.674800,0,0,1,1,0,0,0,1
690,69.017040,69.024180,12.200004,0.007988752,0.5325700,6.4973760,448.339900,448.329200,0,0,1,1,0,0,0,1
691,69.117160,69.124340,12.201568,0.007983752,0.5322458,6.4940800,448.991200,448.980500,0,0,1,1,0,0,0,1
692,69.216700,69.223840,12.200196,0.007988752,0.5325700,6.4915160,449.634900,449.624200,0,0,1,1,0,0,0,1
693,69.316860,69.324020,12.200390,0.007993440,0.5323030,6.4940800,450.286200,450.275400,0,0,1,1,0,0,0,1
694,69.416800,69.423900,12.199808,0.007991876,0.5327988,6.5003080,450.937600,450.926800,0,0,1,1,0,0,0,1
695,69.516980,69.524120,12.200390,0.007990000,0.5326462,6.4984760,451.588000,451.577300,0,0,1,1,0,0,0,1
696,69.616940,69.624160,12.199808,0.007963752,0.5308916,6.4768680,452.239300,452.228600,0,0,1,1,0,0,0,1
697,69.716760,69.724000,12.200590,0.007980000,0.5319788,6.4904800,452.885800,452.875000,0,0,1,1,0,0,0,1
698,69.816700,69.823900,12.201568,0.007970630,0.5313684,6.4796760,453.531400,453.520700,0,0,1,1,0,0,0,1
699,69.916880,69.924000,12.200390,0.007965004,0.5313874,6.4833380,454.181700,454.171000,0,0,1,1,0,0,0,1
700,70.017000,70.024180,12.201760,0.007974064,0.5315972,6.4862700,454.831100,454.820400,0,0,1,1,0,0,0,1
701,70.117080,70.124260,12.201368,0.007982190,0.5321504,6.4927980,455.481500,455.470800,0,0,1,1,0,0,0,1
702,70.216720,70.223900,12.200196,0.007969376,0.5312920,6.4818120,456.128000,456.117200,0,0,1,1,0,0,0,1
703,70.316800,70.324000,12.200980,0.007977502,0.5318260,6.4886480,456.777400,456.766600,0,0,1,1,0,0,0,1
704,70.416820,70.423960,12.200004,0.007975316,0.5316736,6.4920680,457.427900,457.417200,0,0,1,1,0,0,0,1
705,70.516740,70.523840,12.200004,0.007970938,0.5314828,6.4839480,458.074300,458.063500,0,0,1,1,0,0,0,1
706,70.616700,70.623940,12.200590,0.007967504,0.5311586,6.4801660,458.724800,458.714000,0,0,1,1,0,0,0,1
707,70.717040,70.724200,12.200784,0.007968750,0.5312540,6.4816920,459.374200,459.363400,0,0,1,1,0,0,0,1
708,70.817040,70.824140,12.200980,0.007974064,0.5315972,6.4859020,460.024400,460.013700,0,0,1,1,0,0,0,1
709,70.916700,70.923840,12.200784,0.007966564,0.5310822,6.4796150,460.671000,460.660200,0,0,1,1,0,0,0,1
710,71.016920,71.024100,12.200590,0.007973436,0.5315590,6.4853540,461.320400,461.309600,0,0,1,1,0,0,0,1
711,71.117060,71.124160,12.201172,0.007977190,0.5313874,6.4832780,461.970800,461.960000,0,0,1,1,0,0,0,1
712,71.217240,71.229400,12.200590,0.007977502,0.5318260,6.4885260,462.653400,462.642600,0,0,1,1,0,0,0,1
713,71.316700,71.323840,12.201172,0.007975628,0.5316926,6.4871860,463.263700,463.253000,0,0,1,1,0,0,0,1
714,71.416860,71.424000,12.200590,0.007973436,0.5315590,6.4852300,463.913100,463.902400,0,0,1,1,0,0,0,1
715,71.516800,71.523900,12.200390,0.007982190,0.5321312,6.4922500,464.563500,464.552800,0,0,1,1,0,0,0,1
716,71.616760,71.623940,12.200784,0.007980316,0.5320168,6.4849250,465.214000,465.203300,0,0,1,1,0,0,0,1
717,71.718580,71.726000,12.200980,0.007973436,0.5315400,6.4852920,465.874100,465.863300,0,0,1,1,0,0,0,1
718,71.816960,71.824100,12.200784,0.007987812,0.5325128,6.4969500,466.510800,466.500000,0,0,1,1,0,0,0,1
719,71.917100,71.924240,12.200390,0.007980316,0.5320168,6.4907840,467.162300,467.151500,0,0,1,1,0,0,0,1
720,72.017220,72.024400,12.200004,0.007985628,0.5323602,6.4947520,467.812600,467.801800,0,0,1,1,0,0,0,1
721,72.116740,72.123880,12.200196,0.007980316,0.5320168,6.4907240,468.460000,468.449300,0,0,1,1,0,0,0,1
722,72.217000,72.224160,12.199808,0.007990940,0.5318070,6.4881000,469.111400,469.100600,0,0,1,1,0,0,0,1
723,72.316900,72.324020,12.200784,0.007989064,0.5329514,6.5023820,469.762800,469.752000,0,0,1,1,0,0,0,1
724,72.417100,72.424200,12.200590,0.007993440,0.5328752,6.5014040,470.414200,470.403500,0,0,1,1,0,0,0,1
725,72.516980,72.524160,12.199612,0.007978440,0.5318834,6.4887120,471.061600,471.050800,0,0,1,1,0,0,0,1
726,72.616660,72.628920,12.200196,0.007993124,0.5328560,6.5003660,471.741200,471.730500,0,0,1,1,0,0,0,1
727,72.717200,72.724360,12.202150,0.007989690,0.5326272,6.4992080,472.363300,472.352600,0,0,1,1,0,0,0,1
728,72.817180,72.824260,12.201568,0.007991564,0.5321122,6.4921280,473.010800,473.000000,0,0,1,1,0,0,0,1
729,72.916700,72.923900,12.200980,0.007990940,0.5323030,6.4943860,473.658400,473.647600,0,0,1,1,0,0,0,1
730,73.016740,73.023900,12.198830,0.007990628,0.5327036,6.4985960,474.309600,474.298900,0,0,1,1,0,0,0,1
731,73.117080,73.124280,12.199808,0.007986564,0.5324174,6.4954250,474.961000,474.950200,0,0,1,1,0,0,0,1
732,73.216760,73.223920,12.200590,0.007985000,0.5323220,6.4946900,475.608400,475.597700,0,0,1,1,0,0,0,1
733,73.316760,73.323840,12.200784,0.007987500,0.5324936,6.4968260,476.259800,476.249100,0,0,1,1,0,0,0,1
734,73.416740,73.423860,12.200590,0.007990628,0.5327036,6.4951780,476.911200,476.900400,0,0,1,1,0,0,0,1
735,73.517060,73.524180,12.200980,0.007986564,0.5323602,6.4946900,477.562700,477.551900,0,0,1,1,0,0,0,1
736,73.616660,73.623860,12.200590,0.007987500,0.5324936,6.4965820,478.210000,478.199300,0,0,1,1,0,0,0,1
737,73.716760,73.723860,12.200004,0.007984376,0.5322838,6.4937760,478.861500,478.850800,0,0,1,1,0,0,0,1
738,73.816960,73.824200,12.200196,0.007985940,0.5323792,6.4951200,479.512900,479.502100,0,0,1,1,0,0,0,1
739,73.917220,73.924360,12.200590,0.007993750,0.5328942,6.5016480,480.164100,480.153400,0,0,1,1,0,0,0,1
740,74.016700,74.023940,12.201368,0.007992190,0.5328180,6.4991460,480.811700,480.801000,0,0,1,1,0,0,0,1
741,74.116800,74.123940,12.200196,0.007993124,0.5319596,6.4899320,481.462900,481.452200,0,0,1,1,0,0,0,1
742,74.217140,74.224360,12.200196,0.007983128,0.5321884,6.4927980,482.114300,482.103600,0,0,1,1,0,0,0,1
743,74.316700,74.323800,12.200390,0.007987500,0.5324936,6.4965220,482.761800,482.751000,0,0,1,1,0,0,0,1
744,74.416760,74.423900,12.200004,0.007995316,0.5330086,6.5026860,483.413100,483.402400,0,0,1,1,0,0,0,1
745,74.517040,74.524120,12.200196,0.007988128,0.5325318,6.4968260,484.064500,484.053800,0,0,1,1,0,0,0,1
746,74.616700,74.623880,12.200390,0.007997190,0.5331422,6.5021980,484.712000,484.701200,0,0,1,1,0,0,0,1
747,74.716840,74.724000,12.201368,0.007990940,0.5330468,6.5033600,485.363300,485.352600,0,0,1,1,0,0,0,1
748,74.816780,74.823940,12.199808,0.007986252,0.5324174,6.4956680,486.010800,486.000000,0,0,1,1,0,0,0,1
749,74.917040,74.924100,12.200390,0.007982190,0.5321312,6.4921880,486.662200,486.651400,0,0,1,1,0,0,0,1
750,75.017040,75.024200,12.200196,0.007989064,0.5325890,6.4976820,487.313600,487.302900,0,0,1,1,0,0,0,1
751,75.116700,75.123880,12.200784,0.007983752,0.5322458,6.4937760,487.961000,487.950200,0,0,1,1,0,0,0,1
752,75.216860,75.224060,12.199808,0.007991564,0.5329514,6.5021380,488.612500,488.601700,0,0,1,1,0,0,0,1
753,75.316700,75.323860,12.200196,0.007982500,0.5328180,6.5004280,489.262800,489.252000,0,0,1,1,0,0,0,1
754,75.421560,75.428780,12.199416,0.007994064,0.5329132,6.5013440,489.943400,489.932700,0,0,1,1,0,0,0,1
755,75.517000,75.524160,12.201172,0.007984376,0.5322838,6.4943860,490.562700,490.551900,0,0,1,1,0,0,0,1
756,75.616680,75.623880,12.200590,0.007992190,0.5328180,6.5005500,491.212900,491.202200,0,0,1,1,0,0,0,1
757,75.716860,75.723960,12.199808,0.007991252,0.5327226,6.4990880,491.860400,491.849600,0,0,1,1,0,0,0,1
758,75.817060,75.824300,12.200784,0.007986880,0.5323792,6.4953620,492.515800,492.505000,0,0,1,1,0,0,0,1
759,75.916700,75.923900,12.200784,0.007994690,0.5325700,6.4981080,493.163200,493.152500,0,0,1,1,0,0,0,1
760,76.016660,76.023840,12.200390,0.007976876,0.5317880,6.4877960,493.810600,493.799800,0,0,1,1,0,0,0,1
761,76.116840,76.124060,12.200196,0.007990628,0.5326844,6.4989020,494.462100,494.451400,0,0,1,1,0,0,0,1
762,76.216720,76.223920,12.201368,0.007980628,0.5320360,6.4914580,495.112400,495.101600,0,0,1,1,0,0,0,1
763,76.316960,76.324100,12.199612,0.007980940,0.5320550,6.4907840,495.763700,495.753000,0,0,1,1,0,0,0,1
764,76.416860,76.424020,12.200784,0.007978440,0.5317690,6.4880380,496.411200,496.400400,0,0,1,1,0,0,0,1
765,76.516960,76.524120,12.200784,0.007985314,0.5323410,6.4947520,497.062600,497.051800,0,0,1,1,0,0,0,1
766,76.616680,76.623820,12.199612,0.007980628,0.5320360,6.4910280,497.710000,497.699300,0,0,1,1,0,0,0,1
767,76.716860,76.724040,12.200004,0.007985628,0.5323602,6.4946900,498.360500,498.349800,0,0,1,1,0,0,0,1
768,76.817200,76.824440,12.200390,0.007981252,0.5320740,6.4915160,499.014800,499.004100,0,0,1,1,0,0,0,1
769,76.916740,76.923840,12.200784,0.007982190,0.5321504,6.4924940,499.658200,499.647500,0,0,1,1,0,0,0,1
770,77.016960,77.024160,12.201172,0.007980000,0.5326844,6.4987820,500.309600,500.298900,0,0,1,1,0,0,0,1
771,77.117100,77.124280,12.200590,0.007983440,0.5322076,6.4930420,500.961100,500.950400,0,0,1,1,0,0,0,1
772,77.217140,77.224300,12.199808,0.007984376,0.5322648,6.4935940,501.611400,501.600600,0,0,1,1,0,0,0,1
773,77.316660,77.323800,12.200196,0.007989064,0.5325890,6.4975620,502.258800,502.248100,0,0,1,1,0,0,0,1
774,77.416900,77.424060,12.200590,0.007986564,0.5324174,6.4957900,502.910200,502.899400,0,0,1,1,0,0,0,1
775,77.516960,77.524120,12.200980,0.007989064,0.5326082,6.4981720,503.561600,503.550800,0,0,1,1,0,0,0,1
776,77.616700,77.623860,12.201172,0.007987188,0.5324746,6.4938360,504.209000,504.198300,0,0,1,1,0,0,0,1
777,77.717100,77.724220,12.201368,0.007986880,0.5324364,6.4962780,504.859600,504.848800,0,0,1,1,0,0,0,1
778,77.816960,77.824240,12.200784,0.007983128,0.5322076,6.4932880,505.510800,505.500000,0,0,1,1,0,0,0,1
779,77.916760,77.923860,12.201172,0.007986564,0.5324364,6.4961560,506.158400,506.147600,0,0,1,1,0,0,0,1
780,78.017200,78.024340,12.200390,0.007988128,0.5325318,6.4970100,506.813500,506.802800,0,0,1,1,0,0,0,1
781,78.116660,78.123820,12.200196,0.007988128,0.5325318,6.4970710,507.457200,507.446400,0,0,1,1,0,0,0,1
782,78.217080,78.224300,12.200590,0.007983440,0.5329514,6.5021980,508.112400,508.101600,0,0,1,1,0,0,0,1
783,78.317200,78.324340,12.199612,0.007984376,0.5322838,6.4940800,508.762800,508.752000,0,0,1,1,0,0,0,1
784,78.416660,78.423800,12.200784,0.007986564,0.5324364,6.4960360,509.407300,509.396500,0,0,1,1,0,0,0,1
785,78.517000,78.524160,12.200004,0.007991564,0.5327608,6.4995740,510.061600,510.050800,0,0,1,1,0,0,0,1
786,78.616680,78.623820,12.201172,0.007986564,0.5324364,6.4962160,510.710000,510.699300,0,0,1,1,0,0,0,1
787,78.717080,78.724200,12.199808,0.007990940,0.5327036,6.4989020,511.360400,511.349600,0,0,1,1,0,0,0,1
788,78.817200,78.824380,12.200980,0.007983128,0.5324746,6.4959720,512.011800,512.001000,0,0,1,1,0,0,0,1
789,78.916760,78.923860,12.200004,0.007985000,0.5326654,6.4988420,512.659200,512.648600,0,0,1,1,0,0,0,1
790,79.016900,79.024060,12.200004,0.007986252,0.5323984,6.4953010,513.309600,513.299000,0,0,1,1,0,0,0,1
791,79.117000,79.124100,12.200590,0.007979376,0.5319406,6.4900520,513.961000,513.950400,0,0,1,1,0,0,0,1
792,79.216940,79.224100,12.201172,0.007994064,0.5329324,6.5022590,514.608400,514.597800,0,0,1,1,0,0,0,1
793,79.317180,79.324300,12.200390,0.007980316,0.5320168,6.4907840,515.259800,515.249000,0,0,1,1,0,0,0,1
794,79.417200,79.424300,12.200196,0.007982816,0.5319788,6.4902370,515.910200,515.899400,0,0,1,1,0,0,0,1
795,79.516700,79.523880,12.199612,0.007985314,0.5326654,6.4989640,516.557600,516.547000,0,0,1,1,0,0,0,1
796,79.617000,79.624200,12.201568,0.007983752,0.5322458,6.4941420,517.209000,517.198400,0,0,1,1,0,0,0,1
797,79.717240,79.724380,12.201172,0.007981568,0.5321122,6.4922500,517.860400,517.849600,0,0,1,1,0,0,0,1
798,79.816760,79.823860,12.200196,0.007989690,0.5326272,6.4981080,518.508000,518.497200,0,0,1,1,0,0,0,1
799,79.916740,79.923960,12.200390,0.007985628,0.5323792,6.4951200,519.158400,519.147600,0,0,1,1,0,0,0,1
800,80.017220,80.024360,12.200196,0.007993750,0.5327798,6.5001220,519.809600,519.799000,0,0,1,1,0,0,0,1
801,80.116680,80.123860,12.199808,0.007985628,0.5329132,6.5014040,520.457200,520.446400,0,0,1,1,0,0,0,1
802,80.217020,80.224200,12.199612,0.007991252,0.5327416,6.4991460,521.108400,521.097800,0,0,1,1,0,0,0,1
803,80.316700,80.323800,12.199024,0.007981568,0.5320932,6.4909680,521.756000,521.745200,0,0,1,1,0,0,0,1
804,80.416760,80.423900,12.201956,0.007975004,0.5316736,6.4873060,522.407400,522.396600,0,0,1,1,0,0,0,1
805,80.517040,80.524180,12.201172,0.007990628,0.5326844,6.4993920,523.058600,523.048000,0,0,1,1,0,0,0,1
806,80.616740,80.623940,12.200004,0.007995940,0.5325510,6.4974380,523.706200,523.695400,0,0,1,1,0,0,0,1
807,80.717000,80.724160,12.199808,0.007987188,0.5324746,6.4960360,524.356600,524.345800,0,0,1,1,0,0,0,1
808,80.816720,80.823860,12.200590,0.007981252,0.5320740,6.4915780,525.008000,524.997200,0,0,1,1,0,0,0,1
809,80.916820,80.923960,12.200980,0.007995940,0.5330468,6.5036640,525.655400,525.644600,0,0,1,1,0,0,0,1
810,81.016840,81.024000,12.200196,0.007986880,0.5324556,6.4959120,526.306800,526.296000,0,0,1,1,0,0,0,1
811,81.117080,81.124220,12.200004,0.007990628,0.5327036,6.4989020,526.958000,526.947400,0,0,1,1,0,0,0,1
812,81.216700,81.223860,12.200390,0.007985000,0.5326272,6.4985360,527.605600,527.594800,0,0,1,1,0,0,0,1
813,81.316720,81.323860,12.201368,0.007978128,0.5332756,6.5059220,528.257000,528.246200,0,0,1,1,0,0,0,1
814,81.417060,81.424200,12.199612,0.007981568,0.5320932,6.4912720,528.908400,528.897600,0,0,1,1,0,0,0,1
815,81.517160,81.524300,12.201172,0.007991564,0.5327608,6.5004280,529.558600,529.548000,0,0,1,1,0,0,0,1
816,81.616680,81.623900,12.200196,0.007988440,0.5325510,6.4971940,530.206200,530.195400,0,0,1,1,0,0,0,1
817,81.716780,81.723960,12.200004,0.007985628,0.5323602,6.4947520,530.857400,530.846800,0,0,1,1,0,0,0,1
818,81.816720,81.823900,12.200196,0.007992504,0.5325700,6.4974980,531.506000,531.495200,0,0,1,1,0,0,0,1
819,81.916700,81.923840,12.200196,0.007989064,0.5320932,6.4916380,532.156400,532.145600,0,0,1,1,0,0,0,1
820,82.016800,82.024000,12.200004,0.007984376,0.5322838,6.4937760,532.807600,532.797000,0,0,1,1,0,0,0,1
821,82.117260,82.124400,12.200980,0.007990628,0.5327036,6.4993920,533.459000,533.448400,0,0,1,1,0,0,0,1
822,82.216700,82.223800,12.200980,0.007987188,0.5324746,6.4965820,534.106600,534.095800,0,0,1,1,0,0,0,1
823,82.316760,82.323900,12.200196,0.007985628,0.5323602,6.4948740,534.758000,534.747200,0,0,1,1,0,0,0,1
824,82.417100,82.424260,12.200784,0.007993440,0.5329704,6.5023200,535.409200,535.398600,0,0,1,1,0,0,0,1
825,82.517160,82.524300,12.201368,0.007994064,0.5329324,6.5019540,536.060600,536.050000,0,0,1,1,0,0,0,1
826,82.616700,82.624700,12.200004,0.007992812,0.5328370,6.5006130,536.712000,536.701200,0,0,1,1,0,0,0,1
827,82.716700,82.723840,12.201172,0.007985940,0.5323984,6.4957900,537.355600,537.344800,0,0,1,1,0,0,0,1
828,82.816720,82.823800,12.200196,0.007993440,0.5328752,6.5012240,538.007000,537.996200,0,0,1,1,0,0,0,1
829,82.916700,82.923860,12.200196,0.007993750,0.5329132,6.5014660,538.658400,538.647600,0,0,1,1,0,0,0,1
830,83.016840,83.024000,12.200004,0.007986880,0.5324174,6.4954840,539.309600,539.299000,0,0,1,1,0,0,0,1
831,83.116760,83.123900,12.200196,0.007988128,0.5325318,6.4967660,539.956200,539.945400,0,0,1,1,0,0,0,1
832,83.217140,83.224240,12.200390,0.007991876,0.5327798,6.5002440,540.607400,540.596800,0,0,1,1,0,0,0,1
833,83.316660,83.323800,12.200004,0.007989380,0.5326082,6.4978040,541.256000,541.245200,0,0,1,1,0,0,0,1
834,83.416820,83.423940,12.199024,0.007993750,0.5328942,6.5008560,541.906400,541.895600,0,0,1,1,0,0,0,1
835,83.517060,83.524160,12.200980,0.007985940,0.5323984,6.4957300,542.557600,542.547000,0,0,1,1,0,0,0,1
836,83.616860,83.624000,12.200980,0.007988752,0.5319978,6.4910900,543.209000,543.198400,0,0,1,1,0,0,0,1
837,83.716720,83.723900,12.200980,0.007990000,0.5326654,6.4989640,543.856600,543.845800,0,0,1,1,0,0,0,1
838,83.816760,83.824000,12.200390,0.007993124,0.5328560,6.5011000,544.508000,544.497200,0,0,1,1,0,0,0,1
839,83.916800,83.923960,12.201568,0.007998438,0.5332184,6.5061660,545.159200,545.148600,0,0,1,1,0,0,0,1
840,84.023800,84.031260,12.199808,0.007990628,0.5327036,6.4987820,545.853600,545.842800,0,0,1,1,0,0,0,1
841,84.116740,84.123940,12.200004,0.007983440,0.5322266,6.4931040,546.458000,546.447400,0,0,1,1,0,0,0,1
842,84.217000,84.224140,12.200590,0.007990940,0.5325700,6.4979260,547.109400,547.098800,0,0,1,1,0,0,0,1
843,84.316800,84.323940,12.200590,0.007985000,0.5323410,6.4943240,547.757000,547.746200,0,0,1,1,0,0,0,1
844,84.416740,84.423840,12.200196,0.007985314,0.5323410,6.4945680,548.407400,548.396600,0,0,1,1,0,0,0,1
845,84.516980,84.524120,12.201172,0.007984066,0.5322648,6.4941420,549.058600,549.048000,0,0,1,1,0,0,0,1
846,84.617240,84.624400,12.200784,0.007987500,0.5324936,6.4967040,549.710000,549.699400,0,0,1,1,0,0,0,1
847,84.717160,84.724320,12.200196,0.007989380,0.5326272,6.4981080,550.361400,550.350600,0,0,1,1,0,0,0,1
848,84.816700,84.823840,12.200980,0.007994376,0.5322648,6.4937140,551.005000,550.994200,0,0,1,1,0,0,0,1
849,84.916800,84.923940,12.200980,0.007986564,0.5324174,6.4954840,551.656400,551.645600,0,0,1,1,0,0,0,1
850,85.016960,85.024100,12.200784,0.007978752,0.5319024,6.4895640,552.307600,552.297000,0,0,1,1,0,0,0,1
851,85.117000,85.124200,12.200784,0.007999064,0.5332756,6.5062260,552.959000,552.948400,0,0,1,1,0,0,0,1
852,85.217080,85.224320,12.200390,0.007987188,0.5324746,6.4964600,553.610400,553.599600,0,0,1,1,0,0,0,1
853,85.316700,85.323760,12.199220,0.007981252,0.5320740,6.4907840,554.257000,554.246200,0,0,1,1,0,0,0,1
854,85.416740,85.423780,12.200390,0.007981876,0.5320740,6.4920680,554.905400,554.894600,0,0,1,1,0,0,0,1
855,85.516740,85.523880,12.200980,0.007992812,0.5328560,6.5007340,555.555800,555.545000,0,0,1,1,0,0,0,1
856,85.616760,85.623880,12.200590,0.007985314,0.5323410,6.4948740,556.207200,556.196400,0,0,1,1,0,0,0,1
857,85.716940,85.724060,12.199416,0.007998438,0.5332184,6.5048220,556.858400,556.847800,0,0,1,1,0,0,0,1
858,85.816720,85.823800,12.200390,0.007987812,0.5325128,6.4968880,557.507000,557.496200,0,0,1,1,0,0,0,1
859,85.916800,85.923940,12.200390,0.007994064,0.5329324,6.5018920,558.157400,558.146600,0,0,1,1,0,0,0,1
860,86.016980,86.024160,12.199024,0.007984066,0.5332566,6.5060440,558.808600,558.798000,0,0,1,1,0,0,0,1
861,86.117060,86.124300,12.200980,0.007991564,0.5327608,6.4998780,559.460000,559.449400,0,0,1,1,0,0,0,1
862,86.216720,86.223840,12.201368,0.007988128,0.5325318,6.4976200,560.107400,560.096800,0,0,1,1,0,0,0,1
863,86.317040,86.324200,12.200004,0.007979376,0.5319596,6.4897460,560.759000,560.748200,0,0,1,1,0,0,0,1
864,86.417220,86.424300,12.200784,0.007990628,0.5327036,6.4993920,561.410200,561.399400,0,0,1,1,0,0,0,1
865,86.516740,86.523840,12.200784,0.007980316,0.5320168,6.4909680,562.057600,562.047000,0,0,1,1,0,0,0,1
866,86.616760,86.623940,12.199808,0.007988128,0.5326654,6.4985360,562.709000,562.698400,0,0,1,1,0,0,0,1
867,86.716700,86.723900,12.201172,0.007980316,0.5320168,6.4907240,563.356600,563.345800,0,0,1,1,0,0,0,1
868,86.816900,86.824100,12.200196,0.007993124,0.5328560,6.5009180,564.008000,563.997200,0,0,1,1,0,0,0,1
869,86.916800,86.923960,12.200784,0.007996564,0.5330850,6.5039700,564.659200,564.648600,0,0,1,1,0,0,0,1
870,87.016860,87.023940,12.200004,0.007993440,0.5328752,6.5011000,565.306800,565.296000,0,0,1,1,0,0,0,1
871,87.116840,87.123960,12.200784,0.007987500,0.5324746,6.4966460,565.957200,565.946400,0,0,1,1,0,0,0,1
872,87.216940,87.224040,12.199612,0.007997504,0.5323602,6.4951780,566.608400,566.597800,0,0,1,1,0,0,0,1
873,87.317240,87.324400,12.199808,0.007993440,0.5328752,6.5011600,567.259800,567.249000,0,0,1,1,0,0,0,1
874,87.417060,87.424240,12.200784,0.007991564,0.5327798,6.5001840,567.911200,567.900400,0,0,1,1,0,0,0,1
875,87.516700,87.523840,12.199612,0.007984376,0.5322838,6.4935940,568.559600,568.549000,0,0,1,1,0,0,0,1
876,87.616920,87.624000,12.200196,0.007996564,0.5331040,6.5039070,569.211000,569.200400,0,0,1,1,0,0,0,1
877,87.717080,87.724220,12.200004,0.007987188,0.5324746,6.4960940,569.862400,569.851600,0,0,1,1,0,0,0,1
878,87.816660,87.823840,12.200390,0.007993750,0.5321884,6.4929840,570.509800,570.499000,0,0,1,1,0,0,0,1
879,87.916800,87.923860,12.199808,0.007993750,0.5328942,6.5014660,571.157400,571.146600,0,0,1,1,0,0,0,1
880,88.021700,88.028940,12.200196,0.007992190,0.5328180,6.4984140,571.841000,571.830200,0,0,1,1,0,0,0,1
881,88.116700,88.123960,12.200196,0.007991564,0.5327608,6.4996340,572.459000,572.448400,0,0,1,1,0,0,0,1
882,88.217040,88.224160,12.200004,0.007996876,0.5331040,6.5039070,573.110400,573.099600,0,0,1,1,0,0,0,1
883,88.317180,88.324340,12.200784,0.007986252,0.5324174,6.4958500,573.761800,573.751000,0,0,1,1,0,0,0,1
884,88.416700,88.423900,12.200980,0.007993750,0.5325700,6.4976200,574.409200,574.398600,0,0,1,1,0,0,0,1
885,88.516660,88.523800,12.200196,0.007992190,0.5327988,6.4999400,575.056800,575.046000,0,0,1,1,0,0,0,1
886,88.616760,88.623900,12.200590,0.007984376,0.5323030,6.4942040,575.708000,575.697400,0,0,1,1,0,0,0,1
887,88.716780,88.723960,12.199220,0.007992190,0.5327988,6.4997560,576.359400,576.348800,0,0,1,1,0,0,0,1
888,88.817040,88.824160,12.200390,0.007982190,0.5321504,6.4923740,577.010800,577.000000,0,0,1,1,0,0,0,1
889,88.916960,88.924160,12.199612,0.007997504,0.5331612,6.5042760,577.662200,577.651400,0,0,1,1,0,0,0,1
890,89.016660,89.023840,12.201172,0.007988128,0.5328752,6.5012820,578.309600,578.299000,0,0,1,1,0,0,0,1
891,89.116920,89.124140,12.200196,0.007986252,0.5323984,6.4954250,578.961000,578.950400,0,0,1,1,0,0,0,1
892,89.217160,89.224320,12.200784,0.007990940,0.5327036,6.4994520,579.612400,579.601600,0,0,1,1,0,0,0,1
893,89.316700,89.323800,12.201172,0.007983128,0.5322076,6.4934700,580.259800,580.249000,0,0,1,1,0,0,0,1
894,89.416740,89.423960,12.200196,0.007986880,0.5324364,6.4958500,580.911200,580.900400,0,0,1,1,0,0,0,1
895,89.517040,89.524200,12.200590,0.007980940,0.5320360,6.4912120,581.562600,581.551800,0,0,1,1,0,0,0,1
896,89.616920,89.624140,12.200390,0.007986880,0.5325128,6.4966460,582.210000,582.199400,0,0,1,1,0,0,0,1
897,89.717080,89.724240,12.200196,0.007984066,0.5322648,6.4940200,582.861400,582.850600,0,0,1,1,0,0,0,1
898,89.816700,89.823900,12.200980,0.007982816,0.5321694,6.4929840,583.509000,583.498200,0,0,1,1,0,0,0,1
899,89.916800,89.923900,12.200590,0.007986252,0.5323984,6.4956060,584.160200,584.149400,0,0,1,1,0,0,0,1
900,90.016740,90.023900,12.200590,0.007988128,0.5325318,6.4971320,584.810600,584.800000,0,0,1,1,0,0,0,1
901,90.116840,90.124060,12.200196,0.007995624,0.5330278,6.5030540,585.462000,585.451200,0,0,1,1,0,0,0,1
902,90.216760,90.223900,12.201172,0.007987812,0.5326272,6.4981080,586.109400,586.098800,0,0,1,1,0,0,0,1
903,90.317060,90.324160,12.199808,0.007986564,0.5324174,6.4962160,586.760800,586.750000,0,0,1,1,0,0,0,1
904,90.416740,90.423860,12.199808,0.007986252,0.5324174,6.4953620,587.408400,587.397600,0,0,1,1,0,0,0,1
905,90.517140,90.524240,12.199416,0.007990628,0.5327036,6.4986580,588.063600,588.052800,0,0,1,1,0,0,0,1
906,90.616680,90.623860,12.200004,0.007985314,0.5323410,6.4946300,588.711000,588.700400,0,0,1,1,0,0,0,1
907,90.716860,90.724060,12.199808,0.007977816,0.5318452,6.4882820,589.362400,589.351600,0,0,1,1,0,0,0,1
908,90.817200,90.824400,12.199808,0.007985628,0.5328560,6.5010380,590.012800,590.002000,0,0,1,1,0,0,0,1
909,90.916760,90.923940,12.200196,0.007989380,0.5326082,6.4982300,590.661200,590.650400,0,0,1,1,0,0,0,1
910,91.016860,91.024040,12.200390,0.007986564,0.5324174,6.4957300,591.311600,591.300800,0,0,1,1,0,0,0,1
911,91.117080,91.124220,12.200390,0.007984688,0.5323220,6.4943860,591.963000,591.952200,0,0,1,1,0,0,0,1
912,91.217200,91.224360,12.200784,0.007989690,0.5326462,6.4985960,592.614400,592.603600,0,0,1,1,0,0,0,1
913,91.317200,91.324340,12.200196,0.007989064,0.5326082,6.5016480,593.261800,593.251000,0,0,1,1,0,0,0,1
914,91.416700,91.423860,12.200590,0.007987188,0.5315400,6.4851080,593.909200,593.898600,0,0,1,1,0,0,0,1
915,91.516700,91.523880,12.200784,0.007984688,0.5323030,6.4943240,594.560600,594.550000,0,0,1,1,0,0,0,1
916,91.616760,91.623900,12.201172,0.007996250,0.5330660,6.5040290,595.208000,595.197400,0,0,1,1,0,0,0,1
917,91.716800,91.723980,12.201368,0.007982816,0.5321884,6.4933480,595.859400,595.848800,0,0,1,1,0,0,0,1
918,91.817120,91.824260,12.200784,0.007988440,0.5325510,6.4974980,596.510800,596.500000,0,0,1,1,0,0,0,1
919,91.917100,91.924240,12.200390,0.007990312,0.5326844,6.4989640,597.162200,597.151400,0,0,1,1,0,0,0,1
920,92.017220,92.024300,12.200004,0.007996876,0.5323984,6.4954840,597.813600,597.802800,0,0,1,1,0,0,0,1
921,92.116700,92.124220,12.200390,0.007983752,0.5322266,6.4932260,598.461000,598.450400,0,0,1,1,0,0,0,1
922,92.216840,92.224100,12.200004,0.007981252,0.5320740,6.4913340,599.112400,599.101600,0,0,1,1,0,0,0,1
923,92.316660,92.323840,12.200390,0.007979690,0.5319596,6.4900520,599.759800,599.749000,0,0,1,1,0,0,0,1
924,92.416860,92.423940,12.200004,0.007990628,0.5327036,6.4989020,600.411200,600.400400,0,0,1,1,0,0,0,1
925,92.517220,92.524340,12.200196,0.007982816,0.5321884,6.4964600,601.061600,601.050800,0,0,1,1,0,0,0,1
926,92.616700,92.623880,12.201172,0.007992190,0.5328942,6.5010380,601.710000,601.699400,0,0,1,1,0,0,0,1
927,92.716900,92.724060,12.200004,0.007992812,0.5328560,6.5003080,602.361400,602.350600,0,0,1,1,0,0,0,1
928,92.817100,92.824300,12.200004,0.007990000,0.5326654,6.4984140,603.012800,603.002000,0,0,1,1,0,0,0,1
929,92.917040,92.924160,12.200590,0.007990940,0.5327036,6.4992680,603.664200,603.653400,0,0,1,1,0,0,0,1
930,93.017060,93.024240,12.200004,0.007988128,0.5325318,6.4968880,604.311600,604.300800,0,0,1,1,0,0,0,1
931,93.116700,93.123940,12.200980,0.007991564,0.5327608,6.5001840,604.963000,604.952200,0,0,1,1,0,0,0,1
932,93.216860,93.223960,12.200196,0.007995624,0.5326654,6.4985960,605.610400,605.599600,0,0,1,1,0,0,0,1
933,93.317100,93.324240,12.200004,0.007984688,0.5323030,6.4942040,606.264800,606.254000,0,0,1,1,0,0,0,1
934,93.417140,93.424240,12.201172,0.007993124,0.5328560,6.5014040,606.913200,606.902400,0,0,1,1,0,0,0,1
935,93.516740,93.523880,12.199220,0.007985000,0.5323220,6.4939580,607.560600,607.550000,0,0,1,1,0,0,0,1
936,93.617260,93.624460,12.201172,0.007990000,0.5326462,6.4989020,608.215000,608.204200,0,0,1,1,0,0,0,1
937,93.716700,93.723900,12.200784,0.007991876,0.5327798,6.5003080,608.862400,608.851600,0,0,1,1,0,0,0,1
938,93.817040,93.824160,12.200590,0.007990628,0.5326272,6.4979860,609.513800,609.503000,0,0,1,1,0,0,0,1
939,93.917160,93.924340,12.200590,0.007971250,0.5314064,6.4834000,610.165200,610.154400,0,0,1,1,0,0,0,1
940,94.017140,94.024260,12.200196,0.007980940,0.5320550,6.4912120,610.812600,610.801800,0,0,1,1,0,0,0,1
941,94.117240,94.124400,12.200390,0.007978752,0.5319214,6.4895020,611.464000,611.453200,0,0,1,1,0,0,0,1
942,94.216960,94.224220,12.200980,0.007977190,0.5318070,6.4884060,612.114400,612.103600,0,0,1,1,0,0,0,1
943,94.317180,94.324380,12.200590,0.007982190,0.5321312,6.4918830,612.765600,612.755000,0,0,1,1,0,0,0,1
944,94.416660,94.423840,12.200590,0.007984688,0.5325890,6.4976200,613.410200,613.399400,0,0,1,1,0,0,0,1
945,94.516760,94.523940,12.200390,0.007984376,0.5322838,6.4942040,614.060600,614.050000,0,0,1,1,0,0,0,1
946,94.616920,94.624100,12.200590,0.007988128,0.5325318,6.4971320,614.712000,614.701200,0,0,1,1,0,0,0,1
947,94.717200,94.724400,12.200390,0.007990000,0.5326462,6.4984760,615.363400,615.352600,0,0,1,1,0,0,0,1
948,94.817140,94.824300,12.200784,0.007985314,0.5323410,6.4949960,616.014800,616.004000,0,0,1,1,0,0,0,1
949,94.917200,94.924340,12.200784,0.007990000,0.5326462,6.4982920,616.662200,616.651400,0,0,1,1,0,0,0,1
950,95.017160,95.029440,12.200784,0.007990000,0.5326462,6.4987190,617.345800,617.335000,0,0,1,1,0,0,0,1
951,95.116740,95.123880,12.201368,0.007979690,0.5319788,6.4904180,617.961000,617.950400,0,0,1,1,0,0,0,1
952,95.216840,95.224000,12.200590,0.007988440,0.5325700,6.4975620,618.611400,618.600600,0,0,1,1,0,0,0,1
953,95.316720,95.323840,12.200784,0.007988752,0.5325700,6.4978040,619.259000,619.248200,0,0,1,1,0,0,0,1
954,95.416660,95.423860,12.200196,0.007971250,0.5314064,6.4832780,619.910200,619.899400,0,0,1,1,0,0,0,1
955,95.517060,95.524180,12.200004,0.007986564,0.5324174,6.5013440,620.560600,620.550000,0,0,1,1,0,0,0,1
956,95.616740,95.623880,12.200590,0.007991876,0.5325700,6.4978040,621.208000,621.197400,0,0,1,1,0,0,0,1
957,95.716720,95.723860,12.200196,0.007990312,0.5326844,6.4990240,621.859400,621.848800,0,0,1,1,0,0,0,1
958,95.817180,95.824320,12.200390,0.007988440,0.5325510,6.4973760,622.514800,622.504000,0,0,1,1,0,0,0,1
959,95.917100,95.924260,12.200590,0.007989064,0.5325890,6.4979260,623.162200,623.151400,0,0,1,1,0,0,0,1
960,96.017140,96.024260,12.200980,0.007993124,0.5328560,6.5013440,623.813600,623.802800,0,0,1,1,0,0,0,1
961,96.117160,96.124280,12.200390,0.007981876,0.5321122,6.4996980,624.465000,624.454200,0,0,1,1,0,0,0,1
962,96.216720,96.223900,12.200196,0.007990000,0.5319596,6.4901130,625.108400,625.097800,0,0,1,1,0,0,0,1
963,96.316720,96.324000,12.200390,0.007993440,0.5328752,6.5008560,625.759800,625.749000,0,0,1,1,0,0,0,1
964,96.416760,96.424000,12.200390,0.007983752,0.5322266,6.4934080,626.411200,626.400400,0,0,1,1,0,0,0,1
965,96.517140,96.524360,12.201760,0.007990940,0.5327226,6.5001220,627.062600,627.051800,0,0,1,1,0,0,0,1
966,96.617200,96.624340,12.200590,0.007996876,0.5331040,6.5042120,627.714000,627.703200,0,0,1,1,0,0,0,1
967,96.717200,96.724400,12.199808,0.007995004,0.5329896,6.5011600,628.365400,628.354600,0,0,1,1,0,0,0,1
968,96.816720,96.823900,12.200196,0.007981876,0.5319596,6.4902960,629.012800,629.002000,0,0,1,1,0,0,0,1
969,96.916960,96.924160,12.200784,0.007982500,0.5321694,6.4924320,629.664200,629.653400,0,0,1,1,0,0,0,1
970,97.016980,97.024120,12.200590,0.007989064,0.5325890,6.4979260,630.311600,630.300800,0,0,1,1,0,0,0,1
971,97.117100,97.124220,12.200784,0.007985314,0.5323410,6.4949960,630.962000,630.951200,0,0,1,1,0,0,0,1
972,97.217160,97.224360,12.201172,0.007985628,0.5323602,6.4954840,631.613400,631.602600,0,0,1,1,0,0,0,1
973,97.316720,97.323900,12.201172,0.007982190,0.5321504,6.4927380,632.260800,632.250000,0,0,1,1,0,0,0,1
974,97.416880,97.424020,12.200004,0.007988440,0.5324364,6.4960360,632.912200,632.901400,0,0,1,1,0,0,0,1
975,97.517100,97.524240,12.201172,0.007987188,0.5324746,6.4962780,633.563600,633.552800,0,0,1,1,0,0,0,1
976,97.616740,97.623860,12.200390,0.007989064,0.5325890,6.4977420,634.211000,634.200400,0,0,1,1,0,0,0,1
977,97.716860,97.724000,12.200590,0.007988128,0.5325318,6.4971320,634.862400,634.851600,0,0,1,1,0,0,0,1
978,97.817120,97.824260,12.200590,0.007985000,0.5323220,6.4945680,635.513800,635.503000,0,0,1,1,0,0,0,1
979,97.917000,97.924200,12.200196,0.007991876,0.5327798,6.5034180,636.165200,636.154400,0,0,1,1,0,0,0,1
980,98.016660,98.023840,12.200390,0.007992190,0.5327988,6.5006130,636.812600,636.801800,0,0,1,1,0,0,0,1
981,98.116840,98.123940,12.199808,0.007989064,0.5325890,6.4976200,637.460000,637.449400,0,0,1,1,0,0,0,1
982,98.216840,98.224000,12.200784,0.007982190,0.5321504,6.4924940,638.110400,638.099600,0,0,1,1,0,0,0,1
983,98.323500,98.330940,12.200004,0.007989064,0.5325890,6.4975620,638.805800,638.795000,0,0,1,1,0,0,0,1
984,98.416940,98.424160,12.200784,0.007984688,0.5323030,6.4943860,639.413200,639.402400,0,0,1,1,0,0,0,1
985,98.517200,98.524340,12.200196,0.007995004,0.5329896,6.4980480,640.064600,640.053800,0,0,1,1,0,0,0,1
986,98.616740,98.623900,12.200390,0.007986564,0.5331230,6.5044560,640.712000,640.701200,0,0,1,1,0,0,0,1
987,98.716800,98.723980,12.199808,0.007990000,0.5326654,6.4987190,641.363400,641.352600,0,0,1,1,0,0,0,1
988,98.816960,98.824140,12.199808,0.007984376,0.5322838,6.4935940,642.010800,642.000000,0,0,1,1,0,0,0,1
989,98.916700,98.923780,12.200196,0.007986564,0.5324174,6.4956060,642.662200,642.651400,0,0,1,1,0,0,0,1
990,99.017040,99.024120,12.200196,0.007984376,0.5322838,6.4938360,643.312600,643.301800,0,0,1,1,0,0,0,1
991,99.116680,99.123860,12.200196,0.007984688,0.5323030,6.4941420,643.960000,643.949400,0,0,1,1,0,0,0,1
992,99.216940,99.229140,12.200784,0.007992190,0.5322458,6.4935940,644.644600,644.634000,0,0,1,1,0,0,0,1
993,99.317240,99.324340,12.200390,0.007993440,0.5328942,6.5013440,645.262800,645.252000,0,0,1,1,0,0,0,1
994,99.417200,99.424260,12.200004,0.007987812,0.5325128,6.4966460,645.914200,645.903400,0,0,1,1,0,0,0,1
995,99.516660,99.523800,12.201368,0.007984688,0.5323030,6.4948740,646.561600,646.550800,0,0,1,1,0,0,0,1
996,99.616840,99.623940,12.200590,0.007985940,0.5323984,6.4954840,647.213000,647.202200,0,0,1,1,0,0,0,1
997,99.716720,99.724560,12.200196,0.007984688,0.5323030,6.4974980,647.863400,647.852600,0,0,1,1,0,0,0,1
998,99.816700,99.823900,12.200004,0.007981876,0.5327608,6.4998180,648.510800,648.500000,0,0,1,1,0,0,0,1
999,99.916800,99.923940,12.201172,0.007984066,0.5322648,6.4940200,649.162200,649.151400,0,0,1,1,0,0,0,1
1000,100.016960,100.024100,12.200196,0.007987812,0.5325128,6.4965820,649.813600,649.802800,0,0,1,1,0,0,0,1
1001,100.116740,100.123880,12.200590,0.007988752,0.5325700,6.4975620,650.461000,650.450400,0,0,1,1,0,0,0,1
1002,100.216960,100.224080,12.200590,0.007994064,0.5329132,6.5018920,651.112400,651.101600,0,0,1,1,0,0,0,1
1003,100.316720,100.324140,12.200784,0.007987500,0.5324936,6.4974380,651.762800,651.752000,0,0,1,1,0,0,0,1
1004,100.417200,100.424420,12.200784,0.007975316,0.5321884,6.4929200,652.414200,652.403400,0,0,1,1,0,0,0,1
1005,100.516720,100.523900,12.201760,0.007987188,0.5324556,6.4959720,653.061600,653.050800,0,0,1,1,0,0,0,1
1006,100.616700,100.628900,12.200390,0.007983752,0.5322458,6.4935940,653.742400,653.731600,0,0,1,1,0,0,0,1
1007,100.717240,100.724400,12.200590,0.007975940,0.5317116,6.4873060,654.362400,654.351600,0,0,1,1,0,0,0,1
1008,100.816720,100.823900,12.201568,0.007969376,0.5312730,6.4823620,655.009000,654.998200,0,0,1,1,0,0,0,1
1009,100.917120,100.924240,12.200980,0.007974064,0.5315782,6.4915160,655.659200,655.648600,0,0,1,1,0,0,0,1
1010,101.016700,101.023840,12.201172,0.007979376,0.5317690,6.4881600,656.305800,656.295000,0,0,1,1,0,0,0,1
1011,101.116920,101.124040,12.201368,0.007983128,0.5321884,6.4922500,656.956400,656.945600,0,0,1,1,0,0,0,1
1012,101.216700,101.223900,12.200980,0.007967190,0.5311394,6.4803480,657.602600,657.592000,0,0,1,1,0,0,0,1
1013,101.316880,101.324040,12.201172,0.007965624,0.5310250,6.4791260,658.252000,658.241400,0,0,1,1,0,0,0,1
1014,101.416720,101.423880,12.200590,0.007965940,0.5310632,6.4791880,658.902400,658.891600,0,0,1,1,0,0,0,1
1015,101.517080,101.524180,12.200784,0.007975316,0.5316926,6.4902960,659.551800,659.541000,0,0,1,1,0,0,0,1
1016,101.616680,101.623840,12.201172,0.007972504,0.5315018,6.4847440,660.199400,660.188600,0,0,1,1,0,0,0,1
1017,101.716660,101.723840,12.201172,0.007972816,0.5315210,6.4848640,660.848800,660.838000,0,0,1,1,0,0,0,1
1018,101.816700,101.823800,12.200390,0.007961252,0.5307390,6.4752200,661.495200,661.484400,0,0,1,1,0,0,0,1
1019,101.916800,101.923900,12.201172,0.007975940,0.5317116,6.4874900,662.145600,662.134800,0,0,1,1,0,0,0,1
1020,102.016920,102.024100,12.200590,0.007969064,0.5312730,6.4817520,662.796200,662.785400,0,0,1,1,0,0,0,1
1021,102.116700,102.123880,12.200980,0.007979690,0.5319788,6.4879760,663.442400,663.431800,0,0,1,1,0,0,0,1
1022,102.216700,102.223800,12.201368,0.007974690,0.5313112,6.4822400,664.092800,664.082200,0,0,1,1,0,0,0,1
1023,102.316880,102.324020,12.199808,0.007975940,0.5317308,6.4868180,664.742400,664.731600,0,0,1,1,0,0,0,1
1024,102.416720,102.424000,12.200196,0.007966876,0.5311204,6.4796760,665.392600,665.382000,0,0,1,1,0,0,0,1
1025,102.516680,102.523880,12.200390,0.007975628,0.5317116,6.4870620,666.039200,666.028400,0,0,1,1,0,0,0,1
1026,102.616700,102.623820,12.200784,0.007971250,0.5314064,6.4834600,666.688600,666.677800,0,0,1,1,0,0,0,1
1027,102.717000,102.724120,12.200196,0.007966250,0.5310822,6.4837040,667.339000,667.328200,0,0,1,1,0,0,0,1
1028,102.816760,102.823960,12.200784,0.007985314,0.5327608,6.5000020,667.986600,667.976000,0,0,1,1,0,0,0,1
1029,102.916680,102.923840,12.200196,0.007980628,0.5320360,6.4912720,668.636800,668.626000,0,0,1,1,0,0,0,1
1030,103.017100,103.024280,12.199612,0.007987500,0.5324746,6.4960360,669.288200,669.277400,0,0,1,1,0,0,0,1
1031,103.116740,103.123880,12.200784,0.007990000,0.5326654,6.4988420,669.935600,669.925000,0,0,1,1,0,0,0,1
1032,103.217080,103.224220,12.200390,0.007987188,0.5324746,6.4963400,670.587000,670.576200,0,0,1,1,0,0,0,1
1033,103.316660,103.323800,12.200590,0.007973750,0.5315782,6.4942640,671.234400,671.223800,0,0,1,1,0,0,0,1
1034,103.417040,103.429160,12.200390,0.007989690,0.5326462,6.4984140,671.922200,671.911400,0,0,1,1,0,0,0,1
1035,103.516720,103.523940,12.200980,0.007993124,0.5328560,6.5006720,672.536200,672.525400,0,0,1,1,0,0,0,1
1036,103.616700,103.623840,12.200784,0.007974376,0.5316164,6.4859640,673.183600,673.173000,0,0,1,1,0,0,0,1
1037,103.717040,103.724160,12.200784,0.007984688,0.5323030,6.4945100,673.839000,673.828200,0,0,1,1,0,0,0,1
1038,103.816700,103.823900,12.199612,0.007981252,0.5320740,6.4912120,674.486400,674.475600,0,0,1,1,0,0,0,1
1039,103.917040,103.924160,12.201172,0.007995624,0.5330468,6.4924940,675.136800,675.126000,0,0,1,1,0,0,0,1
1040,104.016680,104.023800,12.200196,0.007992190,0.5324364,6.4954250,675.785200,675.774400,0,0,1,1,0,0,0,1
1041,104.117140,104.124300,12.199808,0.007986252,0.5324174,6.4953010,676.439600,676.428800,0,0,1,1,0,0,0,1
1042,104.216800,104.224000,12.199808,0.007985628,0.5323792,6.4948140,677.087000,677.076200,0,0,1,1,0,0,0,1
1043,104.317060,104.324160,12.200196,0.007988128,0.5325510,6.4970100,677.738400,677.727600,0,0,1,1,0,0,0,1
1044,104.416700,104.423960,12.199416,0.007985000,0.5323220,6.4940200,678.385800,678.375000,0,0,1,1,0,0,0,1
1045,104.516920,104.524100,12.200590,0.007980940,0.5320550,6.4931040,679.037200,679.026400,0,0,1,1,0,0,0,1
1046,104.617100,104.624240,12.200196,0.007990000,0.5328560,6.5014040,679.688600,679.677800,0,0,1,1,0,0,0,1
1047,104.716720,104.723840,12.200980,0.007990312,0.5326844,6.4987190,680.336000,680.325400,0,0,1,1,0,0,0,1
1048,104.816720,104.823960,12.201172,0.007995624,0.5330278,6.5036020,680.987400,680.976600,0,0,1,1,0,0,0,1
1049,104.916700,104.923880,12.200784,0.007984688,0.5323030,6.4945100,681.634800,681.624000,0,0,1,1,0,0,0,1
1050,105.016920,105.024040,12.200590,0.007990940,0.5327226,6.4994520,682.286200,682.275400,0,0,1,1,0,0,0,1
1051,105.116680,105.123800,12.200390,0.007983752,0.5322458,6.4986580,682.933600,682.923000,0,0,1,1,0,0,0,1
1052,105.216840,105.223980,12.200390,0.007991876,0.5325890,6.4975620,683.585000,683.574400,0,0,1,1,0,0,0,1
1053,105.317200,105.324380,12.200196,0.007990940,0.5327226,6.4992680,684.239400,684.228600,0,0,1,1,0,0,0,1
1054,105.416760,105.423900,12.200784,0.007992190,0.5327988,6.5004890,684.886800,684.876000,0,0,1,1,0,0,0,1
1055,105.517100,105.524200,12.200980,0.007978128,0.5318642,6.4892580,685.538200,685.527400,0,0,1,1,0,0,0,1
1056,105.616740,105.623880,12.200590,0.007987188,0.5324746,6.4964600,686.185600,686.175000,0,0,1,1,0,0,0,1
1057,105.717200,105.724360,12.199612,0.007983440,0.5324174,6.4957900,686.841000,686.830200,0,0,1,1,0,0,0,1
1058,105.816700,105.823860,12.200590,0.007991876,0.5320550,6.4910280,687.484400,687.473800,0,0,1,1,0,0,0,1
1059,105.917160,105.924300,12.200196,0.007989690,0.5326462,6.4982920,688.139800,688.129000,0,0,1,1,0,0,0,1
1060,106.016700,106.023840,12.201956,0.007986252,0.5324174,6.4964600,688.787400,688.776600,0,0,1,1,0,0,0,1
1061,106.117160,106.124300,12.200784,0.007980316,0.5320168,6.4909060,689.437600,689.426800,0,0,1,1,0,0,0,1
1062,106.216760,106.228900,12.199612,0.007991252,0.5327416,6.5024440,690.118200,690.107400,0,0,1,1,0,0,0,1
1063,106.316720,106.323920,12.200784,0.007984066,0.5322648,6.4982300,690.736400,690.725600,0,0,1,1,0,0,0,1
1064,106.416700,106.423840,12.200590,0.007993750,0.5315972,6.4846800,691.384000,691.373200,0,0,1,1,0,0,0,1
1065,106.516900,106.524100,12.199808,0.007995940,0.5330660,6.5032360,692.035200,692.024400,0,0,1,1,0,0,0,1
1066,106.617240,106.624300,12.200390,0.007986252,0.5324174,6.4956060,692.690400,692.679800,0,0,1,1,0,0,0,1
1067,106.716760,106.723900,12.200590,0.007989064,0.5325890,6.4978040,693.334000,693.323400,0,0,1,1,0,0,0,1
1068,106.817100,106.824240,12.200590,0.007985940,0.5323792,6.4953010,693.988400,693.977600,0,0,1,1,0,0,0,1
1069,106.916700,106.923840,12.200196,0.007985628,0.5323602,6.4961560,694.635800,694.625000,0,0,1,1,0,0,0,1
1070,107.017160,107.024300,12.201172,0.007988128,0.5325318,6.4966460,695.287200,695.276400,0,0,1,1,0,0,0,1
1071,107.116700,107.123820,12.201568,0.007988128,0.5325318,6.4970100,695.934600,695.924000,0,0,1,1,0,0,0,1
1072,107.217100,107.224220,12.200004,0.007989690,0.5326272,6.4980480,696.586000,696.575400,0,0,1,1,0,0,0,1
1073,107.316760,107.323860,12.199808,0.007989380,0.5326272,6.4978660,697.233400,697.222800,0,0,1,1,0,0,0,1
1074,107.416720,107.423920,12.201760,0.007985940,0.5323792,6.4959120,697.884800,697.874000,0,0,1,1,0,0,0,1
1075,107.517100,107.524240,12.200390,0.007983440,0.5326082,6.4981080,698.536200,698.525400,0,0,1,1,0,0,0,1
1076,107.616740,107.624080,12.199416,0.007978752,0.5325318,6.4967040,699.186600,699.175800,0,0,1,1,0,0,0,1
1077,107.716700,107.723860,12.200590,0.007999064,0.5332756,6.5062260,699.834000,699.823400,0,0,1,1,0,0,0,1
1078,107.817240,107.824400,12.200980,0.007982190,0.5321312,6.4925540,700.489400,700.478600,0,0,1,1,0,0,0,1
1079,107.916720,107.923920,12.200980,0.007991252,0.5327416,6.4998780,701.136800,701.126000,0,0,1,1,0,0,0,1
1080,108.017200,108.024360,12.199808,0.007989064,0.5325890,6.4974980,701.788200,701.777400,0,0,1,1,0,0,0,1
1081,108.116740,108.123900,12.200784,0.007991252,0.5327416,6.4985360,702.435600,702.425000,0,0,1,1,0,0,0,1
1082,108.217200,108.224320,12.200590,0.007992504,0.5328180,6.5007340,703.087000,703.076200,0,0,1,1,0,0,0,1
1083,108.316720,108.323900,12.200590,0.007993124,0.5328752,6.5012240,703.734400,703.723800,0,0,1,1,0,0,0,1
1084,108.417200,108.424320,12.200590,0.007992504,0.5328370,6.5007340,704.389800,704.379000,0,0,1,1,0,0,0,1
1085,108.519120,108.526560,12.200590,0.007992190,0.5327988,6.4968880,705.052000,705.041400,0,0,1,1,0,0,0,1
1086,108.616960,108.624100,12.200196,0.007988752,0.5325700,6.4974980,705.688600,705.677800,0,0,1,1,0,0,0,1
1087,108.716700,108.723840,12.200980,0.007986252,0.5324174,6.4865740,706.336200,706.325600,0,0,1,1,0,0,0,1
1088,108.817240,108.824440,12.199220,0.007988752,0.5325700,6.4974380,706.991400,706.980600,0,0,1,1,0,0,0,1
1089,108.916700,108.923880,12.199612,0.007986880,0.5324364,6.4961560,707.635000,707.624400,0,0,1,1,0,0,0,1
1090,109.016920,109.024100,12.200784,0.007988752,0.5325700,6.4978040,708.286200,708.275400,0,0,1,1,0,0,0,1
1091,109.117200,109.124360,12.200390,0.007992812,0.5328560,6.5009780,708.940400,708.929800,0,0,1,1,0,0,0,1
1092,109.216720,109.223920,12.200390,0.007990312,0.5326844,6.4988420,709.585000,709.574400,0,0,1,1,0,0,0,1
1093,109.316720,109.323900,12.199808,0.007985628,0.5323602,6.5039070,710.236400,710.225600,0,0,1,1,0,0,0,1
1094,109.416700,109.423900,12.200784,0.007983752,0.5324364,6.4956680,710.887000,710.876400,0,0,1,1,0,0,0,1
1095,109.517100,109.524180,12.200196,0.007979376,0.5319406,6.4896860,711.538200,711.527400,0,0,1,1,0,0,0,1
1096,109.616680,109.623880,12.200784,0.007984066,0.5322458,6.4938360,712.186000,712.175200,0,0,1,1,0,0,0,1
1097,109.716700,109.723860,12.200390,0.007989064,0.5325890,6.4976820,712.837000,712.826200,0,0,1,1,0,0,0,1
1098,109.817180,109.824360,12.201172,0.007993750,0.5328942,6.5019540,713.488400,713.477600,0,0,1,1,0,0,0,1
1099,109.916880,109.924020,12.200196,0.007994690,0.5327036,6.4983520,714.135800,714.125000,0,0,1,1,0,0,0,1
1100,110.016720,110.023900,12.201568,0.007980628,0.5324746,6.4966460,714.786200,714.775400,0,0,1,1,0,0,0,1
1101,110.117240,110.124340,12.200784,0.007986252,0.5324174,6.4958500,715.437800,715.427000,0,0,1,1,0,0,0,1
1102,110.216720,110.223900,12.201368,0.007987812,0.5325128,6.4974380,716.085000,716.074400,0,0,1,1,0,0,0,1
1103,110.316760,110.323800,12.199808,0.007988128,0.5325318,6.4968260,716.736600,716.726000,0,0,1,1,0,0,0,1
1104,110.421980,110.429240,12.200004,0.007989380,0.5326272,6.4979860,717.420200,717.409600,0,0,1,1,0,0,0,1
1105,110.516680,110.523840,12.200196,0.007991252,0.5327416,6.4847440,718.034200,718.023600,0,0,1,1,0,0,0,1
1106,110.616680,110.623940,12.199808,0.007990312,0.5327798,6.4998780,718.685600,718.675000,0,0,1,1,0,0,0,1
1107,110.716700,110.723860,12.200390,0.007987500,0.5324936,6.4964600,719.333000,719.322400,0,0,1,1,0,0,0,1
1108,110.816780,110.824000,12.200390,0.007988128,0.5325128,6.4969500,719.984400,719.973800,0,0,1,1,0,0,0,1
1109,110.917220,110.924320,12.200590,0.007991564,0.5327608,6.5000020,720.639800,720.629000,0,0,1,1,0,0,0,1
1110,111.016700,111.023880,12.200980,0.007979064,0.5319214,6.4900520,721.283400,721.272600,0,0,1,1,0,0,0,1
1111,111.116680,111.123820,12.201368,0.007979376,0.5319596,6.5015880,721.934600,721.924000,0,0,1,1,0,0,0,1
1112,111.217160,111.224300,12.200980,0.007978440,0.5318834,6.4895020,722.589000,722.578200,0,0,1,1,0,0,0,1
1113,111.316720,111.323920,12.200784,0.007980316,0.5320168,6.4910900,723.237400,723.226600,0,0,1,1,0,0,0,1
1114,111.416720,111.423900,12.199612,0.007993124,0.5328752,6.5007940,723.885000,723.874400,0,0,1,1,0,0,0,1
1115,111.517220,111.524320,12.199808,0.007977190,0.5317880,6.4877960,724.539400,724.528600,0,0,1,1,0,0,0,1
1116,111.616700,111.623840,12.199416,0.007983128,0.5322076,6.4925540,725.184000,725.173200,0,0,1,1,0,0,0,1
1117,111.717140,111.724320,12.200390,0.007994690,0.5332184,6.5053100,725.839000,725.828200,0,0,1,1,0,0,0,1
1118,111.816700,111.823960,12.200390,0.007993440,0.5328942,6.5017100,726.486400,726.475600,0,0,1,1,0,0,0,1
1119,111.917160,111.924300,12.200390,0.007989380,0.5326272,6.4981720,727.137800,727.127000,0,0,1,1,0,0,0,1
1120,112.016720,112.023840,12.200980,0.007989380,0.5326082,6.4982920,727.785200,727.774400,0,0,1,1,0,0,0,1
1121,112.117100,112.124280,12.200004,0.007995004,0.5329896,6.5024440,728.439600,728.428800,0,0,1,1,0,0,0,1
1122,112.216700,112.223800,12.200980,0.007988440,0.5325510,6.4975620,729.084000,729.073400,0,0,1,1,0,0,0,1
1123,112.316720,112.323900,12.199416,0.007987188,0.5326272,6.4978040,729.734600,729.724000,0,0,1,1,0,0,0,1
1124,112.417200,112.424300,12.200980,0.007991564,0.5327608,6.4992680,730.389800,730.379000,0,0,1,1,0,0,0,1
1125,112.516700,112.523800,12.200390,0.007992190,0.5328180,6.5004890,731.033600,731.022800,0,0,1,1,0,0,0,1
1126,112.616740,112.623820,12.200196,0.007983128,0.5321884,6.4927980,731.684600,731.674000,0,0,1,1,0,0,0,1
1127,112.716720,112.723980,12.200390,0.007986564,0.5324174,6.4957300,732.336000,732.325400,0,0,1,1,0,0,0,1
1128,112.816700,112.824380,12.201172,0.007990312,0.5326844,6.4992680,732.987400,732.976600,0,0,1,1,0,0,0,1
1129,112.916720,112.923840,12.200390,0.007993124,0.5326082,6.4975620,733.634800,733.624000,0,0,1,1,0,0,0,1
1130,113.016700,113.023840,12.200004,0.007990628,0.5322076,6.4928600,734.286200,734.275400,0,0,1,1,0,0,0,1
1131,113.117200,113.124340,12.199612,0.007985628,0.5323602,6.4945680,734.937600,734.926800,0,0,1,1,0,0,0,1
1132,113.216900,113.224080,12.200980,0.007986252,0.5324174,6.4959120,735.589200,735.578400,0,0,1,1,0,0,0,1
1133,113.316700,113.323860,12.200784,0.007989064,0.5326082,6.4981080,736.236400,736.225600,0,0,1,1,0,0,0,1
1134,113.416720,113.423880,12.201172,0.007991564,0.5327416,6.5001220,736.888000,736.877400,0,0,1,1,0,0,0,1
1135,113.516680,113.523800,12.200590,0.007980628,0.5326272,6.4981720,737.535200,737.524400,0,0,1,1,0,0,0,1
1136,113.617080,113.624220,12.200590,0.007987812,0.5325128,6.4968260,738.190400,738.179800,0,0,1,1,0,0,0,1
1137,113.716720,113.723800,12.200004,0.007991876,0.5327798,6.4998180,738.838000,738.827200,0,0,1,1,0,0,0,1
1138,113.817240,113.824360,12.201172,0.007986880,0.5324556,6.4965220,739.489400,739.478600,0,0,1,1,0,0,0,1
1139,113.917060,113.924240,12.200390,0.007993440,0.5328942,6.5014660,740.140600,740.130000,0,0,1,1,0,0,0,1
1140,114.016700,114.023880,12.200196,0.007989064,0.5326082,6.4978660,740.788200,740.777400,0,0,1,1,0,0,0,1
1141,114.116700,114.123840,12.200004,0.007984376,0.5325318,6.4968880,741.435600,741.425000,0,0,1,1,0,0,0,1
1142,114.217100,114.224220,12.200390,0.007981876,0.5321312,6.4921280,742.091000,742.080200,0,0,1,1,0,0,0,1
1143,114.316720,114.323860,12.200784,0.007986252,0.5323984,6.4957300,742.738400,742.727600,0,0,1,1,0,0,0,1
1144,114.416720,114.423900,12.200390,0.007988752,0.5325890,6.4976820,743.385800,743.375000,0,0,1,1,0,0,0,1
1145,114.516980,114.524120,12.200590,0.007985314,0.5323410,6.4948140,744.040200,744.029400,0,0,1,1,0,0,0,1
1146,114.616700,114.623840,12.200784,0.007985314,0.5323410,6.4949340,744.687600,744.676800,0,0,1,1,0,0,0,1
1147,114.716700,114.723860,12.200784,0.007986880,0.5326654,6.4987820,745.336000,745.325400,0,0,1,1,0,0,0,1
1148,114.816720,114.823960,12.201172,0.007986564,0.5324174,6.4954250,745.986400,745.975600,0,0,1,1,0,0,0,1
1149,114.916720,114.923900,12.200390,0.007984066,0.5322458,6.4936540,746.637800,746.627000,0,0,1,1,0,0,0,1
1150,115.016680,115.023800,12.200390,0.007990628,0.5327036,6.4992080,747.285200,747.274400,0,0,1,1,0,0,0,1
1151,115.117100,115.124220,12.200196,0.007984066,0.5322648,6.4937760,747.940400,747.929800,0,0,1,1,0,0,0,1
1152,115.216720,115.223800,12.200390,0.007999376,0.5332948,6.5062880,748.588000,748.577200,0,0,1,1,0,0,0,1
1153,115.317040,115.324160,12.200784,0.007987812,0.5328180,6.5004890,749.239400,749.228600,0,0,1,1,0,0,0,1
1154,115.416760,115.423900,12.199808,0.007989064,0.5326082,6.4975620,749.886800,749.876000,0,0,1,1,0,0,0,1
1155,115.516680,115.523800,12.200004,0.007995316,0.5330278,6.5028080,750.538200,750.527400,0,0,1,1,0,0,0,1
1156,115.616700,115.623820,12.200004,0.007986252,0.5323984,6.4952400,751.185600,751.175000,0,0,1,1,0,0,0,1
1157,115.717040,115.724200,12.199220,0.007988128,0.5325318,6.4964000,751.841000,751.830200,0,0,1,1,0,0,0,1
1158,115.816700,115.823840,12.200196,0.007989380,0.5326082,6.4978660,752.488600,752.477800,0,0,1,1,0,0,0,1
1159,115.917200,115.924480,12.200590,0.007987500,0.5328942,6.5014660,753.143000,753.132200,0,0,1,1,0,0,0,1
1160,116.016720,116.023840,12.200590,0.007983440,0.5322266,6.4932260,753.787400,753.776600,0,0,1,1,0,0,0,1
1161,116.117080,116.124220,12.201172,0.007981568,0.5320932,6.4921880,754.441800,754.431000,0,0,1,1,0,0,0,1
1162,116.216700,116.223860,12.200784,0.007996250,0.5330850,6.5039700,755.090000,755.079200,0,0,1,1,0,0,0,1
1163,116.316780,116.323960,12.200590,0.007989380,0.5326082,6.4981720,755.737400,755.726600,0,0,1,1,0,0,0,1
1164,116.416700,116.423880,12.199808,0.007995624,0.5330278,6.5029300,756.388800,756.378000,0,0,1,1,0,0,0,1
1165,116.517220,116.524400,12.200784,0.007992190,0.5322648,6.4937140,757.044400,757.033600,0,0,1,1,0,0,0,1
1166,116.616740,116.623900,12.200980,0.007987188,0.5324746,6.4960360,757.687600,757.676800,0,0,1,1,0,0,0,1
1167,116.717300,116.724520,12.199808,0.007986880,0.5324364,6.4956680,758.343000,758.332400,0,0,1,1,0,0,0,1
1168,116.816840,116.824020,12.200004,0.007986252,0.5324174,6.4954250,758.990400,758.979600,0,0,1,1,0,0,0,1
1169,116.916700,116.923880,12.199808,0.007984376,0.5322838,6.4936540,759.637800,759.627000,0,0,1,1,0,0,0,1
1170,117.016680,117.023840,12.200390,0.007980000,0.5319978,6.4905420,760.289200,760.278400,0,0,1,1,0,0,0,1
1171,117.116920,117.124080,12.199808,0.007981876,0.5330086,6.5024440,760.940800,760.930000,0,0,1,1,0,0,0,1
1172,117.216760,117.223900,12.200390,0.007989064,0.5325890,6.4977420,761.588000,761.577200,0,0,1,1,0,0,0,1
1173,117.316840,117.324040,12.199612,0.007984688,0.5323030,6.4939000,762.239600,762.228800,0,0,1,1,0,0,0,1
1174,117.416720,117.423900,12.199416,0.007983752,0.5322458,6.4929840,762.890600,762.880000,0,0,1,1,0,0,0,1
1175,117.517200,117.524320,12.200784,0.007987500,0.5324936,6.4968880,763.542000,763.531400,0,0,1,1,0,0,0,1
1176,117.616700,117.623840,12.200980,0.007994064,0.5329324,6.5022590,764.189600,764.178800,0,0,1,1,0,0,0,1
1177,117.717140,117.724220,12.200784,0.007980940,0.5324556,6.4962780,764.841000,764.830200,0,0,1,1,0,0,0,1
1178,117.816700,117.823840,12.200784,0.007982190,0.5321504,6.4928600,765.488400,765.477600,0,0,1,1,0,0,0,1
1179,117.917060,117.924240,12.200004,0.007985628,0.5323602,6.4948740,766.142600,766.132000,0,0,1,1,0,0,0,1
1180,118.016640,118.023780,12.200004,0.007995316,0.5330086,6.5028080,766.790400,766.779600,0,0,1,1,0,0,0,1
1181,118.116680,118.123800,12.200196,0.007982500,0.5321694,6.4924320,767.437600,767.426800,0,0,1,1,0,0,0,1
1182,118.216920,118.224040,12.200196,0.007989064,0.5326082,6.4978040,768.089200,768.078400,0,0,1,1,0,0,0,1
1183,118.316720,118.323860,12.200004,0.007981568,0.5326082,6.4978040,768.740400,768.729600,0,0,1,1,0,0,0,1
1184,118.416700,118.423840,12.200980,0.007980316,0.5320168,6.4910900,769.388000,769.377400,0,0,1,1,0,0,0,1
1185,118.516860,118.524000,12.200980,0.007984066,0.5322648,6.4942040,770.039200,770.028400,0,0,1,1,0,0,0,1
1186,118.616740,118.623820,12.200196,0.007981252,0.5320740,6.4913940,770.689600,770.678800,0,0,1,1,0,0,0,1
1187,118.722060,118.729380,12.200004,0.007999064,0.5332756,6.5056770,771.374000,771.363400,0,0,1,1,0,0,0,1
1188,118.817160,118.824440,12.200784,0.007985628,0.5323602,6.4920060,771.992400,771.981600,0,0,1,1,0,0,0,1
1189,118.917120,118.924300,12.200004,0.007986564,0.5326082,6.4984760,772.643600,772.633000,0,0,1,1,0,0,0,1
1190,119.016700,119.023840,12.200390,0.007987188,0.5324746,6.4960360,773.287200,773.276400,0,0,1,1,0,0,0,1
1191,119.117160,119.124340,12.200390,0.007995004,0.5329896,6.5027500,773.942400,773.931800,0,0,1,1,0,0,0,1
1192,119.216720,119.223920,12.200590,0.007984066,0.5322458,6.4937140,774.590000,774.579200,0,0,1,1,0,0,0,1
1193,119.316700,119.323900,12.200004,0.007986880,0.5324556,6.4958500,775.241400,775.230600,0,0,1,1,0,0,0,1
1194,119.416960,119.424100,12.200196,0.007987188,0.5324746,6.4962780,775.892600,775.882000,0,0,1,1,0,0,0,1
1195,119.516680,119.523780,12.199808,0.007984688,0.5327608,6.4995120,776.540200,776.529400,0,0,1,1,0,0,0,1
1196,119.616680,119.623880,12.200590,0.007993750,0.5328942,6.5011600,777.191400,777.180800,0,0,1,1,0,0,0,1
1197,119.717020,119.724120,12.200590,0.007989064,0.5325890,6.4978660,777.842800,777.832200,0,0,1,1,0,0,0,1
1198,119.816700,119.823840,12.200784,0.007989064,0.5325890,6.4980480,778.491400,778.480600,0,0,1,1,0,0,0,1
1199,119.917200,119.924360,12.200196,0.007979064,0.5319214,6.4895020,779.141600,779.131000,0,0,1,1,0,0,0,1
1200,120.016680,120.023780,12.200980,0.007988752,0.5325700,6.4978040,779.790200,779.779400,0,0,1,1,0,0,0,1
1201,120.116840,120.129040,12.200980,0.007989380,0.5326082,6.4983520,780.473800,780.463000,0,0,1,1,0,0,0,1
1202,120.216700,120.223760,12.200590,0.007986880,0.5324364,6.4959120,781.089000,781.078200,0,0,1,1,0,0,0,1
1203,120.316800,120.324000,12.200980,0.008001876,0.5334474,6.5085480,781.740400,781.729600,0,0,1,1,0,0,0,1
1204,120.416900,120.424000,12.200004,0.007984066,0.5322648,6.4936540,782.391600,782.381000,0,0,1,1,0,0,0,1
1205,120.517120,120.524240,12.200784,0.007984688,0.5323030,6.4944460,783.043000,783.032400,0,0,1,1,0,0,0,1
1206,120.616680,120.623820,12.201760,0.007992812,0.5328370,6.5015880,783.690400,783.679800,0,0,1,1,0,0,0,1
1207,120.717080,120.724200,12.199612,0.007980940,0.5327226,6.4993920,784.345800,784.335000,0,0,1,1,0,0,0,1
1208,120.816720,120.823920,12.200784,0.007987500,0.5324936,6.4966460,784.993600,784.982800,0,0,1,1,0,0,0,1
1209,120.916720,120.923920,12.200980,0.007976876,0.5317690,6.4881600,785.640600,785.630000,0,0,1,1,0,0,0,1
1210,121.017040,121.024160,12.200004,0.007990940,0.5327226,6.4991460,786.296000,786.285200,0,0,1,1,0,0,0,1
1211,121.116700,121.123840,12.201368,0.007987812,0.5325128,6.4972560,786.943400,786.932600,0,0,1,1,0,0,0,1
1212,121.217100,121.224220,12.200196,0.007992504,0.5328180,6.5011600,787.594800,787.584000,0,0,1,1,0,0,0,1
1213,121.316720,121.323840,12.200390,0.007990000,0.5327036,6.4994520,788.242400,788.231600,0,0,1,1,0,0,0,1
1214,121.417000,121.424080,12.200980,0.007987500,0.5324936,6.4968880,788.893600,788.883000,0,0,1,1,0,0,0,1
1215,121.521860,121.529120,12.200196,0.007978752,0.5319214,6.5012240,789.577200,789.566400,0,0,1,1,0,0,0,1
1216,121.616640,121.623820,12.200390,0.007989690,0.5326272,6.4982920,790.192400,790.181800,0,0,1,1,0,0,0,1
1217,121.716720,121.723840,12.200390,0.007989380,0.5326082,6.4979860,790.843800,790.833000,0,0,1,1,0,0,0,1
1218,121.816960,121.824100,12.200390,0.007987500,0.5324936,6.4967040,791.495200,791.484400,0,0,1,1,0,0,0,1
1219,121.916720,121.923900,12.200004,0.007991876,0.5325700,6.4967660,792.142600,792.132000,0,0,1,1,0,0,0,1
1220,122.017040,122.024160,12.201172,0.007987500,0.5324746,6.4961560,792.794000,792.783400,0,0,1,1,0,0,0,1
1221,122.116680,122.123900,12.200784,0.007985000,0.5323220,6.4946300,793.444400,793.433600,0,0,1,1,0,0,0,1
1222,122.216700,122.223840,12.200390,0.007991876,0.5327608,6.5000020,794.092800,794.082200,0,0,1,1,0,0,0,1
1223,122.317100,122.324160,12.199612,0.007982500,0.5321504,6.4919440,794.744400,794.733800,0,0,1,1,0,0,0,1
1224,122.416700,122.423800,12.199612,0.007983440,0.5322266,6.4927980,795.391600,795.381000,0,0,1,1,0,0,0,1
1225,122.516900,122.524040,12.201172,0.007989380,0.5320740,6.4910900,796.043400,796.032600,0,0,1,1,0,0,0,1
1226,122.617140,122.624300,12.200980,0.007991252,0.5327416,6.4993920,796.697600,796.686800,0,0,1,1,0,0,0,1
1227,122.716700,122.723860,12.200196,0.007988752,0.5325700,6.4973760,797.344800,797.334000,0,0,1,1,0,0,0,1
1228,122.817060,122.824260,12.200590,0.007984376,0.5322838,6.4942640,797.996400,797.985600,0,0,1,1,0,0,0,1
1229,122.916760,122.924160,12.199024,0.007990312,0.5326654,6.4980480,798.643600,798.633000,0,0,1,1,0,0,0,1
1230,123.016800,123.024000,12.200590,0.007995940,0.5330468,6.5035400,799.295200,799.284600,0,0,1,1,0,0,0,1
1231,123.116760,123.123940,12.200390,0.007993750,0.5323602,6.4952400,799.942400,799.931800,0,0,1,1,0,0,0,1
1232,123.216700,123.223840,12.201172,0.007989064,0.5325890,6.4980480,800.594000,800.583400,0,0,1,1,0,0,0,1
1233,123.317040,123.324160,12.199612,0.007995624,0.5330278,6.5026860,801.245200,801.234400,0,0,1,1,0,0,0,1
1234,123.416760,123.423900,12.200196,0.007989380,0.5326272,6.4979860,801.893600,801.883000,0,0,1,1,0,0,0,1
1235,123.516980,123.524100,12.200784,0.007989380,0.5326272,6.4984140,802.545000,802.534200,0,0,1,1,0,0,0,1
1236,123.616640,123.623820,12.201368,0.007995316,0.5330086,6.5034180,803.196600,803.186000,0,0,1,1,0,0,0,1
1237,123.716700,123.723840,12.200590,0.007989064,0.5320168,6.4909680,803.843800,803.833000,0,0,1,1,0,0,0,1
1238,123.816960,123.824140,12.201172,0.007991252,0.5327416,6.4993920,804.495400,804.484600,0,0,1,1,0,0,0,1
1239,123.916720,123.923840,12.200196,0.007983752,0.5322458,6.4935310,805.146600,805.135800,0,0,1,1,0,0,0,1
1240,124.016720,124.023900,12.199612,0.008003440,0.5335428,6.5090340,805.794400,805.783600,0,0,1,1,0,0,0,1
1241,124.117200,124.124360,12.200390,0.007989064,0.5325890,6.4978660,806.449400,806.438600,0,0,1,1,0,0,0,1
1242,124.216700,124.223800,12.201760,0.007998438,0.5332184,6.5062260,807.096800,807.086000,0,0,1,1,0,0,0,1
1243,124.316800,124.329040,12.201368,0.007991876,0.5327988,6.5006720,807.780400,807.769600,0,0,1,1,0,0,0,1
1244,124.416700,124.423880,12.200196,0.007989380,0.5326272,6.4986580,808.395600,808.384800,0,0,1,1,0,0,0,1
1245,124.517240,124.524400,12.199808,0.007984688,0.5323030,6.4940200,809.051000,809.040400,0,0,1,1,0,0,0,1
1246,124.616700,124.623840,12.200980,0.007990940,0.5327226,6.4997560,809.694400,809.683600,0,0,1,1,0,0,0,1
1247,124.717040,124.724200,12.200390,0.007984688,0.5323030,6.4942040,810.350000,810.339200,0,0,1,1,0,0,0,1
1248,124.816700,124.823860,12.200590,0.007990628,0.5327036,6.4992080,810.997200,810.986400,0,0,1,1,0,0,0,1
1249,124.916700,124.923960,12.200590,0.007990000,0.5322266,6.4933480,811.647600,811.636800,0,0,1,1,0,0,0,1
1250,125.016700,125.023900,12.200390,0.007998750,0.5332376,6.5053720,812.296000,812.285200,0,0,1,1,0,0,0,1
1251,125.116900,125.124080,12.200980,0.007983440,0.5322266,6.4935310,812.946400,812.935600,0,0,1,1,0,0,0,1
1252,125.217200,125.224300,12.200390,0.007991252,0.5327416,6.4996340,813.597800,813.587000,0,0,1,1,0,0,0,1
1253,125.316720,125.323840,12.200590,0.007988752,0.5325700,6.4977420,814.245200,814.234400,0,0,1,1,0,0,0,1
1254,125.416900,125.424100,12.200980,0.007992190,0.5327988,6.4952400,814.896600,814.885800,0,0,1,1,0,0,0,1
1255,125.517040,125.524240,12.200004,0.007990000,0.5324364,6.4959120,815.548000,815.537200,0,0,1,1,0,0,0,1
1256,125.616700,125.623800,12.199612,0.007995316,0.5330086,6.5029300,816.195400,816.184600,0,0,1,1,0,0,0,1
1257,125.716960,125.724220,12.199416,0.007992812,0.5328560,6.5004280,816.846800,816.836000,0,0,1,1,0,0,0,1
1258,125.816660,125.823860,12.199612,0.007993750,0.5329132,6.5013440,817.494200,817.483400,0,0,1,1,0,0,0,1
1259,125.916760,125.923880,12.201368,0.007985314,0.5323410,6.4952400,818.145600,818.134800,0,0,1,1,0,0,0,1
1260,126.016680,126.023780,12.200590,0.007984688,0.5323030,6.4943240,818.797200,818.786400,0,0,1,1,0,0,0,1
1261,126.117040,126.124220,12.200390,0.007990628,0.5330660,6.5037240,819.447400,819.436600,0,0,1,1,0,0,0,1
1262,126.216700,126.223800,12.200196,0.007980316,0.5319978,6.4901740,820.096000,820.085400,0,0,1,1,0,0,0,1
1263,126.316900,126.324140,12.200590,0.007990628,0.5327036,6.4992080,820.746200,820.735400,0,0,1,1,0,0,0,1
1264,126.416720,126.423880,12.200196,0.007987188,0.5324746,6.4962780,821.397600,821.386800,0,0,1,1,0,0,0,1
1265,126.516720,126.523880,12.200784,0.007986564,0.5324174,6.4959720,822.046000,822.035200,0,0,1,1,0,0,0,1
1266,126.616680,126.623840,12.200004,0.007989064,0.5326082,6.4977420,822.696400,822.685600,0,0,1,1,0,0,0,1
1267,126.716660,126.723840,12.200980,0.007994064,0.5326272,6.4977420,823.344800,823.334000,0,0,1,1,0,0,0,1
1268,126.817240,126.824440,12.200590,0.007985940,0.5323792,6.4953620,823.999000,823.988400,0,0,1,1,0,0,0,1
1269,126.916700,126.923880,12.200784,0.007990940,0.5327226,6.4996340,824.647600,824.636800,0,0,1,1,0,0,0,1
1270,127.017100,127.024360,12.200390,0.007993124,0.5328560,6.5010380,825.298000,825.287200,0,0,1,1,0,0,0,1
1271,127.116700,127.123940,12.200004,0.007988752,0.5325700,6.4973160,825.946400,825.935600,0,0,1,1,0,0,0,1
1272,127.217240,127.224360,12.200980,0.007986880,0.5324364,6.4966460,826.601600,826.591000,0,0,1,1,0,0,0,1
1273,127.316760,127.323900,12.201368,0.007995940,0.5327988,6.5001840,827.249400,827.238600,0,0,1,1,0,0,0,1
1274,127.417040,127.424160,12.200390,0.007979064,0.5319214,6.4896860,827.900400,827.889800,0,0,1,1,0,0,0,1
1275,127.516720,127.523940,12.200784,0.007993124,0.5328752,6.5013440,828.548200,828.537400,0,0,1,1,0,0,0,1
1276,127.616640,127.623820,12.201368,0.007980316,0.5320168,6.4912720,829.199400,829.188600,0,0,1,1,0,0,0,1
1277,127.716720,127.723960,12.201172,0.007984376,0.5322838,6.4943240,829.847000,829.836200,0,0,1,1,0,0,0,1
1278,127.816700,127.823900,12.200980,0.007988440,0.5325510,6.4976820,830.498200,830.487400,0,0,1,1,0,0,0,1
1279,127.916880,127.924020,12.199808,0.007993750,0.5329324,6.5013440,831.148600,831.137800,0,0,1,1,0,0,0,1
1280,128.016700,128.023800,12.200196,0.007987188,0.5324556,6.4962160,831.796000,831.785200,0,0,1,1,0,0,0,1
1281,128.116960,128.124040,12.200784,0.007994064,0.5329132,6.5019540,832.447400,832.436600,0,0,1,1,0,0,0,1
1282,128.216700,128.223840,12.200196,0.007987812,0.5324936,6.4965820,833.099000,833.088200,0,0,1,1,0,0,0,1
1283,128.316700,128.323900,12.201368,0.007982500,0.5321694,6.4931040,833.746200,833.735400,0,0,1,1,0,0,0,1
1284,128.416840,128.424000,12.200590,0.007981876,0.5321122,6.4974980,834.397800,834.387000,0,0,1,1,0,0,0,1
1285,128.517000,128.524240,12.200196,0.007991564,0.5322458,6.4939000,835.049000,835.038200,0,0,1,1,0,0,0,1
1286,128.616680,128.623800,12.201956,0.007977190,0.5317880,6.4883430,835.696600,835.686000,0,0,1,1,0,0,0,1
1287,128.716900,128.724100,12.201172,0.007983440,0.5322266,6.4936540,836.347800,836.337000,0,0,1,1,0,0,0,1
1288,128.817100,128.824240,12.200196,0.007993750,0.5329132,6.5015880,836.998200,836.987400,0,0,1,1,0,0,0,1
1289,128.916700,128.924160,12.200390,0.007990000,0.5326462,6.4984760,837.645600,837.634800,0,0,1,1,0,0,0,1
1290,129.016700,129.023900,12.201568,0.007982816,0.5321694,6.5032960,838.297000,838.286200,0,0,1,1,0,0,0,1
1291,129.116680,129.123800,12.199808,0.007988128,0.5326082,6.4977420,838.948600,838.937800,0,0,1,1,0,0,0,1
1292,129.216700,129.223840,12.200196,0.007987812,0.5325128,6.4966460,839.595800,839.585000,0,0,1,1,0,0,0,1
1293,129.316760,129.323800,12.199416,0.007990000,0.5326462,6.4979260,840.247400,840.236600,0,0,1,1,0,0,0,1
1294,129.416960,129.424160,12.199808,0.007985000,0.5323220,6.4940800,840.898600,840.887800,0,0,1,1,0,0,0,1
1295,129.517080,129.524200,12.200784,0.007991564,0.5327608,6.5000020,841.550000,841.539200,0,0,1,1,0,0,0,1
1296,129.616700,129.623800,12.200196,0.007982500,0.5321694,6.4924320,842.197400,842.186600,0,0,1,1,0,0,0,1
1297,129.716800,129.723960,12.200390,0.007987500,0.5320360,6.4906020,842.847800,842.837000,0,0,1,1,0,0,0,1
1298,129.816700,129.823800,12.200590,0.007988128,0.5325510,6.4976200,843.495200,843.484400,0,0,1,1,0,0,0,1
1299,129.916800,129.924040,12.200784,0.007992190,0.5327988,6.5004890,844.146600,844.135800,0,0,1,1,0,0,0,1
1300,130.016700,130.023900,12.200784,0.007991252,0.5327416,6.4997560,844.798200,844.787400,0,0,1,1,0,0,0,1
1301,130.117160,130.124360,12.200196,0.007985314,0.5323410,6.4946900,845.449400,845.438600,0,0,1,1,0,0,0,1
1302,130.216760,130.223900,12.200390,0.007985628,0.5323792,6.4998780,846.097000,846.086200,0,0,1,1,0,0,0,1
1303,130.317200,130.324300,12.200004,0.007989690,0.5321504,6.4928600,846.752000,846.741400,0,0,1,1,0,0,0,1
1304,130.416700,130.423840,12.200980,0.007988128,0.5325318,6.4969500,847.399400,847.388800,0,0,1,1,0,0,0,1
1305,130.517000,130.524160,12.200590,0.007984688,0.5323030,6.4942640,848.050800,848.040200,0,0,1,1,0,0,0,1
1306,130.617160,130.624360,12.200196,0.007988128,0.5325318,6.4970710,848.702200,848.691400,0,0,1,1,0,0,0,1
1307,130.716900,130.724000,12.200390,0.007986880,0.5324364,6.4959720,849.349600,849.339000,0,0,1,1,0,0,0,1
1308,130.817000,130.824100,12.200390,0.007994064,0.5329324,6.4964600,850.001000,849.990400,0,0,1,1,0,0,0,1
1309,130.916960,130.924100,12.200196,0.007995316,0.5331040,6.5040900,850.648600,850.637800,0,0,1,1,0,0,0,1
1310,131.019080,131.026500,12.199416,0.007985000,0.5323220,6.4940200,851.314600,851.303800,0,0,1,1,0,0,0,1
1311,131.116700,131.123900,12.199808,0.007993440,0.5328942,6.5011600,851.947400,851.936600,0,0,1,1,0,0,0,1
1312,131.217000,131.224200,12.200196,0.007988752,0.5325700,6.4973760,852.602600,852.592000,0,0,1,1,0,0,0,1
1313,131.317160,131.324360,12.200196,0.007987812,0.5325128,6.4965820,853.250400,853.239600,0,0,1,1,0,0,0,1
1314,131.416840,131.424000,12.200784,0.007991564,0.5327608,6.4943860,853.897600,853.886800,0,0,1,1,0,0,0,1
1315,131.517240,131.524440,12.200590,0.007983440,0.5329704,6.5023820,854.552800,854.542000,0,0,1,1,0,0,0,1
1316,131.616700,131.623840,12.200784,0.007989690,0.5326462,6.4982920,855.200400,855.189600,0,0,1,1,0,0,0,1
1317,131.717080,131.724200,12.200590,0.007973750,0.5315782,6.4854740,855.850600,855.840000,0,0,1,1,0,0,0,1
1318,131.816760,131.823900,12.200390,0.007978752,0.5319024,6.4893800,856.497400,856.486600,0,0,1,1,0,0,0,1
1319,131.917000,131.924160,12.200004,0.007975628,0.5317116,6.4867560,857.147600,857.136800,0,0,1,1,0,0,0,1
1320,132.016600,132.023800,12.200980,0.007977502,0.5318260,6.4884060,857.794000,857.783400,0,0,1,1,0,0,0,1
1321,132.116700,132.123800,12.201172,0.007972504,0.5317116,6.4877320,858.444400,858.433600,0,0,1,1,0,0,0,1
1322,132.217240,132.224300,12.200980,0.007976876,0.5317880,6.4882820,859.097800,859.087000,0,0,1,1,0,0,0,1
1323,132.316760,132.323900,12.201956,0.007974064,0.5315972,6.4865120,859.741400,859.730600,0,0,1,1,0,0,0,1
1324,132.416700,132.423900,12.200590,0.007974064,0.5315972,6.4857800,860.390600,860.380000,0,0,1,1,0,0,0,1
1325,132.516840,132.524000,12.200590,0.007976250,0.5317498,6.4876100,861.041000,861.030400,0,0,1,1,0,0,0,1
1326,132.616840,132.624040,12.200590,0.007970938,0.5313684,6.4862700,861.691400,861.680800,0,0,1,1,0,0,0,1
1327,132.717100,132.724240,12.200590,0.007969064,0.5314256,6.4835820,862.341000,862.330200,0,0,1,1,0,0,0,1
1328,132.816760,132.823900,12.201368,0.007976250,0.5317308,6.4877960,862.987400,862.976600,0,0,1,1,0,0,0,1
1329,132.917100,132.924200,12.200784,0.007975316,0.5316736,6.4866960,863.637800,863.627000,0,0,1,1,0,0,0,1
1330,133.016700,133.023800,12.200980,0.007982500,0.5321504,6.4927980,864.284200,864.273600,0,0,1,1,0,0,0,1
1331,133.116680,133.123900,12.200784,0.007971250,0.5314064,6.4834600,864.933600,864.923000,0,0,1,1,0,0,0,1
1332,133.217100,133.224240,12.200784,0.007973436,0.5316164,6.4862060,865.584400,865.573600,0,0,1,1,0,0,0,1
1333,133.316760,133.323900,12.201172,0.007972190,0.5317880,6.4876720,866.230600,866.219800,0,0,1,1,0,0,0,1
1334,133.417100,133.424200,12.200980,0.007965940,0.5310440,6.4792500,866.880000,866.869200,0,0,1,1,0,0,0,1
1335,133.516760,133.523920,12.200784,0.007972504,0.5314828,6.4844380,867.530400,867.519600,0,0,1,1,0,0,0,1
1336,133.616700,133.623840,12.200980,0.007976250,0.5317498,6.4877960,868.177000,868.166400,0,0,1,1,0,0,0,1
1337,133.716900,133.724100,12.200390,0.007963440,0.5308916,6.4770520,868.826600,868.815800,0,0,1,1,0,0,0,1
1338,133.817100,133.824200,12.200004,0.007986880,0.5324556,6.4948140,869.476600,869.466000,0,0,1,1,0,0,0,1
1339,133.916700,133.923900,12.200390,0.007985628,0.5324364,6.4960940,870.124000,870.113400,0,0,1,1,0,0,0,1
1340,134.016700,134.023900,12.200590,0.007986564,0.5324174,6.4963400,870.775400,870.764800,0,0,1,1,0,0,0,1
1341,134.117100,134.124300,12.201568,0.007990312,0.5326844,6.4994520,871.426800,871.416000,0,0,1,1,0,0,0,1
1342,134.216640,134.223840,12.199416,0.007986880,0.5324556,6.4955460,872.073600,872.062800,0,0,1,1,0,0,0,1
1343,134.317100,134.324240,12.200784,0.007981876,0.5321122,6.4921880,872.728600,872.717800,0,0,1,1,0,0,0,1
1344,134.416800,134.423900,12.200390,0.007992190,0.5327988,6.4933480,873.376000,873.365400,0,0,1,1,0,0,0,1
1345,134.516840,134.523920,12.200784,0.007988128,0.5325700,6.4978660,874.023600,874.012800,0,0,1,1,0,0,0,1
1346,134.616700,134.623840,12.199220,0.007990940,0.5327226,6.4995740,874.675000,874.664200,0,0,1,1,0,0,0,1
1347,134.716900,134.724100,12.199808,0.007985940,0.5323984,6.4950560,875.326200,875.315400,0,0,1,1,0,0,0,1
1348,134.817200,134.824360,12.200196,0.007983440,0.5322266,6.4932880,875.977600,875.967000,0,0,1,1,0,0,0,1
1349,134.916700,134.923840,12.201368,0.007991876,0.5327798,6.5006130,876.625000,876.614400,0,0,1,1,0,0,0,1
1350,135.016700,135.023900,12.200196,0.007990312,0.5326844,6.5055540,877.275400,877.264800,0,0,1,1,0,0,0,1
1351,135.117200,135.124400,12.200980,0.007986880,0.5324364,6.4961560,877.926800,877.916000,0,0,1,1,0,0,0,1
1352,135.216700,135.223800,12.200390,0.007994064,0.5329324,6.5023200,878.575400,878.564600,0,0,1,1,0,0,0,1
1353,135.316840,135.324080,12.200196,0.007990940,0.5327036,6.4991460,879.225600,879.215000,0,0,1,1,0,0,0,1
1354,135.416700,135.428900,12.200196,0.007991252,0.5327416,6.4997560,879.906400,879.895600,0,0,1,1,0,0,0,1
1355,135.517100,135.524300,12.200390,0.007976250,0.5317498,6.4875500,880.528400,880.517600,0,0,1,1,0,0,0,1
1356,135.616700,135.623900,12.201568,0.007985314,0.5323410,6.4967660,881.175800,881.165200,0,0,1,1,0,0,0,1
1357,135.717000,135.724160,12.199416,0.007986880,0.5323984,6.4952400,881.826200,881.815400,0,0,1,1,0,0,0,1
1358,135.817160,135.824300,12.201368,0.007990628,0.5327036,6.4996980,882.477600,882.467000,0,0,1,1,0,0,0,1
1359,135.916800,135.923900,12.200590,0.007979690,0.5319596,6.4902370,883.125000,883.114400,0,0,1,1,0,0,0,1
1360,136.016900,136.024100,12.200390,0.007986564,0.5324364,6.4957900,883.776400,883.765600,0,0,1,1,0,0,0,1
1361,136.116680,136.123800,12.199808,0.007988752,0.5325890,6.4973760,884.424000,884.413200,0,0,1,1,0,0,0,1
1362,136.216760,136.223900,12.200980,0.007977816,0.5318260,6.4803480,885.074400,885.063600,0,0,1,1,0,0,0,1
1363,136.317100,136.324200,12.199808,0.007981252,0.5321884,6.4930420,885.726000,885.715200,0,0,1,1,0,0,0,1
1364,136.416700,136.423900,12.201760,0.007983440,0.5322266,6.4932260,886.373200,886.362400,0,0,1,1,0,0,0,1
1365,136.516840,136.524000,12.200004,0.007985940,0.5323984,6.4951200,887.023800,887.013000,0,0,1,1,0,0,0,1
1366,136.616840,136.624000,12.200980,0.007986252,0.5323984,6.4957300,887.675000,887.664200,0,0,1,1,0,0,0,1
1367,136.716900,136.724000,12.199808,0.007990628,0.5327036,6.4988420,888.322600,888.311800,0,0,1,1,0,0,0,1
1368,136.816700,136.823800,12.200784,0.007987188,0.5324746,6.4919440,888.973000,888.962200,0,0,1,1,0,0,0,1
1369,136.916960,136.924100,12.200980,0.007983752,0.5322458,6.4936540,889.624000,889.613400,0,0,1,1,0,0,0,1
1370,137.016760,137.023900,12.200590,0.007985000,0.5323220,6.4945100,890.271800,890.261000,0,0,1,1,0,0,0,1
1371,137.116700,137.123840,12.199808,0.007979376,0.5319406,6.4896260,890.923000,890.912200,0,0,1,1,0,0,0,1
1372,137.217080,137.224300,12.200390,0.007991876,0.5327798,6.5001220,891.573400,891.562600,0,0,1,1,0,0,0,1
1373,137.316700,137.323800,12.199808,0.007990940,0.5327226,6.4991460,892.221800,892.211000,0,0,1,1,0,0,0,1
1374,137.416960,137.424100,12.200390,0.007989690,0.5329514,6.5018920,892.872200,892.861400,0,0,1,1,0,0,0,1
1375,137.516760,137.523800,12.200004,0.007989690,0.5326272,6.4984140,893.520600,893.509800,0,0,1,1,0,0,0,1
1376,137.617100,137.624160,12.200784,0.007985314,0.5323410,6.4948740,894.175000,894.164200,0,0,1,1,0,0,0,1
1377,137.716700,137.723900,12.199612,0.007995940,0.5330468,6.5029920,894.822600,894.811800,0,0,1,1,0,0,0,1
1378,137.816900,137.824080,12.200196,0.007982816,0.5321884,6.4926780,895.473800,895.463000,0,0,1,1,0,0,0,1
1379,137.916640,137.923800,12.200784,0.007988128,0.5325318,6.4972560,896.121400,896.110600,0,0,1,1,0,0,0,1
1380,138.016700,138.023800,12.200004,0.007986564,0.5324174,6.4971320,896.772600,896.761800,0,0,1,1,0,0,0,1
1381,138.116700,138.123840,12.200196,0.007995004,0.5328370,6.5003660,897.424200,897.413400,0,0,1,1,0,0,0,1
1382,138.221320,138.228600,12.200390,0.007990628,0.5327036,6.4992080,898.104600,898.093800,0,0,1,1,0,0,0,1
1383,138.316800,138.324000,12.200390,0.007988128,0.5325318,6.4971320,898.723000,898.712200,0,0,1,1,0,0,0,1
1384,138.417000,138.424200,12.201172,0.007986252,0.5323984,6.4958500,899.374000,899.363400,0,0,1,1,0,0,0,1
1385,138.517200,138.524240,12.200590,0.007988128,0.5325510,6.4973160,900.025400,900.014800,0,0,1,1,0,0,0,1
1386,138.616700,138.623840,12.200784,0.007990940,0.5327226,6.4989640,900.673000,900.662200,0,0,1,1,0,0,0,1
1387,138.717080,138.724160,12.200590,0.007994376,0.5329514,6.5023200,901.324400,901.313600,0,0,1,1,0,0,0,1
1388,138.816700,138.823800,12.200390,0.007981252,0.5320740,6.4917620,901.972800,901.962000,0,0,1,1,0,0,0,1
1389,138.916700,138.923900,12.200980,0.007986252,0.5324174,6.4958500,902.624400,902.613600,0,0,1,1,0,0,0,1
1390,139.017080,139.024240,12.200004,0.007980316,0.5320168,6.4905420,903.274800,903.264000,0,0,1,1,0,0,0,1
1391,139.116700,139.123840,12.199808,0.007988440,0.5325510,6.4970710,903.922000,903.911200,0,0,1,1,0,0,0,1
1392,139.216800,139.224100,12.201172,0.007991876,0.5324174,6.4953010,904.573600,904.562800,0,0,1,1,0,0,0,1
1393,139.316700,139.323800,12.201368,0.007995004,0.5323220,6.4946900,905.224600,905.214000,0,0,1,1,0,0,0,1
1394,139.416800,139.424000,12.200390,0.007985000,0.5323220,6.4945680,905.872400,905.861600,0,0,1,1,0,0,0,1
1395,139.516700,139.523900,12.200196,0.007984688,0.5323220,6.4942640,906.523600,906.512800,0,0,1,1,0,0,0,1
1396,139.622160,139.629400,12.201172,0.007995004,0.5329896,6.5022590,907.212000,907.201200,0,0,1,1,0,0,0,1
1397,139.716640,139.723840,12.201368,0.007987812,0.5325128,6.4973760,907.822400,907.811600,0,0,1,1,0,0,0,1
1398,139.816760,139.823800,12.200390,0.007987188,0.5324746,6.4970710,908.474000,908.463200,0,0,1,1,0,0,0,1
1399,139.917200,139.924320,12.199612,0.007994376,0.5329324,6.5018340,909.129200,909.118600,0,0,1,1,0,0,0,1
1400,140.016800,140.024000,12.199612,0.007982500,0.5321504,6.4920680,909.776400,909.765600,0,0,1,1,0,0,0,1
1401,140.116900,140.124040,12.200590,0.007990312,0.5326654,6.4989020,910.424000,910.413200,0,0,1,1,0,0,0,1
1402,140.216700,140.223840,12.200590,0.007990940,0.5327226,6.4995120,911.075400,911.064600,0,0,1,1,0,0,0,1
1403,140.317000,140.324100,12.200590,0.007997190,0.5331422,6.5045180,911.727000,911.716200,0,0,1,1,0,0,0,1
1404,140.417100,140.424300,12.199808,0.007993124,0.5320932,6.4915780,912.378000,912.367400,0,0,1,1,0,0,0,1
1405,140.516760,140.523800,12.200590,0.007997816,0.5324364,6.4960360,913.025800,913.015000,0,0,1,1,0,0,0,1
1406,140.617100,140.624200,12.200390,0.007985314,0.5323410,6.4946300,913.676800,913.666000,0,0,1,1,0,0,0,1
1407,140.717200,140.724300,12.200980,0.007988440,0.5325510,6.4976200,914.328400,914.317600,0,0,1,1,0,0,0,1
1408,140.817160,140.824300,12.201568,0.007991252,0.5327416,6.5001840,914.979600,914.968800,0,0,1,1,0,0,0,1
1409,140.916700,140.923900,12.200784,0.007982190,0.5321312,6.4923740,915.627400,915.616600,0,0,1,1,0,0,0,1
1410,141.017100,141.024300,12.200590,0.007990000,0.5324936,6.4970710,916.278400,916.267600,0,0,1,1,0,0,0,1
1411,141.116680,141.123840,12.200590,0.007994064,0.5324556,6.4956680,916.926000,916.915400,0,0,1,1,0,0,0,1
1412,141.216640,141.223840,12.200590,0.007997190,0.5331422,6.5046400,917.573400,917.562600,0,0,1,1,0,0,0,1
1413,141.317000,141.324240,12.200784,0.007984376,0.5322838,6.4941420,918.227600,918.217000,0,0,1,1,0,0,0,1
1414,141.416700,141.423900,12.200784,0.007983440,0.5322076,6.4934080,918.876000,918.865400,0,0,1,1,0,0,0,1
1415,141.516840,141.524100,12.200784,0.007981252,0.5320740,6.4916380,919.527400,919.516600,0,0,1,1,0,0,0,1
1416,141.617160,141.624300,12.200590,0.007985314,0.5331804,6.5050060,920.179000,920.168400,0,0,1,1,0,0,0,1
1417,141.716760,141.723840,12.200004,0.007987188,0.5326844,6.4989020,920.826200,920.815400,0,0,1,1,0,0,0,1
1418,141.816700,141.823800,12.200196,0.007995624,0.5330278,6.5029300,921.473800,921.463000,0,0,1,1,0,0,0,1
1419,141.916900,141.924040,12.199416,0.007994376,0.5329514,6.5016480,922.125000,922.114400,0,0,1,1,0,0,0,1
1420,142.016700,142.024760,12.200390,0.007989064,0.5326082,6.4979260,922.779400,922.768600,0,0,1,1,0,0,0,1
1421,142.117160,142.124300,12.200590,0.007985314,0.5323602,6.4949340,923.426800,923.416000,0,0,1,1,0,0,0,1
1422,142.216760,142.223900,12.200980,0.007992504,0.5335046,6.5087280,924.075600,924.064800,0,0,1,1,0,0,0,1
1423,142.316760,142.323900,12.200980,0.007988752,0.5325890,6.4972560,924.726600,924.716000,0,0,1,1,0,0,0,1
1424,142.421700,142.429000,12.200784,0.007997190,0.5331422,6.5046400,925.410200,925.399400,0,0,1,1,0,0,0,1
1425,142.516900,142.524100,12.200980,0.007992812,0.5328560,6.5012820,926.029400,926.018600,0,0,1,1,0,0,0,1
1426,142.617100,142.624160,12.200980,0.007991252,0.5327416,6.4998780,926.677000,926.666400,0,0,1,1,0,0,0,1
1427,142.716640,142.723800,12.200784,0.007997190,0.5331422,6.5046400,927.328200,927.317400,0,0,1,1,0,0,0,1
1428,142.817000,142.824200,12.200980,0.007980940,0.5324936,6.4965820,927.979600,927.968800,0,0,1,1,0,0,0,1
1429,142.917100,142.924300,12.200784,0.007991252,0.5327416,6.4992080,928.631200,928.620400,0,0,1,1,0,0,0,1
1430,143.016700,143.023900,12.200590,0.007984688,0.5323220,6.4945100,929.278400,929.267600,0,0,1,1,0,0,0,1
1431,143.116680,143.123800,12.200980,0.007994376,0.5329514,6.5025640,929.925800,929.915200,0,0,1,1,0,0,0,1
1432,143.217100,143.224240,12.200980,0.007987812,0.5325128,6.4971320,930.581200,930.570400,0,0,1,1,0,0,0,1
1433,143.316760,143.323900,12.199808,0.007992190,0.5327988,6.5000620,931.228800,931.218000,0,0,1,1,0,0,0,1
1434,143.416700,143.423840,12.200590,0.007989064,0.5320168,6.4909680,931.876000,931.865400,0,0,1,1,0,0,0,1
1435,143.517000,143.524200,12.200980,0.007982500,0.5321504,6.4924940,932.530400,932.519600,0,0,1,1,0,0,0,1
1436,143.616840,143.624000,12.200590,0.007991564,0.5327608,6.5000020,933.178800,933.168000,0,0,1,1,0,0,0,1
1437,143.717200,143.724240,12.200590,0.007984688,0.5323030,6.4944460,933.829200,933.818400,0,0,1,1,0,0,0,1
1438,143.816700,143.823900,12.200980,0.007986880,0.5324364,6.4962780,934.476600,934.466000,0,0,1,1,0,0,0,1
1439,143.916840,143.924000,12.200784,0.007985000,0.5323220,6.4945680,935.128000,935.117400,0,0,1,1,0,0,0,1
1440,144.016760,144.023800,12.201368,0.007990000,0.5323984,6.4956060,935.775400,935.764800,0,0,1,1,0,0,0,1
1441,144.116840,144.124000,12.201368,0.007995940,0.5330660,6.5035400,936.426800,936.416000,0,0,1,1,0,0,0,1
1442,144.216800,144.223960,12.200196,0.007988128,0.5325318,6.4968880,937.078400,937.067600,0,0,1,1,0,0,0,1
1443,144.316700,144.323800,12.200196,0.007991876,0.5327798,6.5000620,937.725600,937.715000,0,0,1,1,0,0,0,1
1444,144.417000,144.424160,12.200390,0.007981876,0.5321122,6.4918830,938.381200,938.370400,0,0,1,1,0,0,0,1
1445,144.516760,144.523900,12.200390,0.007991252,0.5327416,6.4996980,939.028400,939.017600,0,0,1,1,0,0,0,1
1446,144.617160,144.624300,12.200390,0.007982190,0.5325128,6.4963400,939.678800,939.668000,0,0,1,1,0,0,0,1
1447,144.716700,144.723800,12.200784,0.007995004,0.5329896,6.5026860,940.326200,940.315400,0,0,1,1,0,0,0,1
1448,144.817160,144.824300,12.199808,0.007990312,0.5326844,6.4985360,940.981600,940.970800,0,0,1,1,0,0,0,1
1449,144.916700,144.923900,12.200196,0.007983440,0.5322076,6.4930420,941.625000,941.614400,0,0,1,1,0,0,0,1
1450,145.016840,145.024000,12.200390,0.007997816,0.5331804,6.5050660,942.276400,942.265600,0,0,1,1,0,0,0,1
1451,145.116680,145.123840,12.200390,0.007989380,0.5326272,6.4980480,942.928000,942.917400,0,0,1,1,0,0,0,1
1452,145.222000,145.229200,12.200196,0.007988752,0.5325890,6.4976200,943.611600,943.601000,0,0,1,1,0,0,0,1
1453,145.325000,145.332360,12.199808,0.007980940,0.5326654,6.4985960,944.281400,944.270600,0,0,1,1,0,0,0,1
1454,145.416700,145.423840,12.200004,0.007990000,0.5326654,6.4984760,944.877000,944.866400,0,0,1,1,0,0,0,1
1455,145.517000,145.524100,12.200590,0.007993750,0.5328942,6.5016480,945.528400,945.517600,0,0,1,1,0,0,0,1
1456,145.617000,145.624200,12.201172,0.007996250,0.5330850,6.5041520,946.180000,946.169400,0,0,1,1,0,0,0,1
1457,145.717080,145.724240,12.201368,0.007980940,0.5320550,6.4918220,946.831200,946.820400,0,0,1,1,0,0,0,1
1458,145.816760,145.823900,12.200590,0.007985314,0.5323030,6.4943240,947.478800,947.468000,0,0,1,1,0,0,0,1
1459,145.916900,145.924040,12.201568,0.007980316,0.5320168,6.4909680,948.126000,948.115400,0,0,1,1,0,0,0,1
1460,146.016700,146.023800,12.200784,0.007990628,0.5327036,6.4993920,948.777600,948.767000,0,0,1,1,0,0,0,1
1461,146.117200,146.124400,12.200590,0.007988128,0.5325318,6.4971940,949.432000,949.421200,0,0,1,1,0,0,0,1
1462,146.216700,146.223840,12.201172,0.007990940,0.5327226,6.4997560,950.076600,950.065800,0,0,1,1,0,0,0,1
1463,146.317200,146.324360,12.201172,0.007988440,0.5325510,6.4977420,950.730800,950.720000,0,0,1,1,0,0,0,1
1464,146.416800,146.423840,12.200980,0.007991564,0.5327988,6.5002440,951.378000,951.367400,0,0,1,1,0,0,0,1
1465,146.516900,146.524100,12.200196,0.007994376,0.5329324,6.5015880,952.029600,952.019000,0,0,1,1,0,0,0,1
1466,146.616680,146.623900,12.200196,0.007985000,0.5323220,6.4944460,952.676800,952.666000,0,0,1,1,0,0,0,1
1467,146.716900,146.724000,12.199808,0.007989064,0.5325890,6.4974980,953.328400,953.317600,0,0,1,1,0,0,0,1
1468,146.817100,146.824240,12.200390,0.007992190,0.5327988,6.5003660,953.979600,953.968800,0,0,1,1,0,0,0,1
1469,146.916800,146.923840,12.200784,0.007992812,0.5328370,6.5010380,954.627400,954.616600,0,0,1,1,0,0,0,1
1470,147.017200,147.024400,12.200784,0.007983752,0.5325510,6.4974380,955.282400,955.271600,0,0,1,1,0,0,0,1
1471,147.116700,147.123840,12.201568,0.007990940,0.5327226,6.4997560,955.926000,955.915400,0,0,1,1,0,0,0,1
1472,147.217100,147.224240,12.199416,0.007981876,0.5321122,6.4913940,956.581200,956.570400,0,0,1,1,0,0,0,1
1473,147.316700,147.323800,12.200980,0.007986252,0.5323984,6.4957900,957.228800,957.218000,0,0,1,1,0,0,0,1
1474,147.416840,147.424040,12.200004,0.007986252,0.5324174,6.4953620,957.880000,957.869200,0,0,1,1,0,0,0,1
1475,147.516600,147.523800,12.200590,0.007979690,0.5319596,6.4901740,958.526400,958.515600,0,0,1,1,0,0,0,1
1476,147.616840,147.624000,12.200590,0.007983440,0.5326844,6.4987190,959.178000,959.167400,0,0,1,1,0,0,0,1
1477,147.717000,147.724160,12.200784,0.007984376,0.5322838,6.4939000,959.829200,959.818400,0,0,1,1,0,0,0,1
1478,147.816760,147.823900,12.200390,0.007983128,0.5321884,6.4929840,960.477000,960.466200,0,0,1,1,0,0,0,1
1479,147.917100,147.924200,12.200390,0.007987188,0.5324746,6.4964000,961.128000,961.117400,0,0,1,1,0,0,0,1
1480,148.016700,148.023900,12.200784,0.007987500,0.5324936,6.4967040,961.778400,961.767600,0,0,1,1,0,0,0,1
1481,148.116960,148.124200,12.199808,0.007973130,0.5315210,6.4845580,962.430000,962.419400,0,0,1,1,0,0,0,1
1482,148.216700,148.223840,12.200590,0.007986880,0.5316736,6.4862700,963.077200,963.066400,0,0,1,1,0,0,0,1
1483,148.317000,148.324080,12.200004,0.007990000,0.5326654,6.4990240,963.728800,963.718000,0,0,1,1,0,0,0,1
1484,148.417100,148.424160,12.200980,0.007985314,0.5323602,6.4951780,964.380000,964.369200,0,0,1,1,0,0,0,1
1485,148.516700,148.523760,12.201568,0.007992504,0.5328370,6.5012820,965.027600,965.017000,0,0,1,1,0,0,0,1
1486,148.616900,148.624040,12.201368,0.007990628,0.5327036,6.4996980,965.678800,965.668000,0,0,1,1,0,0,0,1
1487,148.716640,148.723800,12.201172,0.007983752,0.5322266,6.4938360,966.326600,966.315800,0,0,1,1,0,0,0,1
1488,148.816760,148.823900,12.200390,0.007988752,0.5331230,6.5041520,966.976600,966.966000,0,0,1,1,0,0,0,1
1489,148.916840,148.924040,12.201172,0.007991564,0.5327608,6.4998180,967.628000,967.617400,0,0,1,1,0,0,0,1
1490,149.016700,149.023800,12.200590,0.007988128,0.5325318,6.4972560,968.275400,968.264800,0,0,1,1,0,0,0,1
1491,149.116700,149.123900,12.201172,0.007999064,0.5332566,6.5062880,968.926800,968.916000,0,0,1,1,0,0,0,1
1492,149.216700,149.223900,12.200196,0.007989064,0.5325890,6.4976820,969.578400,969.567600,0,0,1,1,0,0,0,1
1493,149.317040,149.324200,12.200590,0.007990312,0.5326844,6.4989640,970.229600,970.218800,0,0,1,1,0,0,0,1
1494,149.416700,149.424000,12.199808,0.007985000,0.5327226,6.4989640,970.877400,970.866600,0,0,1,1,0,0,0,1
1495,149.517100,149.524240,12.200004,0.007985940,0.5323792,6.4954250,971.528400,971.517600,0,0,1,1,0,0,0,1
1496,149.616700,149.623800,12.200980,0.007991252,0.5327416,6.4999400,972.176800,972.166000,0,0,1,1,0,0,0,1
1497,149.716900,149.724000,12.200390,0.007984066,0.5322458,6.4936540,972.827200,972.816400,0,0,1,1,0,0,0,1
1498,149.816700,149.823800,12.200784,0.007992190,0.5328180,6.5006720,973.475600,973.465000,0,0,1,1,0,0,0,1
1499,149.916700,149.923900,12.200390,0.007994376,0.5329514,6.5021380,974.127000,974.116400,0,0,1,1,0,0,0,1
1500,150.017080,150.024200,12.200980,0.007990628,0.5325318,6.4969500,974.778600,974.768000,0,0,1,1,0,0,0,1
1501,150.116700,150.123840,12.200784,0.007989690,0.5326272,6.4985360,975.428800,975.418000,0,0,1,1,0,0,0,1
1502,150.217080,150.224240,12.200980,0.007994376,0.5329324,6.5023200,976.080200,976.069400,0,0,1,1,0,0,0,1
1503,150.316700,150.323800,12.200390,0.007986880,0.5324556,6.4960940,976.728600,976.717800,0,0,1,1,0,0,0,1
1504,150.416900,150.424000,12.201368,0.007986252,0.5324174,6.4962160,977.379000,977.368200,0,0,1,1,0,0,0,1
1505,150.517200,150.524300,12.200784,0.007991564,0.5327608,6.4975620,978.030600,978.019800,0,0,1,1,0,0,0,1
1506,150.616680,150.623840,12.200784,0.007986252,0.5328180,6.5010380,978.677800,978.667000,0,0,1,1,0,0,0,1
1507,150.717080,150.724240,12.200590,0.007995316,0.5330086,6.5028700,979.329400,979.318600,0,0,1,1,0,0,0,1
1508,150.816700,150.823800,12.200980,0.007989064,0.5326082,6.4982300,979.976600,979.966000,0,0,1,1,0,0,0,1
1509,150.916800,150.923900,12.200390,0.007989064,0.5325890,6.4978040,980.628200,980.617600,0,0,1,1,0,0,0,1
1510,151.017100,151.024300,12.200980,0.007987500,0.5324936,6.4970100,981.279400,981.268600,0,0,1,1,0,0,0,1
1511,151.116700,151.123900,12.201172,0.007987188,0.5324746,6.4967040,981.927000,981.916400,0,0,1,1,0,0,0,1
1512,151.217200,151.224240,12.200590,0.007991564,0.5329704,6.5018340,982.582200,982.571400,0,0,1,1,0,0,0,1
1513,151.316760,151.323900,12.201760,0.007996876,0.5331040,6.5043340,983.229800,983.219000,0,0,1,1,0,0,0,1
1514,151.416900,151.424100,12.200196,0.007985000,0.5323220,6.4944460,983.881000,983.870200,0,0,1,1,0,0,0,1
1515,151.516760,151.524000,12.199808,0.007985628,0.5323602,6.4946900,984.528600,984.518000,0,0,1,1,0,0,0,1
1516,151.616700,151.623900,12.200784,0.007986564,0.5324174,6.4959720,985.179000,985.168400,0,0,1,1,0,0,0,1
1517,151.717200,151.724400,12.200390,0.007983440,0.5322266,6.4986580,985.830200,985.819400,0,0,1,1,0,0,0,1
1518,151.816700,151.823800,12.200196,0.007997190,0.5326082,6.4983520,986.477800,986.467200,0,0,1,1,0,0,0,1
1519,151.917160,151.924300,12.200784,0.007982190,0.5321312,6.4918830,987.129000,987.118200,0,0,1,1,0,0,0,1
1520,152.016700,152.023800,12.200784,0.007982500,0.5321504,6.4927380,987.776600,987.766000,0,0,1,1,0,0,0,1
1521,152.116840,152.129100,12.200980,0.007985000,0.5323220,6.4945100,988.460400,988.449600,0,0,1,1,0,0,0,1
1522,152.216920,152.224160,12.200390,0.007985314,0.5323410,6.4946900,989.078200,989.067400,0,0,1,1,0,0,0,1
1523,152.316760,152.323900,12.201368,0.007987812,0.5324936,6.4971940,989.725600,989.715000,0,0,1,1,0,0,0,1
1524,152.416640,152.423840,12.200196,0.007990940,0.5324746,6.4964000,990.377000,990.366400,0,0,1,1,0,0,0,1
1525,152.517080,152.524240,12.200590,0.007987500,0.5324746,6.4962160,991.028600,991.018000,0,0,1,1,0,0,0,1
1526,152.616700,152.623840,12.201172,0.007994064,0.5329324,6.5023200,991.675800,991.665200,0,0,1,1,0,0,0,1
1527,152.717200,152.724400,12.200004,0.007993124,0.5328560,6.5008560,992.330200,992.319400,0,0,1,1,0,0,0,1
1528,152.816700,152.823800,12.200196,0.007985000,0.5323410,6.4944460,992.977600,992.967000,0,0,1,1,0,0,0,1
1529,152.916800,152.923840,12.199808,0.007984376,0.5322838,6.4938360,993.629000,993.618200,0,0,1,1,0,0,0,1
1530,153.016700,153.023800,12.200390,0.007984066,0.5323030,6.4946300,994.276400,994.265600,0,0,1,1,0,0,0,1
1531,153.116900,153.124040,12.200784,0.007987188,0.5324746,6.4961560,994.927800,994.917000,0,0,1,1,0,0,0,1
1532,153.216700,153.223840,12.200196,0.007984066,0.5322648,6.4936540,995.579400,995.568600,0,0,1,1,0,0,0,1
1533,153.316700,153.323800,12.200196,0.007989690,0.5326272,6.4981080,996.226600,996.216000,0,0,1,1,0,0,0,1
1534,153.416900,153.424000,12.200196,0.007980940,0.5320550,6.4910900,996.878200,996.867600,0,0,1,1,0,0,0,1
1535,153.523600,153.531100,12.200196,0.007991876,0.5327798,6.4998780,997.573400,997.562600,0,0,1,1,0,0,0,1
1536,153.616680,153.623840,12.200980,0.007988440,0.5325890,6.4972560,998.177000,998.166400,0,0,1,1,0,0,0,1
1537,153.716800,153.723960,12.201368,0.007990940,0.5327226,6.4989640,998.828200,998.817400,0,0,1,1,0,0,0,1
1538,153.817200,153.824360,12.200980,0.007978128,0.5318642,6.4891360,999.479800,999.469000,0,0,1,1,0,0,0,1
1539,153.916700,153.923840,12.200196,0.007990628,0.5326844,6.4989640,1000.127000,1000.116400,0,0,1,1,0,0,0,1
1540,154.016700,154.023800,12.199612,0.007989380,0.5326082,6.4976200,1000.778600,1000.768000,0,0,1,1,0,0,0,1
1541,154.117200,154.124300,12.201172,0.007983440,0.5322266,6.5053100,1001.429800,1001.419000,0,0,1,1,0,0,0,1
1542,154.216760,154.223900,12.199808,0.007986880,0.5329324,6.5021380,1002.077600,1002.066800,0,0,1,1,0,0,0,1
1543,154.316700,154.323800,12.200004,0.007988128,0.5325318,6.4970710,1002.728600,1002.717800,0,0,1,1,0,0,0,1
1544,154.416700,154.423840,12.199612,0.007985940,0.5323984,6.4949960,1003.380000,1003.369200,0,0,1,1,0,0,0,1
1545,154.517100,154.524240,12.200196,0.007985314,0.5323410,6.4946900,1004.031600,1004.020800,0,0,1,1,0,0,0,1
1546,154.616800,154.623900,12.200390,0.007988440,0.5325510,6.4973760,1004.678800,1004.668000,0,0,1,1,0,0,0,1
1547,154.717000,154.724160,12.200390,0.007995940,0.5330468,6.4929840,1005.330400,1005.319600,0,0,1,1,0,0,0,1
1548,154.816760,154.823920,12.201368,0.007992190,0.5327798,6.5001840,1005.981600,1005.970800,0,0,1,1,0,0,0,1
1549,154.916800,154.923900,12.200390,0.007992504,0.5328180,6.5007940,1006.629200,1006.618400,0,0,1,1,0,0,0,1
1550,155.016760,155.023800,12.200590,0.007993440,0.5328942,6.5015280,1007.279400,1007.268600,0,0,1,1,0,0,0,1
1551,155.116680,155.124800,12.199808,0.007992504,0.5328180,6.5002440,1007.934600,1007.924000,0,0,1,1,0,0,0,1
1552,155.216700,155.223900,12.201368,0.007983440,0.5322076,6.4937140,1008.578200,1008.567400,0,0,1,1,0,0,0,1
1553,155.316760,155.323900,12.200196,0.007991876,0.5327798,6.4999400,1009.229600,1009.218800,0,0,1,1,0,0,0,1
1554,155.416700,155.423840,12.200390,0.007992812,0.5329132,6.5021380,1009.877000,1009.866400,0,0,1,1,0,0,0,1
1555,155.516700,155.523800,12.201368,0.007981876,0.5321122,6.4920060,1010.528400,1010.517600,0,0,1,1,0,0,0,1
1556,155.616680,155.624000,12.200784,0.007989064,0.5325890,6.4980480,1011.179000,1011.168400,0,0,1,1,0,0,0,1
1557,155.716700,155.723800,12.200390,0.007987500,0.5324746,6.4965220,1011.826200,1011.815600,0,0,1,1,0,0,0,1
1558,155.817040,155.824200,12.200390,0.007990628,0.5326844,6.4990240,1012.481600,1012.470800,0,0,1,1,0,0,0,1
1559,155.916800,155.923840,12.201172,0.007984376,0.5322838,6.4944460,1013.129000,1013.118200,0,0,1,1,0,0,0,1
1560,156.016760,156.023800,12.200004,0.007981252,0.5320740,6.4912720,1013.776800,1013.766000,0,0,1,1,0,0,0,1
1561,156.117160,156.124300,12.200784,0.007987500,0.5324936,6.4962160,1014.432000,1014.421200,0,0,1,1,0,0,0,1
1562,156.216760,156.223900,12.200590,0.007989690,0.5326272,6.4982920,1015.079200,1015.068400,0,0,1,1,0,0,0,1
1563,156.316700,156.323900,12.200784,0.007979376,0.5319406,6.4901130,1015.729800,1015.719000,0,0,1,1,0,0,0,1
1564,156.416800,156.423840,12.200590,0.007989690,0.5326462,6.4984760,1016.377000,1016.366400,0,0,1,1,0,0,0,1
1565,156.516600,156.523800,12.200196,0.007982816,0.5321884,6.4926780,1017.028600,1017.018000,0,0,1,1,0,0,0,1
1566,156.616700,156.623840,12.200980,0.007990628,0.5323984,6.4954840,1017.679800,1017.669000,0,0,1,1,0,0,0,1
1567,156.716700,156.723840,12.200590,0.007990940,0.5327036,6.4990240,1018.327600,1018.316800,0,0,1,1,0,0,0,1
1568,156.816760,156.823800,12.201368,0.007988128,0.5325318,6.4974980,1018.978600,1018.967800,0,0,1,1,0,0,0,1
1569,156.916640,156.923840,12.201172,0.007992812,0.5328560,6.5013440,1019.630000,1019.619200,0,0,1,1,0,0,0,1
1570,157.016700,157.023900,12.201760,0.007982816,0.5321884,6.4935310,1020.276800,1020.266000,0,0,1,1,0,0,0,1
1571,157.117160,157.124300,12.199808,0.007990628,0.5327036,6.4951200,1020.931800,1020.921000,0,0,1,1,0,0,0,1
1572,157.216800,157.223960,12.200784,0.007986880,0.5321504,6.4923100,1021.579400,1021.568800,0,0,1,1,0,0,0,1
1573,157.316760,157.323800,12.200784,0.007980316,0.5319978,6.4905420,1022.226600,1022.216000,0,0,1,1,0,0,0,1
1574,157.416700,157.423840,12.200980,0.007988440,0.5325510,6.4974980,1022.878200,1022.867600,0,0,1,1,0,0,0,1
1575,157.517080,157.524160,12.200980,0.007990940,0.5327226,6.4996340,1023.528600,1023.518000,0,0,1,1,0,0,0,1
1576,157.629400,157.637040,12.201172,0.007982816,0.5321694,6.4924320,1024.264000,1024.253000,0,0,1,1,0,0,0,1
1577,157.716760,157.723900,12.200590,0.007983752,0.5322266,6.4935310,1024.828000,1024.817000,0,0,1,1,0,0,0,1
1578,157.816760,157.823800,12.200590,0.007989380,0.5326082,6.4984760,1025.478800,1025.468000,0,0,1,1,0,0,0,1
1579,157.917160,157.924300,12.200196,0.007988128,0.5325318,6.4971320,1026.129000,1026.118400,0,0,1,1,0,0,0,1
1580,158.016900,158.024000,12.200390,0.007987812,0.5325128,6.4967040,1026.777000,1026.766400,0,0,1,1,0,0,0,1
1581,158.116680,158.123800,12.200980,0.007992504,0.5328370,6.5009780,1027.428000,1027.417000,0,0,1,1,0,0,0,1
1582,158.217080,158.224240,12.201368,0.007986880,0.5324556,6.4965820,1028.078400,1028.067600,0,0,1,1,0,0,0,1
1583,158.316840,158.323920,12.200590,0.007991564,0.5327608,6.4944460,1028.726000,1028.715000,0,0,1,1,0,0,0,1
1584,158.416640,158.423840,12.200980,0.007984688,0.5323602,6.4953620,1029.377000,1029.366400,0,0,1,1,0,0,0,1
1585,158.516600,158.523800,12.201368,0.007985314,0.5323410,6.4943860,1030.024800,1030.014000,0,0,1,1,0,0,0,1
1586,158.617160,158.624300,12.201172,0.007984376,0.5322838,6.4945100,1030.680000,1030.669000,0,0,1,1,0,0,0,1
1587,158.716760,158.723900,12.200980,0.007985940,0.5323984,6.4957300,1031.328000,1031.317000,0,0,1,1,0,0,0,1
1588,158.816900,158.824080,12.199808,0.007984066,0.5322648,6.4935310,1031.977600,1031.967000,0,0,1,1,0,0,0,1
1589,158.916700,158.923840,12.200980,0.007987500,0.5324936,6.4996980,1032.625000,1032.614400,0,0,1,1,0,0,0,1
1590,159.017080,159.029200,12.199612,0.007989380,0.5326082,6.4976200,1033.310000,1033.299600,0,0,1,1,0,0,0,1
1591,159.116680,159.123840,12.200784,0.007985628,0.5323792,6.4953010,1033.924000,1033.913200,0,0,1,1,0,0,0,1
1592,159.216700,159.223900,12.200196,0.007985000,0.5323220,6.4945100,1034.575200,1034.564800,0,0,1,1,0,0,0,1
1593,159.316900,159.324080,12.200590,0.007979064,0.5319214,6.4896860,1035.226000,1035.215000,0,0,1,1,0,0,0,1
1594,159.416700,159.423840,12.200784,0.007989064,0.5325890,6.4979860,1035.873000,1035.862400,0,0,1,1,0,0,0,1
1595,159.517240,159.524400,12.200784,0.007989064,0.5325890,6.4925540,1036.528400,1036.518000,0,0,1,1,0,0,0,1
1596,159.616680,159.623840,12.200980,0.007978128,0.5325510,6.4971940,1037.176000,1037.165000,0,0,1,1,0,0,0,1
1597,159.716920,159.724240,12.200590,0.007993440,0.5328752,6.5011600,1037.826400,1037.815600,0,0,1,1,0,0,0,1
1598,159.816800,159.823920,12.200784,0.007982816,0.5321884,6.4929840,1038.474000,1038.463000,0,0,1,1,0,0,0,1
1599,159.916700,159.923840,12.200784,0.007987812,0.5325128,6.4969500,1039.125000,1039.114400,0,0,1,1,0,0,0,1
1600,160.016600,160.023800,12.199612,0.007990312,0.5326844,6.4984760,1039.772400,1039.762000,0,0,1,1,0,0,0,1
1601,160.116700,160.123840,12.199612,0.007986252,0.5323984,6.5083020,1040.424000,1040.413200,0,0,1,1,0,0,0,1
1602,160.216700,160.223900,12.200004,0.007983752,0.5325700,6.4977420,1041.075200,1041.064800,0,0,1,1,0,0,0,1
1603,160.316700,160.323800,12.200390,0.007992190,0.5328180,6.5004890,1041.723000,1041.712000,0,0,1,1,0,0,0,1
1604,160.416700,160.424040,12.201172,0.007980940,0.5320550,6.4915780,1042.373000,1042.362400,0,0,1,1,0,0,0,1
1605,160.516700,160.523800,12.200390,0.007986880,0.5324556,6.4960940,1043.024800,1043.014000,0,0,1,1,0,0,0,1
1606,160.616900,160.624040,12.200196,0.007984066,0.5322458,6.4935940,1043.676000,1043.665000,0,0,1,1,0,0,0,1
1607,160.716700,160.723800,12.199612,0.007989380,0.5326272,6.4883430,1044.323200,1044.312800,0,0,1,1,0,0,0,1
1608,160.817200,160.824360,12.200980,0.007985940,0.5326082,6.4978660,1044.977600,1044.967000,0,0,1,1,0,0,0,1
1609,160.916700,160.923840,12.200196,0.007995316,0.5330086,6.5030540,1045.625000,1045.614400,0,0,1,1,0,0,0,1
1610,161.016760,161.023900,12.200784,0.007988128,0.5325318,6.4972560,1046.273000,1046.262400,0,0,1,1,0,0,0,1
1611,161.116680,161.123800,12.201172,0.007986252,0.5323984,6.4959120,1046.924000,1046.913200,0,0,1,1,0,0,0,1
1612,161.216700,161.223840,12.201760,0.007985628,0.5323602,6.4956680,1047.572000,1047.561000,0,0,1,1,0,0,0,1
1613,161.316760,161.323920,12.201368,0.007985000,0.5323220,6.4906020,1048.222400,1048.211600,0,0,1,1,0,0,0,1
1614,161.417200,161.424300,12.200196,0.007987812,0.5330086,6.5028080,1048.877000,1048.866400,0,0,1,1,0,0,0,1
1615,161.516700,161.523900,12.199808,0.007986252,0.5324174,6.4957300,1049.525000,1049.514400,0,0,1,1,0,0,0,1
1616,161.616680,161.623800,12.200004,0.007989380,0.5326272,6.4979260,1050.172000,1050.161200,0,0,1,1,0,0,0,1
1617,161.717100,161.724440,12.200390,0.007987500,0.5324936,6.4967040,1050.826400,1050.815600,0,0,1,1,0,0,0,1
1618,161.817100,161.824240,12.200590,0.007987812,0.5325128,6.4969500,1051.474400,1051.463600,0,0,1,1,0,0,0,1
1619,161.916800,161.923900,12.200590,0.007992190,0.5327988,6.4932880,1052.121200,1052.110400,0,0,1,1,0,0,0,1
1620,162.016700,162.023900,12.200590,0.007986880,0.5324174,6.4951780,1052.773000,1052.762400,0,0,1,1,0,0,0,1
1621,162.117200,162.124300,12.200004,0.007979376,0.5319596,6.4898080,1053.424000,1053.413200,0,0,1,1,0,0,0,1
1622,162.216700,162.223900,12.199808,0.007982190,0.5321504,6.4920060,1054.072000,1054.061000,0,0,1,1,0,0,0,1
1623,162.316760,162.323900,12.201172,0.007991876,0.5327798,6.5006130,1054.723000,1054.712000,0,0,1,1,0,0,0,1
1624,162.416640,162.423840,12.200196,0.007983752,0.5322458,6.4934080,1055.373000,1055.362400,0,0,1,1,0,0,0,1
1625,162.516760,162.523800,12.200590,0.007985940,0.5323792,6.4883430,1056.020800,1056.010000,0,0,1,1,0,0,0,1
1626,162.616960,162.624160,12.200390,0.007984688,0.5324174,6.4957300,1056.676000,1056.665000,0,0,1,1,0,0,0,1
1627,162.716700,162.723840,12.200390,0.007974376,0.5316354,6.4862700,1057.322400,1057.311600,0,0,1,1,0,0,0,1
1628,162.816760,162.823920,12.200784,0.007974376,0.5316164,6.4860240,1057.969000,1057.958000,0,0,1,1,0,0,0,1
1629,162.916640,162.923800,12.200980,0.007971564,0.5314256,6.4838880,1058.618400,1058.607600,0,0,1,1,0,0,0,1
1630,163.016700,163.023800,12.200980,0.007968440,0.5312158,6.4814460,1059.268800,1059.258000,0,0,1,1,0,0,0,1
1631,163.117100,163.124300,12.201172,0.007978128,0.5312348,6.4816920,1059.918000,1059.907600,0,0,1,1,0,0,0,1
1632,163.216800,163.224100,12.200784,0.007980316,0.5316164,6.4857800,1060.566000,1060.555200,0,0,1,1,0,0,0,1
1633,163.316760,163.323800,12.200784,0.007970004,0.5313112,6.4826660,1061.215000,1061.204400,0,0,1,1,0,0,0,1
1634,163.416700,163.423800,12.200980,0.007973130,0.5315400,6.4851700,1061.861600,1061.851000,0,0,1,1,0,0,0,1
1635,163.516700,163.523800,12.201568,0.007978440,0.5318834,6.4897460,1062.512000,1062.501000,0,0,1,1,0,0,0,1
1636,163.616900,163.624040,12.200980,0.007976250,0.5317308,6.4877320,1063.161200,1063.150800,0,0,1,1,0,0,0,1
1637,163.716700,163.723960,12.200784,0.007975004,0.5316544,6.4857800,1063.812000,1063.801600,0,0,1,1,0,0,0,1
1638,163.816700,163.823800,12.200784,0.007976564,0.5313684,6.4833380,1064.458000,1064.447600,0,0,1,1,0,0,0,1
1639,163.916700,163.923800,12.201568,0.007972816,0.5315210,6.4850490,1065.108400,1065.098000,0,0,1,1,0,0,0,1
1640,164.017100,164.024240,12.201368,0.007972190,0.5314636,6.4844380,1065.759000,1065.748000,0,0,1,1,0,0,0,1
1641,164.116700,164.123840,12.200980,0.007976250,0.5317498,6.4877960,1066.406000,1066.395000,0,0,1,1,0,0,0,1
1642,164.217200,164.224400,12.201368,0.007965004,0.5309868,6.4787600,1067.059000,1067.048000,0,0,1,1,0,0,0,1
1643,164.316760,164.323920,12.201760,0.007970316,0.5313492,6.4854740,1067.705200,1067.694400,0,0,1,1,0,0,0,1
1644,164.416700,164.423840,12.200004,0.007978440,0.5315210,6.4849860,1068.351600,1068.341000,0,0,1,1,0,0,0,1
1645,164.517200,164.529240,12.201172,0.007972504,0.5315018,6.4849250,1069.037200,1069.026400,0,0,1,1,0,0,0,1
1646,164.617000,164.624300,12.201568,0.007972816,0.5315018,6.4852300,1069.652000,1069.641200,0,0,1,1,0,0,0,1
1647,164.716700,164.723900,12.200980,0.007975316,0.5316926,6.4870000,1070.298000,1070.287200,0,0,1,1,0,0,0,1
1648,164.817160,164.824300,12.200980,0.007979376,0.5319406,6.4901740,1070.951200,1070.940800,0,0,1,1,0,0,0,1
1649,164.916840,164.924000,12.199612,0.007992504,0.5328180,6.4960940,1071.599000,1071.588000,0,0,1,1,0,0,0,1
1650,165.017100,165.024240,12.200590,0.007991252,0.5324174,6.4959120,1072.250000,1072.239200,0,0,1,1,0,0,0,1
1651,165.116680,165.123800,12.200980,0.007994690,0.5329704,6.5026260,1072.897600,1072.887000,0,0,1,1,0,0,0,1
1652,165.217100,165.224400,12.200784,0.007988128,0.5325318,6.4973160,1073.553000,1073.542000,0,0,1,1,0,0,0,1
1653,165.316840,165.324000,12.200784,0.007981252,0.5320740,6.4916380,1074.200400,1074.189600,0,0,1,1,0,0,0,1
1654,165.416700,165.423840,12.200590,0.007987500,0.5324936,6.4966460,1074.848000,1074.837000,0,0,1,1,0,0,0,1
1655,165.517000,165.524100,12.201172,0.007992812,0.5328560,6.4976200,1075.499000,1075.488400,0,0,1,1,0,0,0,1
1656,165.617160,165.624360,12.200784,0.007995316,0.5330086,6.5031740,1076.150800,1076.140000,0,0,1,1,0,0,0,1
1657,165.716700,165.723900,12.201368,0.007989690,0.5326462,6.4985960,1076.798000,1076.787200,0,0,1,1,0,0,0,1
1658,165.816700,165.823900,12.200196,0.007990000,0.5326462,6.4984760,1077.449200,1077.438800,0,0,1,1,0,0,0,1
1659,165.916640,165.928840,12.199024,0.007989064,0.5325890,6.4974980,1078.130000,1078.119200,0,0,1,1,0,0,0,1
1660,166.016700,166.023800,12.201368,0.007979376,0.5319406,6.4902960,1078.748000,1078.737600,0,0,1,1,0,0,0,1
1661,166.116680,166.123800,12.200004,0.007990312,0.5326654,6.4957900,1079.399600,1079.389000,0,0,1,1,0,0,0,1
1662,166.216700,166.223960,12.201368,0.007989064,0.5324556,6.4967040,1080.051000,1080.040000,0,0,1,1,0,0,0,1
1663,166.316700,166.323900,12.200980,0.007983752,0.5322266,6.4932880,1080.698400,1080.687600,0,0,1,1,0,0,0,1
1664,166.416640,166.423800,12.201368,0.007985000,0.5323220,6.4950560,1081.349000,1081.338000,0,0,1,1,0,0,0,1
1665,166.516800,166.523920,12.200390,0.007991876,0.5327798,6.5000620,1082.000000,1081.989200,0,0,1,1,0,0,0,1
1666,166.616680,166.623800,12.201368,0.007994690,0.5329704,6.5028080,1082.647600,1082.637000,0,0,1,1,0,0,0,1
1667,166.717200,166.724300,12.201172,0.007988128,0.5317498,6.4871220,1083.303000,1083.292000,0,0,1,1,0,0,0,1
1668,166.816760,166.823920,12.200390,0.007993124,0.5322838,6.4941420,1083.950400,1083.939600,0,0,1,1,0,0,0,1
1669,166.916800,166.923900,12.200196,0.007995940,0.5330660,6.5037240,1084.598000,1084.587000,0,0,1,1,0,0,0,1
1670,167.016800,167.024000,12.200784,0.007987500,0.5324746,6.4966460,1085.249000,1085.238400,0,0,1,1,0,0,0,1
1671,167.117000,167.124100,12.200784,0.007984688,0.5323030,6.4943860,1085.900800,1085.890000,0,0,1,1,0,0,0,1
1672,167.216760,167.223840,12.200390,0.007986252,0.5324174,6.4956060,1086.548000,1086.537200,0,0,1,1,0,0,0,1
1673,167.321300,167.328500,12.200590,0.007991252,0.5327416,6.4996980,1087.227600,1087.217000,0,0,1,1,0,0,0,1
1674,167.417100,167.424300,12.200196,0.007988128,0.5325318,6.4968260,1087.851200,1087.840400,0,0,1,1,0,0,0,1
1675,167.517080,167.524200,12.200590,0.007993124,0.5328560,6.5011600,1088.501000,1088.490400,0,0,1,1,0,0,0,1
1676,167.616680,167.623800,12.200590,0.007987812,0.5325128,6.4968880,1089.150000,1089.139200,0,0,1,1,0,0,0,1
1677,167.717240,167.724400,12.199612,0.007990000,0.5326462,6.4981080,1089.800000,1089.789200,0,0,1,1,0,0,0,1
1678,167.816700,167.823760,12.200980,0.007985000,0.5323220,6.4949960,1090.447600,1090.436800,0,0,1,1,0,0,0,1
1679,167.916840,167.924100,12.200390,0.007994064,0.5326654,6.4992080,1091.099000,1091.088000,0,0,1,1,0,0,0,1
1680,168.016760,168.023900,12.201368,0.007987812,0.5323602,6.4951200,1091.750000,1091.739200,0,0,1,1,0,0,0,1
1681,168.116700,168.123840,12.201368,0.007990940,0.5327226,6.4997560,1092.397600,1092.387000,0,0,1,1,0,0,0,1
1682,168.216700,168.223840,12.200590,0.007978752,0.5319024,6.4896260,1093.049000,1093.038400,0,0,1,1,0,0,0,1
1683,168.316760,168.323920,12.200196,0.007993750,0.5328942,6.5015280,1093.701000,1093.690000,0,0,1,1,0,0,0,1
1684,168.416700,168.423840,12.201172,0.007985314,0.5323410,6.4951200,1094.348000,1094.337000,0,0,1,1,0,0,0,1
1685,168.517200,168.524300,12.200590,0.007990000,0.5325318,6.4973160,1095.003600,1094.993000,0,0,1,1,0,0,0,1
1686,168.616700,168.623800,12.201172,0.007991252,0.5322266,6.4929840,1095.650800,1095.640000,0,0,1,1,0,0,0,1
1687,168.717100,168.724300,12.200390,0.007992190,0.5327988,6.5003660,1096.302400,1096.291600,0,0,1,1,0,0,0,1
1688,168.816700,168.823900,12.200196,0.007980940,0.5320550,6.4910900,1096.949200,1096.938800,0,0,1,1,0,0,0,1
1689,168.917160,168.924320,12.200784,0.007988440,0.5325510,6.4974980,1097.601200,1097.590400,0,0,1,1,0,0,0,1
1690,169.016700,169.023760,12.200590,0.007985000,0.5323220,6.4946300,1098.248000,1098.237600,0,0,1,1,0,0,0,1
1691,169.116800,169.123900,12.200390,0.007985940,0.5323792,6.4937140,1098.900000,1098.889200,0,0,1,1,0,0,0,1
1692,169.217100,169.224300,12.200784,0.007980940,0.5320550,6.4912720,1099.550400,1099.539600,0,0,1,1,0,0,0,1
1693,169.316760,169.323900,12.200004,0.007990940,0.5327226,6.4991460,1100.199000,1100.188000,0,0,1,1,0,0,0,1
1694,169.416700,169.423840,12.200390,0.007986564,0.5324364,6.4959120,1100.849200,1100.838400,0,0,1,1,0,0,0,1
1695,169.516700,169.523800,12.200390,0.007992812,0.5328370,6.5008560,1101.500000,1101.489200,0,0,1,1,0,0,0,1
1696,169.617100,169.624200,12.200590,0.007991252,0.5327416,6.4996340,1102.152000,1102.141200,0,0,1,1,0,0,0,1
1697,169.716700,169.723840,12.199416,0.007977190,0.5318070,6.4979260,1102.799000,1102.788400,0,0,1,1,0,0,0,1
1698,169.817100,169.824200,12.200390,0.007980628,0.5320168,6.4907840,1103.451000,1103.440000,0,0,1,1,0,0,0,1
1699,169.918500,169.926000,12.200980,0.007995940,0.5330468,6.5037240,1104.112400,1104.101600,0,0,1,1,0,0,0,1
1700,170.017200,170.024300,12.200590,0.007988752,0.5325700,6.4976820,1104.752000,1104.741600,0,0,1,1,0,0,0,1
1701,170.116680,170.123840,12.200196,0.007976876,0.5317690,6.4877320,1105.400000,1105.389200,0,0,1,1,0,0,0,1
1702,170.216640,170.224900,12.200390,0.007989690,0.5326462,6.4984760,1106.054400,1106.043600,0,0,1,1,0,0,0,1
1703,170.316760,170.323900,12.200590,0.007982816,0.5321884,6.5001220,1106.699000,1106.688000,0,0,1,1,0,0,0,1
1704,170.417200,170.424300,12.200590,0.007983440,0.5322076,6.4932260,1107.350000,1107.339000,0,0,1,1,0,0,0,1
1705,170.517200,170.524300,12.200390,0.007986880,0.5324364,6.4960360,1108.000000,1107.989200,0,0,1,1,0,0,0,1
1706,170.616680,170.623800,12.200196,0.007986880,0.5324364,6.4958500,1108.647600,1108.637000,0,0,1,1,0,0,0,1
1707,170.717100,170.724300,12.201368,0.007985940,0.5323792,6.4957900,1109.303000,1109.292000,0,0,1,1,0,0,0,1
1708,170.816760,170.823800,12.200980,0.007989690,0.5326272,6.4986580,1109.947600,1109.936800,0,0,1,1,0,0,0,1
1709,170.916700,170.923800,12.200784,0.007996876,0.5331040,6.4956680,1110.598000,1110.587000,0,0,1,1,0,0,0,1
1710,171.016840,171.024000,12.200390,0.007991876,0.5327798,6.4999400,1111.249600,1111.239000,0,0,1,1,0,0,0,1
1711,171.116700,171.123840,12.199612,0.007995316,0.5330086,6.5023200,1111.900800,1111.890000,0,0,1,1,0,0,0,1
1712,171.217100,171.225200,12.200004,0.007989690,0.5326272,6.4980480,1112.556000,1112.545000,0,0,1,1,0,0,0,1
1713,171.316700,171.323920,12.200590,0.007985940,0.5323984,6.4954250,1113.199200,1113.188800,0,0,1,1,0,0,0,1
1714,171.416700,171.423900,12.201172,0.007993124,0.5328560,6.5014660,1113.851200,1113.840400,0,0,1,1,0,0,0,1
1715,171.516700,171.523900,12.201368,0.007988440,0.5322648,6.4939000,1114.498000,1114.487600,0,0,1,1,0,0,0,1
1716,171.617000,171.624200,12.200590,0.007980628,0.5320360,6.4909060,1115.153600,1115.143000,0,0,1,1,0,0,0,1
1717,171.716700,171.723840,12.200784,0.007993750,0.5329132,6.5018340,1115.801000,1115.790000,0,0,1,1,0,0,0,1
1718,171.816900,171.823920,12.199612,0.007987188,0.5324746,6.4958500,1116.449000,1116.438000,0,0,1,1,0,0,0,1
1719,171.924160,171.931520,12.200196,0.007989064,0.5325890,6.4976200,1117.150800,1117.140000,0,0,1,1,0,0,0,1
1720,172.016800,172.023920,12.200784,0.007991564,0.5327608,6.5000620,1117.751000,1117.740400,0,0,1,1,0,0,0,1
1721,172.116700,172.123840,12.200980,0.007985314,0.5331994,6.5052500,1118.398400,1118.388000,0,0,1,1,0,0,0,1
1722,172.216700,172.223840,12.200590,0.007985000,0.5328942,6.5018340,1119.050000,1119.039200,0,0,1,1,0,0,0,1
1723,172.316840,172.324080,12.199808,0.007985940,0.5323984,6.4950560,1119.701200,1119.690800,0,0,1,1,0,0,0,1
1724,172.416700,172.423900,12.200390,0.007987812,0.5325128,6.4969500,1120.349000,1120.338000,0,0,1,1,0,0,0,1
1725,172.517200,172.524300,12.200590,0.007999376,0.5332756,6.5062260,1121.004000,1120.993200,0,0,1,1,0,0,0,1
1726,172.616680,172.623800,12.200590,0.007997190,0.5331422,6.5045180,1121.651600,1121.641000,0,0,1,1,0,0,0,1
1727,172.717080,172.724240,12.200980,0.007995624,0.5328370,6.5004890,1122.303000,1122.292000,0,0,1,1,0,0,0,1
1728,172.816700,172.828900,12.200784,0.007998750,0.5323792,6.4953620,1122.983600,1122.973000,0,0,1,1,0,0,0,1
1729,172.916700,172.923840,12.200196,0.007982190,0.5321504,6.4922500,1123.601600,1123.591000,0,0,1,1,0,0,0,1
1730,173.017200,173.024300,12.201172,0.007990940,0.5327226,6.4998180,1124.253000,1124.242400,0,0,1,1,0,0,0,1
1731,173.116680,173.123840,12.200004,0.007990312,0.5326844,6.4987190,1124.900800,1124.890000,0,0,1,1,0,0,0,1
1732,173.216700,173.223840,12.200784,0.007980000,0.5319978,6.4906620,1125.552000,1125.541000,0,0,1,1,0,0,0,1
1733,173.317160,173.324300,12.200390,0.007991564,0.5322076,6.4930420,1126.202400,1126.191600,0,0,1,1,0,0,0,1
1734,173.416960,173.424100,12.200784,0.007990628,0.5326844,6.4995120,1126.851000,1126.840000,0,0,1,1,0,0,0,1
1735,173.516600,173.523760,12.200980,0.007980000,0.5319788,6.4907840,1127.502000,1127.491600,0,0,1,1,0,0,0,1
1736,173.616840,173.624000,12.200390,0.007987188,0.5324746,6.4962780,1128.154000,1128.143200,0,0,1,1,0,0,0,1
1737,173.716640,173.723800,12.201368,0.007987812,0.5325128,6.4973760,1128.801000,1128.790000,0,0,1,1,0,0,0,1
1738,173.817100,173.824300,12.201172,0.007989380,0.5326272,6.4985960,1129.455200,1129.444400,0,0,1,1,0,0,0,1
1739,173.916800,173.923900,12.200590,0.007996250,0.5331804,6.5050660,1130.100000,1130.089000,0,0,1,1,0,0,0,1
1740,174.016700,174.023920,12.199612,0.007986880,0.5324556,6.4958500,1130.750000,1130.739200,0,0,1,1,0,0,0,1
1741,174.116680,174.123840,12.199808,0.007982500,0.5321694,6.4921880,1131.401600,1131.391000,0,0,1,1,0,0,0,1
1742,174.221500,174.228700,12.201568,0.007980316,0.5325890,6.4974380,1132.082000,1132.071600,0,0,1,1,0,0,0,1
1743,174.317160,174.324300,12.200196,0.007985940,0.5323984,6.4952400,1132.705000,1132.694000,0,0,1,1,0,0,0,1
1744,174.416700,174.423840,12.200196,0.007991252,0.5327416,6.4995120,1133.351000,1133.340000,0,0,1,1,0,0,0,1
1745,174.517200,174.524300,12.200390,0.007999690,0.5323602,6.4953620,1134.002000,1133.991600,0,0,1,1,0,0,0,1
1746,174.616680,174.623800,12.200004,0.007984688,0.5323030,6.4945100,1134.650800,1134.640000,0,0,1,1,0,0,0,1
1747,174.717080,174.724200,12.200390,0.007991564,0.5327608,6.4998180,1135.301000,1135.290000,0,0,1,1,0,0,0,1
1748,174.816700,174.823800,12.200004,0.007984066,0.5322648,6.4935940,1135.952400,1135.941600,0,0,1,1,0,0,0,1
1749,174.916800,174.923900,12.200390,0.007991564,0.5327608,6.4998180,1136.600000,1136.589000,0,0,1,1,0,0,0,1
1750,175.017100,175.024200,12.200980,0.007977190,0.5318070,6.4885260,1137.251000,1137.240400,0,0,1,1,0,0,0,1
1751,175.117160,175.124360,12.200590,0.007990312,0.5325128,6.4965220,1137.901600,1137.891000,0,0,1,1,0,0,0,1
1752,175.217000,175.224100,12.201368,0.007995940,0.5330468,6.5038460,1138.553000,1138.542000,0,0,1,1,0,0,0,1
1753,175.317100,175.324240,12.199808,0.007986252,0.5323984,6.4951780,1139.204400,1139.193600,0,0,1,1,0,0,0,1
1754,175.416840,175.424100,12.200390,0.007984688,0.5322838,6.4941420,1139.851600,1139.841000,0,0,1,1,0,0,0,1
1755,175.516700,175.523800,12.200590,0.007985940,0.5323792,6.4954250,1140.500000,1140.489200,0,0,1,1,0,0,0,1
1756,175.616960,175.624100,12.201368,0.007991252,0.5327416,6.5000620,1141.152000,1141.141200,0,0,1,1,0,0,0,1
1757,175.716700,175.723840,12.200004,0.007988752,0.5327608,6.4994520,1141.802000,1141.791000,0,0,1,1,0,0,0,1
1758,175.816700,175.823800,12.200590,0.007995004,0.5329896,6.5027500,1142.451000,1142.440000,0,0,1,1,0,0,0,1
1759,175.916960,175.924160,12.200004,0.007990940,0.5327226,6.4990880,1143.101000,1143.090000,0,0,1,1,0,0,0,1
1760,176.016700,176.023920,12.201172,0.007997190,0.5331422,6.5049440,1143.752000,1143.741600,0,0,1,1,0,0,0,1
1761,176.116700,176.123900,12.200980,0.007985628,0.5323602,6.4953620,1144.399600,1144.389000,0,0,1,1,0,0,0,1
1762,176.216700,176.223900,12.200390,0.007987188,0.5324746,6.4964000,1145.051000,1145.040000,0,0,1,1,0,0,0,1
1763,176.317160,176.324360,12.200784,0.007983440,0.5327608,6.4996980,1145.706800,1145.696000,0,0,1,1,0,0,0,1
1764,176.416840,176.424000,12.200004,0.007985314,0.5323410,6.4945680,1146.353600,1146.343000,0,0,1,1,0,0,0,1
1765,176.516600,176.523760,12.199416,0.007989064,0.5325890,6.4971940,1147.000000,1146.989200,0,0,1,1,0,0,0,1
1766,176.617000,176.624200,12.200590,0.007992504,0.5328370,6.5007340,1147.651600,1147.641000,0,0,1,1,0,0,0,1
1767,176.716760,176.723840,12.200784,0.007996564,0.5331040,6.5041520,1148.300400,1148.289600,0,0,1,1,0,0,0,1
1768,176.816760,176.823800,12.200390,0.007987812,0.5325128,6.4968880,1148.950400,1148.939600,0,0,1,1,0,0,0,1
1769,176.916700,176.923800,12.201568,0.007988440,0.5324746,6.4964000,1149.601600,1149.591000,0,0,1,1,0,0,0,1
1770,177.016840,177.024000,12.200196,0.007982190,0.5321312,6.4921280,1150.253600,1150.243000,0,0,1,1,0,0,0,1
1771,177.116680,177.123800,12.200980,0.007990940,0.5327036,6.4995740,1150.899600,1150.889000,0,0,1,1,0,0,0,1
1772,177.217100,177.224200,12.200390,0.007984066,0.5322648,6.4938360,1151.551000,1151.540000,0,0,1,1,0,0,0,1
1773,177.316700,177.323900,12.200784,0.007995940,0.5330468,6.5035400,1152.198400,1152.187600,0,0,1,1,0,0,0,1
1774,177.417100,177.424200,12.201760,0.007987188,0.5324556,6.4968880,1152.853600,1152.843000,0,0,1,1,0,0,0,1
1775,177.516760,177.523800,12.200196,0.007985000,0.5324556,6.4960360,1153.501000,1153.490400,0,0,1,1,0,0,0,1
1776,177.617160,177.624200,12.200784,0.007981568,0.5320740,6.4913940,1154.152400,1154.142000,0,0,1,1,0,0,0,1
1777,177.716700,177.723800,12.200980,0.007985000,0.5323410,6.4949340,1154.800000,1154.789200,0,0,1,1,0,0,0,1
1778,177.816760,177.823900,12.200784,0.007984066,0.5322648,6.4940200,1155.450400,1155.439600,0,0,1,1,0,0,0,1
1779,177.916700,177.923840,12.200590,0.007980628,0.5320360,6.4911520,1156.101600,1156.091000,0,0,1,1,0,0,0,1
1780,178.018640,178.026000,12.200390,0.007988128,0.5327226,6.4996980,1156.764000,1156.753000,0,0,1,1,0,0,0,1
1781,178.116680,178.123840,12.200784,0.007983752,0.5319978,6.4902960,1157.399600,1157.389000,0,0,1,1,0,0,0,1
1782,178.216700,178.223800,12.200390,0.007985000,0.5323220,6.4942040,1158.047000,1158.036400,0,0,1,1,0,0,0,1
1783,178.316800,178.324000,12.199808,0.007979376,0.5319596,6.4897460,1158.698400,1158.687600,0,0,1,1,0,0,0,1
1784,178.416700,178.423900,12.201172,0.007986564,0.5324174,6.4962160,1159.350000,1159.339000,0,0,1,1,0,0,0,1
1785,178.516600,178.523760,12.200390,0.007980000,0.5319788,6.4903580,1159.996400,1159.985600,0,0,1,1,0,0,0,1
1786,178.617100,178.624200,12.200196,0.007986252,0.5323984,6.4953010,1160.651600,1160.641000,0,0,1,1,0,0,0,1
1787,178.716700,178.723840,12.199612,0.007986880,0.5326654,6.4992080,1161.299000,1161.288400,0,0,1,1,0,0,0,1
1788,178.817200,178.824360,12.200980,0.007987500,0.5324936,6.4966460,1161.954400,1161.943600,0,0,1,1,0,0,0,1
1789,178.916800,178.923900,12.200590,0.007982816,0.5321694,6.4927980,1162.598000,1162.587000,0,0,1,1,0,0,0,1
1790,179.017100,179.024240,12.201172,0.007983128,0.5321884,6.4933480,1163.252000,1163.241600,0,0,1,1,0,0,0,1
1791,179.116700,179.123840,12.200784,0.007974064,0.5315972,6.4859640,1163.900000,1163.889200,0,0,1,1,0,0,0,1
1792,179.217200,179.224400,12.199808,0.007990000,0.5326462,6.4934080,1164.551000,1164.540000,0,0,1,1,0,0,0,1
1793,179.316700,179.323800,12.199808,0.007981876,0.5328752,6.5018920,1165.199000,1165.188000,0,0,1,1,0,0,0,1
1794,179.416700,179.423840,12.201172,0.007984688,0.5323030,6.4948140,1165.849200,1165.838400,0,0,1,1,0,0,0,1
1795,179.516700,179.523760,12.200390,0.007990000,0.5326654,6.4986580,1166.497600,1166.487000,0,0,1,1,0,0,0,1
1796,179.617160,179.624200,12.200390,0.007987812,0.5325128,6.4968260,1167.152000,1167.141200,0,0,1,1,0,0,0,1
1797,179.716700,179.723840,12.200590,0.007985628,0.5323602,6.4950560,1167.799000,1167.788400,0,0,1,1,0,0,0,1
1798,179.817200,179.824400,12.200784,0.007995004,0.5329896,6.4945100,1168.451000,1168.440000,0,0,1,1,0,0,0,1
1799,179.916700,179.923840,12.200980,0.007990312,0.5323030,6.4939000,1169.098000,1169.087000,0,0,1,1,0,0,0,1
1800,180.017080,180.024160,12.199808,0.007989064,0.5325890,6.4978660,1169.749600,1169.739000,0,0,1,1,0,0,0,1
1801,180.116800,180.124040,12.200980,0.007987812,0.5325128,6.4970710,1170.400800,1170.390000,0,0,1,1,0,0,0,1
1802,180.216700,180.223840,12.200390,0.007993440,0.5328752,6.5012820,1171.048400,1171.038000,0,0,1,1,0,0,0,1
1803,180.316760,180.323900,12.200784,0.007984376,0.5322838,6.4942640,1171.699200,1171.688800,0,0,1,1,0,0,0,1
1804,180.416700,180.423900,12.200390,0.007988752,0.5325700,6.4975620,1172.347200,1172.336800,0,0,1,1,0,0,0,1
1805,180.517100,180.524240,12.201172,0.007985000,0.5316926,6.4863900,1173.001600,1172.991000,0,0,1,1,0,0,0,1
1806,180.616680,180.623840,12.200004,0.007991876,0.5327798,6.4996980,1173.648400,1173.638000,0,0,1,1,0,0,0,1
1807,180.716640,180.723840,12.200980,0.007993124,0.5328560,6.5013440,1174.297000,1174.286400,0,0,1,1,0,0,0,1
1808,180.817200,180.824300,12.200590,0.007984376,0.5322838,6.4942040,1174.951200,1174.940800,0,0,1,1,0,0,0,1
1809,180.916800,180.923800,12.200390,0.007989690,0.5326462,6.4984140,1175.599200,1175.588400,0,0,1,1,0,0,0,1
1810,181.017100,181.024240,12.200390,0.007999690,0.5332948,6.4994520,1176.250000,1176.239200,0,0,1,1,0,0,0,1
1811,181.116700,181.123900,12.200390,0.007985000,0.5324364,6.4958500,1176.898000,1176.887600,0,0,1,1,0,0,0,1
1812,181.216800,181.224100,12.199416,0.007985314,0.5323602,6.4948140,1177.549000,1177.538400,0,0,1,1,0,0,0,1
1813,181.316700,181.323900,12.200196,0.007984066,0.5322458,6.4935940,1178.200400,1178.189600,0,0,1,1,0,0,0,1
1814,181.416700,181.423840,12.200196,0.007996564,0.5331040,6.5038460,1178.848000,1178.837000,0,0,1,1,0,0,0,1
1815,181.517100,181.524300,12.200196,0.007988128,0.5325318,6.4969500,1179.503000,1179.492400,0,0,1,1,0,0,0,1
1816,181.616700,181.623840,12.200004,0.007986880,0.5324556,6.4958500,1180.150800,1180.140000,0,0,1,1,0,0,0,1
1817,181.717100,181.724300,12.200196,0.007987500,0.5330850,6.5039070,1180.802000,1180.791000,0,0,1,1,0,0,0,1
1818,181.816700,181.823760,12.200784,0.007996250,0.5330850,6.5032960,1181.449200,1181.438800,0,0,1,1,0,0,0,1
1819,181.917160,181.924300,12.200784,0.007988440,0.5325700,6.4976200,1182.101000,1182.090000,0,0,1,1,0,0,0,1
1820,182.017100,182.024200,12.200390,0.007985000,0.5323220,6.4945680,1182.752000,1182.741600,0,0,1,1,0,0,0,1
1821,182.117000,182.124200,12.200980,0.007987500,0.5324936,6.4967660,1183.403600,1183.393000,0,0,1,1,0,0,0,1
1822,182.217240,182.224440,12.200784,0.007994690,0.5329704,6.4991460,1184.055000,1184.044000,0,0,1,1,0,0,0,1
1823,182.317040,182.324300,12.200004,0.008002190,0.5324556,6.4960940,1184.702400,1184.691600,0,0,1,1,0,0,0,1
1824,182.416960,182.424100,12.200390,0.007985628,0.5323602,6.4948140,1185.350000,1185.339000,0,0,1,1,0,0,0,1
1825,182.516700,182.523800,12.200004,0.007991876,0.5327798,6.4999400,1185.997200,1185.986400,0,0,1,1,0,0,0,1
1826,182.616700,182.623900,12.200390,0.007985628,0.5323792,6.4951200,1186.648400,1186.638000,0,0,1,1,0,0,0,1
1827,182.716700,182.723840,12.200004,0.007984376,0.5322838,6.4938360,1187.300000,1187.289200,0,0,1,1,0,0,0,1
1828,182.816700,182.823800,12.200196,0.007988440,0.5325510,6.4972560,1187.951200,1187.940800,0,0,1,1,0,0,0,1
1829,182.917160,182.924200,12.200196,0.007975004,0.5327608,6.4993920,1188.601600,1188.591000,0,0,1,1,0,0,0,1
1830,183.016760,183.023900,12.201568,0.008000004,0.5333330,6.5073860,1189.250000,1189.239200,0,0,1,1,0,0,0,1
1831,183.117160,183.124360,12.200590,0.007990628,0.5327036,6.4992680,1189.902000,1189.891200,0,0,1,1,0,0,0,1
1832,183.216800,183.223960,12.201368,0.007989064,0.5325890,6.4983520,1190.549000,1190.538400,0,0,1,1,0,0,0,1
1833,183.316700,183.324360,12.200390,0.007999690,0.5333138,6.5065320,1191.205000,1191.194000,0,0,1,1,0,0,0,1
1834,183.416840,183.424000,12.200980,0.007988128,0.5325318,6.4973160,1191.851000,1191.840000,0,0,1,1,0,0,0,1
1835,183.517100,183.524200,12.200784,0.007988128,0.5325128,6.4970100,1192.502000,1192.491600,0,0,1,1,0,0,0,1
1836,183.616700,183.623840,12.200590,0.007984688,0.5323030,6.4940200,1193.149600,1193.139000,0,0,1,1,0,0,0,1
1837,183.717200,183.724240,12.199808,0.007983128,0.5322076,6.4926780,1193.801000,1193.790000,0,0,1,1,0,0,0,1
1838,183.816700,183.823760,12.201368,0.007980000,0.5319978,6.4910280,1194.448400,1194.437600,0,0,1,1,0,0,0,1
1839,183.917100,183.924200,12.200784,0.007996250,0.5330850,6.5039070,1195.103600,1195.093000,0,0,1,1,0,0,0,1
1840,184.021560,184.028840,12.200004,0.007987812,0.5325128,6.4965220,1195.785000,1195.774000,0,0,1,1,0,0,0,1
1841,184.116680,184.123800,12.200590,0.007989380,0.5327036,6.4989640,1196.400000,1196.389200,0,0,1,1,0,0,0,1
1842,184.217080,184.224200,12.199808,0.007996876,0.5331040,6.5040900,1197.054400,1197.043600,0,0,1,1,0,0,0,1
1843,184.316840,184.324200,12.200784,0.007987500,0.5324936,6.4967040,1197.701200,1197.690800,0,0,1,1,0,0,0,1
1844,184.417100,184.424160,12.200196,0.007984066,0.5322648,6.4936540,1198.353000,1198.342400,0,0,1,1,0,0,0,1
1845,184.516800,184.523920,12.200004,0.007987500,0.5324936,6.4964000,1199.000000,1198.989200,0,0,1,1,0,0,0,1
1846,184.617000,184.624100,12.201760,0.007987500,0.5324936,6.4967660,1199.652000,1199.641200,0,0,1,1,0,0,0,1
1847,184.717000,184.724200,12.200196,0.007984376,0.5323030,6.4943240,1200.303000,1200.292000,0,0,1,1,0,0,0,1
1848,184.816700,184.823800,12.200004,0.007991252,0.5327226,6.4995120,1200.951000,1200.940000,0,0,1,1,0,0,0,1
1849,184.917160,184.924300,12.201568,0.007997816,0.5331804,6.5056770,1201.601600,1201.591000,0,0,1,1,0,0,0,1
1850,185.016700,185.023800,12.199808,0.007988128,0.5325318,6.4968260,1202.249600,1202.239000,0,0,1,1,0,0,0,1
1851,185.116700,185.123840,12.201568,0.007996250,0.5330850,6.5043340,1202.900800,1202.890000,0,0,1,1,0,0,0,1
1852,185.216920,185.224100,12.200980,0.007988128,0.5325318,6.4970100,1203.552000,1203.541000,0,0,1,1,0,0,0,1
1853,185.316700,185.323900,12.200196,0.007988440,0.5326272,6.4975620,1204.199200,1204.188800,0,0,1,1,0,0,0,1
1854,185.416640,185.423900,12.200590,0.007990000,0.5326654,6.4987190,1204.851000,1204.840000,0,0,1,1,0,0,0,1
1855,185.517200,185.524400,12.200980,0.007968440,0.5312158,6.4814460,1205.505000,1205.494400,0,0,1,1,0,0,0,1
1856,185.616680,185.623800,12.200390,0.007978440,0.5318834,6.4890760,1206.149600,1206.139000,0,0,1,1,0,0,0,1
1857,185.717200,185.724300,12.200590,0.007976876,0.5317880,6.4879760,1206.804000,1206.793000,0,0,1,1,0,0,0,1
1858,185.816700,185.823900,12.200784,0.007997190,0.5331422,6.5046400,1207.451200,1207.440800,0,0,1,1,0,0,0,1
1859,185.916640,185.923840,12.199808,0.007988440,0.5326462,6.4984140,1208.099200,1208.088400,0,0,1,1,0,0,0,1
1860,186.016700,186.023900,12.200980,0.007991876,0.5327798,6.5001840,1208.750000,1208.739200,0,0,1,1,0,0,0,1
1861,186.117100,186.124160,12.200196,0.007991252,0.5327416,6.4993920,1209.401600,1209.391000,0,0,1,1,0,0,0,1
1862,186.216760,186.223900,12.200784,0.007987500,0.5324936,6.4967040,1210.053000,1210.042000,0,0,1,1,0,0,0,1
1863,186.316840,186.324080,12.200980,0.007991252,0.5327416,6.4998780,1210.704400,1210.693600,0,0,1,1,0,0,0,1
1864,186.417100,186.424200,12.201368,0.007989690,0.5326462,6.4910280,1211.351600,1211.341000,0,0,1,1,0,0,0,1
1865,186.516700,186.523760,12.199612,0.007992504,0.5324936,6.4962780,1211.999000,1211.988400,0,0,1,1,0,0,0,1
1866,186.616680,186.623800,12.200590,0.007986564,0.5324364,6.4956060,1212.650800,1212.640000,0,0,1,1,0,0,0,1
1867,186.717100,186.724240,12.200980,0.007986564,0.5324364,6.4962160,1213.305000,1213.294000,0,0,1,1,0,0,0,1
1868,186.816700,186.823920,12.200390,0.007988128,0.5325318,6.4970710,1213.953200,1213.942400,0,0,1,1,0,0,0,1
1869,186.916700,186.923800,12.200980,0.007990628,0.5327036,6.4993920,1214.601000,1214.590000,0,0,1,1,0,0,0,1
1870,187.017000,187.024160,12.200784,0.007990940,0.5327226,6.5005500,1215.252000,1215.241600,0,0,1,1,0,0,0,1
1871,187.116700,187.123840,12.200980,0.007990000,0.5322838,6.4943860,1215.899600,1215.889000,0,0,1,1,0,0,0,1
1872,187.217000,187.224160,12.200784,0.007985000,0.5323410,6.4945100,1216.554000,1216.543000,0,0,1,1,0,0,0,1
1873,187.317000,187.324200,12.200196,0.007995316,0.5330086,6.5026860,1217.201200,1217.190800,0,0,1,1,0,0,0,1
1874,187.416700,187.423900,12.200590,0.007990312,0.5326654,6.4988420,1217.852800,1217.842000,0,0,1,1,0,0,0,1
1875,187.516700,187.523800,12.200390,0.007984066,0.5322648,6.4937140,1218.500000,1218.489200,0,0,1,1,0,0,0,1
1876,187.617100,187.624200,12.199808,0.007992190,0.5327988,6.4956060,1219.151600,1219.141000,0,0,1,1,0,0,0,1
1877,187.716640,187.723800,12.200980,0.007992812,0.5326654,6.4986580,1219.799000,1219.788400,0,0,1,1,0,0,0,1
1878,187.816700,187.823760,12.200784,0.007994690,0.5329896,6.5024440,1220.450400,1220.439600,0,0,1,1,0,0,0,1
1879,187.916640,187.923800,12.200784,0.007979376,0.5319596,6.4901740,1221.101600,1221.091000,0,0,1,1,0,0,0,1
1880,188.016600,188.023760,12.200784,0.007993440,0.5328752,6.5015880,1221.749000,1221.738400,0,0,1,1,0,0,0,1
1881,188.116960,188.124100,12.201172,0.007993750,0.5328942,6.5019540,1222.403600,1222.393000,0,0,1,1,0,0,0,1
1882,188.216640,188.223900,12.199808,0.007984066,0.5322648,6.4979260,1223.051000,1223.040000,0,0,1,1,0,0,0,1
1883,188.316760,188.323920,12.201172,0.007991876,0.5328752,6.5013440,1223.702400,1223.691600,0,0,1,1,0,0,0,1
1884,188.416960,188.424160,12.200590,0.007981876,0.5321122,6.4917620,1224.353600,1224.343000,0,0,1,1,0,0,0,1
1885,188.516900,188.524100,12.200390,0.007990628,0.5327036,6.4990880,1225.001000,1224.990400,0,0,1,1,0,0,0,1
1886,188.616700,188.623840,12.200980,0.007977190,0.5318070,6.4884660,1225.652400,1225.642000,0,0,1,1,0,0,0,1
1887,188.717080,188.724200,12.200590,0.007988128,0.5325318,6.4972560,1226.304000,1226.293000,0,0,1,1,0,0,0,1
1888,188.816700,188.823800,12.200196,0.007983752,0.5322458,6.4934080,1226.951200,1226.940800,0,0,1,1,0,0,0,1
1889,188.916640,188.923800,12.199808,0.007990000,0.5329324,6.5021980,1227.602800,1227.592000,0,0,1,1,0,0,0,1
1890,189.017080,189.024200,12.200590,0.007984376,0.5322838,6.4939000,1228.253000,1228.242400,0,0,1,1,0,0,0,1
1891,189.116700,189.123800,12.200590,0.007982190,0.5321504,6.4924940,1228.900800,1228.890000,0,0,1,1,0,0,0,1
1892,189.216800,189.223960,12.200196,0.007991564,0.5327798,6.4998780,1229.552000,1229.541000,0,0,1,1,0,0,0,1
1893,189.316700,189.323900,12.199416,0.007983128,0.5321884,6.4924940,1230.199200,1230.188800,0,0,1,1,0,0,0,1
1894,189.416700,189.423900,12.200196,0.007988440,0.5325510,6.4966460,1230.851000,1230.840000,0,0,1,1,0,0,0,1
1895,189.517000,189.524160,12.200590,0.007974064,0.5320932,6.4917000,1231.501000,1231.490400,0,0,1,1,0,0,0,1
1896,189.616700,189.623900,12.200590,0.007994376,0.5329514,6.5026260,1232.152400,1232.142000,0,0,1,1,0,0,0,1
1897,189.716640,189.723840,12.200004,0.007985628,0.5323792,6.4948740,1232.800000,1232.789200,0,0,1,1,0,0,0,1
1898,189.816760,189.823900,12.200590,0.007994690,0.5329704,6.5026260,1233.451200,1233.440800,0,0,1,1,0,0,0,1
1899,189.916700,189.923840,12.199808,0.007984688,0.5323030,6.4939580,1234.099000,1234.088000,0,0,1,1,0,0,0,1
1900,190.017100,190.024240,12.200784,0.007985314,0.5323410,6.4991460,1234.753000,1234.742400,0,0,1,1,0,0,0,1
1901,190.116680,190.123800,12.201172,0.007994376,0.5327036,6.4992080,1235.401600,1235.391000,0,0,1,1,0,0,0,1
1902,190.216640,190.223800,12.200390,0.007977502,0.5318260,6.4887120,1236.049000,1236.038400,0,0,1,1,0,0,0,1
1903,190.317040,190.324240,12.200784,0.007987500,0.5324936,6.4968260,1236.703200,1236.692400,0,0,1,1,0,0,0,1
1904,190.416840,190.424000,12.199808,0.007980940,0.5320550,6.4909060,1237.351000,1237.340000,0,0,1,1,0,0,0,1
1905,190.517080,190.524160,12.200004,0.007980940,0.5320550,6.4910280,1238.002000,1237.991600,0,0,1,1,0,0,0,1
1906,190.616700,190.623900,12.200784,0.007988752,0.5325890,6.4923100,1238.649600,1238.639000,0,0,1,1,0,0,0,1
1907,190.717080,190.724200,12.200390,0.007993750,0.5321312,6.4923740,1239.301000,1239.290000,0,0,1,1,0,0,0,1
1908,190.816760,190.823900,12.200196,0.007996250,0.5330660,6.5034800,1239.952400,1239.941600,0,0,1,1,0,0,0,1
1909,190.917200,190.929320,12.201172,0.007990628,0.5327036,6.4995120,1240.637000,1240.626000,0,0,1,1,0,0,0,1
1910,191.016800,191.024100,12.200590,0.007987188,0.5324556,6.4962780,1241.252000,1241.241600,0,0,1,1,0,0,0,1
1911,191.116680,191.123760,12.199612,0.007995940,0.5330660,6.5029920,1241.899600,1241.889000,0,0,1,1,0,0,0,1
1912,191.217080,191.224200,12.200590,0.007994376,0.5329514,6.4995740,1242.555000,1242.544000,0,0,1,1,0,0,0,1
1913,191.316700,191.323760,12.200390,0.007990000,0.5328370,6.5006720,1243.203000,1243.192000,0,0,1,1,0,0,0,1
1914,191.416640,191.423840,12.200784,0.007987188,0.5324746,6.4965820,1243.853600,1243.843000,0,0,1,1,0,0,0,1
1915,191.516700,191.523800,12.199220,0.007992812,0.5328370,6.5002440,1244.501600,1244.491000,0,0,1,1,0,0,0,1
1916,191.617000,191.624100,12.200784,0.007989064,0.5325890,6.4980480,1245.152400,1245.142000,0,0,1,1,0,0,0,1
1917,191.716760,191.723840,12.200196,0.007979064,0.5319214,6.4894420,1245.804400,1245.793600,0,0,1,1,0,0,0,1
1918,191.816800,191.823900,12.200980,0.007993750,0.5329132,6.4968260,1246.451200,1246.440800,0,0,1,1,0,0,0,1
1919,191.917160,191.924320,12.200980,0.007993440,0.5323410,6.4955460,1247.105600,1247.095000,0,0,1,1,0,0,0,1
1920,192.016600,192.023800,12.200196,0.007992812,0.5328370,6.5010380,1247.750000,1247.739200,0,0,1,1,0,0,0,1
1921,192.117000,192.124160,12.200590,0.007983752,0.5322458,6.4936540,1248.404400,1248.393600,0,0,1,1,0,0,0,1
1922,192.216700,192.223840,12.200196,0.007986880,0.5324556,6.4959120,1249.052400,1249.041600,0,0,1,1,0,0,0,1
1923,192.316700,192.323900,12.200196,0.007994690,0.5329704,6.5023820,1249.704400,1249.693600,0,0,1,1,0,0,0,1
1924,192.416700,192.424040,12.200004,0.007988752,0.5325700,6.5047620,1250.355000,1250.344400,0,0,1,1,0,0,0,1
1925,192.516700,192.523920,12.200784,0.007988752,0.5326462,6.4984760,1251.003000,1250.992400,0,0,1,1,0,0,0,1
1926,192.616680,192.623840,12.200784,0.007994376,0.5329514,6.5023200,1251.654400,1251.643600,0,0,1,1,0,0,0,1
1927,192.716700,192.723900,12.200980,0.007993750,0.5329132,6.5020140,1252.302000,1252.291000,0,0,1,1,0,0,0,1
1928,192.816840,192.824000,12.200004,0.007987812,0.5324936,6.4964600,1252.953200,1252.942400,0,0,1,1,0,0,0,1
1929,192.916800,192.923900,12.200390,0.007995004,0.5329704,6.5025640,1253.604800,1253.594000,0,0,1,1,0,0,0,1
1930,193.017240,193.024300,12.200590,0.007989690,0.5326272,6.4943240,1254.255000,1254.244400,0,0,1,1,0,0,0,1
1931,193.116700,193.123840,12.200196,0.007989690,0.5323030,6.4938360,1254.903600,1254.893000,0,0,1,1,0,0,0,1
1932,193.216700,193.223900,12.200784,0.007990628,0.5327036,6.4987820,1255.555000,1255.544000,0,0,1,1,0,0,0,1
1933,193.316700,193.323800,12.201172,0.007989064,0.5325890,6.4981080,1256.202400,1256.191600,0,0,1,1,0,0,0,1
1934,193.416700,193.423900,12.200784,0.007990000,0.5326654,6.4988420,1256.853000,1256.842400,0,0,1,1,0,0,0,1
1935,193.517200,193.524300,12.201172,0.007990628,0.5327036,6.4994520,1257.508000,1257.497200,0,0,1,1,0,0,0,1
1936,193.616840,193.624000,12.201172,0.007993124,0.5328752,6.5038460,1258.155600,1258.144800,0,0,1,1,0,0,0,1
1937,193.716700,193.728900,12.199808,0.007981252,0.5320740,6.4912120,1258.836000,1258.825200,0,0,1,1,0,0,0,1
1938,193.817200,193.824400,12.201368,0.007972190,0.5314636,6.4846200,1259.457000,1259.446400,0,0,1,1,0,0,0,1
1939,193.916700,193.923840,12.200980,0.007985000,0.5323220,6.4946900,1260.100000,1260.089000,0,0,1,1,0,0,0,1
1940,194.016700,194.023760,12.200980,0.007981252,0.5320740,6.4917000,1260.750000,1260.739200,0,0,1,1,0,0,0,1
1941,194.116840,194.124000,12.201760,0.007975628,0.5316926,6.4876100,1261.400800,1261.390000,0,0,1,1,0,0,0,1
1942,194.217200,194.224240,12.200980,0.007977502,0.5314064,6.4832780,1262.050400,1262.039600,0,0,1,1,0,0,0,1
1943,194.316800,194.323920,12.200196,0.007979064,0.5321122,6.4923100,1262.696400,1262.685600,0,0,1,1,0,0,0,1
1944,194.416700,194.423900,12.200980,0.007975940,0.5317308,6.4869400,1263.347200,1263.336800,0,0,1,1,0,0,0,1
1945,194.516760,194.523900,12.200390,0.007977190,0.5318070,6.4882820,1263.997600,1263.987000,0,0,1,1,0,0,0,1
1946,194.616700,194.623800,12.200980,0.007971250,0.5314064,6.4837040,1264.643600,1264.633000,0,0,1,1,0,0,0,1
1947,194.717100,194.724240,12.200784,0.007968750,0.5312348,6.4814460,1265.298000,1265.287200,0,0,1,1,0,0,0,1
1948,194.816700,194.823760,12.200390,0.007971250,0.5314064,6.4857180,1265.941000,1265.930400,0,0,1,1,0,0,0,1
1949,194.917200,194.924320,12.200784,0.007983128,0.5322076,6.4927980,1266.594000,1266.583000,0,0,1,1,0,0,0,1
1950,195.016700,195.023800,12.199220,0.007975316,0.5316926,6.4870000,1267.240400,1267.229600,0,0,1,1,0,0,0,1
1951,195.117160,195.124400,12.200196,0.007976876,0.5317880,6.4879160,1267.891000,1267.880000,0,0,1,1,0,0,0,1
1952,195.216700,195.223840,12.201172,0.007980628,0.5320168,6.4913340,1268.537200,1268.526400,0,0,1,1,0,0,0,1
1953,195.316700,195.323900,12.199808,0.007977502,0.5318260,6.4882200,1269.187600,1269.177000,0,0,1,1,0,0,0,1
1954,195.417200,195.424320,12.200784,0.007974376,0.5317308,6.4873660,1269.838000,1269.827200,0,0,1,1,0,0,0,1
1955,195.516840,195.524100,12.200390,0.007976876,0.5315018,6.4847440,1270.484800,1270.474000,0,0,1,1,0,0,0,1
1956,195.616600,195.623800,12.199808,0.007969376,0.5312730,6.4814460,1271.135000,1271.124000,0,0,1,1,0,0,0,1
1957,195.716920,195.724000,12.200390,0.007973130,0.5315210,6.4848640,1271.785200,1271.774800,0,0,1,1,0,0,0,1
1958,195.817160,195.824360,12.200004,0.007971876,0.5314446,6.4835240,1272.435000,1272.424400,0,0,1,1,0,0,0,1
1959,195.917000,195.924160,12.200004,0.007989064,0.5325890,6.4976200,1273.082000,1273.071600,0,0,1,1,0,0,0,1
1960,196.016700,196.023900,12.200590,0.007993124,0.5328752,6.4965220,1273.734000,1273.723200,0,0,1,1,0,0,0,1
1961,196.117100,196.124300,12.200004,0.007994376,0.5329704,6.5021380,1274.385000,1274.374000,0,0,1,1,0,0,0,1
1962,196.216640,196.223840,12.200390,0.007974376,0.5316164,6.4863280,1275.033000,1275.022000,0,0,1,1,0,0,0,1
1963,196.316700,196.323800,12.200004,0.007988128,0.5325318,6.4968880,1275.684000,1275.673000,0,0,1,1,0,0,0,1
1964,196.416640,196.423840,12.200196,0.007983752,0.5322458,6.4934080,1276.332000,1276.321600,0,0,1,1,0,0,0,1
1965,196.516700,196.524160,12.200196,0.007987812,0.5325128,6.4966460,1276.983600,1276.973000,0,0,1,1,0,0,0,1
1966,196.616900,196.624040,12.200784,0.007985940,0.5323792,6.4976200,1277.634400,1277.623600,0,0,1,1,0,0,0,1
1967,196.716760,196.723900,12.200590,0.007990000,0.5328560,6.5007940,1278.281600,1278.270800,0,0,1,1,0,0,0,1
1968,196.817000,196.824100,12.199808,0.007993440,0.5328752,6.5009780,1278.933200,1278.922400,0,0,1,1,0,0,0,1
1969,196.916640,196.923800,12.200390,0.007984066,0.5322648,6.4936540,1279.584000,1279.573200,0,0,1,1,0,0,0,1
1970,197.017200,197.024240,12.201368,0.007984066,0.5322648,6.4942640,1280.236000,1280.225200,0,0,1,1,0,0,0,1
1971,197.116700,197.123800,12.200390,0.007983440,0.5322266,6.4933480,1280.883000,1280.872400,0,0,1,1,0,0,0,1
1972,197.217080,197.224200,12.200390,0.007986880,0.5324556,6.4964600,1281.533200,1281.522400,0,0,1,1,0,0,0,1
1973,197.316700,197.323800,12.200196,0.007975316,0.5327416,6.4993920,1282.181000,1282.170000,0,0,1,1,0,0,0,1
1974,197.416640,197.423840,12.200784,0.007987500,0.5324936,6.4964600,1282.832000,1282.821600,0,0,1,1,0,0,0,1
1975,197.517100,197.524400,12.201172,0.007988752,0.5325700,6.4979260,1283.488000,1283.477000,0,0,1,1,0,0,0,1
1976,197.616680,197.623840,12.200390,0.007986252,0.5324174,6.4956060,1284.131000,1284.120400,0,0,1,1,0,0,0,1
1977,197.716700,197.723900,12.200004,0.007984066,0.5322648,6.4934700,1284.783000,1284.772000,0,0,1,1,0,0,0,1
1978,197.817100,197.824300,12.200590,0.007990628,0.5329896,6.5025040,1285.433000,1285.422000,0,0,1,1,0,0,0,1
1979,197.916800,197.924000,12.200980,0.007992504,0.5327036,6.4995120,1286.084000,1286.073200,0,0,1,1,0,0,0,1
1980,198.017200,198.024300,12.199612,0.007979376,0.5319406,6.4894420,1286.736000,1286.725200,0,0,1,1,0,0,0,1
1981,198.116600,198.123800,12.201956,0.007992504,0.5328180,6.5014040,1287.384400,1287.373600,0,0,1,1,0,0,0,1
1982,198.216700,198.223840,12.200590,0.007995624,0.5330278,6.5031740,1288.031600,1288.020800,0,0,1,1,0,0,0,1
1983,198.316760,198.323900,12.200590,0.007985628,0.5323602,6.4950560,1288.682000,1288.671000,0,0,1,1,0,0,0,1
1984,198.416700,198.423840,12.199416,0.007987812,0.5325128,6.4979860,1289.333600,1289.323000,0,0,1,1,0,0,0,1
1985,198.516700,198.523800,12.199808,0.007992190,0.5328370,6.5004890,1289.982000,1289.971600,0,0,1,1,0,0,0,1
1986,198.617000,198.624200,12.200590,0.007998124,0.5331994,6.5053720,1290.636400,1290.625600,0,0,1,1,0,0,0,1
1987,198.716800,198.723960,12.200004,0.007987188,0.5324746,6.4960940,1291.283200,1291.272400,0,0,1,1,0,0,0,1
1988,198.816760,198.823920,12.200390,0.007990940,0.5327226,6.4993300,1291.935000,1291.924400,0,0,1,1,0,0,0,1
1989,198.916640,198.923900,12.199808,0.007982500,0.5321694,6.4922500,1292.582000,1292.571600,0,0,1,1,0,0,0,1
1990,199.017080,199.024200,12.200980,0.007981252,0.5331230,6.5037840,1293.234000,1293.223200,0,0,1,1,0,0,0,1
1991,199.116700,199.123900,12.200784,0.007990000,0.5327608,6.4996980,1293.885000,1293.874000,0,0,1,1,0,0,0,1
1992,199.216920,199.224160,12.200004,0.007993440,0.5328942,6.5012820,1294.536400,1294.525600,0,0,1,1,0,0,0,1
1993,199.316800,199.323920,12.200784,0.007978128,0.5318642,6.4891360,1295.184000,1295.173000,0,0,1,1,0,0,0,1
1994,199.416700,199.423900,12.200784,0.007987500,0.5324936,6.4968260,1295.834000,1295.823200,0,0,1,1,0,0,0,1
1995,199.517080,199.524200,12.200390,0.007991252,0.5327416,6.4995740,1296.486000,1296.475200,0,0,1,1,0,0,0,1
1996,199.616700,199.623840,12.200390,0.007992504,0.5328180,6.4954840,1297.133000,1297.122400,0,0,1,1,0,0,0,1
1997,199.717200,199.724300,12.200980,0.007983752,0.5322266,6.4927380,1297.785000,1297.774000,0,0,1,1,0,0,0,1
1998,199.816700,199.823800,12.200196,0.007985628,0.5323602,6.4949960,1298.431000,1298.420000,0,0,1,1,0,0,0,1
1999,199.917100,199.924200,12.200390,0.007987500,0.5324936,6.4965820,1299.082000,1299.071600,0,0,1,1,0,0,0,1
2000,200.017240,200.024400,12.200004,0.007989690,0.5326462,6.4981720,1299.734000,1299.723200,0,0,1,1,0,0,0,1
2001,200.116680,200.123800,12.200590,0.007988128,0.5325318,6.4970710,1300.381000,1300.370400,0,0,1,1,0,0,0,1
2002,200.216640,200.223840,12.200196,0.007986880,0.5324556,6.4954250,1301.033000,1301.022000,0,0,1,1,0,0,0,1
2003,200.316760,200.323900,12.200390,0.007983128,0.5320932,6.4915160,1301.683000,1301.672000,0,0,1,1,0,0,0,1
2004,200.416700,200.423840,12.200390,0.007992190,0.5328180,6.5006130,1302.330800,1302.320000,0,0,1,1,0,0,0,1
2005,200.517080,200.524240,12.200784,0.007979376,0.5319406,6.4900520,1302.986000,1302.975200,0,0,1,1,0,0,0,1
2006,200.616900,200.624160,12.200196,0.007988128,0.5325318,6.4970100,1303.633000,1303.622400,0,0,1,1,0,0,0,1
2007,200.716800,200.724000,12.200196,0.007991252,0.5327226,6.4993920,1304.285000,1304.274000,0,0,1,1,0,0,0,1
2008,200.817160,200.824300,12.200390,0.007986880,0.5321122,6.4922500,1304.935600,1304.925000,0,0,1,1,0,0,0,1
2009,200.916700,200.923840,12.200196,0.007988440,0.5322076,6.4924320,1305.583600,1305.573000,0,0,1,1,0,0,0,1
2010,201.016700,201.023800,12.200590,0.007991564,0.5327608,6.4999400,1306.230800,1306.220000,0,0,1,1,0,0,0,1
2011,201.117000,201.124160,12.200004,0.007994064,0.5329132,6.5015280,1306.885000,1306.874000,0,0,1,1,0,0,0,1
2012,201.216640,201.223800,12.200784,0.007987812,0.5324936,6.4968880,1307.532400,1307.521600,0,0,1,1,0,0,0,1
2013,201.316760,201.323900,12.200980,0.007989380,0.5326272,6.4984760,1308.181200,1308.170800,0,0,1,1,0,0,0,1
2014,201.416700,201.423840,12.200784,0.007987188,0.5324556,6.4963400,1308.831000,1308.820400,0,0,1,1,0,0,0,1
2015,201.516700,201.523900,12.200590,0.007991564,0.5319406,6.4899320,1309.482400,1309.472000,0,0,1,1,0,0,0,1
2016,201.616700,201.623840,12.200590,0.007986252,0.5324174,6.4957300,1310.130000,1310.119200,0,0,1,1,0,0,0,1
2017,201.717000,201.724200,12.200004,0.007972816,0.5315018,6.4843140,1310.785200,1310.774800,0,0,1,1,0,0,0,1
2018,201.816700,201.823800,12.200980,0.007997190,0.5331230,6.5045800,1311.433200,1311.422400,0,0,1,1,0,0,0,1
2019,201.916900,201.924040,12.200196,0.007986252,0.5324174,6.4954840,1312.083000,1312.072400,0,0,1,1,0,0,0,1
2020,202.016600,202.023800,12.199416,0.007981252,0.5320740,6.4935310,1312.731000,1312.720400,0,0,1,1,0,0,0,1
2021,202.116680,202.123840,12.200196,0.007985000,0.5324174,6.4959720,1313.382000,1313.371200,0,0,1,1,0,0,0,1
2022,202.216700,202.223840,12.201172,0.007986880,0.5324556,6.4965220,1314.030000,1314.019000,0,0,1,1,0,0,0,1
2023,202.317040,202.324240,12.199220,0.007990940,0.5327226,6.4987190,1314.685000,1314.674400,0,0,1,1,0,0,0,1
2024,202.416700,202.424300,12.200390,0.007994064,0.5329324,6.5019540,1315.332000,1315.321600,0,0,1,1,0,0,0,1
2025,202.517080,202.524300,12.201172,0.007980628,0.5320360,6.4913940,1315.984000,1315.973200,0,0,1,1,0,0,0,1
2026,202.616700,202.624000,12.200590,0.007986252,0.5323030,6.4945100,1316.631000,1316.620400,0,0,1,1,0,0,0,1
2027,202.717200,202.724400,12.200590,0.007983752,0.5322458,6.4931640,1317.285200,1317.274800,0,0,1,1,0,0,0,1
2028,202.816760,202.823900,12.200390,0.007992190,0.5327988,6.5003080,1317.929200,1317.918400,0,0,1,1,0,0,0,1
2029,202.916640,202.923800,12.200590,0.007990628,0.5327036,6.4992080,1318.580800,1318.570000,0,0,1,1,0,0,0,1
2030,203.017100,203.024240,12.199612,0.007992190,0.5327988,6.4999400,1319.231600,1319.221000,0,0,1,1,0,0,0,1
2031,203.116700,203.123840,12.201568,0.007987812,0.5325128,6.4973760,1319.879600,1319.869000,0,0,1,1,0,0,0,1
2032,203.216640,203.223840,12.200590,0.007986564,0.5324364,6.4999400,1320.530400,1320.519600,0,0,1,1,0,0,0,1
2033,203.316700,203.323800,12.200390,0.007988128,0.5318452,6.4884660,1321.181200,1321.170800,0,0,1,1,0,0,0,1
2034,203.421520,203.428800,12.200590,0.007987188,0.5324746,6.4965220,1321.862000,1321.851200,0,0,1,1,0,0,0,1
2035,203.516700,203.523900,12.200980,0.007984688,0.5323030,6.4945100,1322.480000,1322.469200,0,0,1,1,0,0,0,1
2036,203.617000,203.624100,12.200004,0.007986252,0.5324174,6.4954840,1323.131600,1323.121000,0,0,1,1,0,0,0,1
2037,203.716700,203.723900,12.200390,0.008002504,0.5334856,6.5086680,1323.779000,1323.768400,0,0,1,1,0,0,0,1
2038,203.816760,203.823900,12.200590,0.007991252,0.5326654,6.4985960,1324.430400,1324.419600,0,0,1,1,0,0,0,1
2039,203.916700,203.923840,12.200784,0.007994064,0.5327416,6.4997560,1325.080400,1325.069600,0,0,1,1,0,0,0,1
2040,204.016600,204.023800,12.200590,0.007980316,0.5319978,6.4906620,1325.727600,1325.717000,0,0,1,1,0,0,0,1
2041,204.117200,204.124200,12.200196,0.007985314,0.5323410,6.4945100,1326.383600,1326.372800,0,0,1,1,0,0,0,1
2042,204.216700,204.223900,12.199808,0.007994064,0.5329324,6.5016480,1327.031000,1327.020000,0,0,1,1,0,0,0,1
2043,204.317100,204.324240,12.200390,0.007996876,0.5331230,6.5041520,1327.682400,1327.671600,0,0,1,1,0,0,0,1
2044,204.416700,204.423840,12.200980,0.007987188,0.5320550,6.4915780,1328.330000,1328.319000,0,0,1,1,0,0,0,1
2045,204.517080,204.524200,12.200196,0.007986564,0.5324174,6.4959720,1328.979600,1328.969000,0,0,1,1,0,0,0,1
2046,204.616840,204.624040,12.199808,0.007989690,0.5326462,6.4980480,1329.631000,1329.620400,0,0,1,1,0,0,0,1
2047,204.716800,204.723960,12.199808,0.007993750,0.5329132,6.5014040,1330.278400,1330.268000,0,0,1,1,0,0,0,1
2048,204.816700,204.823920,12.200980,0.007983440,0.5322076,6.4934700,1330.930000,1330.919000,0,0,1,1,0,0,0,1
2049,204.916960,204.924100,12.200196,0.007990940,0.5327226,6.4993300,1331.580400,1331.569600,0,0,1,1,0,0,0,1
2050,205.016600,205.023760,12.200590,0.007984688,0.5323030,6.5064700,1332.228800,1332.218000,0,0,1,1,0,0,0,1
2051,205.116960,205.124100,12.199808,0.007987812,0.5325128,6.4973760,1332.880400,1332.870000,0,0,1,1,0,0,0,1
2052,205.216700,205.223840,12.199612,0.008003750,0.5335808,6.5094640,1333.532000,1333.521000,0,0,1,1,0,0,0,1
2053,205.317160,205.324300,12.200590,0.007988752,0.5325700,6.4976200,1334.182000,1334.171000,0,0,1,1,0,0,0,1
2054,205.416700,205.423840,12.200196,0.007990000,0.5326654,6.4984140,1334.830800,1334.820000,0,0,1,1,0,0,0,1
2055,205.517200,205.524300,12.199808,0.007987188,0.5324746,6.4960360,1335.480800,1335.470000,0,0,1,1,0,0,0,1
2056,205.616840,205.623840,12.200196,0.007986252,0.5328180,6.5006720,1336.128000,1336.117600,0,0,1,1,0,0,0,1
2057,205.716700,205.723840,12.200390,0.007987188,0.5325890,6.4979260,1336.779600,1336.768800,0,0,1,1,0,0,0,1
2058,205.816700,205.823760,12.200784,0.007981568,0.5320932,6.4918830,1337.428400,1337.417600,0,0,1,1,0,0,0,1
2059,205.916700,205.923840,12.199024,0.007990628,0.5327036,6.4983520,1338.078400,1338.067600,0,0,1,1,0,0,0,1
2060,206.016700,206.023760,12.200196,0.007987188,0.5324746,6.4962160,1338.730800,1338.720000,0,0,1,1,0,0,0,1
2061,206.116600,206.123800,12.200784,0.007989380,0.5326082,6.4982920,1339.382400,1339.372000,0,0,1,1,0,0,0,1
2062,206.217000,206.224200,12.200196,0.007980316,0.5327036,6.4987820,1340.032400,1340.021600,0,0,1,1,0,0,0,1
2063,206.316760,206.323800,12.200196,0.007990940,0.5325700,6.4968880,1340.681200,1340.670800,0,0,1,1,0,0,0,1
2064,206.417100,206.424300,12.200980,0.007986252,0.5324174,6.4959120,1341.332000,1341.321600,0,0,1,1,0,0,0,1
2065,206.516700,206.523800,12.201172,0.007995316,0.5330086,6.5034180,1341.980000,1341.969200,0,0,1,1,0,0,0,1
2066,206.616680,206.623840,12.200980,0.007989064,0.5326082,6.4981720,1342.631000,1342.620400,0,0,1,1,0,0,0,1
2067,206.716640,206.723960,12.200390,0.007988128,0.5325318,6.4970710,1343.283000,1343.272000,0,0,1,1,0,0,0,1
2068,206.816700,206.823800,12.200980,0.007998438,0.5331040,6.5037840,1343.930000,1343.919000,0,0,1,1,0,0,0,1
2069,206.916840,206.924000,12.200196,0.007980316,0.5320168,6.4906620,1344.581600,1344.571000,0,0,1,1,0,0,0,1
2070,207.016700,207.023800,12.201568,0.007987188,0.5324556,6.4968260,1345.232000,1345.221600,0,0,1,1,0,0,0,1
2071,207.116700,207.123900,12.199416,0.007987500,0.5324936,6.4960360,1345.880400,1345.870000,0,0,1,1,0,0,0,1
2072,207.216920,207.224100,12.201172,0.007988128,0.5325318,6.4973760,1346.531000,1346.520000,0,0,1,1,0,0,0,1
2073,207.316600,207.323760,12.200980,0.007984688,0.5323030,6.4946900,1347.182000,1347.171000,0,0,1,1,0,0,0,1
2074,207.416960,207.424100,12.200784,0.007990940,0.5325510,6.4969500,1347.833600,1347.823000,0,0,1,1,0,0,0,1
2075,207.516700,207.523800,12.200980,0.007978752,0.5319024,6.4899320,1348.480800,1348.470000,0,0,1,1,0,0,0,1
2076,207.616960,207.624100,12.200004,0.007989064,0.5325890,6.4975620,1349.132400,1349.122000,0,0,1,1,0,0,0,1
2077,207.716700,207.723840,12.200390,0.007985628,0.5323602,6.4949340,1349.779600,1349.768800,0,0,1,1,0,0,0,1
2078,207.816700,207.823800,12.200390,0.007995316,0.5330086,6.5028080,1350.430000,1350.419000,0,0,1,1,0,0,0,1
2079,207.916960,207.924100,12.200196,0.007988752,0.5325700,6.4974380,1351.081600,1351.071000,0,0,1,1,0,0,0,1
2080,208.016700,208.023800,12.200390,0.007982190,0.5323220,6.4946900,1351.728800,1351.718000,0,0,1,1,0,0,0,1
2081,208.116840,208.124100,12.200784,0.007974690,0.5316354,6.4859020,1352.383000,1352.372400,0,0,1,1,0,0,0,1
2082,208.216700,208.223840,12.201368,0.007990000,0.5326654,6.4991460,1353.031600,1353.020800,0,0,1,1,0,0,0,1
2083,208.317160,208.324360,12.200980,0.007992504,0.5328180,6.5007940,1353.682000,1353.671000,0,0,1,1,0,0,0,1
2084,208.416640,208.423800,12.199808,0.007984688,0.5323030,6.4940200,1354.329200,1354.318400,0,0,1,1,0,0,0,1
2085,208.516700,208.523900,12.200784,0.007981876,0.5321122,6.4920060,1354.980800,1354.970000,0,0,1,1,0,0,0,1
2086,208.616700,208.623840,12.200590,0.007988752,0.5327988,6.5006130,1355.632400,1355.622000,0,0,1,1,0,0,0,1
2087,208.717080,208.724300,12.200196,0.007990312,0.5326844,6.4984760,1356.283200,1356.272400,0,0,1,1,0,0,0,1
2088,208.817100,208.824300,12.200784,0.007990940,0.5327226,6.4995120,1356.935000,1356.924400,0,0,1,1,0,0,0,1
2089,208.916640,208.923800,12.200196,0.007990000,0.5326654,6.4985360,1357.578400,1357.567600,0,0,1,1,0,0,0,1
2090,209.017100,209.024400,12.200196,0.008001564,0.5334284,6.5079960,1358.234000,1358.223200,0,0,1,1,0,0,0,1
2091,209.116700,209.123900,12.200196,0.007991252,0.5327608,6.4996340,1358.881000,1358.870400,0,0,1,1,0,0,0,1
2092,209.216700,209.223840,12.200590,0.007987188,0.5324364,6.4956060,1359.533000,1359.522000,0,0,1,1,0,0,0,1
2093,209.317100,209.324300,12.200390,0.007984066,0.5322648,6.4934700,1360.184000,1360.173000,0,0,1,1,0,0,0,1
2094,209.416700,209.423800,12.200196,0.007983752,0.5322266,6.4932880,1360.831600,1360.821000,0,0,1,1,0,0,0,1
2095,209.516700,209.523900,12.200390,0.007986880,0.5324556,6.4961560,1361.482400,1361.472000,0,0,1,1,0,0,0,1
2096,209.617160,209.624360,12.200196,0.007990312,0.5326654,6.4986580,1362.134000,1362.123000,0,0,1,1,0,0,0,1
2097,209.716920,209.724000,12.199808,0.007981876,0.5321122,6.4916380,1362.781600,1362.770800,0,0,1,1,0,0,0,1
2098,209.816760,209.823900,12.199024,0.007992504,0.5327988,6.5004280,1363.433000,1363.422000,0,0,1,1,0,0,0,1
2099,209.916700,209.923900,12.200196,0.007988128,0.5325128,6.4971940,1364.080400,1364.069600,0,0,1,1,0,0,0,1
2100,210.016700,210.023800,12.200196,0.007992504,0.5328180,6.5004890,1364.731600,1364.721000,0,0,1,1,0,0,0,1
2101,210.117200,210.124360,12.200590,0.007982816,0.5321694,6.4927980,1365.382400,1365.372000,0,0,1,1,0,0,0,1
2102,210.216700,210.223840,12.200390,0.007983128,0.5321884,6.4929840,1366.029600,1366.018800,0,0,1,1,0,0,0,1
2103,210.316700,210.323760,12.200590,0.007981876,0.5321122,6.4920060,1366.681200,1366.670800,0,0,1,1,0,0,0,1
2104,210.416700,210.424000,12.200784,0.007986564,0.5327416,6.4995120,1367.332000,1367.321600,0,0,1,1,0,0,0,1
2105,210.516700,210.523900,12.200980,0.007982500,0.5321504,6.4929840,1367.980000,1367.969200,0,0,1,1,0,0,0,1
2106,210.616840,210.623900,12.200196,0.007990000,0.5326654,6.4985360,1368.631000,1368.620400,0,0,1,1,0,0,0,1
2107,210.716640,210.723840,12.201172,0.007987812,0.5325128,6.4971940,1369.281600,1369.270800,0,0,1,1,0,0,0,1
2108,210.816700,210.824000,12.200590,0.007990940,0.5327226,6.4993920,1369.933200,1369.922400,0,0,1,1,0,0,0,1
2109,210.916700,210.923900,12.201172,0.007991564,0.5327608,6.5001840,1370.580400,1370.569600,0,0,1,1,0,0,0,1
2110,211.016700,211.023800,12.200390,0.007985314,0.5322266,6.4931640,1371.232000,1371.221600,0,0,1,1,0,0,0,1
2111,211.117160,211.124200,12.200784,0.007984688,0.5323030,6.4943860,1371.883000,1371.872400,0,0,1,1,0,0,0,1
2112,211.216700,211.223840,12.201172,0.007991876,0.5327798,6.5004890,1372.531000,1372.520000,0,0,1,1,0,0,0,1
2113,211.316700,211.323900,12.200004,0.007992190,0.5328180,6.5001840,1373.182000,1373.171000,0,0,1,1,0,0,0,1
2114,211.416900,211.424040,12.200196,0.007992190,0.5328180,6.5003660,1373.833000,1373.822400,0,0,1,1,0,0,0,1
2115,211.516700,211.523800,12.200784,0.007994376,0.5329514,6.5024440,1374.480800,1374.470000,0,0,1,1,0,0,0,1
2116,211.617200,211.624360,12.200004,0.007988440,0.5328560,6.5005500,1375.136400,1375.125600,0,0,1,1,0,0,0,1
2117,211.716700,211.723840,12.201368,0.007986252,0.5323984,6.4949340,1375.779600,1375.768800,0,0,1,1,0,0,0,1
2118,211.816700,211.823800,12.200196,0.007990000,0.5326654,6.4985960,1376.431000,1376.420000,0,0,1,1,0,0,0,1
2119,211.916840,211.924040,12.199808,0.007990628,0.5327036,6.4988420,1377.082000,1377.071600,0,0,1,1,0,0,0,1
2120,212.016600,212.023800,12.200390,0.007983440,0.5322076,6.4931040,1377.729600,1377.719000,0,0,1,1,0,0,0,1
2121,212.116960,212.124100,12.200004,0.007987812,0.5325128,6.4965820,1378.385200,1378.374800,0,0,1,1,0,0,0,1
2122,212.216760,212.223960,12.200590,0.007988128,0.5327798,6.4996340,1379.033000,1379.022000,0,0,1,1,0,0,0,1
2123,212.316700,212.323800,12.200980,0.007985000,0.5323220,6.4940800,1379.680000,1379.669000,0,0,1,1,0,0,0,1
2124,212.416700,212.423840,12.200196,0.007983440,0.5322076,6.4930420,1380.330400,1380.319600,0,0,1,1,0,0,0,1
2125,212.516700,212.523900,12.200590,0.007995624,0.5330278,6.5032960,1380.981600,1380.971000,0,0,1,1,0,0,0,1
2126,212.617200,212.624400,12.200784,0.007990628,0.5326844,6.4992080,1381.633000,1381.622400,0,0,1,1,0,0,0,1
2127,212.716760,212.723840,12.200784,0.007990312,0.5326844,6.4992080,1382.280400,1382.269600,0,0,1,1,0,0,0,1
2128,212.816700,212.823800,12.201172,0.007988128,0.5331040,6.5031140,1382.932000,1382.921000,0,0,1,1,0,0,0,1
2129,212.917160,212.924480,12.200196,0.007984066,0.5322648,6.4940200,1383.583600,1383.573000,0,0,1,1,0,0,0,1
2130,213.017200,213.024300,12.200004,0.007979376,0.5319596,6.4897460,1384.235000,1384.224400,0,0,1,1,0,0,0,1
2131,213.116800,213.124000,12.200390,0.007991564,0.5327608,6.4998180,1384.882400,1384.872000,0,0,1,1,0,0,0,1
2132,213.216760,213.223900,12.201368,0.007989064,0.5326082,6.4984760,1385.534000,1385.523000,0,0,1,1,0,0,0,1
2133,213.316700,213.323900,12.200590,0.007985940,0.5323984,6.4954840,1386.181200,1386.170800,0,0,1,1,0,0,0,1
2134,213.417100,213.424300,12.199808,0.007989690,0.5329514,6.5018340,1386.836000,1386.825200,0,0,1,1,0,0,0,1
2135,213.516600,213.524700,12.200590,0.007986880,0.5324556,6.4967660,1387.487000,1387.476400,0,0,1,1,0,0,0,1
2136,213.616900,213.624040,12.200590,0.007993440,0.5328752,6.5014660,1388.135000,1388.124000,0,0,1,1,0,0,0,1
2137,213.717100,213.724240,12.199612,0.007984376,0.5322838,6.4935940,1388.787000,1388.776000,0,0,1,1,0,0,0,1
2138,213.816760,213.823900,12.200390,0.007988752,0.5325890,6.4976820,1389.434000,1389.423000,0,0,1,1,0,0,0,1
2139,213.917100,213.924200,12.200196,0.007986880,0.5324556,6.4959720,1390.085600,1390.075000,0,0,1,1,0,0,0,1
2140,214.016700,214.023920,12.200590,0.007985000,0.5325510,6.4973760,1390.732400,1390.722000,0,0,1,1,0,0,0,1
2141,214.116900,214.124040,12.200590,0.007982816,0.5321694,6.4928600,1391.384400,1391.373600,0,0,1,1,0,0,0,1
2142,214.216700,214.223840,12.200196,0.007992504,0.5328180,6.5004890,1392.031600,1392.020800,0,0,1,1,0,0,0,1
2143,214.316700,214.323800,12.200590,0.007987188,0.5324556,6.4962780,1392.683200,1392.672400,0,0,1,1,0,0,0,1
2144,214.416800,214.423900,12.200590,0.007990000,0.5326654,6.4987820,1393.334000,1393.323200,0,0,1,1,0,0,0,1
2145,214.516900,214.525000,12.200004,0.007982816,0.5328180,6.5005500,1393.989200,1393.978800,0,0,1,1,0,0,0,1
2146,214.617100,214.624360,12.201368,0.007986252,0.5318642,6.4885880,1394.637000,1394.626000,0,0,1,1,0,0,0,1
2147,214.716760,214.723960,12.200004,0.007993440,0.5328942,6.5007940,1395.285000,1395.274000,0,0,1,1,0,0,0,1
2148,214.816760,214.823900,12.200196,0.007989064,0.5325890,6.4976200,1395.932000,1395.921000,0,0,1,1,0,0,0,1
2149,214.917160,214.924320,12.200390,0.007995624,0.5330278,6.5031140,1396.587000,1396.576400,0,0,1,1,0,0,0,1
2150,215.017080,215.024200,12.200390,0.007990000,0.5326462,6.4985960,1397.234800,1397.224000,0,0,1,1,0,0,0,1
2151,215.116680,215.123800,12.200196,0.007986880,0.5324556,6.4960360,1397.882400,1397.872000,0,0,1,1,0,0,0,1
2152,215.217080,215.224200,12.200196,0.007986564,0.5327608,6.4994520,1398.537200,1398.526400,0,0,1,1,0,0,0,1
2153,215.316900,215.324080,12.200980,0.007988440,0.5325510,6.4976200,1399.184800,1399.174000,0,0,1,1,0,0,0,1
2154,215.417000,215.424160,12.200590,0.007985628,0.5323602,6.4951200,1399.835600,1399.825000,0,0,1,1,0,0,0,1
2155,215.516700,215.523800,12.200784,0.007990628,0.5326844,6.4991460,1400.483600,1400.473000,0,0,1,1,0,0,0,1
2156,215.616680,215.623900,12.200784,0.007979064,0.5319214,6.4899320,1401.134400,1401.123600,0,0,1,1,0,0,0,1
2157,215.716640,215.723800,12.200590,0.007985314,0.5323410,6.4949340,1401.781600,1401.770800,0,0,1,1,0,0,0,1
2158,215.817160,215.824360,12.200784,0.007984066,0.5326082,6.4979260,1402.436800,1402.426000,0,0,1,1,0,0,0,1
2159,215.916960,215.924040,12.200784,0.007985940,0.5323984,6.4951200,1403.084000,1403.073200,0,0,1,1,0,0,0,1
2160,216.016700,216.023800,12.200196,0.007987812,0.5325128,6.4966460,1403.732000,1403.721600,0,0,1,1,0,0,0,1
2161,216.117200,216.124400,12.201172,0.007987812,0.5325128,6.4971940,1404.387000,1404.376000,0,0,1,1,0,0,0,1
2162,216.216700,216.223840,12.200784,0.007994064,0.5329324,6.5021980,1405.034400,1405.023600,0,0,1,1,0,0,0,1
2163,216.316700,216.323800,12.199808,0.007986564,0.5324174,6.4954840,1405.682000,1405.671000,0,0,1,1,0,0,0,1
2164,216.417160,216.424300,12.201368,0.007990628,0.5324174,6.4956060,1406.336000,1406.325200,0,0,1,1,0,0,0,1
2165,216.516760,216.523920,12.200004,0.007988440,0.5325510,6.4971320,1406.984000,1406.973200,0,0,1,1,0,0,0,1
2166,216.616680,216.623840,12.200784,0.007981568,0.5320932,6.4920680,1407.631000,1407.620400,0,0,1,1,0,0,0,1
2167,216.716700,216.723900,12.201368,0.007990940,0.5327226,6.4997560,1408.283000,1408.272000,0,0,1,1,0,0,0,1
2168,216.817000,216.824100,12.200784,0.007993750,0.5329132,6.5018340,1408.934000,1408.923000,0,0,1,1,0,0,0,1
2169,216.917000,216.924200,12.200390,0.007989690,0.5326462,6.4912120,1409.585000,1409.574400,0,0,1,1,0,0,0,1
2170,217.016600,217.023800,12.199416,0.007993440,0.5324364,6.4957300,1410.232400,1410.222000,0,0,1,1,0,0,0,1
2171,217.117000,217.124100,12.199416,0.007994376,0.5329514,6.5020760,1410.884000,1410.873000,0,0,1,1,0,0,0,1
2172,217.216700,217.223840,12.200590,0.007982500,0.5321504,6.4924940,1411.531600,1411.520800,0,0,1,1,0,0,0,1
2173,217.317040,217.324240,12.201368,0.007991564,0.5327608,6.5003660,1412.185600,1412.175000,0,0,1,1,0,0,0,1
2174,217.416800,217.424000,12.200590,0.007991876,0.5327988,6.5003080,1412.834000,1412.823200,0,0,1,1,0,0,0,1
2175,217.517200,217.524300,12.200590,0.007997504,0.5331612,6.4952400,1413.486000,1413.475200,0,0,1,1,0,0,0,1
2176,217.616680,217.623840,12.199808,0.007992504,0.5327036,6.4990880,1414.133000,1414.122400,0,0,1,1,0,0,0,1
2177,217.716700,217.723840,12.200784,0.007990940,0.5327226,6.4990880,1414.785000,1414.774000,0,0,1,1,0,0,0,1
2178,217.817160,217.824300,12.200390,0.007995624,0.5330468,6.5032360,1415.436000,1415.425600,0,0,1,1,0,0,0,1
2179,217.916700,217.923900,12.200590,0.007984688,0.5323030,6.4943860,1416.083600,1416.073000,0,0,1,1,0,0,0,1
2180,218.017100,218.024240,12.200980,0.007995004,0.5329896,6.5029300,1416.738000,1416.727000,0,0,1,1,0,0,0,1
2181,218.116680,218.123760,12.200390,0.007985000,0.5323410,6.4946300,1417.382400,1417.372000,0,0,1,1,0,0,0,1
2182,218.216800,218.223900,12.200196,0.007985314,0.5319596,6.4899900,1418.034000,1418.023000,0,0,1,1,0,0,0,1
2183,218.316760,218.323800,12.200196,0.007987500,0.5324746,6.4958500,1418.684000,1418.673000,0,0,1,1,0,0,0,1
2184,218.416900,218.424040,12.200784,0.007989690,0.5326462,6.4986580,1419.335600,1419.325000,0,0,1,1,0,0,0,1
2185,218.516700,218.523760,12.200390,0.007986880,0.5324556,6.4959720,1419.982400,1419.972000,0,0,1,1,0,0,0,1
2186,218.616680,218.623840,12.201368,0.007989690,0.5326272,6.4987820,1420.634400,1420.623600,0,0,1,1,0,0,0,1
2187,218.716700,218.723840,12.200784,0.007990312,0.5326844,6.4991460,1421.286000,1421.275000,0,0,1,1,0,0,0,1
2188,218.817160,218.824360,12.200196,0.007989064,0.5333138,6.5066540,1421.936800,1421.926000,0,0,1,1,0,0,0,1
2189,218.924800,218.932300,12.200590,0.007991564,0.5319214,6.4889540,1422.639000,1422.628000,0,0,1,1,0,0,0,1
2190,219.016700,219.023900,12.201368,0.007981876,0.5321122,6.4925540,1423.235600,1423.225000,0,0,1,1,0,0,0,1
2191,219.116680,219.123760,12.200590,0.007984376,0.5322838,6.4940800,1423.883600,1423.872800,0,0,1,1,0,0,0,1
2192,219.216640,219.223800,12.200196,0.007992190,0.5327988,6.5001840,1424.533200,1424.522400,0,0,1,1,0,0,0,1
2193,219.317200,219.324360,12.200590,0.007987500,0.5324936,6.4942040,1425.185000,1425.174400,0,0,1,1,0,0,0,1
2194,219.416700,219.423840,12.200390,0.007988752,0.5326844,6.4989020,1425.832000,1425.821600,0,0,1,1,0,0,0,1
2195,219.517200,219.524300,12.199416,0.007984066,0.5322648,6.4937140,1426.487600,1426.476800,0,0,1,1,0,0,0,1
2196,219.616800,219.624000,12.199808,0.007988440,0.5325700,6.4970710,1427.135200,1427.124800,0,0,1,1,0,0,0,1
2197,219.716920,219.724100,12.200784,0.007989064,0.5326082,6.4981080,1427.786400,1427.775600,0,0,1,1,0,0,0,1
2198,219.816800,219.823900,12.200390,0.007990940,0.5327226,6.4993920,1428.434400,1428.423600,0,0,1,1,0,0,0,1
2199,219.916700,219.923840,12.201172,0.007986564,0.5324364,6.4962780,1429.084000,1429.073200,0,0,1,1,0,0,0,1
2200,220.016700,220.023800,12.200390,0.007988128,0.5326272,6.4981080,1429.733000,1429.722400,0,0,1,1,0,0,0,1
2201,220.117200,220.124360,12.199808,0.007983128,0.5321884,6.4929200,1430.387600,1430.376800,0,0,1,1,0,0,0,1
2202,220.216920,220.224160,12.200590,0.007985000,0.5323220,6.4946900,1431.035000,1431.024000,0,0,1,1,0,0,0,1
2203,220.317000,220.324100,12.200980,0.007983128,0.5322076,6.4933480,1431.686000,1431.675600,0,0,1,1,0,0,0,1
2204,220.416640,220.423800,12.200390,0.007991564,0.5327608,6.4999400,1432.333600,1432.323000,0,0,1,1,0,0,0,1
2205,220.517200,220.524400,12.200980,0.007976876,0.5317880,6.5003660,1432.988400,1432.977600,0,0,1,1,0,0,0,1
2206,220.616700,220.623840,12.199808,0.007984066,0.5332948,6.5061060,1433.633000,1433.622400,0,0,1,1,0,0,0,1
2207,220.716700,220.723900,12.200196,0.007998124,0.5331994,6.5052500,1434.284000,1434.273000,0,0,1,1,0,0,0,1
2208,220.817160,220.824300,12.200390,0.007992812,0.5328370,6.5009180,1434.939000,1434.928400,0,0,1,1,0,0,0,1
2209,220.916700,220.923840,12.200590,0.007985314,0.5323410,6.4948740,1435.583600,1435.573000,0,0,1,1,0,0,0,1
2210,221.017200,221.024440,12.199808,0.007992504,0.5328180,6.5002440,1436.238000,1436.227000,0,0,1,1,0,0,0,1
2211,221.116700,221.123840,12.201760,0.007988440,0.5325510,6.4979860,1436.886400,1436.875600,0,0,1,1,0,0,0,1
2212,221.217100,221.224240,12.199612,0.007989380,0.5329132,6.5016480,1437.537200,1437.526400,0,0,1,1,0,0,0,1
2213,221.316840,221.324000,12.200196,0.007983128,0.5322076,6.4932880,1438.185000,1438.174400,0,0,1,1,0,0,0,1
2214,221.416700,221.423840,12.199808,0.007987812,0.5325128,6.4965820,1438.836000,1438.825200,0,0,1,1,0,0,0,1
2215,221.516600,221.523900,12.200390,0.007989690,0.5326272,6.4983520,1439.484000,1439.473200,0,0,1,1,0,0,0,1
2216,221.616680,221.623900,12.201172,0.007992812,0.5328370,6.5011600,1440.135000,1440.124000,0,0,1,1,0,0,0,1
2217,221.717200,221.724300,12.200980,0.007992190,0.5327988,6.4968880,1440.790800,1440.780000,0,0,1,1,0,0,0,1
2218,221.816760,221.823900,12.200590,0.007995004,0.5322838,6.4941420,1441.437600,1441.427000,0,0,1,1,0,0,0,1
2219,221.916700,221.923900,12.200784,0.007989690,0.5326272,6.4984760,1442.086800,1442.076000,0,0,1,1,0,0,0,1
2220,222.017080,222.024300,12.200390,0.007983128,0.5322076,6.4931040,1442.741000,1442.730000,0,0,1,1,0,0,0,1
2221,222.116680,222.123800,12.200390,0.007993750,0.5329132,6.5017100,1443.385200,1443.374800,0,0,1,1,0,0,0,1
2222,222.217000,222.224200,12.201368,0.007986564,0.5324174,6.4962160,1444.039600,1444.029000,0,0,1,1,0,0,0,1
2223,222.316760,222.323900,12.200004,0.007987188,0.5324556,6.4960360,1444.687600,1444.677000,0,0,1,1,0,0,0,1
2224,222.416640,222.423840,12.200390,0.007985940,0.5327226,6.4992080,1445.339600,1445.329000,0,0,1,1,0,0,0,1
2225,222.516600,222.523700,12.200390,0.007976250,0.5317498,6.4874900,1445.986400,1445.976000,0,0,1,1,0,0,0,1
2226,222.616960,222.624100,12.200390,0.007985940,0.5323792,6.4951780,1446.637600,1446.626800,0,0,1,1,0,0,0,1
2227,222.716700,222.723900,12.200196,0.007992812,0.5328560,6.5008560,1447.288400,1447.277600,0,0,1,1,0,0,0,1
2228,222.817200,222.824400,12.200784,0.007991876,0.5327798,6.5003660,1447.939600,1447.929000,0,0,1,1,0,0,0,1
2229,222.916840,222.924100,12.200196,0.007989380,0.5326272,6.4950560,1448.587000,1448.576400,0,0,1,1,0,0,0,1
2230,223.016760,223.024000,12.199612,0.007985628,0.5327036,6.4993920,1449.238400,1449.227600,0,0,1,1,0,0,0,1
2231,223.116700,223.123840,12.200980,0.007991564,0.5327608,6.5002440,1449.886000,1449.875000,0,0,1,1,0,0,0,1
2232,223.217200,223.224300,12.201172,0.007993440,0.5328942,6.5018340,1450.541000,1450.530400,0,0,1,1,0,0,0,1
2233,223.316700,223.323900,12.200784,0.007986252,0.5324174,6.4957900,1451.189000,1451.178400,0,0,1,1,0,0,0,1
2234,223.416700,223.423840,12.200784,0.007987500,0.5324936,6.4967660,1451.836000,1451.825200,0,0,1,1,0,0,0,1
2235,223.517000,223.524200,12.201368,0.007985628,0.5323602,6.5018340,1452.488000,1452.477000,0,0,1,1,0,0,0,1
2236,223.616600,223.623800,12.200196,0.007986564,0.5324936,6.4964600,1453.139000,1453.128000,0,0,1,1,0,0,0,1
2237,223.717080,223.724240,12.200390,0.007994690,0.5329704,6.5021980,1453.789200,1453.778400,0,0,1,1,0,0,0,1
2238,223.816760,223.823900,12.200784,0.007990312,0.5326844,6.4990240,1454.437600,1454.427000,0,0,1,1,0,0,0,1
2239,223.916640,223.923800,12.200390,0.007990000,0.5326462,6.4984760,1455.089600,1455.079000,0,0,1,1,0,0,0,1
2240,224.017080,224.024160,12.200004,0.007996250,0.5330660,6.5034180,1455.740400,1455.729600,0,0,1,1,0,0,0,1
2241,224.116680,224.123840,12.200004,0.007991564,0.5327608,6.4996980,1456.388400,1456.377600,0,0,1,1,0,0,0,1
2242,224.216640,224.223700,12.200590,0.007988752,0.5331422,6.5042120,1457.035200,1457.024800,0,0,1,1,0,0,0,1
2243,224.316700,224.323900,12.199612,0.007988440,0.5325510,6.4973160,1457.687000,1457.676400,0,0,1,1,0,0,0,1
2244,224.417160,224.424320,12.200590,0.007995316,0.5330086,6.5031140,1458.342000,1458.331000,0,0,1,1,0,0,0,1
2245,224.516700,224.523900,12.201172,0.007990940,0.5327226,6.4997560,1458.989200,1458.978800,0,0,1,1,0,0,0,1
2246,224.616680,224.623760,12.200196,0.007994690,0.5329704,6.5023820,1459.637000,1459.626000,0,0,1,1,0,0,0,1
2247,224.717240,224.724400,12.200390,0.007981876,0.5321122,6.4891980,1460.291000,1460.280400,0,0,1,1,0,0,0,1
2248,224.816760,224.823900,12.200004,0.007975004,0.5317116,6.4871860,1460.937600,1460.927000,0,0,1,1,0,0,0,1
2249,224.916700,224.923840,12.200590,0.007977816,0.5318452,6.4890160,1461.585000,1461.574400,0,0,1,1,0,0,0,1
2250,225.016700,225.023800,12.201760,0.007974690,0.5316354,6.4868800,1462.234800,1462.224000,0,0,1,1,0,0,0,1
2251,225.116800,225.124000,12.200004,0.007983440,0.5322076,6.4929200,1462.885000,1462.874000,0,0,1,1,0,0,0,1
2252,225.217080,225.224240,12.199808,0.007973436,0.5315400,6.4847440,1463.535200,1463.524800,0,0,1,1,0,0,0,1
2253,225.316600,225.323800,12.201172,0.007971876,0.5314446,6.4843140,1464.182000,1464.171000,0,0,1,1,0,0,0,1
2254,225.417160,225.424300,12.200784,0.007969690,0.5318452,6.4885880,1464.835600,1464.825000,0,0,1,1,0,0,0,1
2255,225.516600,225.523760,12.200196,0.007974064,0.5315972,6.4857800,1465.478800,1465.468000,0,0,1,1,0,0,0,1
2256,225.616700,225.623900,12.200590,0.007966564,0.5311012,6.4797370,1466.128000,1466.117600,0,0,1,1,0,0,0,1
2257,225.716700,225.728900,12.200196,0.007969690,0.5314256,6.4837040,1466.810800,1466.800000,0,0,1,1,0,0,0,1
2258,225.816700,225.823900,12.201568,0.007972504,0.5315018,6.4850490,1467.424000,1467.413200,0,0,1,1,0,0,0,1
2259,225.916640,225.923840,12.200980,0.007970630,0.5313684,6.4845580,1468.074400,1468.063600,0,0,1,1,0,0,0,1
2260,226.016700,226.023800,12.200390,0.007962500,0.5314828,6.4841340,1468.724000,1468.713000,0,0,1,1,0,0,0,1
2261,226.116800,226.123900,12.200590,0.007970630,0.5313684,6.4827280,1469.374800,1469.364000,0,0,1,1,0,0,0,1
2262,226.217000,226.224160,12.200784,0.007962500,0.5308344,6.4764420,1470.023600,1470.013000,0,0,1,1,0,0,0,1
2263,226.316700,226.323900,12.200196,0.007976876,0.5317690,6.4876720,1470.670800,1470.660000,0,0,1,1,0,0,0,1
2264,226.417200,226.424320,12.200980,0.007977190,0.5318070,6.4885260,1471.320400,1471.309600,0,0,1,1,0,0,0,1
2265,226.516600,226.523760,12.200004,0.007972190,0.5314636,6.4829720,1471.966000,1471.955200,0,0,1,1,0,0,0,1
2266,226.616700,226.623900,12.200980,0.007964064,0.5313874,6.4830940,1472.617000,1472.606000,0,0,1,1,0,0,0,1
2267,226.717200,226.724400,12.200196,0.007971876,0.5314636,6.4838880,1473.267000,1473.256000,0,0,1,1,0,0,0,1
2268,226.816700,226.823900,12.200196,0.007985628,0.5323602,6.4948740,1473.914000,1473.903000,0,0,1,1,0,0,0,1
2269,226.916640,226.923800,12.201172,0.007982816,0.5321884,6.4932880,1474.563600,1474.553000,0,0,1,1,0,0,0,1
2270,227.016700,227.023900,12.200004,0.007987500,0.5324936,6.4964000,1475.215000,1475.204400,0,0,1,1,0,0,0,1
2271,227.116960,227.129200,12.199416,0.007990312,0.5326844,6.4984760,1475.900000,1475.889200,0,0,1,1,0,0,0,1
2272,227.216700,227.223900,12.200390,0.007986880,0.5323602,6.4949960,1476.514000,1476.503000,0,0,1,1,0,0,0,1
2273,227.317160,227.324360,12.200980,0.007982190,0.5321504,6.4926160,1477.165600,1477.155000,0,0,1,1,0,0,0,1
2274,227.416700,227.423840,12.200980,0.007982500,0.5321504,6.4927980,1477.812800,1477.802000,0,0,1,1,0,0,0,1
2275,227.516900,227.524100,12.200390,0.007992812,0.5328370,6.5008560,1478.463600,1478.453000,0,0,1,1,0,0,0,1
2276,227.616680,227.623840,12.200590,0.007996564,0.5331040,6.5040900,1479.114400,1479.103600,0,0,1,1,0,0,0,1
2277,227.716640,227.723840,12.200784,0.007990312,0.5326844,6.4942640,1479.762400,1479.751600,0,0,1,1,0,0,0,1
2278,227.816760,227.823900,12.200980,0.007985940,0.5326844,6.4985360,1480.413200,1480.402400,0,0,1,1,0,0,0,1
2279,227.917160,227.924300,12.199808,0.007984688,0.5323030,6.4939580,1481.064800,1481.054000,0,0,1,1,0,0,0,1
2280,228.016700,228.023800,12.200390,0.007992190,0.5327988,6.5003660,1481.712000,1481.701200,0,0,1,1,0,0,0,1
2281,228.116960,228.124200,12.200784,0.007993124,0.5328752,6.5013440,1482.366400,1482.355600,0,0,1,1,0,0,0,1
2282,228.216800,228.223960,12.201760,0.008001564,0.5334284,6.5086680,1483.014400,1483.003600,0,0,1,1,0,0,0,1
2283,228.316700,228.323760,12.200390,0.007989690,0.5326462,6.5014660,1483.662400,1483.651600,0,0,1,1,0,0,0,1
2284,228.417200,228.424320,12.200590,0.007972816,0.5323030,6.4939580,1484.316800,1484.306000,0,0,1,1,0,0,0,1
2285,228.516600,228.523760,12.200196,0.007984688,0.5323030,6.4940200,1484.964000,1484.953200,0,0,1,1,0,0,0,1
2286,228.617200,228.624400,12.200390,0.007985940,0.5323792,6.4952400,1485.615200,1485.604800,0,0,1,1,0,0,0,1
2287,228.716700,228.723840,12.200980,0.007981568,0.5321122,6.4921880,1486.263000,1486.252000,0,0,1,1,0,0,0,1
2288,228.817200,228.824360,12.200784,0.007978440,0.5319024,6.4895640,1486.917000,1486.906400,0,0,1,1,0,0,0,1
2289,228.916640,228.923700,12.199612,0.007987500,0.5324936,6.4931040,1487.561600,1487.551000,0,0,1,1,0,0,0,1
2290,229.017200,229.024240,12.201172,0.007995624,0.5320168,6.4907840,1488.216000,1488.205200,0,0,1,1,0,0,0,1
2291,229.116680,229.123800,12.201368,0.007983440,0.5322266,6.4931640,1488.864000,1488.853000,0,0,1,1,0,0,0,1
2292,229.217200,229.224440,12.200004,0.007985314,0.5323410,6.4945680,1489.519000,1489.508400,0,0,1,1,0,0,0,1
2293,229.317040,229.324240,12.199808,0.007988128,0.5325318,6.4967660,1490.166000,1490.155600,0,0,1,1,0,0,0,1
2294,229.416840,229.424000,12.200196,0.007992812,0.5328370,6.5007940,1490.813600,1490.803000,0,0,1,1,0,0,0,1
2295,229.516700,229.523800,12.201760,0.007988128,0.5325318,6.4992680,1491.461600,1491.451000,0,0,1,1,0,0,0,1
2296,229.617200,229.624300,12.200590,0.007989064,0.5325890,6.4980480,1492.116000,1492.105000,0,0,1,1,0,0,0,1
2297,229.716640,229.723840,12.199808,0.007992190,0.5327988,6.5007940,1492.763200,1492.752400,0,0,1,1,0,0,0,1
2298,229.816700,229.823900,12.200590,0.007980316,0.5320168,6.4908480,1493.414800,1493.404000,0,0,1,1,0,0,0,1
2299,229.917100,229.924200,12.200980,0.007991564,0.5327608,6.5000620,1494.065600,1494.055000,0,0,1,1,0,0,0,1
2300,230.016760,230.023800,12.200196,0.007987188,0.5324746,6.4963400,1494.713600,1494.703000,0,0,1,1,0,0,0,1
2301,230.116680,230.123800,12.200784,0.007985628,0.5323602,6.4895020,1495.361000,1495.350400,0,0,1,1,0,0,0,1
2302,230.216700,230.223840,12.199416,0.007988128,0.5325318,6.4976200,1496.012400,1496.001600,0,0,1,1,0,0,0,1
2303,230.316700,230.323800,12.201368,0.007983128,0.5322076,6.4931640,1496.663200,1496.652400,0,0,1,1,0,0,0,1
2304,230.416640,230.423840,12.200590,0.007981568,0.5320932,6.4918830,1497.314000,1497.303200,0,0,1,1,0,0,0,1
2305,230.516600,230.523800,12.200590,0.007991252,0.5327416,6.4998180,1497.961000,1497.950400,0,0,1,1,0,0,0,1
2306,230.617160,230.624300,12.200196,0.007987188,0.5324746,6.4960940,1498.616400,1498.605600,0,0,1,1,0,0,0,1
2307,230.717200,230.724240,12.201172,0.007976564,0.5324364,6.4957300,1499.264400,1499.253600,0,0,1,1,0,0,0,1
2308,230.816840,230.823920,12.200590,0.007982190,0.5327226,6.4995740,1499.912000,1499.901000,0,0,1,1,0,0,0,1
2309,230.916640,230.923900,12.200196,0.007987188,0.5324746,6.4967040,1500.563000,1500.552400,0,0,1,1,0,0,0,1
2310,231.016700,231.023900,12.200196,0.007991252,0.5327608,6.4996340,1501.214000,1501.203200,0,0,1,1,0,0,0,1
2311,231.116700,231.123840,12.200980,0.007990312,0.5326844,6.4992680,1501.862000,1501.851200,0,0,1,1,0,0,0,1
2312,231.216760,231.224100,12.200590,0.007991564,0.5327608,6.5000620,1502.513000,1502.502000,0,0,1,1,0,0,0,1
2313,231.316700,231.323800,12.201172,0.007985314,0.5323602,6.4890160,1503.164000,1503.153000,0,0,1,1,0,0,0,1
2314,231.416700,231.423840,12.200590,0.007986564,0.5322076,6.4934700,1503.810800,1503.800000,0,0,1,1,0,0,0,1
2315,231.517200,231.524400,12.200390,0.007980628,0.5320360,6.4909060,1504.465000,1504.454400,0,0,1,1,0,0,0,1
2316,231.616680,231.623800,12.200196,0.007989690,0.5326462,6.4982920,1505.114000,1505.103000,0,0,1,1,0,0,0,1
2317,231.717200,231.724300,12.200784,0.007988752,0.5325890,6.4978660,1505.764000,1505.753000,0,0,1,1,0,0,0,1
2318,231.816700,231.823800,12.201760,0.007985628,0.5323602,6.4957900,1506.411200,1506.400800,0,0,1,1,0,0,0,1
2319,231.917160,231.924300,12.201368,0.007978752,0.5323410,6.4946300,1507.067000,1507.056400,0,0,1,1,0,0,0,1
2320,232.016600,232.023760,12.200196,0.007990000,0.5321122,6.4916380,1507.710000,1507.699200,0,0,1,1,0,0,0,1
2321,232.116960,232.124040,12.200784,0.007988128,0.5325128,6.4971320,1508.366000,1508.355000,0,0,1,1,0,0,0,1
2322,232.216700,232.223900,12.199612,0.008000316,0.5333330,6.5065320,1509.013200,1509.002400,0,0,1,1,0,0,0,1
2323,232.316700,232.323800,12.201568,0.007983440,0.5322076,6.4937760,1509.660400,1509.649600,0,0,1,1,0,0,0,1
2324,232.417200,232.424320,12.200784,0.007992190,0.5327988,6.5005500,1510.315600,1510.305000,0,0,1,1,0,0,0,1
2325,232.516700,232.523800,12.201172,0.007986880,0.5324364,6.5005500,1510.963600,1510.953000,0,0,1,1,0,0,0,1
2326,232.617160,232.624300,12.200980,0.007979064,0.5319214,6.4898080,1511.614400,1511.603600,0,0,1,1,0,0,0,1
2327,232.716900,232.724100,12.200784,0.007984376,0.5322838,6.4942640,1512.265200,1512.254800,0,0,1,1,0,0,0,1
2328,232.816760,232.823900,12.200784,0.007996564,0.5330850,6.5039700,1512.913200,1512.902400,0,0,1,1,0,0,0,1
2329,232.916700,232.927300,12.200390,0.007990628,0.5327036,6.4950560,1513.586000,1513.575200,0,0,1,1,0,0,0,1
2330,233.016840,233.024200,12.200980,0.007989380,0.5326082,6.4982920,1514.215600,1514.205000,0,0,1,1,0,0,0,1
2331,233.116680,233.123840,12.200004,0.007989064,0.5325890,6.4971940,1514.863000,1514.852000,0,0,1,1,0,0,0,1
2332,233.217240,233.226000,12.199024,0.007988752,0.5325700,6.4973760,1515.525600,1515.515000,0,0,1,1,0,0,0,1
2333,233.317100,233.324500,12.199808,0.007993124,0.5328752,6.5009180,1516.165000,1516.154400,0,0,1,1,0,0,0,1
2334,233.417440,233.426240,12.201368,0.007989380,0.5326082,6.4984760,1516.828000,1516.817000,0,0,1,1,0,0,0,1
2335,233.516800,233.525300,12.200784,0.007973750,0.5315782,6.4857180,1517.472400,1517.461600,0,0,1,1,0,0,0,1
2336,233.617000,233.624400,12.200390,0.007990000,0.5326654,6.4985960,1518.115200,1518.104800,0,0,1,1,0,0,0,1
2337,233.716920,233.724160,12.201568,0.007995004,0.5327798,6.4998180,1518.763000,1518.752000,0,0,1,1,0,0,0,1
2338,233.817320,233.826500,12.199808,0.007979376,0.5319596,6.4904180,1519.429000,1519.418000,0,0,1,1,0,0,0,1
2339,233.917200,233.924640,12.199220,0.007996250,0.5330850,6.5031740,1520.070000,1520.059200,0,0,1,1,0,0,0,1
2340,234.017000,234.024200,12.200590,0.007988752,0.5325890,6.4978040,1520.717000,1520.706000,0,0,1,1,0,0,0,1
2341,234.117100,234.124200,12.200980,0.007989064,0.5325890,6.4980480,1521.365000,1521.354000,0,0,1,1,0,0,0,1
2342,234.216640,234.223900,12.200980,0.007989690,0.5326272,6.4985960,1522.012000,1522.001000,0,0,1,1,0,0,0,1
2343,234.317100,234.324240,12.200196,0.007990000,0.5323220,6.4944460,1522.667600,1522.657000,0,0,1,1,0,0,0,1
2344,234.416960,234.426600,12.199024,0.007979064,0.5319406,6.4893800,1523.330000,1523.319000,0,0,1,1,0,0,0,1
2345,234.517200,234.526100,12.200004,0.007992190,0.5327988,6.5000620,1523.976800,1523.966000,0,0,1,1,0,0,0,1
2346,234.617160,234.624360,12.199612,0.007988752,0.5325890,6.4972560,1524.617000,1524.606000,0,0,1,1,0,0,0,1
2347,234.716900,234.724100,12.200784,0.007984066,0.5322648,6.4940800,1525.264000,1525.253000,0,0,1,1,0,0,0,1
2348,234.816700,234.823900,12.200390,0.007981252,0.5320740,6.4913340,1525.911200,1525.900800,0,0,1,1,0,0,0,1
2349,234.916700,234.923840,12.200784,0.007985000,0.5323220,6.4949960,1526.562800,1526.552000,0,0,1,1,0,0,0,1
2350,235.016900,235.024100,12.200784,0.007995004,0.5329896,6.5023200,1527.214400,1527.204000,0,0,1,1,0,0,0,1
2351,235.116680,235.123800,12.200784,0.008001876,0.5334474,6.5084840,1527.861600,1527.851000,0,0,1,1,0,0,0,1
2352,235.216640,235.223800,12.199612,0.007985314,0.5323602,6.4945100,1528.512400,1528.501600,0,0,1,1,0,0,0,1
2353,235.316700,235.323900,12.200390,0.007983752,0.5322458,6.4935940,1529.163200,1529.152400,0,0,1,1,0,0,0,1
2354,235.416700,235.423840,12.200390,0.007988440,0.5325510,6.4972560,1529.812000,1529.801600,0,0,1,1,0,0,0,1
2355,235.516900,235.524100,12.200196,0.007989064,0.5325128,6.4969500,1530.463000,1530.452400,0,0,1,1,0,0,0,1
2356,235.616680,235.623840,12.200590,0.007991876,0.5327036,6.4986580,1531.115000,1531.104000,0,0,1,1,0,0,0,1
2357,235.716640,235.723840,12.200784,0.007995624,0.5330278,6.5032360,1531.762000,1531.751000,0,0,1,1,0,0,0,1
2358,235.817100,235.824360,12.198830,0.007985314,0.5323410,6.4939000,1532.417000,1532.406400,0,0,1,1,0,0,0,1
2359,235.917000,235.924200,12.201368,0.007989380,0.5326082,6.4984760,1533.064800,1533.054000,0,0,1,1,0,0,0,1
2360,236.016700,236.023900,12.200196,0.007997816,0.5331804,6.5048220,1533.715000,1533.704400,0,0,1,1,0,0,0,1
2361,236.116680,236.123800,12.200196,0.007989690,0.5326462,6.4932260,1534.363600,1534.352800,0,0,1,1,0,0,0,1
2362,236.216640,236.223800,12.200004,0.007988128,0.5327226,6.4995120,1535.015000,1535.004000,0,0,1,1,0,0,0,1
2363,236.316700,236.323800,12.201172,0.007995624,0.5330468,6.5036640,1535.666000,1535.655600,0,0,1,1,0,0,0,1
2364,236.416640,236.423800,12.200004,0.007990312,0.5326654,6.4985360,1536.313600,1536.303000,0,0,1,1,0,0,0,1
2365,236.516700,236.523800,12.200590,0.007992190,0.5327988,6.5003660,1536.965000,1536.954400,0,0,1,1,0,0,0,1
2366,236.616700,236.623900,12.199612,0.008000936,0.5333902,6.5070800,1537.617000,1537.606000,0,0,1,1,0,0,0,1
2367,236.716700,236.723900,12.200390,0.007986252,0.5324936,6.4958500,1538.264000,1538.253000,0,0,1,1,0,0,0,1
2368,236.817100,236.824200,12.200196,0.007987812,0.5325128,6.4967660,1538.915600,1538.905000,0,0,1,1,0,0,0,1
2369,236.916700,236.923800,12.201172,0.007980000,0.5319978,6.4909060,1539.567000,1539.556400,0,0,1,1,0,0,0,1
2370,237.017000,237.024200,12.200196,0.007993750,0.5329132,6.5015280,1540.218000,1540.207000,0,0,1,1,0,0,0,1
2371,237.116680,237.123800,12.201568,0.007992190,0.5327988,6.5008560,1540.866000,1540.855000,0,0,1,1,0,0,0,1
2372,237.217080,237.224200,12.200590,0.007992504,0.5328180,6.5006720,1541.517000,1541.506000,0,0,1,1,0,0,0,1
2373,237.316760,237.324240,12.200004,0.007996876,0.5328560,6.5001840,1542.168000,1542.157600,0,0,1,1,0,0,0,1
2374,237.416700,237.423840,12.200590,0.007987188,0.5327226,6.4997560,1542.815600,1542.805000,0,0,1,1,0,0,0,1
2375,237.516600,237.523760,12.200004,0.007998750,0.5332376,6.5053720,1543.467000,1543.456000,0,0,1,1,0,0,0,1
2376,237.617100,237.624200,12.201760,0.007988128,0.5325318,6.4978040,1544.119000,1544.108000,0,0,1,1,0,0,0,1
2377,237.716760,237.723900,12.200196,0.007989380,0.5326082,6.4978660,1544.766000,1544.755000,0,0,1,1,0,0,0,1
2378,237.816700,237.823900,12.201368,0.007981876,0.5321122,6.4924320,1545.417600,1545.407000,0,0,1,1,0,0,0,1
2379,237.916700,237.923900,12.200390,0.007992504,0.5323984,6.4953620,1546.064800,1546.054000,0,0,1,1,0,0,0,1
2380,238.016700,238.023800,12.200390,0.007987500,0.5324746,6.4968880,1546.716400,1546.705600,0,0,1,1,0,0,0,1
2381,238.117100,238.124160,12.199612,0.007982500,0.5321504,6.4920680,1547.367600,1547.356800,0,0,1,1,0,0,0,1
2382,238.216640,238.223840,12.200004,0.007987188,0.5324746,6.4961560,1548.015200,1548.004800,0,0,1,1,0,0,0,1
2383,238.316700,238.328800,12.201172,0.007990000,0.5326654,6.5010380,1548.699000,1548.688000,0,0,1,1,0,0,0,1
2384,238.417100,238.424300,12.200980,0.007997816,0.5331804,6.5052500,1549.318000,1549.307200,0,0,1,1,0,0,0,1
2385,238.516600,238.523760,12.200784,0.007990940,0.5324174,6.4960360,1549.965000,1549.954400,0,0,1,1,0,0,0,1
2386,238.617200,238.624400,12.201956,0.007986252,0.5323984,6.4956060,1550.619200,1550.608400,0,0,1,1,0,0,0,1
2387,238.716920,238.724100,12.201368,0.007988440,0.5325700,6.4979260,1551.267200,1551.256400,0,0,1,1,0,0,0,1
2388,238.816700,238.823900,12.199808,0.007989380,0.5326082,6.4978040,1551.914400,1551.903600,0,0,1,1,0,0,0,1
2389,238.916700,238.923900,12.199808,0.007980628,0.5320360,6.4907840,1552.566000,1552.555200,0,0,1,1,0,0,0,1
2390,239.017080,239.024200,12.201172,0.007987188,0.5324746,6.4967660,1553.217000,1553.206000,0,0,1,1,0,0,0,1
2391,239.116680,239.123800,12.200390,0.007985628,0.5327608,6.4996340,1553.865000,1553.854000,0,0,1,1,0,0,0,1
2392,239.217080,239.224160,12.200784,0.007983752,0.5322458,6.4931640,1554.519000,1554.508400,0,0,1,1,0,0,0,1
2393,239.316760,239.323900,12.199416,0.007995316,0.5330086,6.5023820,1555.167600,1555.157000,0,0,1,1,0,0,0,1
2394,239.416700,239.423900,12.200590,0.007999064,0.5332756,6.5061660,1555.818400,1555.808000,0,0,1,1,0,0,0,1
2395,239.516700,239.523800,12.200590,0.007992190,0.5327988,6.5004280,1556.466400,1556.455600,0,0,1,1,0,0,0,1
2396,239.617200,239.624360,12.200004,0.007985940,0.5323984,6.4951780,1557.121200,1557.110400,0,0,1,1,0,0,0,1
2397,239.716920,239.729200,12.200390,0.007990000,0.5326462,6.4984760,1557.802400,1557.791600,0,0,1,1,0,0,0,1
2398,239.816760,239.823900,12.199612,0.007991876,0.5327798,6.4993920,1558.417600,1558.407000,0,0,1,1,0,0,0,1
2399,239.916640,239.923840,12.200980,0.007985940,0.5323792,6.4956060,1559.067600,1559.057000,0,0,1,1,0,0,0,1
2400,240.017200,240.024300,12.201172,0.007996250,0.5330660,6.5040290,1559.720000,1559.709000,0,0,1,1,0,0,0,1
2401,240.116680,240.123800,12.200590,0.007985940,0.5323792,6.4953010,1560.368000,1560.357000,0,0,1,1,0,0,0,1
2402,240.216900,240.224000,12.200196,0.007994376,0.5329514,6.5020760,1561.018800,1561.008000,0,0,1,1,0,0,0,1
2403,240.316700,240.323800,12.201368,0.007990940,0.5327416,6.4996980,1561.670000,1561.659200,0,0,1,1,0,0,0,1
2404,240.417000,240.424160,12.200980,0.007993750,0.5329132,6.5011600,1562.322000,1562.311000,0,0,1,1,0,0,0,1
2405,240.517000,240.524100,12.200390,0.007989690,0.5326462,6.4984140,1562.969000,1562.958000,0,0,1,1,0,0,0,1
2406,240.617000,240.624160,12.200784,0.007993440,0.5328752,6.5014660,1563.621000,1563.610000,0,0,1,1,0,0,0,1
2407,240.716700,240.723840,12.199612,0.007989690,0.5326272,6.4978040,1564.268000,1564.257000,0,0,1,1,0,0,0,1
2408,240.817160,240.824300,12.200390,0.007991876,0.5327798,6.5000020,1564.923600,1564.913000,0,0,1,1,0,0,0,1
2409,240.916640,240.923840,12.200590,0.007999064,0.5325890,6.4974980,1565.570400,1565.559600,0,0,1,1,0,0,0,1
2410,241.016600,241.023760,12.200590,0.007989690,0.5326272,6.4979860,1566.218400,1566.207600,0,0,1,1,0,0,0,1
2411,241.117200,241.124300,12.200784,0.007996564,0.5331040,6.5041520,1566.873000,1566.862400,0,0,1,1,0,0,0,1
2412,241.216640,241.223840,12.200196,0.007989064,0.5325890,6.4978040,1567.521000,1567.510400,0,0,1,1,0,0,0,1
2413,241.316760,241.323900,12.200980,0.007991252,0.5327416,6.4999400,1568.168000,1568.157600,0,0,1,1,0,0,0,1
2414,241.417160,241.424200,12.200390,0.007991252,0.5327416,6.4996980,1568.822400,1568.811600,0,0,1,1,0,0,0,1
2415,241.516700,241.523900,12.200980,0.007992504,0.5324746,6.4961560,1569.471000,1569.460000,0,0,1,1,0,0,0,1
2416,241.617160,241.624300,12.200390,0.007994376,0.5329514,6.5022590,1570.122400,1570.111600,0,0,1,1,0,0,0,1
2417,241.717000,241.724160,12.199416,0.007991252,0.5327416,6.4990880,1570.773600,1570.763000,0,0,1,1,0,0,0,1
2418,241.816700,241.823800,12.200980,0.007989064,0.5325890,6.4981080,1571.421000,1571.410400,0,0,1,1,0,0,0,1
2419,241.917000,241.924100,12.200196,0.007988440,0.5325510,6.4971320,1572.072000,1572.061000,0,0,1,1,0,0,0,1
2420,242.017080,242.024240,12.201760,0.007980316,0.5320168,6.4915160,1572.723000,1572.712000,0,0,1,1,0,0,0,1
2421,242.116680,242.123800,12.200390,0.007986252,0.5326082,6.4985960,1573.371000,1573.360000,0,0,1,1,0,0,0,1
2422,242.216920,242.224160,12.200590,0.007981568,0.5320932,6.4921880,1574.021600,1574.011000,0,0,1,1,0,0,0,1
2423,242.316700,242.323800,12.200390,0.007982500,0.5321694,6.4926160,1574.669600,1574.659000,0,0,1,1,0,0,0,1
2424,242.416960,242.424100,12.200390,0.007989064,0.5325890,6.4978040,1575.320000,1575.309200,0,0,1,1,0,0,0,1
2425,242.516700,242.523800,12.200590,0.007990940,0.5327226,6.4995740,1575.967000,1575.956000,0,0,1,1,0,0,0,1
2426,242.616800,242.623900,12.200784,0.007991876,0.5327798,6.5002440,1576.619000,1576.608000,0,0,1,1,0,0,0,1
2427,242.716640,242.723900,12.200980,0.007988128,0.5327608,6.4995120,1577.269600,1577.259000,0,0,1,1,0,0,0,1
2428,242.816760,242.823800,12.199612,0.007988440,0.5325510,6.4970710,1577.917600,1577.907000,0,0,1,1,0,0,0,1
2429,242.917100,242.924160,12.200590,0.007997190,0.5331422,6.5046400,1578.572400,1578.561600,0,0,1,1,0,0,0,1
2430,243.016700,243.023800,12.201760,0.007988440,0.5325510,6.4981080,1579.220400,1579.209600,0,0,1,1,0,0,0,1
2431,243.116900,243.124040,12.201568,0.007987812,0.5325128,6.4973160,1579.871200,1579.860400,0,0,1,1,0,0,0,1
2432,243.216640,243.223800,12.199220,0.007986252,0.5323984,6.4948740,1580.519000,1580.508400,0,0,1,1,0,0,0,1
2433,243.317000,243.324080,12.200980,0.007990000,0.5329704,6.5022590,1581.170000,1581.159200,0,0,1,1,0,0,0,1
2434,243.417000,243.424100,12.200196,0.007988440,0.5325510,6.4968260,1581.821600,1581.810800,0,0,1,1,0,0,0,1
2435,243.517200,243.524440,12.199416,0.007994690,0.5329704,6.5018340,1582.473000,1582.462000,0,0,1,1,0,0,0,1
2436,243.616800,243.624000,12.200980,0.007984066,0.5322648,6.4940800,1583.120400,1583.109600,0,0,1,1,0,0,0,1
2437,243.716700,243.724760,12.199416,0.007993124,0.5328752,6.5006130,1583.774800,1583.764000,0,0,1,1,0,0,0,1
2438,243.816700,243.823900,12.199808,0.007994376,0.5329514,6.5019540,1584.419000,1584.408400,0,0,1,1,0,0,0,1
2439,243.916700,243.923840,12.200784,0.007991564,0.5322648,6.4932880,1585.070400,1585.059600,0,0,1,1,0,0,0,1
2440,244.016600,244.023760,12.201368,0.007987500,0.5324746,6.4965220,1585.722400,1585.711600,0,0,1,1,0,0,0,1
2441,244.117100,244.124160,12.200590,0.007996250,0.5330660,6.5037240,1586.373600,1586.363000,0,0,1,1,0,0,0,1
2442,244.216640,244.223840,12.201172,0.007980940,0.5320550,6.4917620,1587.021000,1587.010400,0,0,1,1,0,0,0,1
2443,244.317160,244.324360,12.201956,0.007987188,0.5324556,6.4970710,1587.676000,1587.665000,0,0,1,1,0,0,0,1
2444,244.416900,244.424040,12.201368,0.007997190,0.5331230,6.5048860,1588.323200,1588.312800,0,0,1,1,0,0,0,1
2445,244.516600,244.523760,12.200590,0.007984066,0.5329132,6.5013440,1588.971600,1588.960800,0,0,1,1,0,0,0,1
2446,244.616680,244.623840,12.200590,0.007989064,0.5325890,6.4974980,1589.622400,1589.611600,0,0,1,1,0,0,0,1
2447,244.716640,244.723700,12.201568,0.007993440,0.5328752,6.5019540,1590.270000,1590.259600,0,0,1,1,0,0,0,1
2448,244.817040,244.824240,12.200590,0.007975316,0.5316736,6.4866340,1590.924400,1590.914000,0,0,1,1,0,0,0,1
2449,244.916840,244.924000,12.200004,0.007991252,0.5327416,6.4993300,1591.572000,1591.561000,0,0,1,1,0,0,0,1
2450,245.017200,245.024300,12.200980,0.007976876,0.5317880,6.4942040,1592.223200,1592.212400,0,0,1,1,0,0,0,1
2451,245.116700,245.123840,12.200784,0.007984066,0.5324174,6.4954250,1592.871000,1592.860000,0,0,1,1,0,0,0,1
2452,245.216700,245.223800,12.200590,0.007989064,0.5325890,6.4974980,1593.520800,1593.510000,0,0,1,1,0,0,0,1
2453,245.316800,245.323920,12.200980,0.007992812,0.5328560,6.5012240,1594.172000,1594.161200,0,0,1,1,0,0,0,1
2454,245.417160,245.424320,12.200390,0.007991252,0.5327416,6.4995120,1594.824000,1594.813000,0,0,1,1,0,0,0,1
2455,245.516800,245.524000,12.200390,0.007988440,0.5325510,6.4972560,1595.471000,1595.460000,0,0,1,1,0,0,0,1
2456,245.616900,245.624040,12.201368,0.007973436,0.5315590,6.4856600,1596.122800,1596.112000,0,0,1,1,0,0,0,1
2457,245.716700,245.723840,12.199808,0.007987500,0.5323792,6.4955460,1596.769000,1596.758400,0,0,1,1,0,0,0,1
2458,245.817160,245.824360,12.200390,0.007994376,0.5329324,6.5019540,1597.424000,1597.413200,0,0,1,1,0,0,0,1
2459,245.916840,245.923900,12.200980,0.007991252,0.5327416,6.4999400,1598.071600,1598.060800,0,0,1,1,0,0,0,1
2460,246.016600,246.023760,12.201172,0.007981876,0.5321122,6.4924320,1598.719000,1598.708000,0,0,1,1,0,0,0,1
2461,246.116680,246.123840,12.200004,0.007985628,0.5323602,6.4946900,1599.370400,1599.359600,0,0,1,1,0,0,0,1
2462,246.216700,246.223840,12.200390,0.007986564,0.5324364,6.4959120,1600.021000,1600.010400,0,0,1,1,0,0,0,1
2463,246.316700,246.323800,12.200004,0.007985628,0.5319406,6.4898680,1600.668000,1600.657600,0,0,1,1,0,0,0,1
2464,246.416700,246.423800,12.201368,0.007983752,0.5322458,6.4939000,1601.320000,1601.309200,0,0,1,1,0,0,0,1
2465,246.517080,246.524240,12.200390,0.007988752,0.5325700,6.4975620,1601.971000,1601.960000,0,0,1,1,0,0,0,1
2466,246.616680,246.623800,12.200004,0.007989690,0.5326462,6.4982300,1602.619000,1602.608000,0,0,1,1,0,0,0,1
2467,246.717000,246.724160,12.200004,0.007991564,0.5327608,6.4996340,1603.269000,1603.258400,0,0,1,1,0,0,0,1
2468,246.816700,246.823900,12.200390,0.007987812,0.5324936,6.4967040,1603.920000,1603.909200,0,0,1,1,0,0,0,1
2469,246.916640,246.923800,12.200980,0.007989064,0.5322266,6.4932260,1604.568000,1604.557200,0,0,1,1,0,0,0,1
2470,247.016700,247.023800,12.200980,0.007981876,0.5321122,6.4919440,1605.219000,1605.208000,0,0,1,1,0,0,0,1
2471,247.117000,247.124160,12.200590,0.007983440,0.5322266,6.4933480,1605.869200,1605.858400,0,0,1,1,0,0,0,1
2472,247.216700,247.223840,12.201172,0.007985628,0.5323602,6.4953010,1606.517000,1606.506000,0,0,1,1,0,0,0,1
2473,247.316760,247.323800,12.201368,0.007984688,0.5323030,6.4948740,1607.168000,1607.157600,0,0,1,1,0,0,0,1
2474,247.416700,247.423840,12.200004,0.007990628,0.5327036,6.4988420,1607.820000,1607.809200,0,0,1,1,0,0,0,1
2475,247.516700,247.524200,12.199808,0.007994376,0.5326654,6.4981080,1608.471000,1608.460000,0,0,1,1,0,0,0,1
2476,247.616960,247.624160,12.200004,0.007984066,0.5322648,6.4940800,1609.121200,1609.110400,0,0,1,1,0,0,0,1
2477,247.717080,247.724200,12.200196,0.007991252,0.5327416,6.4995740,1609.768800,1609.758000,0,0,1,1,0,0,0,1
2478,247.816840,247.824080,12.200590,0.007990628,0.5327036,6.4992080,1610.420000,1610.409200,0,0,1,1,0,0,0,1
2479,247.916700,247.923900,12.199416,0.007988440,0.5325510,6.4968260,1611.067600,1611.057000,0,0,1,1,0,0,0,1
2480,248.017000,248.024160,12.200390,0.007986564,0.5324174,6.4988420,1611.719000,1611.708000,0,0,1,1,0,0,0,1
2481,248.116680,248.123900,12.200390,0.007991252,0.5325700,6.4975620,1612.371000,1612.360000,0,0,1,1,0,0,0,1
2482,248.217000,248.224160,12.200196,0.007985000,0.5323220,6.4941420,1613.021600,1613.011000,0,0,1,1,0,0,0,1
2483,248.317160,248.324300,12.199612,0.007988128,0.5325318,6.4965820,1613.672000,1613.661200,0,0,1,1,0,0,0,1
2484,248.416900,248.424040,12.200980,0.007989064,0.5326082,6.4982920,1614.320400,1614.309600,0,0,1,1,0,0,0,1
2485,248.516700,248.523800,12.199808,0.007990940,0.5327036,6.4989020,1614.968400,1614.957600,0,0,1,1,0,0,0,1
2486,248.617200,248.624300,12.200590,0.007989380,0.5326082,6.4858400,1615.622800,1615.612000,0,0,1,1,0,0,0,1
2487,248.716700,248.723900,12.200590,0.007986252,0.5321504,6.4930420,1616.269600,1616.259000,0,0,1,1,0,0,0,1
2488,248.816700,248.823800,12.201368,0.007990940,0.5327226,6.4996340,1616.917000,1616.906400,0,0,1,1,0,0,0,1
2489,248.917100,248.924300,12.200390,0.007988440,0.5325510,6.4972560,1617.572400,1617.561600,0,0,1,1,0,0,0,1
2490,249.016600,249.023760,12.200590,0.007988752,0.5325700,6.4976200,1618.216000,1618.205200,0,0,1,1,0,0,0,1
2491,249.116700,249.123840,12.201368,0.007995316,0.5330086,6.5033600,1618.867600,1618.856800,0,0,1,1,0,0,0,1
2492,249.216700,249.223840,12.201172,0.007988440,0.5325318,6.4975620,1619.519000,1619.508400,0,0,1,1,0,0,0,1
2493,249.316700,249.323800,12.200390,0.007990000,0.5326082,6.4976820,1620.170000,1620.159200,0,0,1,1,0,0,0,1
2494,249.416800,249.423900,12.200390,0.007983128,0.5321884,6.4929200,1620.818000,1620.807200,0,0,1,1,0,0,0,1
2495,249.517100,249.529240,12.200004,0.007991252,0.5326654,6.4985960,1621.506000,1621.495200,0,0,1,1,0,0,0,1
2496,249.616960,249.624160,12.200980,0.007989690,0.5326272,6.4984760,1622.121000,1622.110000,0,0,1,1,0,0,0,1
2497,249.716700,249.723840,12.200390,0.007980940,0.5320550,6.4912720,1622.768000,1622.757000,0,0,1,1,0,0,0,1
2498,249.817000,249.824200,12.200196,0.007985628,0.5323602,6.4961560,1623.419600,1623.409000,0,0,1,1,0,0,0,1
2499,249.916700,249.923900,12.200980,0.007993750,0.5322648,6.4936540,1624.070400,1624.059600,0,0,1,1,0,0,0,1
2500,250.017100,250.024300,12.200196,0.007984376,0.5322648,6.4936540,1624.721000,1624.710000,0,0,1,1,0,0,0,1
2501,250.116700,250.123800,12.200196,0.007982500,0.5321694,6.4924940,1625.369000,1625.358000,0,0,1,1,0,0,0,1
2502,250.216760,250.223900,12.200590,0.007988752,0.5325700,6.4977420,1626.019600,1626.009000,0,0,1,1,0,0,0,1
2503,250.317000,250.324200,12.201760,0.007994376,0.5329514,6.5029300,1626.671600,1626.661000,0,0,1,1,0,0,0,1
2504,250.417160,250.424300,12.200004,0.007983752,0.5322458,6.4904800,1627.322400,1627.311600,0,0,1,1,0,0,0,1
2505,250.516700,250.523800,12.200196,0.007983440,0.5318834,6.4892580,1627.970400,1627.959600,0,0,1,1,0,0,0,1
2506,250.616680,250.623800,12.199808,0.007992190,0.5327988,6.4996980,1628.617600,1628.606800,0,0,1,1,0,0,0,1
2507,250.716700,250.723900,12.200980,0.007983128,0.5322076,6.4933480,1629.269000,1629.258400,0,0,1,1,0,0,0,1
2508,250.816700,250.823800,12.200980,0.007991876,0.5327798,6.5003660,1629.920000,1629.909200,0,0,1,1,0,0,0,1
2509,250.916960,250.924100,12.200980,0.007991252,0.5327416,6.4998180,1630.571600,1630.560800,0,0,1,1,0,0,0,1
2510,251.016700,251.023800,12.200004,0.007990000,0.5326462,6.4983520,1631.219000,1631.208000,0,0,1,1,0,0,0,1
2511,251.117000,251.124160,12.201760,0.007988752,0.5328370,6.5001840,1631.870400,1631.859600,0,0,1,1,0,0,0,1
2512,251.216700,251.223900,12.201368,0.007989690,0.5326272,6.4985960,1632.518000,1632.507000,0,0,1,1,0,0,0,1
2513,251.317000,251.324100,12.200784,0.007983752,0.5322458,6.4937760,1633.173600,1633.163000,0,0,1,1,0,0,0,1
2514,251.416640,251.423840,12.200196,0.007987188,0.5324556,6.4960360,1633.820400,1633.809600,0,0,1,1,0,0,0,1
2515,251.516700,251.523800,12.200390,0.007987188,0.5324746,6.4963400,1634.468000,1634.457000,0,0,1,1,0,0,0,1
2516,251.617000,251.624520,12.200390,0.007991564,0.5327608,6.5001220,1635.122400,1635.111600,0,0,1,1,0,0,0,1
2517,251.716760,251.724100,12.201172,0.007987500,0.5330278,6.5032360,1635.771000,1635.760400,0,0,1,1,0,0,0,1
2518,251.816700,251.823900,12.200784,0.007986880,0.5324364,6.4960360,1636.418000,1636.407600,0,0,1,1,0,0,0,1
2519,251.916700,251.923900,12.200390,0.007987500,0.5324746,6.4965220,1637.070000,1637.059200,0,0,1,1,0,0,0,1
2520,252.016840,252.024000,12.200390,0.007978440,0.5318834,6.4891360,1637.721600,1637.710800,0,0,1,1,0,0,0,1
2521,252.117160,252.124360,12.199416,0.007992190,0.5327988,6.4998780,1638.372400,1638.361600,0,0,1,1,0,0,0,1
2522,252.216900,252.224000,12.200390,0.007986564,0.5324174,6.4943240,1639.020000,1639.009600,0,0,1,1,0,0,0,1
2523,252.322100,252.329300,12.200004,0.007987812,0.5324936,6.4964600,1639.708800,1639.698000,0,0,1,1,0,0,0,1
2524,252.416800,252.424000,12.201172,0.007980628,0.5320360,6.4909060,1640.322400,1640.311600,0,0,1,1,0,0,0,1
2525,252.517100,252.524240,12.200590,0.007986564,0.5324174,6.4957900,1640.975000,1640.964000,0,0,1,1,0,0,0,1
2526,252.616680,252.623800,12.200390,0.007993440,0.5328942,6.5014660,1641.622800,1641.612000,0,0,1,1,0,0,0,1
2527,252.717080,252.724200,12.200196,0.007984066,0.5322648,6.4937760,1642.273000,1642.262400,0,0,1,1,0,0,0,1
2528,252.816840,252.824000,12.201568,0.007988128,0.5325318,6.4981720,1642.920000,1642.909200,0,0,1,1,0,0,0,1
2529,252.916700,252.923840,12.200196,0.007980940,0.5323602,6.4946900,1643.572000,1643.561000,0,0,1,1,0,0,0,1
2530,253.016900,253.024160,12.200980,0.007986564,0.5324364,6.4956060,1644.223000,1644.212000,0,0,1,1,0,0,0,1
2531,253.116680,253.123800,12.199808,0.007988440,0.5325510,6.4968880,1644.870000,1644.859000,0,0,1,1,0,0,0,1
2532,253.216760,253.223960,12.200390,0.007989690,0.5326462,6.4984140,1645.520800,1645.510000,0,0,1,1,0,0,0,1
2533,253.316700,253.323800,12.200590,0.007981252,0.5320740,6.4917000,1646.168400,1646.158000,0,0,1,1,0,0,0,1
2534,253.416840,253.424000,12.199808,0.007991876,0.5327798,6.4968880,1646.824000,1646.813000,0,0,1,1,0,0,0,1
2535,253.516600,253.523800,12.201760,0.007988752,0.5322838,6.4943240,1647.471000,1647.460000,0,0,1,1,0,0,0,1
2536,253.616800,253.624000,12.199808,0.007989064,0.5326082,6.4976200,1648.122800,1648.112000,0,0,1,1,0,0,0,1
2537,253.721400,253.728680,12.200784,0.007989380,0.5326082,6.4997560,1648.802000,1648.791000,0,0,1,1,0,0,0,1
2538,253.817100,253.824360,12.199808,0.007989690,0.5326462,6.4981080,1649.424000,1649.413200,0,0,1,1,0,0,0,1
2539,253.916840,253.924000,12.200196,0.007986252,0.5323984,6.4953620,1650.072400,1650.061600,0,0,1,1,0,0,0,1
2540,254.016700,254.023760,12.200590,0.007994064,0.5329132,6.4988420,1650.720400,1650.709600,0,0,1,1,0,0,0,1
2541,254.116680,254.123800,12.201568,0.007984688,0.5327798,6.5000620,1651.371200,1651.360400,0,0,1,1,0,0,0,1
2542,254.216700,254.223840,12.201172,0.007992190,0.5327988,6.5001220,1652.023000,1652.012400,0,0,1,1,0,0,0,1
2543,254.316600,254.323800,12.200390,0.007990312,0.5326654,6.4988420,1652.670000,1652.659200,0,0,1,1,0,0,0,1
2544,254.416960,254.424100,12.200980,0.007991564,0.5327608,6.5001840,1653.325200,1653.314800,0,0,1,1,0,0,0,1
2545,254.516700,254.523900,12.199416,0.007984066,0.5322648,6.4932880,1653.973000,1653.962000,0,0,1,1,0,0,0,1
2546,254.617200,254.624300,12.200784,0.007983128,0.5325890,6.4977420,1654.624000,1654.613600,0,0,1,1,0,0,0,1
2547,254.716640,254.723800,12.200784,0.007985314,0.5328180,6.5002440,1655.271600,1655.261000,0,0,1,1,0,0,0,1
2548,254.816700,254.823800,12.200004,0.007984688,0.5323030,6.4939000,1655.923000,1655.912400,0,0,1,1,0,0,0,1
2549,254.917160,254.924200,12.200196,0.007986880,0.5324364,6.4958500,1656.574000,1656.563000,0,0,1,1,0,0,0,1
2550,255.016700,255.023800,12.201172,0.007989690,0.5326272,6.4985960,1657.221000,1657.210000,0,0,1,1,0,0,0,1
2551,255.116900,255.124100,12.201368,0.007986564,0.5324364,6.4964600,1657.872800,1657.862000,0,0,1,1,0,0,0,1
2552,255.216700,255.223960,12.199808,0.007988128,0.5325318,6.4966460,1658.523600,1658.513000,0,0,1,1,0,0,0,1
2553,255.316700,255.323800,12.199416,0.007986564,0.5327036,6.4993920,1659.171600,1659.161000,0,0,1,1,0,0,0,1
2554,255.416640,255.423800,12.200004,0.007990628,0.5326844,6.4988420,1659.822400,1659.811600,0,0,1,1,0,0,0,1
2555,255.516600,255.523800,12.200390,0.007993440,0.5328942,6.5014040,1660.471000,1660.460000,0,0,1,1,0,0,0,1
2556,255.616800,255.623840,12.200980,0.007991252,0.5327416,6.5000620,1661.122800,1661.112000,0,0,1,1,0,0,0,1
2557,255.716640,255.723800,12.200590,0.007968750,0.5312348,6.4814460,1661.772400,1661.762000,0,0,1,1,0,0,0,1
2558,255.816900,255.824300,12.200390,0.007973130,0.5320360,6.4910900,1662.423600,1662.413000,0,0,1,1,0,0,0,1
2559,255.916640,255.923800,12.200980,0.007970316,0.5315972,6.4859020,1663.069600,1663.059000,0,0,1,1,0,0,0,1
2560,256.016600,256.023800,12.200590,0.007972190,0.5314636,6.4848030,1663.720400,1663.709600,0,0,1,1,0,0,0,1
2561,256.117200,256.124400,12.200590,0.007975004,0.5316736,6.4865120,1664.374800,1664.364000,0,0,1,1,0,0,0,1
2562,256.216600,256.223800,12.200784,0.007976564,0.5317690,6.4879760,1665.017200,1665.006400,0,0,1,1,0,0,0,1
2563,256.317200,256.324300,12.201368,0.007976250,0.5317308,6.4879160,1665.670800,1665.660000,0,0,1,1,0,0,0,1
2564,256.416700,256.423800,12.200784,0.007974064,0.5315972,6.4905420,1666.316800,1666.306000,0,0,1,1,0,0,0,1
2565,256.521000,256.528400,12.200784,0.007971564,0.5314256,6.4838880,1666.992400,1666.981600,0,0,1,1,0,0,0,1
2566,256.616800,256.624000,12.201172,0.007976250,0.5317498,6.4879160,1667.615000,1667.604000,0,0,1,1,0,0,0,1
2567,256.717100,256.724200,12.201568,0.007970938,0.5313874,6.4837040,1668.264000,1668.253000,0,0,1,1,0,0,0,1
2568,256.816700,256.824600,12.200784,0.007976564,0.5317690,6.4879160,1668.914400,1668.903600,0,0,1,1,0,0,0,1
2569,256.917200,256.924400,12.200784,0.007975940,0.5317308,6.4873660,1669.564800,1669.554000,0,0,1,1,0,0,0,1
2570,257.016600,257.023700,12.200980,0.007978440,0.5318834,6.4871860,1670.207000,1670.196400,0,0,1,1,0,0,0,1
2571,257.117000,257.124100,12.200004,0.007970938,0.5322458,6.4934080,1670.861600,1670.851000,0,0,1,1,0,0,0,1
2572,257.216700,257.223800,12.201172,0.007974064,0.5315972,6.4856600,1671.508000,1671.497200,0,0,1,1,0,0,0,1
2573,257.317200,257.324400,12.200390,0.007973750,0.5315782,6.4853540,1672.161200,1672.150800,0,0,1,1,0,0,0,1
2574,257.416700,257.423900,12.200784,0.007973130,0.5315210,6.4849860,1672.805000,1672.794000,0,0,1,1,0,0,0,1
2575,257.516900,257.524000,12.201368,0.007968440,0.5312158,6.4816300,1673.455000,1673.444000,0,0,1,1,0,0,0,1
2576,257.616900,257.624100,12.201368,0.007979690,0.5319596,6.4781500,1674.104800,1674.094000,0,0,1,1,0,0,0,1
2577,257.716600,257.723800,12.201368,0.007973436,0.5316736,6.4868800,1674.751000,1674.740400,0,0,1,1,0,0,0,1
2578,257.817000,257.824200,12.200590,0.007970630,0.5313684,6.4830320,1675.404400,1675.393600,0,0,1,1,0,0,0,1
2579,257.916900,257.929200,12.200980,0.007986252,0.5325128,6.4968880,1676.085600,1676.075000,0,0,1,1,0,0,0,1
2580,258.016600,258.023800,12.201368,0.007994064,0.5329324,6.5023820,1676.699200,1676.688800,0,0,1,1,0,0,0,1
2581,258.116600,258.123700,12.200004,0.007985940,0.5323792,6.4950560,1677.351200,1677.340400,0,0,1,1,0,0,0,1
2582,258.217100,258.224300,12.200784,0.007987812,0.5331612,6.5050060,1678.006000,1677.995200,0,0,1,1,0,0,0,1
2583,258.316700,258.323800,12.200390,0.007992812,0.5331422,6.5048220,1678.650800,1678.640000,0,0,1,1,0,0,0,1
2584,258.417200,258.424200,12.199808,0.007987812,0.5325128,6.4964600,1679.305000,1679.294000,0,0,1,1,0,0,0,1
2585,258.516600,258.523800,12.199808,0.007993440,0.5328942,6.5011000,1679.953000,1679.942000,0,0,1,1,0,0,0,1
2586,258.616800,258.623800,12.200784,0.007986252,0.5324174,6.4957900,1680.603600,1680.593000,0,0,1,1,0,0,0,1
2587,258.716600,258.723800,12.200196,0.007991564,0.5327608,6.4997560,1681.251600,1681.241000,0,0,1,1,0,0,0,1
2588,258.817200,258.824400,12.200980,0.007995624,0.5323220,6.4943860,1681.906400,1681.895600,0,0,1,1,0,0,0,1
2589,258.916700,258.923900,12.200784,0.007992190,0.5325318,6.4970710,1682.550400,1682.539600,0,0,1,1,0,0,0,1
2590,259.016600,259.023700,12.200784,0.007991876,0.5327988,6.4999400,1683.201200,1683.190800,0,0,1,1,0,0,0,1
2591,259.116600,259.123700,12.199808,0.007991564,0.5327608,6.4995120,1683.852800,1683.842000,0,0,1,1,0,0,0,1
2592,259.217100,259.224300,12.200196,0.007986252,0.5323984,6.4954250,1684.504000,1684.493200,0,0,1,1,0,0,0,1
2593,259.316700,259.323800,12.200004,0.007985628,0.5323602,6.4946900,1685.151600,1685.141000,0,0,1,1,0,0,0,1
2594,259.416700,259.423900,12.200004,0.007984066,0.5322648,6.4949340,1685.802400,1685.791600,0,0,1,1,0,0,0,1
2595,259.516800,259.523800,12.200590,0.007976876,0.5328180,6.5003080,1686.453200,1686.442400,0,0,1,1,0,0,0,1
2596,259.617000,259.624100,12.200590,0.007987500,0.5324936,6.4967660,1687.104800,1687.094000,0,0,1,1,0,0,0,1
2597,259.717000,259.724000,12.200590,0.007988440,0.5325510,6.4973760,1687.752000,1687.741600,0,0,1,1,0,0,0,1
2598,259.818300,259.825700,12.200980,0.007990312,0.5326654,6.4990880,1688.414800,1688.404000,0,0,1,1,0,0,0,1
2599,259.916700,259.923900,12.201172,0.007988128,0.5325318,6.4973760,1689.051000,1689.040000,0,0,1,1,0,0,0,1
2600,260.016600,260.023700,12.201368,0.007981568,0.5320932,6.4945100,1689.701200,1689.690800,0,0,1,1,0,0,0,1
2601,260.117100,260.124300,12.201568,0.007976250,0.5317308,6.4872440,1690.353000,1690.342400,0,0,1,1,0,0,0,1
2602,260.216700,260.223900,12.200590,0.007992190,0.5327988,6.5004280,1691.000000,1690.989200,0,0,1,1,0,0,0,1
2603,260.317000,260.324000,12.200590,0.007986252,0.5324174,6.4956680,1691.652000,1691.641200,0,0,1,1,0,0,0,1
2604,260.417200,260.424400,12.200784,0.007971564,0.5314256,6.4838280,1692.302400,1692.291600,0,0,1,1,0,0,0,1
2605,260.516800,260.523800,12.200590,0.007973436,0.5315590,6.4852300,1692.949200,1692.938800,0,0,1,1,0,0,0,1
2606,260.617100,260.624200,12.200784,0.007987500,0.5323030,6.4943240,1693.603600,1693.593000,0,0,1,1,0,0,0,1
2607,260.716600,260.728900,12.200980,0.007978752,0.5321122,6.4920680,1694.285000,1694.274000,0,0,1,1,0,0,0,1
2608,260.817200,260.824300,12.200196,0.007990000,0.5326462,6.4983520,1694.902400,1694.892000,0,0,1,1,0,0,0,1
2609,260.916700,260.923900,12.200390,0.007985940,0.5323792,6.4952400,1695.550000,1695.539200,0,0,1,1,0,0,0,1
2610,261.016900,261.024000,12.200390,0.007986880,0.5324556,6.4960940,1696.201200,1696.190800,0,0,1,1,0,0,0,1
2611,261.116600,261.124000,12.200590,0.007984688,0.5323030,6.4944460,1696.849000,1696.838000,0,0,1,1,0,0,0,1
2612,261.216700,261.223900,12.200980,0.007986252,0.5323984,6.4982920,1697.500000,1697.489200,0,0,1,1,0,0,0,1
2613,261.317000,261.324200,12.200590,0.007984688,0.5323030,6.4944460,1698.151000,1698.140400,0,0,1,1,0,0,0,1
2614,261.416700,261.423800,12.199808,0.007976250,0.5317308,6.4870000,1698.799000,1698.788400,0,0,1,1,0,0,0,1
2615,261.517000,261.524100,12.201956,0.007982190,0.5321504,6.4932260,1699.453200,1699.442400,0,0,1,1,0,0,0,1
2616,261.616600,261.623800,12.200390,0.007992504,0.5328180,6.5006130,1700.101000,1700.090000,0,0,1,1,0,0,0,1
2617,261.716800,261.724000,12.201368,0.007988128,0.5325318,6.4974980,1700.752000,1700.741600,0,0,1,1,0,0,0,1
2618,261.816700,261.823900,12.200390,0.007986252,0.5323984,6.5032360,1701.399600,1701.389000,0,0,1,1,0,0,0,1
2619,261.917200,261.924400,12.200196,0.007989064,0.5325890,6.4978040,1702.055000,1702.044000,0,0,1,1,0,0,0,1
2620,262.016800,262.023800,12.200390,0.007987188,0.5324746,6.4963400,1702.698400,1702.687600,0,0,1,1,0,0,0,1
2621,262.117100,262.124400,12.200196,0.007987812,0.5325128,6.4967040,1703.352800,1703.342000,0,0,1,1,0,0,0,1
2622,262.216800,262.224000,12.200590,0.007986880,0.5324556,6.4961560,1704.001600,1703.991000,0,0,1,1,0,0,0,1
2623,262.316700,262.323800,12.200784,0.007989064,0.5326082,6.4981720,1704.648400,1704.638000,0,0,1,1,0,0,0,1
2624,262.416700,262.423800,12.200004,0.007987500,0.5324936,6.4945680,1705.300400,1705.289600,0,0,1,1,0,0,0,1
2625,262.517100,262.524300,12.200390,0.007990000,0.5326462,6.4984760,1705.955000,1705.944000,0,0,1,1,0,0,0,1
2626,262.616600,262.623800,12.200784,0.007991564,0.5327608,6.5000620,1706.601600,1706.591000,0,0,1,1,0,0,0,1
2627,262.717200,262.724300,12.200196,0.007993440,0.5328942,6.5013440,1707.253600,1707.243000,0,0,1,1,0,0,0,1
2628,262.816700,262.823800,12.200784,0.007987500,0.5324936,6.4967660,1707.902000,1707.891200,0,0,1,1,0,0,0,1
2629,262.917000,262.924200,12.199612,0.007989690,0.5326272,6.4979260,1708.553000,1708.542000,0,0,1,1,0,0,0,1
2630,263.016600,263.023800,12.200980,0.007984376,0.5322076,6.4927980,1709.201000,1709.190000,0,0,1,1,0,0,0,1
2631,263.116900,263.124000,12.200390,0.007992504,0.5328180,6.5001220,1709.851600,1709.841000,0,0,1,1,0,0,0,1
2632,263.217200,263.224300,12.201368,0.007986564,0.5324364,6.4963400,1710.503000,1710.492400,0,0,1,1,0,0,0,1
2633,263.316700,263.323800,12.199416,0.007988440,0.5325510,6.4967660,1711.150800,1711.140000,0,0,1,1,0,0,0,1
2634,263.416800,263.423900,12.200980,0.007991564,0.5327608,6.5001840,1711.802000,1711.791000,0,0,1,1,0,0,0,1
2635,263.517100,263.529400,12.199612,0.007980628,0.5320360,6.4911520,1712.485600,1712.475000,0,0,1,1,0,0,0,1
2636,263.616800,263.623800,12.200590,0.007993124,0.5330468,6.5029300,1713.101000,1713.090000,0,0,1,1,0,0,0,1
2637,263.716800,263.723900,12.200390,0.007991252,0.5327416,6.4995740,1713.752000,1713.741600,0,0,1,1,0,0,0,1
2638,263.816700,263.823900,12.201172,0.007988128,0.5325318,6.4974980,1714.404000,1714.393200,0,0,1,1,0,0,0,1
2639,263.916700,263.923900,12.201172,0.007993750,0.5329132,6.5020760,1715.051000,1715.040000,0,0,1,1,0,0,0,1
2640,264.017100,264.024300,12.200784,0.007991564,0.5327608,6.5001840,1715.705200,1715.694400,0,0,1,1,0,0,0,1
2641,264.116800,264.124000,12.200390,0.007980000,0.5319788,6.4902960,1716.352800,1716.342000,0,0,1,1,0,0,0,1
2642,264.217000,264.224000,12.199612,0.007986564,0.5328180,6.5011000,1717.004000,1716.993200,0,0,1,1,0,0,0,1
2643,264.317000,264.324200,12.200590,0.007993750,0.5329132,6.5015280,1717.656000,1717.645000,0,0,1,1,0,0,0,1
2644,264.417000,264.424100,12.200196,0.007984376,0.5322648,6.4937760,1718.303000,1718.292000,0,0,1,1,0,0,0,1
2645,264.516600,264.523800,12.200004,0.007990940,0.5327036,6.4990880,1718.950400,1718.939600,0,0,1,1,0,0,0,1
2646,264.616800,264.624000,12.200784,0.007985314,0.5323410,6.4948140,1719.601600,1719.591000,0,0,1,1,0,0,0,1
2647,264.717100,264.724200,12.201172,0.007985000,0.5323220,6.4948740,1720.253600,1720.243000,0,0,1,1,0,0,0,1
2648,264.816700,264.823800,12.200196,0.007988128,0.5323220,6.4942640,1720.900800,1720.890000,0,0,1,1,0,0,0,1
2649,264.917000,264.924200,12.200004,0.007990940,0.5327226,6.4993300,1721.555000,1721.544000,0,0,1,1,0,0,0,1
2650,265.016600,265.023700,12.200784,0.007988440,0.5325510,6.4974980,1722.202400,1722.191600,0,0,1,1,0,0,0,1
2651,265.117000,265.124200,12.200784,0.007978128,0.5318642,6.4892580,1722.853600,1722.843000,0,0,1,1,0,0,0,1
2652,265.216600,265.223800,12.200590,0.007985000,0.5323220,6.4946900,1723.501000,1723.490400,0,0,1,1,0,0,0,1
2653,265.316700,265.323900,12.200590,0.007987500,0.5324936,6.4967660,1724.152400,1724.142000,0,0,1,1,0,0,0,1
2654,265.416800,265.424000,12.200784,0.007987500,0.5328370,6.5007940,1724.804400,1724.793600,0,0,1,1,0,0,0,1
2655,265.517000,265.524100,12.201368,0.007994376,0.5329324,6.5012820,1725.454400,1725.443600,0,0,1,1,0,0,0,1
2656,265.616800,265.624000,12.200196,0.007990312,0.5326844,6.4987190,1726.103000,1726.092400,0,0,1,1,0,0,0,1
2657,265.716700,265.723800,12.200784,0.007986880,0.5324364,6.4962160,1726.750000,1726.739200,0,0,1,1,0,0,0,1
2658,265.817000,265.824000,12.200390,0.007986564,0.5324174,6.4957300,1727.404400,1727.393600,0,0,1,1,0,0,0,1
2659,265.916700,265.923900,12.201368,0.007987812,0.5324936,6.4972560,1728.053200,1728.042800,0,0,1,1,0,0,0,1
2660,266.016600,266.023800,12.199808,0.007980000,0.5328752,6.5013440,1728.703200,1728.692400,0,0,1,1,0,0,0,1
2661,266.117100,266.124300,12.200590,0.007989380,0.5326082,6.4975620,1729.355000,1729.344400,0,0,1,1,0,0,0,1
2662,266.216700,266.223800,12.201760,0.007987188,0.5324746,6.4971320,1730.002000,1729.991600,0,0,1,1,0,0,0,1
2663,266.317100,266.324400,12.200004,0.007985628,0.5323602,6.4947520,1730.654000,1730.643200,0,0,1,1,0,0,0,1
2664,266.416700,266.423900,12.200004,0.007982816,0.5321884,6.4926160,1731.301000,1731.290000,0,0,1,1,0,0,0,1
2665,266.517000,266.524100,12.201568,0.007995316,0.5330278,6.5036020,1731.953000,1731.942000,0,0,1,1,0,0,0,1
2666,266.616600,266.623700,12.200784,0.007988752,0.5325510,6.4971320,1732.600000,1732.589000,0,0,1,1,0,0,0,1
2667,266.716800,266.723900,12.201172,0.007982500,0.5321504,6.4918830,1733.255000,1733.244400,0,0,1,1,0,0,0,1
2668,266.817200,266.824300,12.199612,0.007997504,0.5331422,6.5041520,1733.906400,1733.895600,0,0,1,1,0,0,0,1
2669,266.917000,266.924200,12.200590,0.007983128,0.5322076,6.4931040,1734.554000,1734.543000,0,0,1,1,0,0,0,1
2670,267.016600,267.023800,12.201172,0.007985628,0.5323602,6.4953010,1735.202000,1735.191000,0,0,1,1,0,0,0,1
2671,267.116600,267.123800,12.200784,0.007989064,0.5326082,6.4981080,1735.852800,1735.842000,0,0,1,1,0,0,0,1
2672,267.216600,267.223800,12.200590,0.007988752,0.5327988,6.4998780,1736.504000,1736.493200,0,0,1,1,0,0,0,1
2673,267.317100,267.324200,12.200196,0.007992504,0.5328180,6.5001840,1737.155000,1737.144000,0,0,1,1,0,0,0,1
2674,267.416700,267.423800,12.200590,0.007989690,0.5326272,6.4984140,1737.802400,1737.791600,0,0,1,1,0,0,0,1
2675,267.517000,267.524200,12.200390,0.007987188,0.5324556,6.4961560,1738.454000,1738.443000,0,0,1,1,0,0,0,1
2676,267.616600,267.623700,12.200590,0.007997190,0.5331422,6.5045800,1739.101200,1739.090400,0,0,1,1,0,0,0,1
2677,267.716800,267.724000,12.200980,0.007994690,0.5329704,6.5026260,1739.752400,1739.742000,0,0,1,1,0,0,0,1
2678,267.816700,267.823900,12.200196,0.007988440,0.5327798,6.5004280,1740.403600,1740.393000,0,0,1,1,0,0,0,1
2679,267.916700,267.923900,12.199808,0.007985940,0.5323984,6.4957300,1741.051600,1741.040800,0,0,1,1,0,0,0,1
2680,268.016900,268.024200,12.199808,0.007980940,0.5320360,6.4907840,1741.706800,1741.696000,0,0,1,1,0,0,0,1
2681,268.116600,268.123800,12.200590,0.007992190,0.5327988,6.5004280,1742.353600,1742.343000,0,0,1,1,0,0,0,1
2682,268.216800,268.224000,12.200784,0.007989690,0.5326462,6.4986580,1743.004800,1742.994000,0,0,1,1,0,0,0,1
2683,268.316700,268.323800,12.200590,0.007993124,0.5328560,6.5011000,1743.652400,1743.642000,0,0,1,1,0,0,0,1
2684,268.416900,268.424000,12.200590,0.007989690,0.5326272,6.4980480,1744.304400,1744.293600,0,0,1,1,0,0,0,1
2685,268.516600,268.523800,12.201172,0.007990000,0.5326654,6.4981080,1744.951200,1744.940800,0,0,1,1,0,0,0,1
2686,268.616600,268.623800,12.200784,0.007986564,0.5324364,6.4960360,1745.602000,1745.591600,0,0,1,1,0,0,0,1
2687,268.717200,268.724300,12.200004,0.007985940,0.5323792,6.4951780,1746.257600,1746.247000,0,0,1,1,0,0,0,1
2688,268.816700,268.823900,12.200980,0.007980000,0.5319788,6.4906020,1746.904400,1746.893600,0,0,1,1,0,0,0,1
2689,268.917200,268.924400,12.201172,0.007997504,0.5331612,6.4980480,1747.556400,1747.545600,0,0,1,1,0,0,0,1
2690,269.016900,269.024100,12.200590,0.007987812,0.5319214,6.4895640,1748.203200,1748.192400,0,0,1,1,0,0,0,1
2691,269.116600,269.123800,12.200196,0.007985000,0.5323220,6.4945680,1748.855000,1748.844400,0,0,1,1,0,0,0,1
2692,269.217000,269.224000,12.200196,0.007980316,0.5320168,6.4906020,1749.505000,1749.494400,0,0,1,1,0,0,0,1
2693,269.317200,269.324400,12.200196,0.007986564,0.5324174,6.4956060,1750.156400,1750.145600,0,0,1,1,0,0,0,1
2694,269.416900,269.424000,12.200980,0.007983128,0.5321884,6.4932260,1750.804000,1750.793000,0,0,1,1,0,0,0,1
2695,269.517000,269.524200,12.200590,0.007999690,0.5332948,6.5064120,1751.455200,1751.444400,0,0,1,1,0,0,0,1
2696,269.616600,269.623700,12.200980,0.007990312,0.5332948,6.5057380,1752.103600,1752.093000,0,0,1,1,0,0,0,1
2697,269.717100,269.724200,12.200590,0.007985940,0.5323792,6.4951780,1752.754000,1752.743200,0,0,1,1,0,0,0,1
2698,269.816700,269.823800,12.199808,0.007995316,0.5330086,6.5025640,1753.402400,1753.392000,0,0,1,1,0,0,0,1
2699,269.916700,269.923800,12.200390,0.007987188,0.5324556,6.4961560,1754.054400,1754.043600,0,0,1,1,0,0,0,1
2700,270.016600,270.023700,12.200590,0.007988128,0.5325318,6.4972560,1754.701200,1754.690800,0,0,1,1,0,0,0,1
2701,270.117200,270.124400,12.200390,0.007986880,0.5324364,6.4993920,1755.356800,1755.346000,0,0,1,1,0,0,0,1
2702,270.216600,270.223900,12.201568,0.007986880,0.5327036,6.4989020,1756.004000,1755.993200,0,0,1,1,0,0,0,1
2703,270.317200,270.324400,12.200784,0.007991876,0.5327798,6.4996980,1756.658400,1756.647600,0,0,1,1,0,0,0,1
2704,270.416700,270.423900,12.200784,0.007990312,0.5326654,6.4990240,1757.303000,1757.292000,0,0,1,1,0,0,0,1
2705,270.516600,270.523800,12.200390,0.007999690,0.5332948,6.5063480,1757.954400,1757.943600,0,0,1,1,0,0,0,1
2706,270.617100,270.624300,12.200004,0.007988128,0.5325318,6.4968260,1758.605000,1758.594400,0,0,1,1,0,0,0,1
2707,270.716700,270.724000,12.200390,0.007976876,0.5317880,6.4879160,1759.256000,1759.245200,0,0,1,1,0,0,0,1
2708,270.817000,270.824000,12.200004,0.007994376,0.5322838,6.4940200,1759.904000,1759.893200,0,0,1,1,0,0,0,1
2709,270.916700,270.923900,12.201172,0.007989064,0.5325890,6.4976820,1760.555000,1760.544000,0,0,1,1,0,0,0,1
2710,271.016600,271.023800,12.200196,0.007987188,0.5324746,6.4961560,1761.203000,1761.192000,0,0,1,1,0,0,0,1
2711,271.116600,271.123800,12.199808,0.007991252,0.5327416,6.4993300,1761.855000,1761.844400,0,0,1,1,0,0,0,1
2712,271.217200,271.224300,12.200390,0.007994690,0.5329704,6.5024440,1762.509600,1762.498800,0,0,1,1,0,0,0,1
2713,271.316700,271.323900,12.200784,0.007996250,0.5330660,6.5037840,1763.154000,1763.143200,0,0,1,1,0,0,0,1
2714,271.416900,271.424100,12.200590,0.007997816,0.5329514,6.5021980,1763.808400,1763.797600,0,0,1,1,0,0,0,1
2715,271.516600,271.523800,12.200196,0.007992190,0.5327988,6.5000620,1764.456000,1764.445600,0,0,1,1,0,0,0,1
2716,271.617100,271.624300,12.200196,0.007990312,0.5326844,6.4987820,1765.107600,1765.097000,0,0,1,1,0,0,0,1
2717,271.716700,271.723900,12.200390,0.007981568,0.5320932,6.4916380,1765.755000,1765.744400,0,0,1,1,0,0,0,1
2718,271.817100,271.824200,12.201368,0.007988440,0.5325510,6.4978040,1766.406400,1766.395600,0,0,1,1,0,0,0,1
2719,271.916700,271.924000,12.200784,0.007983440,0.5322076,6.4934080,1767.057200,1767.046800,0,0,1,1,0,0,0,1
2720,272.016600,272.023800,12.200590,0.007984066,0.5331612,6.5045180,1767.705000,1767.694000,0,0,1,1,0,0,0,1
2721,272.117000,272.124200,12.199416,0.007986880,0.5324556,6.4968260,1768.359600,1768.349000,0,0,1,1,0,0,0,1
2722,272.216700,272.223900,12.200590,0.007981876,0.5321122,6.4921280,1769.007000,1768.996400,0,0,1,1,0,0,0,1
2723,272.316700,272.323800,12.201172,0.007986564,0.5324174,6.4961560,1769.655000,1769.644000,0,0,1,1,0,0,0,1
2724,272.416700,272.423900,12.200590,0.007984688,0.5323030,6.4944460,1770.305000,1770.294000,0,0,1,1,0,0,0,1
2725,272.517000,272.524100,12.200196,0.007988128,0.5325318,6.4969500,1770.956800,1770.946000,0,0,1,1,0,0,0,1
2726,272.617200,272.624300,12.201172,0.007987812,0.5323792,6.4956680,1771.608000,1771.597200,0,0,1,1,0,0,0,1
2727,272.716700,272.723900,12.200196,0.007984376,0.5322838,6.4942040,1772.255600,1772.245000,0,0,1,1,0,0,0,1
2728,272.816700,272.823900,12.200196,0.007986880,0.5324556,6.4960940,1772.907000,1772.896000,0,0,1,1,0,0,0,1
2729,272.917200,272.924200,12.200390,0.007993440,0.5328752,6.5012820,1773.558000,1773.547000,0,0,1,1,0,0,0,1
2730,273.016600,273.023800,12.200784,0.007984688,0.5323030,6.4944460,1774.205600,1774.195000,0,0,1,1,0,0,0,1
2731,273.117100,273.124200,12.200390,0.007989064,0.5326082,6.4982300,1774.856800,1774.846000,0,0,1,1,0,0,0,1
2732,273.216700,273.228900,12.200590,0.007993440,0.5328752,6.5014660,1775.537000,1775.526000,0,0,1,1,0,0,0,1
2733,273.317100,273.324200,12.200784,0.007988128,0.5325318,6.4974980,1776.159000,1776.148000,0,0,1,1,0,0,0,1
2734,273.416700,273.423900,12.199808,0.007987188,0.5324746,6.4960360,1776.806400,1776.795600,0,0,1,1,0,0,0,1
2735,273.516600,273.523700,12.201956,0.007987812,0.5325128,6.4976200,1777.453200,1777.442400,0,0,1,1,0,0,0,1
2736,273.616600,273.623800,12.200004,0.007992504,0.5328180,6.5004280,1778.105600,1778.095000,0,0,1,1,0,0,0,1
2737,273.717100,273.724200,12.200390,0.007993750,0.5328942,6.5011600,1778.757600,1778.747000,0,0,1,1,0,0,0,1
2738,273.816700,273.823900,12.200590,0.007995624,0.5328752,6.5007340,1779.404400,1779.393600,0,0,1,1,0,0,0,1
2739,273.916800,273.924400,12.201172,0.007996564,0.5331040,6.5042760,1780.059000,1780.048000,0,0,1,1,0,0,0,1
2740,274.016600,274.023800,12.200590,0.007984066,0.5322648,6.4938360,1780.707600,1780.697000,0,0,1,1,0,0,0,1
2741,274.117100,274.124200,12.200980,0.007986252,0.5323984,6.4957900,1781.359000,1781.348400,0,0,1,1,0,0,0,1
2742,274.217000,274.224200,12.200590,0.007986564,0.5324364,6.4959120,1782.010000,1781.999000,0,0,1,1,0,0,0,1
2743,274.316700,274.323900,12.200390,0.007984376,0.5322838,6.4939580,1782.658000,1782.647000,0,0,1,1,0,0,0,1
2744,274.416700,274.423900,12.201568,0.007982190,0.5323984,6.4956060,1783.305200,1783.294800,0,0,1,1,0,0,0,1
2745,274.516600,274.523800,12.200390,0.007990628,0.5327036,6.4988420,1783.956800,1783.946000,0,0,1,1,0,0,0,1
2746,274.617000,274.624300,12.200980,0.007989064,0.5326082,6.4982300,1784.607600,1784.597000,0,0,1,1,0,0,0,1
2747,274.716600,274.723800,12.200980,0.007991564,0.5327608,6.5001220,1785.255600,1785.245000,0,0,1,1,0,0,0,1
2748,274.817200,274.824300,12.199808,0.007993124,0.5328560,6.5007340,1785.910400,1785.899600,0,0,1,1,0,0,0,1
2749,274.916700,274.924500,12.200196,0.007981876,0.5321312,6.4979860,1786.562000,1786.551600,0,0,1,1,0,0,0,1
2750,275.017000,275.024200,12.201956,0.007990940,0.5327036,6.4987820,1787.209000,1787.198400,0,0,1,1,0,0,0,1
2751,275.116800,275.124000,12.200590,0.007993750,0.5329132,6.5016480,1787.857000,1787.846400,0,0,1,1,0,0,0,1
2752,275.216800,275.224000,12.200784,0.007986252,0.5324174,6.4957900,1788.508000,1788.497200,0,0,1,1,0,0,0,1
2753,275.316700,275.323800,12.200980,0.007987812,0.5325128,6.4971320,1789.156000,1789.145000,0,0,1,1,0,0,0,1
2754,275.416800,275.424000,12.200004,0.007981876,0.5321122,6.4917000,1789.807000,1789.796000,0,0,1,1,0,0,0,1
2755,275.517100,275.524300,12.200980,0.007983128,0.5322076,6.4859020,1790.462000,1790.451200,0,0,1,1,0,0,0,1
2756,275.616800,275.623800,12.200784,0.007989380,0.5322076,6.4932880,1791.105600,1791.095000,0,0,1,1,0,0,0,1
2757,275.717100,275.724300,12.200784,0.007988440,0.5325510,6.4968880,1791.760000,1791.749000,0,0,1,1,0,0,0,1
2758,275.817200,275.824300,12.199416,0.007991876,0.5327798,6.4995120,1792.412000,1792.401000,0,0,1,1,0,0,0,1
2759,275.916700,275.923900,12.200390,0.007990000,0.5326654,6.4987190,1793.059000,1793.048000,0,0,1,1,0,0,0,1
2760,276.016900,276.029100,12.200590,0.007992190,0.5327988,6.4952400,1793.740000,1793.729000,0,0,1,1,0,0,0,1
2761,276.117100,276.124300,12.200390,0.007981876,0.5321122,6.4959120,1794.362000,1794.351200,0,0,1,1,0,0,0,1
2762,276.216700,276.223900,12.200784,0.007992190,0.5320932,6.4920680,1795.009600,1794.998800,0,0,1,1,0,0,0,1
2763,276.316700,276.323900,12.200590,0.007985314,0.5323410,6.4942040,1795.656400,1795.645600,0,0,1,1,0,0,0,1
2764,276.416700,276.423900,12.201368,0.007982816,0.5321694,6.4932260,1796.308400,1796.297600,0,0,1,1,0,0,0,1
2765,276.516600,276.523800,12.199612,0.007985314,0.5323410,6.4943860,1796.959600,1796.949000,0,0,1,1,0,0,0,1
2766,276.616600,276.623800,12.201172,0.007991252,0.5327416,6.5001840,1797.607000,1797.596400,0,0,1,1,0,0,0,1
2767,276.716700,276.723800,12.200390,0.007982190,0.5321312,6.4922500,1798.258400,1798.247600,0,0,1,1,0,0,0,1
2768,276.817100,276.824200,12.200196,0.007992504,0.5332376,6.5054320,1798.909200,1798.898400,0,0,1,1,0,0,0,1
2769,276.916700,276.923900,12.200980,0.007989380,0.5326272,6.4978660,1799.557200,1799.546800,0,0,1,1,0,0,0,1
2770,277.017100,277.024200,12.200390,0.007990000,0.5326462,6.4984760,1800.211600,1800.201000,0,0,1,1,0,0,0,1
2771,277.116600,277.123800,12.201172,0.007982190,0.5321312,6.4927380,1800.859000,1800.848400,0,0,1,1,0,0,0,1
2772,277.217100,277.224200,12.201368,0.007984066,0.5322648,6.4942640,1801.510400,1801.499600,0,0,1,1,0,0,0,1
2773,277.316700,277.323900,12.200196,0.007983752,0.5322458,6.4933480,1802.158400,1802.147600,0,0,1,1,0,0,0,1
2774,277.416700,277.424000,12.200590,0.007986252,0.5326462,6.4989020,1802.809200,1802.798400,0,0,1,1,0,0,0,1
2775,277.516600,277.523700,12.200004,0.007992504,0.5328370,6.5007940,1803.457000,1803.446400,0,0,1,1,0,0,0,1
2776,277.616800,277.623800,12.199808,0.007984376,0.5322838,6.4938360,1804.109000,1804.098400,0,0,1,1,0,0,0,1
2777,277.716700,277.723900,12.200590,0.007999376,0.5332948,6.5064120,1804.760400,1804.749600,0,0,1,1,0,0,0,1
2778,277.816700,277.823900,12.201368,0.007984688,0.5323030,6.4947520,1805.408000,1805.397000,0,0,1,1,0,0,0,1
2779,277.917200,277.924400,12.200784,0.007986252,0.5323984,6.4985960,1806.062800,1806.052000,0,0,1,1,0,0,0,1
2780,278.016600,278.023800,12.200784,0.007988752,0.5324174,6.4957300,1806.710800,1806.700000,0,0,1,1,0,0,0,1
2781,278.116600,278.123800,12.200004,0.007994064,0.5329132,6.5013440,1807.358000,1807.347200,0,0,1,1,0,0,0,1
2782,278.223800,278.231400,12.200390,0.007991564,0.5327608,6.4995740,1808.056400,1808.045600,0,0,1,1,0,0,0,1
2783,278.316700,278.323900,12.200980,0.007992812,0.5328370,6.5011600,1808.660400,1808.649600,0,0,1,1,0,0,0,1
2784,278.416700,278.423900,12.199808,0.007988440,0.5325510,6.4970710,1809.308400,1809.297600,0,0,1,1,0,0,0,1
2785,278.516600,278.523800,12.200980,0.007995940,0.5330660,6.5037840,1809.959000,1809.948400,0,0,1,1,0,0,0,1
2786,278.616600,278.623700,12.200390,0.007983752,0.5328752,6.5012820,1810.611000,1810.600400,0,0,1,1,0,0,0,1
2787,278.717000,278.724200,12.200390,0.007994376,0.5329514,6.5018340,1811.261600,1811.250800,0,0,1,1,0,0,0,1
2788,278.816700,278.823900,12.200784,0.007986252,0.5324174,6.4959120,1811.909000,1811.898000,0,0,1,1,0,0,0,1
2789,278.916700,278.923900,12.200590,0.007979376,0.5319406,6.4899900,1812.560000,1812.549600,0,0,1,1,0,0,0,1
2790,279.016600,279.023800,12.200980,0.007993750,0.5329132,6.5018920,1813.207600,1813.197000,0,0,1,1,0,0,0,1
2791,279.117100,279.124300,12.199612,0.007986880,0.5324556,6.4956680,1813.862000,1813.851200,0,0,1,1,0,0,0,1
2792,279.216700,279.223800,12.201568,0.007983128,0.5323602,6.4949340,1814.510000,1814.499000,0,0,1,1,0,0,0,1
2793,279.317100,279.324300,12.199416,0.007988752,0.5325700,6.4971320,1815.162000,1815.151000,0,0,1,1,0,0,0,1
2794,279.416700,279.423900,12.200590,0.007982190,0.5321312,6.4923100,1815.809000,1815.798000,0,0,1,1,0,0,0,1
2795,279.516900,279.524100,12.200196,0.007987500,0.5324936,6.4964000,1816.459600,1816.449000,0,0,1,1,0,0,0,1
2796,279.616600,279.623700,12.200590,0.007988752,0.5325700,6.4975620,1817.107600,1817.097000,0,0,1,1,0,0,0,1
2797,279.716800,279.723900,12.200784,0.007985000,0.5323220,6.4973760,1817.758400,1817.747600,0,0,1,1,0,0,0,1
2798,279.817100,279.824200,12.200004,0.007984376,0.5327608,6.4999400,1818.410000,1818.399000,0,0,1,1,0,0,0,1
2799,279.916800,279.923900,12.199416,0.007973130,0.5315210,6.4846800,1819.060800,1819.050000,0,0,1,1,0,0,0,1
2800,280.016900,280.024100,12.200590,0.007985000,0.5323220,6.4946300,1819.711600,1819.701000,0,0,1,1,0,0,0,1
2801,280.117000,280.124100,12.200784,0.007990940,0.5327226,6.4995740,1820.359600,1820.349000,0,0,1,1,0,0,0,1
2802,280.216700,280.223900,12.200390,0.007984066,0.5322648,6.4937760,1821.010400,1820.999600,0,0,1,1,0,0,0,1
2803,280.316700,280.323900,12.199416,0.007991252,0.5327416,6.4985960,1821.658400,1821.647600,0,0,1,1,0,0,0,1
2804,280.416700,280.423900,12.201172,0.007988440,0.5326844,6.4994520,1822.309200,1822.298400,0,0,1,1,0,0,0,1
2805,280.516600,280.523800,12.200590,0.007996250,0.5330850,6.5037840,1822.956800,1822.946000,0,0,1,1,0,0,0,1
2806,280.616800,280.623800,12.199808,0.007992190,0.5327988,6.5000020,1823.608000,1823.597200,0,0,1,1,0,0,0,1
2807,280.717100,280.724300,12.200196,0.007988128,0.5325318,6.4969500,1824.263200,1824.252400,0,0,1,1,0,0,0,1
2808,280.816700,280.823900,12.200590,0.007990940,0.5327226,6.4995740,1824.910400,1824.899600,0,0,1,1,0,0,0,1
2809,280.916700,280.923900,12.201172,0.007982816,0.5321884,6.5048860,1825.558400,1825.547600,0,0,1,1,0,0,0,1
2810,281.016600,281.023800,12.200004,0.007983440,0.5325700,6.4976820,1826.209000,1826.198400,0,0,1,1,0,0,0,1
2811,281.116900,281.124100,12.201172,0.007976876,0.5317880,6.4877960,1826.861000,1826.850400,0,0,1,1,0,0,0,1
2812,281.216700,281.223800,12.199220,0.007984376,0.5322838,6.4934700,1827.508000,1827.497200,0,0,1,1,0,0,0,1
2813,281.317200,281.324300,12.201172,0.007991876,0.5327798,6.5003660,1828.162400,1828.151600,0,0,1,1,0,0,0,1
2814,281.416700,281.423900,12.201760,0.008002504,0.5334856,6.5094640,1828.810800,1828.800000,0,0,1,1,0,0,0,1
2815,281.517100,281.529200,12.199416,0.007984376,0.5322838,6.4934700,1829.494400,1829.483600,0,0,1,1,0,0,0,1
2816,281.616600,281.623800,12.199024,0.007985940,0.5328370,6.5006720,1830.109600,1830.099000,0,0,1,1,0,0,0,1
2817,281.717000,281.724000,12.201172,0.007991252,0.5327416,6.4996980,1830.761600,1830.750800,0,0,1,1,0,0,0,1
2818,281.816700,281.823900,12.200390,0.007991252,0.5327416,6.4995120,1831.408400,1831.397600,0,0,1,1,0,0,0,1
2819,281.916700,281.923800,12.200004,0.007992190,0.5327988,6.5001220,1832.060000,1832.049600,0,0,1,1,0,0,0,1
2820,282.017100,282.024200,12.200004,0.007995316,0.5330086,6.5025640,1832.711600,1832.701000,0,0,1,1,0,0,0,1
2821,282.116800,282.124000,12.200196,0.007992812,0.5328370,6.4990880,1833.359000,1833.348400,0,0,1,1,0,0,0,1
2822,282.216700,282.223900,12.200196,0.007993750,0.5326082,6.4978040,1834.010400,1833.999600,0,0,1,1,0,0,0,1
2823,282.316700,282.323900,12.200590,0.007994064,0.5329324,6.5020140,1834.661200,1834.650800,0,0,1,1,0,0,0,1
2824,282.416700,282.424000,12.200980,0.007996564,0.5331040,6.5042760,1835.312800,1835.302000,0,0,1,1,0,0,0,1
2825,282.516600,282.523800,12.200784,0.007992190,0.5327988,6.5004280,1835.960000,1835.949200,0,0,1,1,0,0,0,1
2826,282.617000,282.624200,12.201172,0.007982190,0.5321312,6.4926780,1836.611600,1836.601000,0,0,1,1,0,0,0,1
2827,282.716700,282.723800,12.200784,0.007989064,0.5325890,6.4989020,1837.259000,1837.248000,0,0,1,1,0,0,0,1
2828,282.817100,282.824300,12.199808,0.007990000,0.5323220,6.4942040,1837.913200,1837.902400,0,0,1,1,0,0,0,1
2829,282.916700,282.923900,12.200590,0.007989064,0.5325890,6.4973760,1838.562000,1838.551600,0,0,1,1,0,0,0,1
2830,283.016600,283.023800,12.200590,0.007980940,0.5320550,6.4913340,1839.209000,1839.198400,0,0,1,1,0,0,0,1
2831,283.116900,283.124000,12.200784,0.007982816,0.5321884,6.4930420,1839.860000,1839.849200,0,0,1,1,0,0,0,1
2832,283.216700,283.223800,12.200004,0.007987812,0.5325128,6.4966460,1840.511000,1840.500000,0,0,1,1,0,0,0,1
2833,283.317000,283.324200,12.200590,0.007990000,0.5326654,6.4960360,1841.162400,1841.151600,0,0,1,1,0,0,0,1
2834,283.417200,283.424200,12.200590,0.007979376,0.5329514,6.5018920,1841.814000,1841.803200,0,0,1,1,0,0,0,1
2835,283.516600,283.523700,12.200980,0.007988128,0.5325318,6.4969500,1842.461000,1842.450400,0,0,1,1,0,0,0,1
2836,283.617100,283.624300,12.200980,0.007984066,0.5322648,6.4942040,1843.113000,1843.102000,0,0,1,1,0,0,0,1
2837,283.716600,283.723800,12.200980,0.007986880,0.5324556,6.4964000,1843.760000,1843.749000,0,0,1,1,0,0,0,1
2838,283.816700,283.823800,12.200980,0.007990628,0.5326844,6.4993300,1844.412000,1844.401000,0,0,1,1,0,0,0,1
2839,283.916900,283.924100,12.201172,0.007991876,0.5327798,6.4992080,1845.061600,1845.051000,0,0,1,1,0,0,0,1
2840,284.016600,284.023800,12.200590,0.007983752,0.5324746,6.4965820,1845.709600,1845.699000,0,0,1,1,0,0,0,1
2841,284.116600,284.123700,12.200590,0.007987188,0.5324556,6.4955460,1846.360400,1846.350000,0,0,1,1,0,0,0,1
2842,284.217100,284.224300,12.200980,0.007994064,0.5329324,6.5022590,1847.012000,1847.001000,0,0,1,1,0,0,0,1
2843,284.316700,284.324000,12.199612,0.007990312,0.5326844,6.4985360,1847.659200,1847.648400,0,0,1,1,0,0,0,1
2844,284.416800,284.424200,12.200196,0.007989690,0.5326272,6.4981720,1848.315000,1848.304400,0,0,1,1,0,0,0,1
2845,284.516600,284.523800,12.200390,0.007992190,0.5328180,6.4987190,1848.962400,1848.952000,0,0,1,1,0,0,0,1
2846,284.617100,284.624300,12.201172,0.007998750,0.5326844,6.4991460,1849.614000,1849.603000,0,0,1,1,0,0,0,1
2847,284.716700,284.723900,12.199024,0.007986252,0.5324174,6.4959120,1850.261600,1850.250800,0,0,1,1,0,0,0,1
2848,284.816700,284.823900,12.199416,0.007983752,0.5322266,6.4929200,1850.911200,1850.900800,0,0,1,1,0,0,0,1
2849,284.916700,284.923800,12.201172,0.007979376,0.5319406,6.4903580,1851.559200,1851.548400,0,0,1,1,0,0,0,1
2850,285.016600,285.023800,12.200196,0.007985940,0.5323792,6.4951780,1852.210000,1852.199200,0,0,1,1,0,0,0,1
2851,285.117200,285.124300,12.200980,0.007984376,0.5324746,6.4964600,1852.861600,1852.851000,0,0,1,1,0,0,0,1
2852,285.216700,285.223800,12.200196,0.007987812,0.5324746,6.4962160,1853.509000,1853.498000,0,0,1,1,0,0,0,1
2853,285.316700,285.323800,12.199416,0.007991876,0.5327798,6.4999400,1854.160400,1854.149600,0,0,1,1,0,0,0,1
2854,285.416700,285.423900,12.201172,0.007987812,0.5324936,6.4970710,1854.811000,1854.800400,0,0,1,1,0,0,0,1
2855,285.516600,285.523700,12.201568,0.007989064,0.5326082,6.4985360,1855.458800,1855.448000,0,0,1,1,0,0,0,1
2856,285.616600,285.628800,12.200196,0.007990940,0.5327226,6.4992680,1856.143000,1856.132000,0,0,1,1,0,0,0,1
2857,285.717200,285.724300,12.201368,0.007990940,0.5324174,6.4961560,1856.765200,1856.754800,0,0,1,1,0,0,0,1
2858,285.816700,285.823800,12.200980,0.007994690,0.5330086,6.5023200,1857.409000,1857.398000,0,0,1,1,0,0,0,1
2859,285.916700,285.923900,12.200390,0.007995940,0.5330468,6.5031140,1858.059600,1858.049000,0,0,1,1,0,0,0,1
2860,286.017100,286.024300,12.201172,0.007987812,0.5325128,6.4972560,1858.715600,1858.705000,0,0,1,1,0,0,0,1
2861,286.116900,286.124000,12.201760,0.007997504,0.5331612,6.5054320,1859.363000,1859.352000,0,0,1,1,0,0,0,1
2862,286.217100,286.224200,12.200390,0.007989690,0.5326462,6.4983520,1860.014400,1860.003600,0,0,1,1,0,0,0,1
2863,286.316700,286.323800,12.200004,0.007988440,0.5325510,6.4968260,1860.662000,1860.651000,0,0,1,1,0,0,0,1
2864,286.416800,286.424000,12.200590,0.007985000,0.5322266,6.4934080,1861.309000,1861.298000,0,0,1,1,0,0,0,1
2865,286.516600,286.523800,12.200004,0.007985940,0.5323792,6.4951780,1861.960800,1861.950000,0,0,1,1,0,0,0,1
2866,286.617100,286.624200,12.200590,0.007988440,0.5325510,6.4973760,1862.612000,1862.601200,0,0,1,1,0,0,0,1
2867,286.716600,286.723900,12.200590,0.007992504,0.5328370,6.5008560,1863.259600,1863.248800,0,0,1,1,0,0,0,1
2868,286.816700,286.823900,12.200590,0.007971876,0.5314446,6.4838280,1863.908400,1863.897600,0,0,1,1,0,0,0,1
2869,286.916700,286.923900,12.201172,0.007976250,0.5317498,6.4881600,1864.559000,1864.548000,0,0,1,1,0,0,0,1
2870,287.021900,287.030200,12.200390,0.007969690,0.5312920,6.4819340,1865.249600,1865.239000,0,0,1,1,0,0,0,1
2871,287.116800,287.123800,12.200390,0.007964064,0.5309296,6.4777840,1865.856000,1865.845200,0,0,1,1,0,0,0,1
2872,287.217200,287.224300,12.200980,0.007982190,0.5321312,6.4925540,1866.509600,1866.498800,0,0,1,1,0,0,0,1
2873,287.316700,287.323900,12.200196,0.007977190,0.5317880,6.4879760,1867.153000,1867.142400,0,0,1,1,0,0,0,1
2874,287.417200,287.424200,12.200590,0.007973436,0.5315590,6.4853540,1867.806000,1867.795000,0,0,1,1,0,0,0,1
2875,287.516600,287.523800,12.201172,0.007967504,0.5311586,6.4834000,1868.453000,1868.442000,0,0,1,1,0,0,0,1
2876,287.616800,287.623800,12.200590,0.007970938,0.5317690,6.4878540,1869.099200,1869.088400,0,0,1,1,0,0,0,1
2877,287.717100,287.724300,12.200590,0.007966564,0.5310822,6.4795560,1869.752400,1869.742000,0,0,1,1,0,0,0,1
2878,287.816700,287.823800,12.200390,0.007970630,0.5313684,6.4828500,1870.398400,1870.388000,0,0,1,1,0,0,0,1
2879,287.916800,287.923900,12.201760,0.007976564,0.5317690,6.4884660,1871.048000,1871.037200,0,0,1,1,0,0,0,1
2880,288.016600,288.023800,12.200196,0.007963440,0.5308916,6.4769900,1871.695000,1871.684400,0,0,1,1,0,0,0,1
2881,288.117100,288.124300,12.200390,0.007978128,0.5310440,6.4793100,1872.349200,1872.338400,0,0,1,1,0,0,0,1
2882,288.216600,288.223800,12.200784,0.007975628,0.5313874,6.4829720,1872.991600,1872.980800,0,0,1,1,0,0,0,1
2883,288.316600,288.323800,12.200390,0.007976876,0.5317880,6.4881600,1873.642400,1873.631600,0,0,1,1,0,0,0,1
2884,288.416900,288.429100,12.200390,0.007983440,0.5317690,6.4883430,1874.324400,1874.313600,0,0,1,1,0,0,0,1
2885,288.516600,288.524000,12.200590,0.007973130,0.5315210,6.4849250,1874.941600,1874.931000,0,0,1,1,0,0,0,1
2886,288.617100,288.624200,12.200390,0.007968750,0.5312348,6.4812620,1875.591600,1875.580800,0,0,1,1,0,0,0,1
2887,288.716700,288.723900,12.200004,0.007980628,0.5320360,6.4882200,1876.238000,1876.227000,0,0,1,1,0,0,0,1
2888,288.817100,288.824200,12.200004,0.007973436,0.5315400,6.4852920,1876.888000,1876.877000,0,0,1,1,0,0,0,1
2889,288.916700,288.923800,12.200004,0.007973436,0.5315590,6.4852300,1877.535000,1877.524000,0,0,1,1,0,0,0,1
2890,289.016900,289.024000,12.200004,0.007972816,0.5315210,6.4844380,1878.185000,1878.174400,0,0,1,1,0,0,0,1
2891,289.116800,289.123800,12.200980,0.007970004,0.5313302,6.4826660,1878.834800,1878.824000,0,0,1,1,0,0,0,1
2892,289.217200,289.224300,12.200196,0.007970938,0.5313874,6.4828500,1879.484800,1879.474000,0,0,1,1,0,0,0,1
2893,289.316700,289.323900,12.200390,0.007980000,0.5319788,6.4840700,1880.131600,1880.121000,0,0,1,1,0,0,0,1
2894,289.416800,289.423900,12.200784,0.007989064,0.5319024,6.4892580,1880.781600,1880.770800,0,0,1,1,0,0,0,1
2895,289.516600,289.523800,12.200390,0.007990940,0.5327226,6.4990880,1881.429000,1881.418000,0,0,1,1,0,0,0,1
2896,289.616900,289.624100,12.199612,0.008001564,0.5334284,6.5075700,1882.080400,1882.069600,0,0,1,1,0,0,0,1
2897,289.716700,289.723900,12.200390,0.007986880,0.5324556,6.4960940,1882.732000,1882.721600,0,0,1,1,0,0,0,1
2898,289.816800,289.824000,12.200390,0.007985000,0.5323220,6.4945100,1883.383600,1883.372800,0,0,1,1,0,0,0,1
2899,289.917000,289.924200,12.200390,0.007987188,0.5321694,6.4931040,1884.035000,1884.024000,0,0,1,1,0,0,0,1
2900,290.016600,290.023800,12.200004,0.007987188,0.5323410,6.4945680,1884.682400,1884.671600,0,0,1,1,0,0,0,1
2901,290.116800,290.123800,12.200004,0.007987812,0.5325128,6.4967660,1885.330000,1885.319000,0,0,1,1,0,0,0,1
2902,290.217200,290.224300,12.200980,0.007994690,0.5329704,6.5027500,1885.984800,1885.974000,0,0,1,1,0,0,0,1
2903,290.316700,290.323800,12.200004,0.007986880,0.5324364,6.4957900,1886.632400,1886.622000,0,0,1,1,0,0,0,1
2904,290.417200,290.424200,12.201368,0.007980000,0.5319788,6.4909060,1887.283200,1887.272400,0,0,1,1,0,0,0,1
2905,290.516600,290.523800,12.200390,0.007991564,0.5327608,6.4977420,1887.931200,1887.920800,0,0,1,1,0,0,0,1
2906,290.616600,290.623800,12.200590,0.007981876,0.5324936,6.4964600,1888.582000,1888.571600,0,0,1,1,0,0,0,1
2907,290.717000,290.724200,12.199416,0.007986564,0.5324174,6.4951780,1889.234000,1889.223200,0,0,1,1,0,0,0,1
2908,290.816700,290.823800,12.200590,0.007982500,0.5321504,6.4924940,1889.881000,1889.870400,0,0,1,1,0,0,0,1
2909,290.916900,290.924000,12.201568,0.007990000,0.5326462,6.4992080,1890.533000,1890.522000,0,0,1,1,0,0,0,1
2910,291.017100,291.024200,12.200590,0.007990000,0.5326462,6.4986580,1891.184000,1891.173000,0,0,1,1,0,0,0,1
2911,291.116600,291.123800,12.200004,0.007984066,0.5322648,6.5003080,1891.831600,1891.821000,0,0,1,1,0,0,0,1
2912,291.216600,291.223800,12.201172,0.007991252,0.5331422,6.5043340,1892.482400,1892.472000,0,0,1,1,0,0,0,1
2913,291.316700,291.323900,12.201368,0.007991252,0.5327416,6.5000020,1893.130400,1893.120000,0,0,1,1,0,0,0,1
2914,291.417200,291.424200,12.200980,0.007990628,0.5327036,6.4995120,1893.786000,1893.775000,0,0,1,1,0,0,0,1
2915,291.516600,291.523800,12.200784,0.007982190,0.5321312,6.4923100,1894.433200,1894.422400,0,0,1,1,0,0,0,1
2916,291.617200,291.624300,12.200784,0.007986564,0.5324174,6.4959120,1895.084800,1895.074000,0,0,1,1,0,0,0,1
2917,291.716600,291.723800,12.200004,0.007996250,0.5330850,6.4971940,1895.732000,1895.721600,0,0,1,1,0,0,0,1
2918,291.816800,291.824000,12.199808,0.007990628,0.5323602,6.4945100,1896.383600,1896.372800,0,0,1,1,0,0,0,1
2919,291.916700,291.923900,12.200590,0.007996564,0.5331040,6.5040290,1897.031000,1897.020000,0,0,1,1,0,0,0,1
2920,292.016900,292.024000,12.200196,0.007983752,0.5322458,6.4933480,1897.682400,1897.671600,0,0,1,1,0,0,0,1
2921,292.116800,292.123800,12.200196,0.007983440,0.5322076,6.4930420,1898.333000,1898.322400,0,0,1,1,0,0,0,1
2922,292.217200,292.224300,12.199808,0.007989690,0.5326462,6.4981080,1898.984800,1898.974000,0,0,1,1,0,0,0,1
2923,292.316700,292.323900,12.200196,0.007988752,0.5325700,6.4922500,1899.632000,1899.621200,0,0,1,1,0,0,0,1
2924,292.417000,292.424200,12.200590,0.007990628,0.5326844,6.4989640,1900.283200,1900.272400,0,0,1,1,0,0,0,1
2925,292.516600,292.523800,12.200784,0.007997190,0.5331422,6.5047000,1900.932400,1900.921600,0,0,1,1,0,0,0,1
2926,292.617000,292.624300,12.200784,0.007983752,0.5322458,6.4938360,1901.586800,1901.576000,0,0,1,1,0,0,0,1
2927,292.716700,292.723800,12.200590,0.007981876,0.5321122,6.4920060,1902.234000,1902.223200,0,0,1,1,0,0,0,1
2928,292.817200,292.824400,12.200980,0.007982816,0.5321884,6.4931040,1902.885200,1902.874800,0,0,1,1,0,0,0,1
2929,292.916700,292.923900,12.199808,0.007990000,0.5323792,6.4946900,1903.533000,1903.522000,0,0,1,1,0,0,0,1
2930,293.016800,293.024000,12.200390,0.007984066,0.5322266,6.4934700,1904.184400,1904.173600,0,0,1,1,0,0,0,1
2931,293.116600,293.123800,12.200784,0.007984376,0.5322838,6.4942040,1904.831600,1904.821000,0,0,1,1,0,0,0,1
2932,293.216700,293.223800,12.200004,0.007991252,0.5327416,6.4993920,1905.481600,1905.471000,0,0,1,1,0,0,0,1
2933,293.316700,293.323900,12.201568,0.007987188,0.5324746,6.4968880,1906.133000,1906.122400,0,0,1,1,0,0,0,1
2934,293.416700,293.423900,12.200784,0.007982816,0.5321694,6.4929200,1906.785000,1906.774000,0,0,1,1,0,0,0,1
2935,293.517100,293.524200,12.200980,0.007988752,0.5324556,6.4956060,1907.434800,1907.424000,0,0,1,1,0,0,0,1
2936,293.616600,293.623800,12.200390,0.007991876,0.5324746,6.4968260,1908.082800,1908.072000,0,0,1,1,0,0,0,1
2937,293.717100,293.724300,12.200784,0.007987500,0.5324746,6.4966460,1908.733600,1908.723000,0,0,1,1,0,0,0,1
2938,293.816700,293.823800,12.200390,0.007984688,0.5323030,6.4943240,1909.381600,1909.371000,0,0,1,1,0,0,0,1
2939,293.917000,293.924200,12.199808,0.007994376,0.5329514,6.5017700,1910.036000,1910.025000,0,0,1,1,0,0,0,1
2940,294.016600,294.024000,12.200784,0.007984376,0.5322838,6.4942040,1910.683200,1910.672400,0,0,1,1,0,0,0,1
2941,294.116600,294.123800,12.200390,0.007988128,0.5321312,6.4924940,1911.330400,1911.319600,0,0,1,1,0,0,0,1
2942,294.216700,294.223800,12.200196,0.007983440,0.5324936,6.4965220,1911.982000,1911.971600,0,0,1,1,0,0,0,1
2943,294.317100,294.324200,12.200196,0.007986564,0.5324364,6.4957300,1912.632400,1912.622000,0,0,1,1,0,0,0,1
2944,294.416700,294.423900,12.200590,0.007982816,0.5321694,6.4928600,1913.279600,1913.268800,0,0,1,1,0,0,0,1
2945,294.516800,294.523800,12.201568,0.007986564,0.5324364,6.4964600,1913.931200,1913.920800,0,0,1,1,0,0,0,1
2946,294.616800,294.623800,12.200590,0.007983752,0.5322458,6.4936540,1914.581600,1914.571000,0,0,1,1,0,0,0,1
2947,294.716700,294.723900,12.200390,0.007989380,0.5327608,6.5005500,1915.230000,1915.219200,0,0,1,1,0,0,0,1
2948,294.817000,294.824200,12.201172,0.007985628,0.5323602,6.4948740,1915.880400,1915.870000,0,0,1,1,0,0,0,1
2949,294.916700,294.923900,12.200590,0.007986252,0.5324174,6.4956680,1916.531600,1916.520800,0,0,1,1,0,0,0,1
2950,295.016600,295.023700,12.200980,0.007985940,0.5323792,6.4956060,1917.178000,1917.167000,0,0,1,1,0,0,0,1
2951,295.116900,295.124100,12.201368,0.007988440,0.5325510,6.4977420,1917.830000,1917.819000,0,0,1,1,0,0,0,1
2952,295.217100,295.224200,12.200980,0.007984376,0.5322838,6.4944460,1918.481000,1918.470400,0,0,1,1,0,0,0,1
2953,295.316700,295.323900,12.200980,0.007999064,0.5329132,6.5014040,1919.132400,1919.122000,0,0,1,1,0,0,0,1
2954,295.416700,295.423900,12.200784,0.007989690,0.5329896,6.5029920,1919.780000,1919.769000,0,0,1,1,0,0,0,1
2955,295.517000,295.524100,12.201368,0.007993124,0.5328752,6.5016480,1920.431200,1920.420800,0,0,1,1,0,0,0,1
2956,295.616600,295.623800,12.200980,0.007993750,0.5329132,6.5020140,1921.079000,1921.068000,0,0,1,1,0,0,0,1
2957,295.716700,295.723900,12.200784,0.007986880,0.5324556,6.4964000,1921.730000,1921.719200,0,0,1,1,0,0,0,1
2958,295.817100,295.824300,12.200980,0.007992190,0.5328180,6.5007940,1922.381000,1922.370400,0,0,1,1,0,0,0,1
2959,295.916700,295.923800,12.200980,0.007991564,0.5325510,6.4973160,1923.029000,1923.018400,0,0,1,1,0,0,0,1
2960,296.017100,296.024200,12.200784,0.007996564,0.5330850,6.5032960,1923.684000,1923.673000,0,0,1,1,0,0,0,1
2961,296.116600,296.123800,12.201172,0.007992504,0.5328180,6.5009780,1924.331600,1924.321000,0,0,1,1,0,0,0,1
2962,296.217200,296.224400,12.200590,0.007988752,0.5325700,6.4977420,1924.982400,1924.972000,0,0,1,1,0,0,0,1
2963,296.316700,296.323800,12.201172,0.007989690,0.5326462,6.4987190,1925.630400,1925.620000,0,0,1,1,0,0,0,1
2964,296.417000,296.424200,12.199808,0.007989064,0.5326082,6.4976200,1926.281600,1926.270800,0,0,1,1,0,0,0,1
2965,296.516600,296.523800,12.200784,0.007989380,0.5326082,6.4974380,1926.933200,1926.922400,0,0,1,1,0,0,0,1
2966,296.616800,296.623800,12.200784,0.007980628,0.5320360,6.4902960,1927.580400,1927.569600,0,0,1,1,0,0,0,1
2967,296.716700,296.723900,12.199612,0.007991564,0.5327798,6.4995740,1928.232000,1928.221600,0,0,1,1,0,0,0,1
2968,296.816700,296.823900,12.200784,0.007992190,0.5327988,6.5006130,1928.882400,1928.872000,0,0,1,1,0,0,0,1
2969,296.916700,296.923900,12.200784,0.007989380,0.5326272,6.4982920,1929.531000,1929.520000,0,0,1,1,0,0,0,1
2970,297.017000,297.024100,12.200004,0.007987188,0.5324746,6.4961560,1930.181200,1930.170800,0,0,1,1,0,0,0,1
2971,297.116800,297.124000,12.200196,0.007990000,0.5327608,6.5000020,1930.832000,1930.821600,0,0,1,1,0,0,0,1
2972,297.217100,297.224200,12.200004,0.007984066,0.5322648,6.4939580,1931.484000,1931.473200,0,0,1,1,0,0,0,1
2973,297.316700,297.323900,12.200196,0.007993440,0.5328942,6.5012820,1932.131000,1932.120400,0,0,1,1,0,0,0,1
2974,297.416700,297.423900,12.200004,0.007980316,0.5319978,6.4904180,1932.783000,1932.772000,0,0,1,1,0,0,0,1
2975,297.516600,297.523800,12.201760,0.007985000,0.5323220,6.4953010,1933.429200,1933.418400,0,0,1,1,0,0,0,1
2976,297.616800,297.624000,12.200980,0.007991876,0.5327798,6.5004280,1934.080400,1934.069600,0,0,1,1,0,0,0,1
2977,297.716600,297.723800,12.200784,0.007988128,0.5324746,6.4961560,1934.728000,1934.717600,0,0,1,1,0,0,0,1
2978,297.817200,297.824300,12.200980,0.007978440,0.5318834,6.4888920,1935.382400,1935.372000,0,0,1,1,0,0,0,1
2979,297.916700,297.923900,12.200590,0.007990312,0.5326844,6.4990240,1936.030000,1936.019000,0,0,1,1,0,0,0,1
2980,298.017000,298.024100,12.200004,0.007985940,0.5323792,6.4949960,1936.681200,1936.670800,0,0,1,1,0,0,0,1
2981,298.116600,298.123800,12.200784,0.007989380,0.5326082,6.4982920,1937.329000,1937.318000,0,0,1,1,0,0,0,1
2982,298.216700,298.223900,12.201760,0.007984066,0.5322648,6.4944460,1937.980000,1937.969200,0,0,1,1,0,0,0,1
2983,298.317200,298.324300,12.201568,0.007980000,0.5327226,6.4998780,1938.631000,1938.620400,0,0,1,1,0,0,0,1
2984,298.416700,298.423800,12.200196,0.007982500,0.5321504,6.4922500,1939.279000,1939.268400,0,0,1,1,0,0,0,1
2985,298.516900,298.524000,12.200980,0.007981876,0.5321122,6.4923100,1939.930000,1939.919000,0,0,1,1,0,0,0,1
2986,298.616900,298.624100,12.200590,0.007989064,0.5325890,6.4978040,1940.580800,1940.570000,0,0,1,1,0,0,0,1
2987,298.717200,298.724300,12.199416,0.007976250,0.5317308,6.4868800,1941.232000,1941.221600,0,0,1,1,0,0,0,1
2988,298.816700,298.823900,12.200196,0.007988128,0.5325318,6.4968880,1941.879600,1941.869000,0,0,1,1,0,0,0,1
2989,298.916700,298.923900,12.200590,0.007989690,0.5325890,6.4979260,1942.531000,1942.520000,0,0,1,1,0,0,0,1
2990,299.016600,299.023800,12.200980,0.007984376,0.5322838,6.4942640,1943.178400,1943.167600,0,0,1,1,0,0,0,1
2991,299.117200,299.124300,12.200784,0.007983128,0.5321884,6.4931040,1943.833600,1943.823000,0,0,1,1,0,0,0,1
2992,299.216700,299.223900,12.199612,0.007989064,0.5325890,6.4973760,1944.480800,1944.470000,0,0,1,1,0,0,0,1
2993,299.316700,299.323900,12.200784,0.007990312,0.5326844,6.4991460,1945.128400,1945.118000,0,0,1,1,0,0,0,1
2994,299.416700,299.428900,12.200004,0.007976564,0.5317690,6.4874900,1945.812000,1945.801600,0,0,1,1,0,0,0,1
2995,299.516600,299.523700,12.201172,0.007985314,0.5324174,6.4958500,1946.430400,1946.419600,0,0,1,1,0,0,0,1
2996,299.616600,299.623800,12.200590,0.007990000,0.5326654,6.4984140,1947.078000,1947.067000,0,0,1,1,0,0,0,1
2997,299.716700,299.723800,12.199808,0.007986880,0.5324556,6.4957300,1947.729000,1947.718400,0,0,1,1,0,0,0,1
2998,299.817000,299.824200,12.200390,0.007987812,0.5325128,6.4967040,1948.380400,1948.370000,0,0,1,1,0,0,0,1
2999,299.917200,299.924400,12.200590,0.007979690,0.5319788,6.4904180,1949.031000,1949.020000,0,0,1,1,0,0,0,1
3000,300.016600,300.023700,12.200784,0.007993440,0.5328752,6.5014660,1949.679200,1949.668400,0,0,1,1,0,0,0,1
3001,300.117000,300.124200,12.200980,0.007988440,0.5323410,6.4949340,1950.330000,1950.319000,0,0,1,1,0,0,0,1
3002,300.216800,300.224200,12.200784,0.007990628,0.5327036,6.4994520,1950.981000,1950.970400,0,0,1,1,0,0,0,1
3003,300.316600,300.323800,12.199220,0.007991564,0.5327608,6.4991460,1951.628400,1951.618000,0,0,1,1,0,0,0,1
3004,300.417000,300.424100,12.200390,0.007988128,0.5325318,6.4969500,1952.280000,1952.269000,0,0,1,1,0,0,0,1
3005,300.517100,300.524200,12.201368,0.007984376,0.5322838,6.4945680,1952.931200,1952.920800,0,0,1,1,0,0,0,1
3006,300.616800,300.623800,12.200590,0.007990312,0.5326844,6.4989640,1953.579000,1953.568000,0,0,1,1,0,0,0,1
3007,300.717100,300.724300,12.200980,0.007993440,0.5329896,6.5031740,1954.234000,1954.223200,0,0,1,1,0,0,0,1
3008,300.821400,300.828600,12.199220,0.007985628,0.5323602,6.4943240,1954.910400,1954.899600,0,0,1,1,0,0,0,1
3009,300.916700,300.923900,12.200196,0.007985940,0.5323984,6.4952400,1955.529000,1955.518400,0,0,1,1,0,0,0,1
3010,301.017100,301.024300,12.200784,0.007985940,0.5323984,6.4955460,1956.184000,1956.173000,0,0,1,1,0,0,0,1
3011,301.116800,301.123800,12.200004,0.007988752,0.5325700,6.4973760,1956.831600,1956.821000,0,0,1,1,0,0,0,1
3012,301.217100,301.224200,12.200196,0.007992190,0.5328180,6.5003660,1957.482400,1957.472000,0,0,1,1,0,0,0,1
3013,301.316700,301.323900,12.200590,0.007991564,0.5334664,6.5083020,1958.130400,1958.120000,0,0,1,1,0,0,0,1
3014,301.416700,301.423900,12.200784,0.007989380,0.5326082,6.4982300,1958.781600,1958.770800,0,0,1,1,0,0,0,1
3015,301.517200,301.524300,12.200784,0.007989064,0.5326082,6.4980480,1959.433200,1959.422400,0,0,1,1,0,0,0,1
3016,301.617000,301.624100,12.200390,0.007997504,0.5331422,6.5045800,1960.080400,1960.069600,0,0,1,1,0,0,0,1
3017,301.716700,301.723800,12.200004,0.007988752,0.5325890,6.4974380,1960.728000,1960.717600,0,0,1,1,0,0,0,1
3018,301.817200,301.824300,12.200196,0.007985628,0.5323602,6.4926160,1961.383600,1961.372800,0,0,1,1,0,0,0,1
3019,301.916900,301.924000,12.200196,0.007998750,0.5329896,6.5022590,1962.031000,1962.020000,0,0,1,1,0,0,0,1
3020,302.017000,302.024200,12.200390,0.007990000,0.5326654,6.4988420,1962.682400,1962.671600,0,0,1,1,0,0,0,1
3021,302.116600,302.123800,12.199612,0.007993750,0.5329132,6.5013440,1963.330000,1963.319000,0,0,1,1,0,0,0,1
3022,302.217000,302.229200,12.200390,0.007995316,0.5317308,6.4870620,1964.017000,1964.006000,0,0,1,1,0,0,0,1
3023,302.316600,302.323800,12.201172,0.007986564,0.5324364,6.4962780,1964.632000,1964.621200,0,0,1,1,0,0,0,1
3024,302.416700,302.423900,12.200980,0.007988128,0.5325318,6.4974380,1965.280000,1965.269000,0,0,1,1,0,0,0,1
3025,302.517000,302.524200,12.200390,0.007988752,0.5331230,6.5040290,1965.934400,1965.923600,0,0,1,1,0,0,0,1
3026,302.616600,302.623800,12.200590,0.007992812,0.5328370,6.5005500,1966.582000,1966.571600,0,0,1,1,0,0,0,1
3027,302.717000,302.724000,12.200390,0.007988752,0.5325700,6.4976200,1967.233000,1967.222400,0,0,1,1,0,0,0,1
3028,302.816700,302.823900,12.200004,0.007983752,0.5322458,6.4934700,1967.880400,1967.870000,0,0,1,1,0,0,0,1
3029,302.916700,302.923800,12.200784,0.007990312,0.5326654,6.4990240,1968.532000,1968.521000,0,0,1,1,0,0,0,1
3030,303.016600,303.023800,12.200390,0.007988440,0.5325510,6.4973760,1969.179200,1969.168400,0,0,1,1,0,0,0,1
3031,303.117000,303.124200,12.200590,0.007985314,0.5323410,6.4946900,1969.834000,1969.823200,0,0,1,1,0,0,0,1
3032,303.216600,303.223800,12.200590,0.007993750,0.5328942,6.5014660,1970.481600,1970.471000,0,0,1,1,0,0,0,1
3033,303.317200,303.324300,12.200784,0.007989064,0.5325890,6.4979860,1971.133000,1971.122400,0,0,1,1,0,0,0,1
3034,303.416700,303.423800,12.200784,0.007986880,0.5324556,6.4962780,1971.780400,1971.769600,0,0,1,1,0,0,0,1
3035,303.517200,303.524300,12.200004,0.007990940,0.5327226,6.4991460,1972.436000,1972.425600,0,0,1,1,0,0,0,1
3036,303.616600,303.623800,12.200390,0.007986564,0.5324174,6.4956060,1973.079200,1973.068400,0,0,1,1,0,0,0,1
3037,303.716700,303.723800,12.200004,0.007980628,0.5330086,6.5031140,1973.730800,1973.720000,0,0,1,1,0,0,0,1
3038,303.816700,303.823900,12.200004,0.007995316,0.5330086,6.5028700,1974.382400,1974.372000,0,0,1,1,0,0,0,1
3039,303.916800,303.923900,12.200196,0.007983128,0.5322076,6.4929840,1975.029600,1975.018800,0,0,1,1,0,0,0,1
3040,304.016800,304.023800,12.200390,0.008002504,0.5334856,6.5086680,1975.681200,1975.670800,0,0,1,1,0,0,0,1
3041,304.116800,304.123800,12.200196,0.007993750,0.5329132,6.5015880,1976.332800,1976.322000,0,0,1,1,0,0,0,1
3042,304.217200,304.224300,12.200390,0.007992812,0.5328370,6.4962780,1976.984000,1976.973200,0,0,1,1,0,0,0,1
3043,304.316700,304.323900,12.199808,0.007997190,0.5325318,6.4973760,1977.631600,1977.621000,0,0,1,1,0,0,0,1
3044,304.416700,304.423900,12.199416,0.007990940,0.5327226,6.4992680,1978.283000,1978.272000,0,0,1,1,0,0,0,1
3045,304.517000,304.524200,12.200784,0.007989380,0.5326272,6.4983520,1978.934000,1978.923000,0,0,1,1,0,0,0,1
3046,304.617100,304.624300,12.200784,0.007995624,0.5330468,6.5034800,1979.585600,1979.575000,0,0,1,1,0,0,0,1
3047,304.716600,304.723800,12.200390,0.007986252,0.5323984,6.4954840,1980.232400,1980.222000,0,0,1,1,0,0,0,1
3048,304.817100,304.824300,12.200590,0.007991252,0.5327226,6.4881000,1980.884400,1980.873600,0,0,1,1,0,0,0,1
3049,304.916700,304.923900,12.201368,0.007981568,0.5328560,6.5011000,1981.531600,1981.520800,0,0,1,1,0,0,0,1
3050,305.016600,305.023800,12.200980,0.007990000,0.5326654,6.4979260,1982.183200,1982.172400,0,0,1,1,0,0,0,1
3051,305.117000,305.124100,12.200784,0.007991252,0.5327416,6.4997560,1982.834000,1982.823200,0,0,1,1,0,0,0,1
3052,305.216600,305.223800,12.200590,0.007987812,0.5325128,6.4968880,1983.482000,1983.471600,0,0,1,1,0,0,0,1
3053,305.317200,305.324300,12.201368,0.007976250,0.5317308,6.4878540,1984.136400,1984.125600,0,0,1,1,0,0,0,1
3054,305.416700,305.423900,12.200980,0.007993750,0.5329132,6.5018920,1984.783200,1984.772400,0,0,1,1,0,0,0,1
3055,305.517100,305.524200,12.200390,0.007990312,0.5323984,6.4953010,1985.435000,1985.424400,0,0,1,1,0,0,0,1
3056,305.616800,305.623800,12.200784,0.007985314,0.5323410,6.4949340,1986.082000,1986.071600,0,0,1,1,0,0,0,1
3057,305.717200,305.724300,12.200784,0.007992190,0.5327988,6.5004280,1986.734000,1986.723200,0,0,1,1,0,0,0,1
3058,305.816700,305.823900,12.201172,0.007981568,0.5320932,6.4921280,1987.381000,1987.370400,0,0,1,1,0,0,0,1
3059,305.916700,305.923900,12.200004,0.007978752,0.5319024,6.4892580,1988.032000,1988.021000,0,0,1,1,0,0,0,1
3060,306.016600,306.023800,12.200390,0.007987812,0.5325128,6.4967040,1988.683200,1988.672400,0,0,1,1,0,0,0,1
3061,306.116600,306.123800,12.200004,0.007983128,0.5321694,6.4929840,1989.330800,1989.320000,0,0,1,1,0,0,0,1
3062,306.216700,306.223900,12.200390,0.007990000,0.5326462,6.4991460,1989.982000,1989.971600,0,0,1,1,0,0,0,1
3063,306.317100,306.324200,12.200004,0.007989064,0.5325890,6.4976820,1990.632400,1990.622000,0,0,1,1,0,0,0,1
3064,306.416700,306.423900,12.199612,0.007984066,0.5322648,6.4934700,1991.281000,1991.270000,0,0,1,1,0,0,0,1
3065,306.517100,306.524200,12.200390,0.007986564,0.5324364,6.4959120,1991.935000,1991.924400,0,0,1,1,0,0,0,1
3066,306.616600,306.623800,12.200784,0.007990940,0.5327226,6.4995740,1992.580000,1992.569000,0,0,1,1,0,0,0,1
3067,306.716800,306.723900,12.199612,0.007988128,0.5325318,6.4974380,1993.234000,1993.223200,0,0,1,1,0,0,0,1
3068,306.816700,306.824200,12.201172,0.007992190,0.5328180,6.5006130,1993.881600,1993.871000,0,0,1,1,0,0,0,1
3069,306.917000,306.924200,12.200004,0.007985940,0.5323792,6.4949960,1994.533000,1994.522000,0,0,1,1,0,0,0,1
3070,307.016600,307.023800,12.200196,0.007992190,0.5327988,6.5002440,1995.180400,1995.169600,0,0,1,1,0,0,0,1
3071,307.116800,307.123800,12.200196,0.007984066,0.5322458,6.4935310,1995.831600,1995.821000,0,0,1,1,0,0,0,1
3072,307.216700,307.223900,12.199612,0.007979376,0.5319596,6.4896260,1996.482400,1996.472000,0,0,1,1,0,0,0,1
3073,307.316700,307.323800,12.200980,0.007983752,0.5326844,6.4984760,1997.130400,1997.120000,0,0,1,1,0,0,0,1
3074,307.417000,307.424200,12.200590,0.007985314,0.5323602,6.4946900,1997.785000,1997.774000,0,0,1,1,0,0,0,1
3075,307.516600,307.523700,12.200196,0.007989064,0.5325890,6.4976820,1998.428000,1998.417000,0,0,1,1,0,0,0,1
3076,307.617000,307.624200,12.199808,0.007993124,0.5328752,6.5009180,1999.083600,1999.073000,0,0,1,1,0,0,0,1
3077,307.716600,307.723800,12.200390,0.007991252,0.5327226,6.4994520,1999.731000,1999.720400,0,0,1,1,0,0,0,1
3078,307.816700,307.823800,12.200196,0.007987812,0.5325128,6.4967660,2000.382400,2000.372000,0,0,1,1,0,0,0,1
3079,307.916700,307.923800,12.200784,0.007992190,0.5326272,6.4978660,2001.030000,2001.019000,0,0,1,1,0,0,0,1
3080,308.016900,308.024100,12.200980,0.007990312,0.5326844,6.4987820,2001.685000,2001.674400,0,0,1,1,0,0,0,1
3081,308.116600,308.123800,12.200590,0.007997816,0.5331804,6.5050660,2002.332000,2002.321600,0,0,1,1,0,0,0,1
3082,308.217100,308.224400,12.200004,0.007987812,0.5325128,6.4965220,2002.984000,2002.973200,0,0,1,1,0,0,0,1
3083,308.316700,308.323900,12.200390,0.007985940,0.5323792,6.4952400,2003.631000,2003.620400,0,0,1,1,0,0,0,1
3084,308.417000,308.424200,12.200590,0.007986252,0.5323984,6.5005500,2004.287000,2004.276000,0,0,1,1,0,0,0,1
3085,308.516600,308.523700,12.200004,0.007993750,0.5325318,6.4967660,2004.930000,2004.919000,0,0,1,1,0,0,0,1
3086,308.616900,308.624100,12.200784,0.007989690,0.5326272,6.4982920,2005.581600,2005.571000,0,0,1,1,0,0,0,1
3087,308.716700,308.723800,12.200196,0.007981568,0.5320932,6.4916380,2006.232400,2006.222000,0,0,1,1,0,0,0,1
3088,308.817200,308.824400,12.200590,0.007985314,0.5323410,6.4949340,2006.884400,2006.873600,0,0,1,1,0,0,0,1
3089,308.916700,308.923900,12.199612,0.007992190,0.5327988,6.4998780,2007.531600,2007.520800,0,0,1,1,0,0,0,1
3090,309.016600,309.024000,12.200590,0.007992190,0.5327988,6.5004890,2008.183200,2008.172400,0,0,1,1,0,0,0,1
3091,309.117100,309.124300,12.201368,0.007989380,0.5327416,6.4992080,2008.834800,2008.824000,0,0,1,1,0,0,0,1
3092,309.216700,309.223900,12.200784,0.007989690,0.5326272,6.4982300,2009.482000,2009.471600,0,0,1,1,0,0,0,1
3093,309.317200,309.324400,12.200004,0.007987812,0.5324936,6.4964600,2010.137000,2010.126000,0,0,1,1,0,0,0,1
3094,309.416700,309.423800,12.201172,0.007986564,0.5324364,6.4963400,2010.781600,2010.770800,0,0,1,1,0,0,0,1
3095,309.516600,309.523800,12.199416,0.007981252,0.5320740,6.4910280,2011.432400,2011.421600,0,0,1,1,0,0,0,1
3096,309.617100,309.624200,12.200590,0.007983440,0.5322076,6.4965220,2012.087600,2012.077000,0,0,1,1,0,0,0,1
3097,309.716600,309.723800,12.199416,0.007991876,0.5325700,6.4976820,2012.731000,2012.720400,0,0,1,1,0,0,0,1
3098,309.817000,309.824200,12.200590,0.007993124,0.5328560,6.5009180,2013.386400,2013.375600,0,0,1,1,0,0,0,1
3099,309.916700,309.923800,12.200590,0.007990312,0.5326844,6.4989640,2014.033200,2014.022400,0,0,1,1,0,0,0,1
3100,310.016600,310.023700,12.200590,0.007988752,0.5325700,6.4976820,2014.681000,2014.670000,0,0,1,1,0,0,0,1
3101,310.116600,310.123800,12.200390,0.007986564,0.5324174,6.4957300,2015.332000,2015.321600,0,0,1,1,0,0,0,1
3102,310.217200,310.224400,12.200390,0.007985000,0.5323220,6.4924320,2015.986400,2015.976000,0,0,1,1,0,0,0,1
3103,310.316700,310.323900,12.201172,0.007982190,0.5324556,6.4961560,2016.634000,2016.623000,0,0,1,1,0,0,0,1
3104,310.417000,310.424100,12.200980,0.007991252,0.5327416,6.5000020,2017.285200,2017.274800,0,0,1,1,0,0,0,1
3105,310.516600,310.523700,12.200784,0.007982816,0.5321884,6.4929840,2017.933000,2017.922000,0,0,1,1,0,0,0,1
3106,310.617100,310.624200,12.200004,0.007990000,0.5326462,6.4982300,2018.584000,2018.573200,0,0,1,1,0,0,0,1
3107,310.716600,310.723800,12.199612,0.007997504,0.5331612,6.5043340,2019.231600,2019.221000,0,0,1,1,0,0,0,1
3108,310.816700,310.823800,12.200390,0.007993750,0.5329132,6.5015880,2019.883000,2019.872400,0,0,1,1,0,0,0,1
3109,310.916900,310.924000,12.200784,0.007989064,0.5327608,6.4999400,2020.535000,2020.524000,0,0,1,1,0,0,0,1
3110,311.017000,311.024300,12.201172,0.007989380,0.5326272,6.4975620,2021.186000,2021.175600,0,0,1,1,0,0,0,1
3111,311.116600,311.123800,12.199808,0.007987812,0.5325128,6.4964000,2021.833600,2021.823000,0,0,1,1,0,0,0,1
3112,311.217200,311.224300,12.201568,0.007994064,0.5329132,6.5024440,2022.485000,2022.474400,0,0,1,1,0,0,0,1
3113,311.316800,311.324000,12.200196,0.007990312,0.5326844,6.4987820,2023.136400,2023.125600,0,0,1,1,0,0,0,1
3114,311.416700,311.423900,12.200004,0.007989380,0.5326082,6.4978040,2023.784000,2023.773000,0,0,1,1,0,0,0,1
3115,311.517100,311.524200,12.200196,0.007989064,0.5324364,6.4960940,2024.435000,2024.424400,0,0,1,1,0,0,0,1
3116,311.616600,311.623800,12.200590,0.007980628,0.5320360,6.4912720,2025.082800,2025.072000,0,0,1,1,0,0,0,1
3117,311.717100,311.724200,12.199808,0.007990940,0.5327226,6.4990880,2025.737000,2025.726400,0,0,1,1,0,0,0,1
3118,311.816700,311.823800,12.200590,0.007987812,0.5325318,6.4970100,2026.384400,2026.373600,0,0,1,1,0,0,0,1
3119,311.917200,311.924500,12.200390,0.007991252,0.5327416,6.4995740,2027.036000,2027.025000,0,0,1,1,0,0,0,1
3120,312.016600,312.023700,12.200590,0.007985314,0.5323410,6.4948140,2027.683200,2027.672400,0,0,1,1,0,0,0,1
3121,312.117100,312.124200,12.200980,0.007986880,0.5324746,6.4968880,2028.334800,2028.324000,0,0,1,1,0,0,0,1
3122,312.216600,312.223800,12.200980,0.007984688,0.5323030,6.4944460,2028.982000,2028.971600,0,0,1,1,0,0,0,1
3123,312.316700,312.323800,12.200590,0.007985314,0.5323410,6.4948140,2029.633600,2029.622800,0,0,1,1,0,0,0,1
3124,312.417200,312.424200,12.201368,0.007986252,0.5323984,6.4959720,2030.285000,2030.274000,0,0,1,1,0,0,0,1
3125,312.516600,312.523800,12.200390,0.007988128,0.5325510,6.4971940,2030.932400,2030.921600,0,0,1,1,0,0,0,1
3126,312.617100,312.624300,12.200004,0.007988752,0.5325700,6.4881000,2031.587600,2031.577000,0,0,1,1,0,0,0,1
3127,312.716600,312.723800,12.200784,0.007984066,0.5324936,6.4965220,2032.234800,2032.224000,0,0,1,1,0,0,0,1
3128,312.817200,312.824300,12.200980,0.007985940,0.5323984,6.4956680,2032.886400,2032.875600,0,0,1,1,0,0,0,1
3129,312.916700,312.923900,12.200390,0.007980628,0.5320360,6.4909060,2033.533200,2033.522400,0,0,1,1,0,0,0,1
3130,313.017200,313.024300,12.199024,0.007985628,0.5323602,6.4943240,2034.187600,2034.177000,0,0,1,1,0,0,0,1
3131,313.116900,313.124200,12.200590,0.007981568,0.5320932,6.4917000,2034.835600,2034.825000,0,0,1,1,0,0,0,1
3132,313.216700,313.223900,12.199808,0.007994690,0.5329704,6.4913940,2035.483000,2035.472400,0,0,1,1,0,0,0,1
3133,313.316700,313.323900,12.201956,0.007989690,0.5326844,6.4993920,2036.134400,2036.123600,0,0,1,1,0,0,0,1
3134,313.416700,313.423900,12.201568,0.007982500,0.5321504,6.4921880,2036.782000,2036.771000,0,0,1,1,0,0,0,1
3135,313.516900,313.524000,12.201172,0.007986880,0.5324556,6.4965220,2037.432000,2037.421000,0,0,1,1,0,0,0,1
3136,313.617200,313.624300,12.199808,0.007983752,0.5322458,6.4932880,2038.087600,2038.077000,0,0,1,1,0,0,0,1
3137,313.716700,313.723900,12.200196,0.007979064,0.5319406,6.4896260,2038.735000,2038.724400,0,0,1,1,0,0,0,1
3138,313.816700,313.823800,12.200980,0.007980316,0.5320168,6.5012820,2039.382400,2039.372000,0,0,1,1,0,0,0,1
3139,313.917200,313.924200,12.200980,0.007985000,0.5329896,6.5026860,2040.037000,2040.026000,0,0,1,1,0,0,0,1
3140,314.016600,314.023700,12.200590,0.007988440,0.5325700,6.4979260,2040.681200,2040.670800,0,0,1,1,0,0,0,1
3141,314.116800,314.124000,12.200980,0.007985940,0.5323792,6.4955460,2041.331000,2041.320400,0,0,1,1,0,0,0,1
3142,314.217100,314.224200,12.200196,0.007980940,0.5320550,6.4912120,2041.982400,2041.972000,0,0,1,1,0,0,0,1
3143,314.316700,314.323900,12.199808,0.007987500,0.5324936,6.4962780,2042.634400,2042.623600,0,0,1,1,0,0,0,1
3144,314.416700,314.423800,12.200980,0.007986564,0.5324364,6.4948140,2043.281600,2043.270800,0,0,1,1,0,0,0,1
3145,314.516600,314.523700,12.200980,0.007991252,0.5326272,6.4982920,2043.933200,2043.922400,0,0,1,1,0,0,0,1
3146,314.617100,314.624200,12.200004,0.007989064,0.5325890,6.4972560,2044.584800,2044.574000,0,0,1,1,0,0,0,1
3147,314.716600,314.723900,12.200196,0.007988128,0.5325318,6.4970710,2045.232000,2045.221600,0,0,1,1,0,0,0,1
3148,314.816700,314.823900,12.201760,0.007989690,0.5326462,6.4991460,2045.883600,2045.872800,0,0,1,1,0,0,0,1
3149,314.916700,314.923900,12.200980,0.007990000,0.5326654,6.4990240,2046.535000,2046.524000,0,0,1,1,0,0,0,1
3150,315.016800,315.023800,12.200590,0.007988752,0.5325700,6.4959720,2047.182400,2047.171600,0,0,1,1,0,0,0,1
3151,315.116900,315.124100,12.199612,0.007992504,0.5332566,6.5058010,2047.833600,2047.823000,0,0,1,1,0,0,0,1
3152,315.216800,315.223900,12.200196,0.007990000,0.5326654,6.4984140,2048.485000,2048.474000,0,0,1,1,0,0,0,1
3153,315.316700,315.323800,12.200004,0.007981252,0.5320740,6.4913340,2049.133000,2049.122000,0,0,1,1,0,0,0,1
3154,315.417200,315.424200,12.200784,0.007993440,0.5328752,6.5015280,2049.786800,2049.776000,0,0,1,1,0,0,0,1
3155,315.516600,315.523700,12.200784,0.007991564,0.5327608,6.5001220,2050.431000,2050.420000,0,0,1,1,0,0,0,1
3156,315.617000,315.624200,12.200390,0.007986252,0.5323984,6.4925540,2051.086000,2051.076000,0,0,1,1,0,0,0,1
3157,315.717200,315.724300,12.200390,0.007990940,0.5324364,6.4959120,2051.739000,2051.728000,0,0,1,1,0,0,0,1
3158,315.816700,315.823800,12.201368,0.007979064,0.5319214,6.4897460,2052.382000,2052.371000,0,0,1,1,0,0,0,1
3159,315.917000,315.924200,12.199612,0.007983752,0.5322458,6.4930420,2053.036800,2053.026000,0,0,1,1,0,0,0,1
3160,316.016600,316.023800,12.200004,0.007980000,0.5319788,6.4901130,2053.684000,2053.673000,0,0,1,1,0,0,0,1
3161,316.116900,316.124100,12.200980,0.007992190,0.5327988,6.5006130,2054.336000,2054.326000,0,0,1,1,0,0,0,1
3162,316.217200,316.224300,12.200784,0.007992190,0.5327988,6.4940800,2054.988000,2054.977000,0,0,1,1,0,0,0,1
3163,316.316700,316.323800,12.200390,0.007998124,0.5326082,6.4975620,2055.634000,2055.623000,0,0,1,1,0,0,0,1
3164,316.417200,316.424400,12.200004,0.007988752,0.5325700,6.4972560,2056.289000,2056.279000,0,0,1,1,0,0,0,1
3165,316.516600,316.523800,12.200590,0.007988440,0.5325510,6.4973760,2056.934000,2056.923000,0,0,1,1,0,0,0,1
3166,316.616600,316.623800,12.201568,0.007989380,0.5326082,6.4985960,2057.585000,2057.575000,0,0,1,1,0,0,0,1
3167,316.717000,316.724200,12.201568,0.007994376,0.5329514,6.5028700,2058.235000,2058.224000,0,0,1,1,0,0,0,1
3168,316.817200,316.824400,12.200590,0.007989690,0.5325318,6.4971320,2058.887000,2058.876000,0,0,1,1,0,0,0,1
3169,316.916700,316.923900,12.201172,0.007984688,0.5324364,6.4958500,2059.536000,2059.525000,0,0,1,1,0,0,0,1
3170,317.017100,317.024300,12.200196,0.007987188,0.5324746,6.4962780,2060.185000,2060.174000,0,0,1,1,0,0,0,1
3171,317.116600,317.124000,12.200980,0.007989690,0.5326462,6.4987190,2060.836000,2060.826000,0,0,1,1,0,0,0,1
3172,317.217100,317.224300,12.201368,0.007982500,0.5321694,6.4929840,2061.489000,2061.478000,0,0,1,1,0,0,0,1
3173,317.316700,317.323900,12.200004,0.007990000,0.5326654,6.4983520,2062.136000,2062.125000,0,0,1,1,0,0,0,1
3174,317.417200,317.424200,12.200390,0.007990312,0.5326844,6.4951200,2062.786000,2062.775000,0,0,1,1,0,0,0,1
3175,317.516600,317.524000,12.199612,0.007988128,0.5321884,6.4928600,2063.434000,2063.423000,0,0,1,1,0,0,0,1
3176,317.617100,317.624200,12.200196,0.007976564,0.5317690,6.4876720,2064.084000,2064.074000,0,0,1,1,0,0,0,1
3177,317.716600,317.723800,12.200590,0.007988128,0.5325318,6.4972560,2064.732000,2064.721000,0,0,1,1,0,0,0,1
3178,317.817200,317.824300,12.200390,0.007984688,0.5323030,6.4943240,2065.387000,2065.376000,0,0,1,1,0,0,0,1
3179,317.916700,317.923800,12.200390,0.007990628,0.5327036,6.4990880,2066.036000,2066.025000,0,0,1,1,0,0,0,1
3180,318.017000,318.024200,12.200784,0.007983128,0.5322076,6.4932260,2066.687000,2066.676000,0,0,1,1,0,0,0,1
3181,318.116800,318.123800,12.200784,0.007994376,0.5324746,6.4964600,2067.333000,2067.323000,0,0,1,1,0,0,0,1
3182,318.217100,318.224300,12.200784,0.007983440,0.5322266,6.4935940,2067.985000,2067.974000,0,0,1,1,0,0,0,1
3183,318.316700,318.323900,12.201368,0.007977502,0.5318260,6.4889540,2068.634000,2068.623000,0,0,1,1,0,0,0,1
3184,318.417200,318.424200,12.200590,0.007973436,0.5315400,6.4851700,2069.286000,2069.275000,0,0,1,1,0,0,0,1
3185,318.517100,318.524200,12.200196,0.007980628,0.5320360,6.4909060,2069.931000,2069.920000,0,0,1,1,0,0,0,1
3186,318.616600,318.623800,12.201172,0.007968124,0.5311968,6.4776620,2070.578400,2070.568000,0,0,1,1,0,0,0,1
3187,318.717100,318.724300,12.200390,0.007981876,0.5318834,6.4889540,2071.232000,2071.221000,0,0,1,1,0,0,0,1
3188,318.816700,318.823800,12.200196,0.007979690,0.5319596,6.4904800,2071.879000,2071.869000,0,0,1,1,0,0,0,1
3189,318.916900,318.924100,12.200390,0.007987188,0.5324746,6.4962160,2072.529000,2072.518000,0,0,1,1,0,0,0,1
3190,319.016600,319.023800,12.200980,0.007976564,0.5317690,6.4880380,2073.176000,2073.165000,0,0,1,1,0,0,0,1
3191,319.123700,319.131200,12.200196,0.007971564,0.5314256,6.4833380,2073.872000,2073.862000,0,0,1,1,0,0,0,1
3192,319.216600,319.223800,12.200784,0.007974690,0.5316354,6.4834000,2074.475000,2074.464000,0,0,1,1,0,0,0,1
3193,319.317100,319.324200,12.201368,0.007971250,0.5315972,6.4857800,2075.125000,2075.115000,0,0,1,1,0,0,0,1
3194,319.416700,319.423900,12.200196,0.007976564,0.5317690,6.4878540,2075.772000,2075.761000,0,0,1,1,0,0,0,1
3195,319.517100,319.524200,12.201368,0.007981252,0.5320740,6.4920680,2076.421000,2076.411000,0,0,1,1,0,0,0,1
3196,319.616800,319.623800,12.200390,0.007978128,0.5318642,6.4887700,2077.068000,2077.057000,0,0,1,1,0,0,0,1
3197,319.717100,319.724300,12.200980,0.007974690,0.5316354,6.4864500,2077.723000,2077.712000,0,0,1,1,0,0,0,1
3198,319.816700,319.823900,12.200590,0.007979064,0.5319214,6.4807140,2078.369000,2078.358000,0,0,1,1,0,0,0,1
3199,319.917200,319.924400,12.200390,0.007971564,0.5314256,6.4836440,2079.018000,2079.007000,0,0,1,1,0,0,0,1
3200,320.016600,320.023700,12.201172,0.007978128,0.5318642,6.4893220,2079.665000,2079.655000,0,0,1,1,0,0,0,1
3201,320.117100,320.124300,12.200196,0.007973130,0.5315400,6.4848030,2080.315000,2080.304000,0,0,1,1,0,0,0,1
3202,320.216700,320.223900,12.200980,0.007973436,0.5315590,6.4854140,2080.961000,2080.951000,0,0,1,1,0,0,0,1
3203,320.317200,320.324400,12.201568,0.007973750,0.5315782,6.4859640,2081.616000,2081.605000,0,0,1,1,0,0,0,1
3204,320.416700,320.423900,12.201172,0.007995624,0.5330468,6.4992680,2082.262000,2082.251000,0,0,1,1,0,0,0,1
3205,320.516600,320.523700,12.200980,0.007986564,0.5322458,6.4936540,2082.911000,2082.900000,0,0,1,1,0,0,0,1
3206,320.617000,320.624100,12.200004,0.007985000,0.5323220,6.4943240,2083.562000,2083.551000,0,0,1,1,0,0,0,1
3207,320.716800,320.724000,12.200590,0.007985628,0.5323602,6.4951200,2084.212000,2084.202000,0,0,1,1,0,0,0,1
3208,320.817100,320.824200,12.200590,0.007984688,0.5323030,6.4943240,2084.864000,2084.853000,0,0,1,1,0,0,0,1
3209,320.916700,320.923900,12.200196,0.007990628,0.5327036,6.4991460,2085.512000,2085.501000,0,0,1,1,0,0,0,1
3210,321.016600,321.023700,12.200590,0.007990940,0.5327226,6.4986580,2086.160000,2086.149000,0,0,1,1,0,0,0,1
3211,321.116800,321.123800,12.200784,0.007989380,0.5326082,6.4978040,2086.810000,2086.799000,0,0,1,1,0,0,0,1
3212,321.216700,321.224000,12.200980,0.007982816,0.5321694,6.4925540,2087.461000,2087.451000,0,0,1,1,0,0,0,1
3213,321.316700,321.323900,12.200390,0.007981252,0.5320740,6.4913940,2088.113000,2088.102000,0,0,1,1,0,0,0,1
3214,321.417000,321.424200,12.200590,0.007990000,0.5326462,6.4985960,2088.763000,2088.752000,0,0,1,1,0,0,0,1
3215,321.517100,321.524300,12.201172,0.007991252,0.5327416,6.4999400,2089.414000,2089.404000,0,0,1,1,0,0,0,1
3216,321.616800,321.623800,12.200784,0.007985314,0.5323410,6.5052500,2090.063000,2090.052000,0,0,1,1,0,0,0,1
3217,321.717100,321.724200,12.200196,0.007988752,0.5323220,6.4948140,2090.713000,2090.703000,0,0,1,1,0,0,0,1
3218,321.816700,321.823800,12.201368,0.007987812,0.5325128,6.4965820,2091.360000,2091.349000,0,0,1,1,0,0,0,1
3219,321.917200,321.924200,12.200390,0.007988128,0.5325318,6.4970710,2092.012000,2092.001000,0,0,1,1,0,0,0,1
3220,322.016600,322.023800,12.200590,0.007987188,0.5324556,6.4963400,2092.661000,2092.650000,0,0,1,1,0,0,0,1
3221,322.117000,322.124100,12.200590,0.007990940,0.5327036,6.4993300,2093.310000,2093.299000,0,0,1,1,0,0,0,1
3222,322.217000,322.224000,12.200980,0.007995940,0.5330660,6.4947520,2093.961000,2093.951000,0,0,1,1,0,0,0,1
3223,322.316700,322.323900,12.200004,0.007988752,0.5329132,6.5016480,2094.610000,2094.599000,0,0,1,1,0,0,0,1
3224,322.417200,322.424200,12.200590,0.007986564,0.5324174,6.4957900,2095.264000,2095.253000,0,0,1,1,0,0,0,1
3225,322.516600,322.523800,12.200784,0.007984066,0.5322648,6.4940200,2095.911600,2095.901000,0,0,1,1,0,0,0,1
3226,322.617100,322.624300,12.200784,0.007991252,0.5327416,6.4998180,2096.563000,2096.552000,0,0,1,1,0,0,0,1
3227,322.716600,322.723800,12.201172,0.007982500,0.5321694,6.4929840,2097.211000,2097.201000,0,0,1,1,0,0,0,1
3228,322.816800,322.823900,12.200590,0.007982190,0.5321504,6.4949960,2097.862000,2097.851000,0,0,1,1,0,0,0,1
3229,322.917000,322.924200,12.200980,0.007979690,0.5319596,6.4904180,2098.512000,2098.501000,0,0,1,1,0,0,0,1
3230,323.017100,323.024300,12.200196,0.007990000,0.5326654,6.4985960,2099.164000,2099.154000,0,0,1,1,0,0,0,1
3231,323.116800,323.123800,12.200590,0.007986252,0.5324174,6.4956060,2099.813000,2099.802000,0,0,1,1,0,0,0,1
3232,323.223400,323.230900,12.199416,0.007995316,0.5330086,6.5024440,2100.508000,2100.497000,0,0,1,1,0,0,0,1
3233,323.316700,323.323800,12.200196,0.007986564,0.5324364,6.4956060,2101.111000,2101.100000,0,0,1,1,0,0,0,1
3234,323.417200,323.424200,12.200980,0.007988752,0.5326654,6.4982920,2101.766000,2101.755000,0,0,1,1,0,0,0,1
3235,323.516600,323.523800,12.200196,0.007982816,0.5328180,6.5003080,2102.411000,2102.400000,0,0,1,1,0,0,0,1
3236,323.616900,323.624100,12.199220,0.007994376,0.5329324,6.5014660,2103.061000,2103.050000,0,0,1,1,0,0,0,1
3237,323.716700,323.723900,12.200390,0.007980000,0.5319788,6.4904180,2103.712000,2103.702000,0,0,1,1,0,0,0,1
3238,323.816800,323.823900,12.200196,0.007983440,0.5322076,6.4931040,2104.364000,2104.353000,0,0,1,1,0,0,0,1
3239,323.917000,323.924100,12.200784,0.007976876,0.5317880,6.4881600,2105.014000,2105.003000,0,0,1,1,0,0,0,1
3240,324.017100,324.024200,12.199612,0.007991876,0.5325318,6.4973160,2105.665000,2105.655000,0,0,1,1,0,0,0,1
3241,324.116800,324.123800,12.200590,0.007992190,0.5326272,6.4982920,2106.310000,2106.299000,0,0,1,1,0,0,0,1
3242,324.216800,324.223900,12.201368,0.007990628,0.5327036,6.4997560,2106.961000,2106.951000,0,0,1,1,0,0,0,1
3243,324.316700,324.323800,12.200196,0.007988128,0.5325318,6.4969500,2107.612000,2107.601000,0,0,1,1,0,0,0,1
3244,324.417200,324.424200,12.200004,0.007990000,0.5326462,6.4982920,2108.263000,2108.252000,0,0,1,1,0,0,0,1
3245,324.516600,324.523800,12.200980,0.007995316,0.5330278,6.5032960,2108.911000,2108.900000,0,0,1,1,0,0,0,1
3246,324.617000,324.624200,12.200196,0.007986880,0.5322458,6.4934080,2109.563000,2109.552000,0,0,1,1,0,0,0,1
3247,324.716700,324.723900,12.200980,0.007989380,0.5327036,6.4988420,2110.214000,2110.203200,0,0,1,1,0,0,0,1
3248,324.817100,324.824200,12.200390,0.007980316,0.5320168,6.4908480,2110.864000,2110.853000,0,0,1,1,0,0,0,1
3249,324.916700,324.923900,12.200590,0.007991252,0.5327416,6.4996980,2111.512000,2111.501000,0,0,1,1,0,0,0,1
3250,325.017000,325.024200,12.200980,0.007986252,0.5323984,6.4957900,2112.162000,2112.152000,0,0,1,1,0,0,0,1
3251,325.117100,325.124300,12.200590,0.007973436,0.5315590,6.4851700,2112.814000,2112.803000,0,0,1,1,0,0,0,1
3252,325.216600,325.223800,12.201172,0.007987500,0.5324746,6.4964600,2113.461000,2113.451000,0,0,1,1,0,0,0,1
3253,325.316700,325.324800,12.200590,0.007987188,0.5324746,6.4962780,2114.117000,2114.106000,0,0,1,1,0,0,0,1
3254,325.417200,325.424400,12.200590,0.007990940,0.5327036,6.4993300,2114.763000,2114.752000,0,0,1,1,0,0,0,1
3255,325.516600,325.523800,12.200590,0.007980628,0.5320168,6.4909680,2115.411000,2115.400000,0,0,1,1,0,0,0,1
3256,325.616900,325.624000,12.200980,0.007984376,0.5322838,6.4943860,2116.063000,2116.052000,0,0,1,1,0,0,0,1
3257,325.717100,325.724300,12.200196,0.007990000,0.5326654,6.4985360,2116.713000,2116.703000,0,0,1,1,0,0,0,1
3258,325.816700,325.828800,12.200004,0.007987188,0.5324746,6.4962160,2117.395000,2117.384000,0,0,1,1,0,0,0,1
3259,325.916700,325.923900,12.200590,0.007983128,0.5326082,6.4982920,2118.012000,2118.001000,0,0,1,1,0,0,0,1
3260,326.017100,326.024300,12.200784,0.007981876,0.5321122,6.4921280,2118.664000,2118.654000,0,0,1,1,0,0,0,1
3261,326.116800,326.124000,12.200784,0.007983440,0.5322266,6.4934700,2119.311000,2119.300000,0,0,1,1,0,0,0,1
3262,326.216800,326.223900,12.200390,0.007985628,0.5323602,6.4949960,2119.962000,2119.952000,0,0,1,1,0,0,0,1
3263,326.316700,326.324200,12.200196,0.007987500,0.5324936,6.4965220,2120.610000,2120.599000,0,0,1,1,0,0,0,1
3264,326.416800,326.424000,12.201172,0.007984066,0.5326082,6.4979860,2121.262000,2121.251000,0,0,1,1,0,0,0,1
3265,326.516600,326.523800,12.199612,0.007988752,0.5322076,6.4928600,2121.913000,2121.903000,0,0,1,1,0,0,0,1
3266,326.617100,326.624200,12.200590,0.007992812,0.5328560,6.5011000,2122.564000,2122.553000,0,0,1,1,0,0,0,1
3267,326.717200,326.724300,12.200784,0.007991876,0.5327798,6.5003080,2123.215000,2123.204000,0,0,1,1,0,0,0,1
3268,326.816700,326.823800,12.200390,0.007987500,0.5324936,6.4965820,2123.863000,2123.852000,0,0,1,1,0,0,0,1
3269,326.916800,326.923900,12.200390,0.007990628,0.5327036,6.4992080,2124.511000,2124.500000,0,0,1,1,0,0,0,1
3270,327.017100,327.024200,12.200980,0.007984066,0.5327608,6.5000620,2125.165000,2125.155000,0,0,1,1,0,0,0,1
3271,327.116800,327.123800,12.200784,0.007990000,0.5325318,6.4965820,2125.813000,2125.802000,0,0,1,1,0,0,0,1
3272,327.216800,327.224000,12.200390,0.007991564,0.5327608,6.4998180,2126.465000,2126.454000,0,0,1,1,0,0,0,1
3273,327.316700,327.323900,12.200784,0.007984066,0.5322648,6.4940200,2127.112000,2127.101000,0,0,1,1,0,0,0,1
3274,327.416800,327.424000,12.200390,0.007988440,0.5325510,6.4973760,2127.763000,2127.752000,0,0,1,1,0,0,0,1
3275,327.517100,327.524200,12.200004,0.007990312,0.5326844,6.4987820,2128.414000,2128.404000,0,0,1,1,0,0,0,1
3276,327.616600,327.623800,12.200784,0.007999376,0.5332948,6.4952400,2129.063000,2129.052000,0,0,1,1,0,0,0,1
3277,327.717000,327.724200,12.200004,0.007993124,0.5328560,6.5014660,2129.714000,2129.703200,0,0,1,1,0,0,0,1
3278,327.816700,327.823900,12.200004,0.007988440,0.5325510,6.4971320,2130.361000,2130.350000,0,0,1,1,0,0,0,1
3279,327.916900,327.924100,12.200590,0.007985000,0.5323410,6.4947520,2131.012000,2131.001000,0,0,1,1,0,0,0,1
3280,328.016900,328.024000,12.200784,0.007987812,0.5325128,6.4969500,2131.664000,2131.654000,0,0,1,1,0,0,0,1
3281,328.117200,328.124400,12.200590,0.007987812,0.5325128,6.4969500,2132.315000,2132.304000,0,0,1,1,0,0,0,1
3282,328.216700,328.223800,12.200784,0.007992504,0.5328180,6.4989640,2132.962000,2132.952000,0,0,1,1,0,0,0,1
3283,328.317000,328.324000,12.200980,0.007984688,0.5323030,6.4942040,2133.614000,2133.603000,0,0,1,1,0,0,0,1
3284,328.417000,328.424200,12.199808,0.007988752,0.5325700,6.4972560,2134.265000,2134.254000,0,0,1,1,0,0,0,1
3285,328.517100,328.524200,12.199612,0.007990312,0.5326844,6.4984140,2134.915000,2134.905000,0,0,1,1,0,0,0,1
3286,328.616600,328.628800,12.200004,0.007982816,0.5321884,6.4978660,2135.596000,2135.585000,0,0,1,1,0,0,0,1
3287,328.717100,328.724300,12.200784,0.007984688,0.5323030,6.4943860,2136.215000,2136.204000,0,0,1,1,0,0,0,1
3288,328.816700,328.823800,12.200390,0.007994376,0.5329514,6.4959720,2136.863000,2136.852000,0,0,1,1,0,0,0,1
3289,328.917200,328.924200,12.200784,0.007984688,0.5323030,6.4940200,2137.513000,2137.502000,0,0,1,1,0,0,0,1
3290,329.016600,329.023800,12.200004,0.007986564,0.5324364,6.4956680,2138.161000,2138.150000,0,0,1,1,0,0,0,1
3291,329.117100,329.124200,12.200390,0.007984376,0.5322648,6.4938360,2138.817000,2138.806000,0,0,1,1,0,0,0,1
3292,329.216600,329.223800,12.200590,0.007990000,0.5326462,6.4986580,2139.463000,2139.453000,0,0,1,1,0,0,0,1
3293,329.316800,329.323900,12.200784,0.007985940,0.5323792,6.4953620,2140.114000,2140.103000,0,0,1,1,0,0,0,1
3294,329.417000,329.424400,12.200784,0.007990628,0.5321122,6.4924320,2140.766000,2140.755000,0,0,1,1,0,0,0,1
3295,329.516800,329.524000,12.200784,0.007981252,0.5320740,6.4913940,2141.413000,2141.403000,0,0,1,1,0,0,0,1
3296,329.616900,329.624100,12.200590,0.007988128,0.5325318,6.4971940,2142.064000,2142.053000,0,0,1,1,0,0,0,1
3297,329.716700,329.723800,12.200004,0.007989064,0.5325890,6.4974980,2142.711000,2142.701000,0,0,1,1,0,0,0,1
3298,329.817000,329.824200,12.200784,0.007991564,0.5327608,6.5001840,2143.362000,2143.351000,0,0,1,1,0,0,0,1
3299,329.916700,329.923900,12.199808,0.007989064,0.5326082,6.4976200,2144.009000,2143.998000,0,0,1,1,0,0,0,1
3300,330.020900,330.028100,12.201368,0.007990000,0.5326462,6.4990240,2144.690000,2144.679000,0,0,1,1,0,0,0,1
3301,330.117100,330.124300,12.200784,0.007990000,0.5326462,6.4984140,2145.317000,2145.306000,0,0,1,1,0,0,0,1
3302,330.216700,330.223800,12.200004,0.007995940,0.5330468,6.5031140,2145.964000,2145.953200,0,0,1,1,0,0,0,1
3303,330.317100,330.324300,12.200590,0.007985940,0.5323792,6.4952400,2146.615000,2146.604000,0,0,1,1,0,0,0,1
3304,330.416700,330.423900,12.201172,0.007998124,0.5331994,6.5055540,2147.262000,2147.251000,0,0,1,1,0,0,0,1
3305,330.516600,330.523700,12.200980,0.007991252,0.5327416,6.5000620,2147.911000,2147.900000,0,0,1,1,0,0,0,1
3306,330.616900,330.624100,12.200196,0.007987188,0.5327036,6.4995120,2148.564000,2148.553000,0,0,1,1,0,0,0,1
3307,330.716700,330.723800,12.199808,0.007985940,0.5326272,6.4981720,2149.212000,2149.202000,0,0,1,1,0,0,0,1
3308,330.817100,330.824200,12.199612,0.007986880,0.5324364,6.4955460,2149.864000,2149.853000,0,0,1,1,0,0,0,1
3309,330.916700,330.923800,12.200390,0.007989690,0.5326462,6.4983520,2150.512000,2150.501000,0,0,1,1,0,0,0,1
3310,331.017000,331.024100,12.200390,0.007989690,0.5326462,6.4984140,2151.162000,2151.152000,0,0,1,1,0,0,0,1
3311,331.117100,331.124300,12.200980,0.007989690,0.5326272,6.4985960,2151.814000,2151.803000,0,0,1,1,0,0,0,1
3312,331.216700,331.223900,12.201172,0.007986252,0.5327988,6.5000620,2152.461000,2152.451000,0,0,1,1,0,0,0,1
3313,331.317200,331.324300,12.200390,0.007991564,0.5327608,6.4998780,2153.116000,2153.105000,0,0,1,1,0,0,0,1
3314,331.424600,331.432000,12.200004,0.007991252,0.5327416,6.4996980,2153.816000,2153.805000,0,0,1,1,0,0,0,1
3315,331.517200,331.524400,12.200784,0.007989690,0.5326462,6.4985960,2154.414000,2154.404000,0,0,1,1,0,0,0,1
3316,331.616800,331.624000,12.200784,0.007990000,0.5326654,6.4987820,2155.063000,2155.052000,0,0,1,1,0,0,0,1
3317,331.716700,331.723900,12.200590,0.007991876,0.5327798,6.5000620,2155.713000,2155.703000,0,0,1,1,0,0,0,1
3318,331.816600,331.823800,12.200590,0.007990940,0.5323030,6.4943860,2156.362000,2156.351000,0,0,1,1,0,0,0,1
3319,331.916700,331.923800,12.200004,0.007991564,0.5327036,6.4989640,2157.013000,2157.002000,0,0,1,1,0,0,0,1
3320,332.017100,332.024200,12.199220,0.007990000,0.5326654,6.4979860,2157.664000,2157.654000,0,0,1,1,0,0,0,1
3321,332.117000,332.124200,12.200590,0.007989380,0.5326082,6.4981080,2158.316000,2158.305000,0,0,1,1,0,0,0,1
3322,332.217100,332.224300,12.200590,0.007984066,0.5322648,6.4939580,2158.967000,2158.956000,0,0,1,1,0,0,0,1
3323,332.316700,332.323900,12.201368,0.007986252,0.5323984,6.4959120,2159.615000,2159.604000,0,0,1,1,0,0,0,1
3324,332.416700,332.423900,12.200784,0.007986564,0.5322458,6.4935310,2160.262000,2160.251000,0,0,1,1,0,0,0,1
3325,332.516600,332.523800,12.199808,0.007987812,0.5326272,6.4982920,2160.912000,2160.902000,0,0,1,1,0,0,0,1
3326,332.617100,332.624300,12.200980,0.007981252,0.5320740,6.4916380,2161.567000,2161.556000,0,0,1,1,0,0,0,1
3327,332.716700,332.723800,12.199808,0.007980316,0.5320168,6.4904180,2162.211000,2162.201000,0,0,1,1,0,0,0,1
3328,332.817100,332.824300,12.200390,0.007990312,0.5326844,6.4989020,2162.866000,2162.855000,0,0,1,1,0,0,0,1
3329,332.916700,332.923800,12.200980,0.007987188,0.5324746,6.4966460,2163.513000,2163.502000,0,0,1,1,0,0,0,1
3330,333.017000,333.024200,12.200784,0.007986252,0.5322076,6.4935310,2164.164000,2164.154000,0,0,1,1,0,0,0,1
3331,333.116600,333.123800,12.201568,0.007989064,0.5325890,6.4976200,2164.813000,2164.802000,0,0,1,1,0,0,0,1
3332,333.216800,333.223900,12.200590,0.007997816,0.5331804,6.5051900,2165.462000,2165.452000,0,0,1,1,0,0,0,1
3333,333.317100,333.324200,12.199612,0.007993124,0.5328752,6.5007940,2166.114000,2166.103000,0,0,1,1,0,0,0,1
3334,333.416700,333.423900,12.200980,0.007985628,0.5323792,6.4954840,2166.762000,2166.751000,0,0,1,1,0,0,0,1
3335,333.517100,333.524300,12.201368,0.007982816,0.5321884,6.4933480,2167.416000,2167.406000,0,0,1,1,0,0,0,1
3336,333.616600,333.623700,12.199416,0.007998438,0.5325890,6.4980480,2168.060000,2168.049000,0,0,1,1,0,0,0,1
3337,333.717000,333.724000,12.200784,0.007988440,0.5325510,6.4970710,2168.715000,2168.704000,0,0,1,1,0,0,0,1
3338,333.816800,333.823900,12.200390,0.007986564,0.5324364,6.4958500,2169.364000,2169.353000,0,0,1,1,0,0,0,1
3339,333.917000,333.924100,12.200590,0.007985000,0.5323410,6.4946900,2170.014000,2170.003000,0,0,1,1,0,0,0,1
3340,334.016600,334.023800,12.199220,0.007991252,0.5327416,6.4991460,2170.661600,2170.651000,0,0,1,1,0,0,0,1
3341,334.117100,334.124300,12.200196,0.007988128,0.5325318,6.4968880,2171.317000,2171.306000,0,0,1,1,0,0,0,1
3342,334.216700,334.223900,12.200980,0.007985000,0.5323030,6.4942040,2171.965000,2171.954000,0,0,1,1,0,0,0,1
3343,334.317000,334.324000,12.200590,0.007985314,0.5323410,6.4945680,2172.612000,2172.601000,0,0,1,1,0,0,0,1
3344,334.416700,334.423900,12.200196,0.007987500,0.5324936,6.4964600,2173.263000,2173.252000,0,0,1,1,0,0,0,1
3345,334.517000,334.524100,12.200980,0.007991876,0.5327988,6.5005500,2173.914000,2173.904000,0,0,1,1,0,0,0,1
3346,334.617000,334.624200,12.200590,0.007993124,0.5328560,6.5011600,2174.567000,2174.556000,0,0,1,1,0,0,0,1
3347,334.717000,334.724200,12.200784,0.007980000,0.5319978,6.4907840,2175.215000,2175.204000,0,0,1,1,0,0,0,1
3348,334.817000,334.824200,12.201172,0.007995624,0.5327226,6.4989640,2175.867000,2175.856000,0,0,1,1,0,0,0,1
3349,334.916700,334.923800,12.201172,0.007989064,0.5325890,6.4978660,2176.513000,2176.502000,0,0,1,1,0,0,0,1
3350,335.017000,335.024100,12.200390,0.007989690,0.5326462,6.4983520,2177.164000,2177.154000,0,0,1,1,0,0,0,1
3351,335.117100,335.124200,12.200004,0.007987812,0.5324936,6.4964600,2177.817000,2177.806000,0,0,1,1,0,0,0,1
3352,335.216700,335.223800,12.200390,0.007996250,0.5330850,6.5037240,2178.464000,2178.453200,0,0,1,1,0,0,0,1
3353,335.316800,335.324000,12.200980,0.007989064,0.5325890,6.4981080,2179.115000,2179.104000,0,0,1,1,0,0,0,1
3354,335.417000,335.424200,12.200784,0.007993750,0.5328180,6.4998180,2179.766000,2179.755000,0,0,1,1,0,0,0,1
3355,335.517000,335.524200,12.199808,0.007977502,0.5318260,6.4881600,2180.417000,2180.407000,0,0,1,1,0,0,0,1
3356,335.616800,335.624000,12.200390,0.007986564,0.5324174,6.4957300,2181.064000,2181.053000,0,0,1,1,0,0,0,1
3357,335.717100,335.724300,12.200390,0.007986252,0.5324174,6.4956680,2181.715000,2181.704000,0,0,1,1,0,0,0,1
3358,335.816700,335.823800,12.200196,0.007998124,0.5331994,6.5051280,2182.364000,2182.353000,0,0,1,1,0,0,0,1
3359,335.916700,335.923800,12.201172,0.007986880,0.5324364,6.4964600,2183.015000,2183.004000,0,0,1,1,0,0,0,1
3360,336.016900,336.024000,12.200004,0.007982816,0.5325890,6.4976820,2183.665000,2183.655000,0,0,1,1,0,0,0,1
3361,336.117200,336.124300,12.200004,0.007995004,0.5329896,6.5030540,2184.317000,2184.306000,0,0,1,1,0,0,0,1
3362,336.216700,336.223900,12.200196,0.007984688,0.5323030,6.4942640,2184.965000,2184.954000,0,0,1,1,0,0,0,1
3363,336.317100,336.324300,12.200590,0.007981252,0.5320740,6.4917000,2185.616000,2185.605000,0,0,1,1,0,0,0,1
3364,336.416700,336.423900,12.200980,0.007995940,0.5330468,6.5037240,2186.263000,2186.252000,0,0,1,1,0,0,0,1
3365,336.516900,336.524000,12.200784,0.007980628,0.5320360,6.4912120,2186.914000,2186.904000,0,0,1,1,0,0,0,1
3366,336.617000,336.624200,12.201368,0.007983440,0.5322266,6.4929840,2187.566000,2187.555000,0,0,1,1,0,0,0,1
3367,336.717100,336.724400,12.200196,0.007988752,0.5325890,6.4969500,2188.216000,2188.205000,0,0,1,1,0,0,0,1
3368,336.816700,336.823800,12.199808,0.007996250,0.5330660,6.5032960,2188.865000,2188.854000,0,0,1,1,0,0,0,1
3369,336.916900,336.924000,12.200784,0.007992812,0.5328370,6.5011000,2189.516000,2189.505000,0,0,1,1,0,0,0,1
3370,337.017000,337.029200,12.201568,0.008003130,0.5335428,6.4931640,2190.200000,2190.189000,0,0,1,1,0,0,0,1
3371,337.116600,337.123800,12.199808,0.007992190,0.5328180,6.5001840,2190.814000,2190.803000,0,0,1,1,0,0,0,1
3372,337.216800,337.224000,12.200590,0.007979064,0.5326082,6.4981720,2191.465000,2191.454000,0,0,1,1,0,0,0,1
3373,337.317200,337.324300,12.200004,0.007988440,0.5325510,6.4970710,2192.118000,2192.107000,0,0,1,1,0,0,0,1
3374,337.416700,337.423900,12.200590,0.007987188,0.5324746,6.4965220,2192.766000,2192.755000,0,0,1,1,0,0,0,1
3375,337.517100,337.524300,12.199808,0.007991252,0.5327416,6.4993300,2193.419000,2193.409000,0,0,1,1,0,0,0,1
3376,337.616800,337.624000,12.200004,0.007998750,0.5332376,6.5054960,2194.068000,2194.057000,0,0,1,1,0,0,0,1
3377,337.717100,337.724300,12.200980,0.007984688,0.5323030,6.4945680,2194.719000,2194.708000,0,0,1,1,0,0,0,1
3378,337.816700,337.823900,12.200980,0.007990628,0.5326272,6.4979260,2195.367000,2195.356000,0,0,1,1,0,0,0,1
3379,337.917000,337.924200,12.200980,0.007985000,0.5323410,6.4948740,2196.018000,2196.007000,0,0,1,1,0,0,0,1
3380,338.016800,338.024000,12.200590,0.007995940,0.5330468,6.5035400,2196.665000,2196.655000,0,0,1,1,0,0,0,1
3381,338.116800,338.124000,12.200784,0.007987812,0.5325128,6.4971320,2197.317000,2197.306000,0,0,1,1,0,0,0,1
3382,338.217100,338.224200,12.199808,0.007992504,0.5328180,6.5003080,2197.969000,2197.958000,0,0,1,1,0,0,0,1
3383,338.316600,338.323800,12.200784,0.007998124,0.5331994,6.5054960,2198.616000,2198.605000,0,0,1,1,0,0,0,1
3384,338.417200,338.424400,12.200784,0.007994064,0.5326272,6.4982300,2199.271000,2199.260000,0,0,1,1,0,0,0,1
3385,338.516600,338.523800,12.199808,0.007985628,0.5323602,6.4954250,2199.918000,2199.908000,0,0,1,1,0,0,0,1
3386,338.616600,338.623800,12.200590,0.007989380,0.5326082,6.4981720,2200.567000,2200.556000,0,0,1,1,0,0,0,1
3387,338.716800,338.724000,12.200590,0.007993750,0.5328942,6.5016480,2201.219000,2201.208000,0,0,1,1,0,0,0,1
3388,338.817100,338.824300,12.200004,0.007989690,0.5326272,6.4981080,2201.869200,2201.859000,0,0,1,1,0,0,0,1
3389,338.916700,338.923800,12.200390,0.007975628,0.5317116,6.4870000,2202.517000,2202.506000,0,0,1,1,0,0,0,1
3390,339.016900,339.024100,12.200004,0.007987812,0.5324556,6.4964600,2203.168000,2203.158000,0,0,1,1,0,0,0,1
3391,339.116600,339.123800,12.200004,0.007992190,0.5328180,6.5006130,2203.821000,2203.810000,0,0,1,1,0,0,0,1
3392,339.216800,339.223900,12.199220,0.007985314,0.5323410,6.4940800,2204.467000,2204.456000,0,0,1,1,0,0,0,1
3393,339.317000,339.324000,12.200590,0.007983752,0.5322266,6.4935310,2205.119000,2205.108000,0,0,1,1,0,0,0,1
3394,339.416700,339.423900,12.200980,0.007990000,0.5326654,6.4990240,2205.770000,2205.759000,0,0,1,1,0,0,0,1
3395,339.516800,339.523800,12.199612,0.007979376,0.5319406,6.4895020,2206.416000,2206.406000,0,0,1,1,0,0,0,1
3396,339.617000,339.624300,12.200004,0.007990628,0.5323984,6.4957900,2207.072000,2207.061000,0,0,1,1,0,0,0,1
3397,339.716700,339.723800,12.201172,0.007987188,0.5324746,6.4965220,2207.719000,2207.708000,0,0,1,1,0,0,0,1
3398,339.817200,339.824400,12.200980,0.007987500,0.5324746,6.4967660,2208.371000,2208.361000,0,0,1,1,0,0,0,1
3399,339.916700,339.923900,12.200590,0.007979376,0.5319596,6.4901130,2209.018000,2209.007000,0,0,1,1,0,0,0,1
3400,340.017100,340.024300,12.201172,0.007985628,0.5323602,6.4953620,2209.668000,2209.658000,0,0,1,1,0,0,0,1
3401,340.116600,340.123700,12.200390,0.007989690,0.5326462,6.4984140,2210.317000,2210.306000,0,0,1,1,0,0,0,1
3402,340.216700,340.223900,12.200196,0.007984688,0.5327416,6.4993920,2210.967000,2210.956000,0,0,1,1,0,0,0,1
3403,340.316700,340.323800,12.200980,0.007986252,0.5324174,6.4953010,2211.619000,2211.608000,0,0,1,1,0,0,0,1
3404,340.417200,340.424400,12.201368,0.007996564,0.5331040,6.5045800,2212.270000,2212.259000,0,0,1,1,0,0,0,1
3405,340.516600,340.523800,12.200590,0.007997816,0.5331804,6.5050660,2212.918000,2212.908000,0,0,1,1,0,0,0,1
3406,340.617000,340.624200,12.200590,0.007989380,0.5326082,6.4981080,2213.569000,2213.558000,0,0,1,1,0,0,0,1
3407,340.717200,340.724400,12.200784,0.007998438,0.5332184,6.4981080,2214.220000,2214.209000,0,0,1,1,0,0,0,1
3408,340.816700,340.823800,12.200980,0.007994376,0.5323984,6.4954840,2214.868000,2214.857000,0,0,1,1,0,0,0,1
3409,340.917000,340.924100,12.200784,0.007994064,0.5329132,6.5021980,2215.520000,2215.509000,0,0,1,1,0,0,0,1
3410,341.017100,341.024200,12.200390,0.007988752,0.5325700,6.4976200,2216.171000,2216.161000,0,0,1,1,0,0,0,1
3411,341.116600,341.123700,12.200390,0.007983128,0.5322076,6.4930420,2216.818000,2216.807000,0,0,1,1,0,0,0,1
3412,341.216800,341.224200,12.199808,0.007989690,0.5326462,6.4981080,2217.469000,2217.458000,0,0,1,1,0,0,0,1
3413,341.316700,341.323800,12.200004,0.007995004,0.5329896,6.5022590,2218.118000,2218.107000,0,0,1,1,0,0,0,1
3414,341.416700,341.424600,12.200980,0.007997816,0.5328752,6.5011600,2218.772000,2218.761000,0,0,1,1,0,0,0,1
3415,341.516800,341.523800,12.200590,0.007984688,0.5323030,6.4942640,2219.419000,2219.409000,0,0,1,1,0,0,0,1
3416,341.616900,341.624100,12.200784,0.007989380,0.5326082,6.4982920,2220.071000,2220.060000,0,0,1,1,0,0,0,1
3417,341.717000,341.724200,12.200390,0.007984066,0.5322648,6.4937760,2220.723000,2220.712000,0,0,1,1,0,0,0,1
3418,341.816700,341.823900,12.200784,0.007987188,0.5324556,6.4964000,2221.369200,2221.359000,0,0,1,1,0,0,0,1
3419,341.916700,341.923800,12.200784,0.007989064,0.5325890,6.4979260,2222.017000,2222.006000,0,0,1,1,0,0,0,1
3420,342.016900,342.024100,12.200196,0.007991252,0.5332756,6.5062260,2222.668000,2222.658000,0,0,1,1,0,0,0,1
3421,342.116800,342.123800,12.200196,0.007985628,0.5323602,6.4949340,2223.320000,2223.309000,0,0,1,1,0,0,0,1
3422,342.217100,342.224300,12.200590,0.007985628,0.5323792,6.4952400,2223.970000,2223.959000,0,0,1,1,0,0,0,1
3423,342.316700,342.323900,12.200390,0.007983128,0.5322076,6.4930420,2224.618000,2224.607000,0,0,1,1,0,0,0,1
3424,342.417200,342.424400,12.201172,0.007984688,0.5323030,6.4945680,2225.274000,2225.263000,0,0,1,1,0,0,0,1
3425,342.516600,342.523800,12.200196,0.007980000,0.5319978,6.4904180,2225.917000,2225.907000,0,0,1,1,0,0,0,1
3426,342.616900,342.624100,12.200004,0.007987812,0.5323792,6.4952400,2226.568000,2226.557000,0,0,1,1,0,0,0,1
3427,342.716700,342.723800,12.199024,0.007979064,0.5319214,6.4892580,2227.219000,2227.208000,0,0,1,1,0,0,0,1
3428,342.816700,342.823900,12.200196,0.007988440,0.5325510,6.4973160,2227.866000,2227.855000,0,0,1,1,0,0,0,1
3429,342.916900,342.924100,12.200784,0.007988440,0.5325700,6.4976820,2228.521000,2228.510000,0,0,1,1,0,0,0,1
3430,343.017000,343.024100,12.199612,0.007981252,0.5320740,6.4911520,2229.168000,2229.158000,0,0,1,1,0,0,0,1
3431,343.117100,343.124200,12.200784,0.007985000,0.5323220,6.4994520,2229.820000,2229.809000,0,0,1,1,0,0,0,1
3432,343.217000,343.224200,12.200980,0.007991564,0.5321122,6.4916380,2230.470000,2230.459000,0,0,1,1,0,0,0,1
3433,343.317200,343.324400,12.200004,0.007986880,0.5324556,6.4964600,2231.121000,2231.111000,0,0,1,1,0,0,0,1
3434,343.416700,343.423800,12.200590,0.007986880,0.5324364,6.4960940,2231.766000,2231.755000,0,0,1,1,0,0,0,1
3435,343.516900,343.524000,12.200004,0.007986564,0.5324174,6.4955460,2232.419000,2232.409000,0,0,1,1,0,0,0,1
3436,343.616600,343.623800,12.200980,0.007983128,0.5322076,6.4933480,2233.067000,2233.056000,0,0,1,1,0,0,0,1
3437,343.717000,343.724200,12.201368,0.007984376,0.5322648,6.5020140,2233.719000,2233.708000,0,0,1,1,0,0,0,1
3438,343.816700,343.823800,12.200196,0.007987812,0.5323602,6.4943860,2234.366000,2234.355000,0,0,1,1,0,0,0,1
3439,343.916700,343.923800,12.200196,0.007982816,0.5321884,6.4927380,2235.017000,2235.006000,0,0,1,1,0,0,0,1
3440,344.017100,344.024300,12.201568,0.007981568,0.5320932,6.4923100,2235.668000,2235.658000,0,0,1,1,0,0,0,1
3441,344.116600,344.123800,12.200390,0.007985940,0.5323792,6.4951780,2236.316000,2236.305000,0,0,1,1,0,0,0,1
3442,344.216800,344.224000,12.201172,0.007988440,0.5325510,6.4976200,2236.966000,2236.955000,0,0,1,1,0,0,0,1
3443,344.317000,344.324000,12.200390,0.007987500,0.5324936,6.4966460,2237.618000,2237.607000,0,0,1,1,0,0,0,1
3444,344.416800,344.424000,12.201172,0.007992504,0.5325318,6.4968880,2238.266000,2238.255000,0,0,1,1,0,0,0,1
3445,344.516600,344.523800,12.201568,0.007981568,0.5321122,6.4920060,2238.915000,2238.905000,0,0,1,1,0,0,0,1
3446,344.617200,344.624300,12.200590,0.007976250,0.5317498,6.4875500,2239.567000,2239.556000,0,0,1,1,0,0,0,1
3447,344.716700,344.723800,12.199808,0.007988752,0.5325700,6.4971940,2240.215000,2240.204000,0,0,1,1,0,0,0,1
3448,344.816800,344.824000,12.200390,0.007991564,0.5327608,6.4998180,2240.867000,2240.856000,0,0,1,1,0,0,0,1
3449,344.917200,344.924200,12.200004,0.007985940,0.5323792,6.5006130,2241.517000,2241.506000,0,0,1,1,0,0,0,1
3450,345.016600,345.023700,12.200980,0.007979690,0.5325128,6.4971320,2242.163000,2242.153000,0,0,1,1,0,0,0,1
3451,345.116900,345.124100,12.201172,0.007985314,0.5323602,6.4946300,2242.815000,2242.804000,0,0,1,1,0,0,0,1
3452,345.216700,345.223900,12.200390,0.007985628,0.5323792,6.4951200,2243.466000,2243.455000,0,0,1,1,0,0,0,1
3453,345.317000,345.324200,12.200980,0.007984066,0.5322458,6.4939580,2244.118000,2244.107000,0,0,1,1,0,0,0,1
3454,345.417200,345.424400,12.200004,0.007993440,0.5328942,6.5012240,2244.770000,2244.759000,0,0,1,1,0,0,0,1
3455,345.516600,345.523800,12.200196,0.007986252,0.5324174,6.4954840,2245.417000,2245.407000,0,0,1,1,0,0,0,1
3456,345.616600,345.623700,12.200980,0.007987500,0.5320360,6.4912720,2246.064000,2246.053000,0,0,1,1,0,0,0,1
3457,345.717300,345.724500,12.200784,0.007989380,0.5326272,6.4983520,2246.719000,2246.708000,0,0,1,1,0,0,0,1
3458,345.816800,345.824000,12.200196,0.007969064,0.5312540,6.4814460,2247.366000,2247.355000,0,0,1,1,0,0,0,1
3459,345.917000,345.924200,12.201172,0.007986252,0.5324174,6.4960360,2248.017000,2248.006000,0,0,1,1,0,0,0,1
3460,346.016600,346.023800,12.199808,0.007988440,0.5325510,6.4968880,2248.664000,2248.654000,0,0,1,1,0,0,0,1
3461,346.116800,346.124000,12.200784,0.007987188,0.5324746,6.4967040,2249.317000,2249.306000,0,0,1,1,0,0,0,1
3462,346.217200,346.224400,12.199808,0.007994376,0.5323410,6.4945100,2249.968000,2249.957000,0,0,1,1,0,0,0,1
3463,346.316700,346.323800,12.200390,0.007988752,0.5325890,6.4976200,2250.615000,2250.604000,0,0,1,1,0,0,0,1
3464,346.416800,346.424000,12.200004,0.007993124,0.5328560,6.5008560,2251.266000,2251.255000,0,0,1,1,0,0,0,1
3465,346.517100,346.524200,12.200784,0.007980316,0.5320168,6.4909680,2251.918000,2251.908000,0,0,1,1,0,0,0,1
3466,346.616800,346.623800,12.201368,0.007989064,0.5325890,6.4982920,2252.566000,2252.555000,0,0,1,1,0,0,0,1
3467,346.717100,346.724200,12.200196,0.007985628,0.5323602,6.4913340,2253.215000,2253.204000,0,0,1,1,0,0,0,1
3468,346.816700,346.823800,12.200590,0.007985628,0.5326272,6.4979860,2253.864000,2253.853000,0,0,1,1,0,0,0,1
3469,346.917200,346.924200,12.200980,0.007986252,0.5324174,6.4958500,2254.519000,2254.508000,0,0,1,1,0,0,0,1
3470,347.016600,347.023800,12.200590,0.007991252,0.5327416,6.4995740,2255.165000,2255.155000,0,0,1,1,0,0,0,1
3471,347.116900,347.124000,12.200196,0.007987812,0.5325128,6.4967040,2255.817000,2255.806000,0,0,1,1,0,0,0,1
3472,347.217100,347.224300,12.200390,0.007984688,0.5323030,6.4942040,2256.469000,2256.458000,0,0,1,1,0,0,0,1
3473,347.316700,347.323800,12.200390,0.007976564,0.5317498,6.4876100,2257.115000,2257.104000,0,0,1,1,0,0,0,1
3474,347.416900,347.424100,12.200004,0.007995940,0.5323220,6.4942040,2257.766000,2257.755000,0,0,1,1,0,0,0,1
3475,347.517100,347.524300,12.199612,0.007989064,0.5326082,6.4979860,2258.418000,2258.408000,0,0,1,1,0,0,0,1
3476,347.616600,347.623800,12.200196,0.007983128,0.5322076,6.4929200,2259.065000,2259.054000,0,0,1,1,0,0,0,1
3477,347.717100,347.724300,12.200390,0.007990000,0.5326654,6.4985960,2259.716000,2259.705000,0,0,1,1,0,0,0,1
3478,347.816800,347.824200,12.200390,0.007989064,0.5326082,6.4979260,2260.367000,2260.356000,0,0,1,1,0,0,0,1
3479,347.916700,347.923900,12.200196,0.007992504,0.5328370,6.5006130,2261.015000,2261.004000,0,0,1,1,0,0,0,1
3480,348.017100,348.024300,12.200590,0.007994376,0.5333138,6.5067160,2261.665000,2261.655000,0,0,1,1,0,0,0,1
3481,348.116600,348.123700,12.200980,0.007990940,0.5327226,6.4993300,2262.313000,2262.302000,0,0,1,1,0,0,0,1
3482,348.216800,348.224000,12.200980,0.007989064,0.5326082,6.4982300,2262.964000,2262.953200,0,0,1,1,0,0,0,1
3483,348.317200,348.324400,12.200784,0.007975628,0.5316926,6.4871220,2263.616000,2263.605000,0,0,1,1,0,0,0,1
3484,348.416700,348.423900,12.200590,0.007989064,0.5325890,6.4978040,2264.263000,2264.252000,0,0,1,1,0,0,0,1
3485,348.517000,348.524100,12.200590,0.007986880,0.5324556,6.4968260,2264.914000,2264.904000,0,0,1,1,0,0,0,1
3486,348.617000,348.624200,12.200196,0.007987500,0.5322266,6.4934080,2265.567000,2265.556000,0,0,1,1,0,0,0,1
3487,348.717100,348.724300,12.200390,0.007995940,0.5330660,6.5034180,2266.218000,2266.207000,0,0,1,1,0,0,0,1
3488,348.817200,348.824300,12.200390,0.007989064,0.5326082,6.4979260,2266.869000,2266.858000,0,0,1,1,0,0,0,1
3489,348.916700,348.923900,12.200784,0.007985314,0.5323410,6.4949960,2267.516000,2267.505000,0,0,1,1,0,0,0,1
3490,349.017000,349.024100,12.200390,0.007999064,0.5332756,6.5060440,2268.166000,2268.156000,0,0,1,1,0,0,0,1
3491,349.117100,349.124200,12.200390,0.007990312,0.5326844,6.4989020,2268.814000,2268.803000,0,0,1,1,0,0,0,1
3492,349.216700,349.223800,12.200390,0.007986564,0.5321884,6.4930420,2269.465000,2269.454000,0,0,1,1,0,0,0,1
3493,349.317200,349.324200,12.200784,0.007974064,0.5315972,6.4854740,2270.118000,2270.107000,0,0,1,1,0,0,0,1
3494,349.416700,349.423800,12.200390,0.007973750,0.5315782,6.4853540,2270.763000,2270.752000,0,0,1,1,0,0,0,1
3495,349.517100,349.524200,12.200980,0.007978128,0.5318642,6.4893220,2271.414000,2271.404000,0,0,1,1,0,0,0,1
3496,349.616800,349.623800,12.200980,0.007980000,0.5319978,6.4908480,2272.060000,2272.049000,0,0,1,1,0,0,0,1
3497,349.716800,349.723900,12.200196,0.007977190,0.5318070,6.4901740,2272.710000,2272.700000,0,0,1,1,0,0,0,1
3498,349.816700,349.823900,12.201172,0.007977502,0.5315018,6.4844980,2273.361000,2273.350000,0,0,1,1,0,0,0,1
3499,349.916700,349.923900,12.200390,0.007976564,0.5317690,6.4874900,2274.008000,2273.997000,0,0,1,1,0,0,0,1
3500,350.016900,350.024100,12.201172,0.007971250,0.5314256,6.4838880,2274.657000,2274.646000,0,0,1,1,0,0,0,1
3501,350.116600,350.123800,12.200980,0.007983440,0.5322266,6.4936540,2275.307000,2275.296000,0,0,1,1,0,0,0,1
3502,350.216800,350.224000,12.201760,0.007973130,0.5315210,6.4854740,2275.957000,2275.947000,0,0,1,1,0,0,0,1
3503,350.317000,350.324000,12.201172,0.007970004,0.5313112,6.4834000,2276.604000,2276.593000,0,0,1,1,0,0,0,1
3504,350.416900,350.424100,12.200004,0.007969690,0.5314256,6.4834000,2277.254000,2277.244000,0,0,1,1,0,0,0,1
3505,350.516600,350.523800,12.201368,0.007979690,0.5319596,6.4900520,2277.901000,2277.890000,0,0,1,1,0,0,0,1
3506,350.616900,350.624100,12.200784,0.007973750,0.5315782,6.4857180,2278.550000,2278.539000,0,0,1,1,0,0,0,1
3507,350.716700,350.723800,12.200004,0.007975004,0.5316544,6.4861460,2279.201000,2279.190000,0,0,1,1,0,0,0,1
3508,350.817100,350.824300,12.200784,0.007981252,0.5320740,6.4916380,2279.852000,2279.841000,0,0,1,1,0,0,0,1
3509,350.916700,350.923900,12.200590,0.007972190,0.5314636,6.4913940,2280.497000,2280.487000,0,0,1,1,0,0,0,1
3510,351.017100,351.024300,12.200390,0.007973130,0.5316926,6.4867560,2281.152000,2281.141000,0,0,1,1,0,0,0,1
3511,351.116600,351.123800,12.199808,0.007967504,0.5311586,6.4802860,2281.793000,2281.783000,0,0,1,1,0,0,0,1
3512,351.217200,351.224300,12.200590,0.007975628,0.5317116,6.4870620,2282.449000,2282.438000,0,0,1,1,0,0,0,1
3513,351.316700,351.323900,12.200784,0.007974690,0.5316354,6.4864500,2283.094000,2283.083000,0,0,1,1,0,0,0,1
3514,351.416900,351.424100,12.200784,0.007996564,0.5330850,6.5040900,2283.744800,2283.734000,0,0,1,1,0,0,0,1
3515,351.516800,351.523800,12.199808,0.007994376,0.5329324,6.4899900,2284.392000,2284.381000,0,0,1,1,0,0,0,1
3516,351.617100,351.624200,12.199612,0.007981568,0.5324364,6.4957900,2285.043000,2285.033000,0,0,1,1,0,0,0,1
3517,351.716600,351.723800,12.200980,0.007981876,0.5321122,6.4917000,2285.692000,2285.681000,0,0,1,1,0,0,0,1
3518,351.817000,351.824000,12.200590,0.007988752,0.5325700,6.4976820,2286.341000,2286.330000,0,0,1,1,0,0,0,1
3519,351.916700,351.923900,12.200196,0.007985314,0.5323410,6.4946300,2286.993000,2286.982000,0,0,1,1,0,0,0,1
3520,352.016600,352.023800,12.200980,0.007996876,0.5331230,6.5045180,2287.645000,2287.634000,0,0,1,1,0,0,0,1
3521,352.116900,352.124100,12.200196,0.007994376,0.5329324,6.4989640,2288.295000,2288.285000,0,0,1,1,0,0,0,1
3522,352.216700,352.223800,12.200390,0.007988128,0.5327608,6.4998780,2288.943000,2288.932000,0,0,1,1,0,0,0,1
3523,352.317100,352.329200,12.200980,0.007983752,0.5322458,6.4937760,2289.628000,2289.618000,0,0,1,1,0,0,0,1
3524,352.416700,352.423900,12.200590,0.007997816,0.5331804,6.5051280,2290.243000,2290.232000,0,0,1,1,0,0,0,1
3525,352.516600,352.523800,12.200390,0.007986252,0.5323984,6.4954840,2290.893000,2290.882000,0,0,1,1,0,0,0,1
3526,352.617000,352.624100,12.199808,0.007980628,0.5320360,6.4906620,2291.544000,2291.534000,0,0,1,1,0,0,0,1
3527,352.717100,352.724300,12.200784,0.007992504,0.5328180,6.5018340,2292.196000,2292.185000,0,0,1,1,0,0,0,1
3528,352.816700,352.823900,12.200980,0.007990628,0.5322838,6.4945100,2292.844000,2292.833000,0,0,1,1,0,0,0,1
3529,352.917000,352.924200,12.200390,0.007992190,0.5327988,6.5001220,2293.494000,2293.483000,0,0,1,1,0,0,0,1
3530,353.016600,353.023800,12.200004,0.007986880,0.5324556,6.4958500,2294.142000,2294.131000,0,0,1,1,0,0,0,1
3531,353.116900,353.124100,12.200590,0.007989380,0.5326272,6.4982300,2294.793000,2294.783000,0,0,1,1,0,0,0,1
3532,353.217200,353.224400,12.200590,0.007987812,0.5325128,6.4967660,2295.445000,2295.434000,0,0,1,1,0,0,0,1
3533,353.316700,353.323800,12.200590,0.007985628,0.5323602,6.4942040,2296.093000,2296.082000,0,0,1,1,0,0,0,1
3534,353.417000,353.424200,12.201172,0.007986564,0.5328180,6.5007340,2296.746000,2296.736000,0,0,1,1,0,0,0,1
3535,353.516600,353.523700,12.200004,0.007991252,0.5327416,6.4993920,2297.391000,2297.380000,0,0,1,1,0,0,0,1
3536,353.617000,353.624100,12.200590,0.007995624,0.5330278,6.5031140,2298.047000,2298.036800,0,0,1,1,0,0,0,1
3537,353.716600,353.728800,12.200980,0.007986880,0.5324364,6.4962780,2298.726000,2298.715000,0,0,1,1,0,0,0,1
3538,353.817000,353.824200,12.200590,0.007990000,0.5326462,6.4986580,2299.344000,2299.333000,0,0,1,1,0,0,0,1
3539,353.917000,353.924200,12.200390,0.007990940,0.5327226,6.4943240,2299.995000,2299.985000,0,0,1,1,0,0,0,1
3540,354.016600,354.023700,12.200004,0.007984066,0.5322266,6.4932880,2300.644000,2300.633000,0,0,1,1,0,0,0,1
3541,354.116800,354.123800,12.200590,0.007989380,0.5326272,6.4981080,2301.294000,2301.284000,0,0,1,1,0,0,0,1
3542,354.217000,354.224000,12.200196,0.007990312,0.5326844,6.4987190,2301.946000,2301.935000,0,0,1,1,0,0,0,1
3543,354.316700,354.323800,12.200004,0.007991564,0.5327416,6.4995120,2302.593000,2302.582000,0,0,1,1,0,0,0,1
3544,354.417200,354.424200,12.200004,0.007994064,0.5329324,6.5017100,2303.244800,2303.234000,0,0,1,1,0,0,0,1
3545,354.516800,354.524000,12.201172,0.007991564,0.5327608,6.4995120,2303.892000,2303.881000,0,0,1,1,0,0,0,1
3546,354.616600,354.623800,12.200590,0.007987188,0.5328752,6.5010380,2304.543000,2304.533000,0,0,1,1,0,0,0,1
3547,354.717100,354.724200,12.200590,0.007990000,0.5326654,6.4988420,2305.195000,2305.184000,0,0,1,1,0,0,0,1
3548,354.817100,354.824300,12.201172,0.007985314,0.5323602,6.4953010,2305.845000,2305.834000,0,0,1,1,0,0,0,1
3549,354.916800,354.923900,12.200004,0.007994690,0.5329704,6.5021380,2306.493000,2306.482000,0,0,1,1,0,0,0,1
3550,355.016600,355.023700,12.199808,0.007987188,0.5324746,6.4959720,2307.144000,2307.133000,0,0,1,1,0,0,0,1
3551,355.117100,355.124200,12.200590,0.007981568,0.5320932,6.4970100,2307.795000,2307.785000,0,0,1,1,0,0,0,1
3552,355.216700,355.223800,12.200784,0.007991564,0.5327416,6.4998780,2308.443000,2308.432000,0,0,1,1,0,0,0,1
3553,355.317100,355.324300,12.199612,0.007993750,0.5329132,6.5012240,2309.094000,2309.083000,0,0,1,1,0,0,0,1
3554,355.416700,355.423800,12.200004,0.007982500,0.5321694,6.4923740,2309.741000,2309.730000,0,0,1,1,0,0,0,1
3555,355.516900,355.524000,12.200784,0.007976564,0.5317498,6.4877960,2310.392000,2310.381000,0,0,1,1,0,0,0,1
3556,355.616800,355.623800,12.200004,0.007992190,0.5327988,6.5002440,2311.043000,2311.033000,0,0,1,1,0,0,0,1
3557,355.717100,355.724200,12.200004,0.007989380,0.5326082,6.5008560,2311.695000,2311.684000,0,0,1,1,0,0,0,1
3558,355.816700,355.823800,12.201172,0.007981876,0.5326082,6.4979260,2312.343000,2312.332000,0,0,1,1,0,0,0,1
3559,355.917000,355.924200,12.201368,0.008000316,0.5333520,6.5075700,2312.994000,2312.983000,0,0,1,1,0,0,0,1
3560,356.017000,356.024200,12.200784,0.007986880,0.5324364,6.4961560,2313.645000,2313.634000,0,0,1,1,0,0,0,1
3561,356.116600,356.123800,12.199612,0.007985314,0.5323410,6.4943860,2314.292000,2314.282000,0,0,1,1,0,0,0,1
3562,356.217100,356.224300,12.200196,0.007983128,0.5322076,6.4929200,2314.949000,2314.938000,0,0,1,1,0,0,0,1
3563,356.316700,356.323900,12.200390,0.007991564,0.5327608,6.4997560,2315.591000,2315.580000,0,0,1,1,0,0,0,1
3564,356.417000,356.424100,12.200004,0.007993440,0.5326844,6.4994520,2316.246000,2316.236000,0,0,1,1,0,0,0,1
3565,356.516600,356.524000,12.200196,0.007987812,0.5325128,6.4970710,2316.895000,2316.884000,0,0,1,1,0,0,0,1
3566,356.616600,356.623800,12.199612,0.007983440,0.5322266,6.4927980,2317.541000,2317.531000,0,0,1,1,0,0,0,1
3567,356.717100,356.724300,12.200980,0.007980316,0.5320168,6.4909680,2318.197000,2318.186000,0,0,1,1,0,0,0,1
3568,356.816700,356.823900,12.200590,0.007990940,0.5327226,6.4994520,2318.844000,2318.833000,0,0,1,1,0,0,0,1
3569,356.916800,356.924000,12.200590,0.007986252,0.5323984,6.5017700,2319.496000,2319.486000,0,0,1,1,0,0,0,1
3570,357.016900,357.024000,12.200004,0.007989380,0.5325510,6.4973760,2320.142000,2320.131000,0,0,1,1,0,0,0,1
3571,357.116900,357.124100,12.200590,0.007988128,0.5325318,6.4971940,2320.793000,2320.783000,0,0,1,1,0,0,0,1
3572,357.216700,357.223800,12.200390,0.007991876,0.5327798,6.5000620,2321.442000,2321.431000,0,0,1,1,0,0,0,1
3573,357.317100,357.324200,12.200390,0.007987812,0.5325128,6.4967660,2322.097000,2322.086000,0,0,1,1,0,0,0,1
3574,357.416700,357.423900,12.200784,0.007996876,0.5331040,6.5043340,2322.744000,2322.733000,0,0,1,1,0,0,0,1
3575,357.517000,357.524100,12.200196,0.007990940,0.5327226,6.4981720,2323.396000,2323.385000,0,0,1,1,0,0,0,1
3576,357.616600,357.623800,12.200004,0.007991252,0.5328942,6.5019540,2324.043000,2324.033000,0,0,1,1,0,0,0,1
3577,357.717100,357.724300,12.200590,0.007985940,0.5323984,6.4954840,2324.698000,2324.687000,0,0,1,1,0,0,0,1
3578,357.816700,357.823800,12.201760,0.007987188,0.5324556,6.4969500,2325.345000,2325.334000,0,0,1,1,0,0,0,1
3579,357.916800,357.924000,12.200590,0.007990628,0.5326844,6.4990880,2325.996000,2325.986000,0,0,1,1,0,0,0,1
3580,358.017000,358.024300,12.200196,0.007995316,0.5330086,6.5028700,2326.649000,2326.638000,0,0,1,1,0,0,0,1
3581,358.116800,358.123800,12.200196,0.007984376,0.5322838,6.5051280,2327.295000,2327.285000,0,0,1,1,0,0,0,1
3582,358.216700,358.223900,12.200784,0.007986880,0.5322458,6.4935310,2327.943000,2327.932000,0,0,1,1,0,0,0,1
3583,358.317100,358.324300,12.200784,0.007986564,0.5324364,6.4959720,2328.598000,2328.587000,0,0,1,1,0,0,0,1
3584,358.416700,358.423800,12.200004,0.007988128,0.5325318,6.4967660,2329.246000,2329.236000,0,0,1,1,0,0,0,1
3585,358.517100,358.525300,12.200784,0.007988440,0.5325510,6.4974380,2329.904000,2329.893000,0,0,1,1,0,0,0,1
3586,358.616600,358.623800,12.201568,0.007995624,0.5330278,6.5037840,2330.544000,2330.534000,0,0,1,1,0,0,0,1
3587,358.717000,358.724000,12.201172,0.007982190,0.5321312,6.5024440,2331.196000,2331.185000,0,0,1,1,0,0,0,1
3588,358.817100,358.824200,12.200590,0.007989690,0.5330086,6.5025040,2331.848000,2331.837000,0,0,1,1,0,0,0,1
3589,358.916700,358.923900,12.200390,0.007985000,0.5323220,6.4947520,2332.494800,2332.484000,0,0,1,1,0,0,0,1
3590,359.016800,359.023800,12.200590,0.007993440,0.5328942,6.5015280,2333.146000,2333.135000,0,0,1,1,0,0,0,1
3591,359.116900,359.124100,12.200590,0.007990000,0.5326462,6.4985960,2333.797000,2333.786800,0,0,1,1,0,0,0,1
3592,359.217100,359.224300,12.200590,0.007981252,0.5320550,6.4913940,2334.448000,2334.437000,0,0,1,1,0,0,0,1
3593,359.316700,359.323900,12.200980,0.007980628,0.5320168,6.4907840,2335.095000,2335.084000,0,0,1,1,0,0,0,1
3594,359.417000,359.424200,12.199808,0.007989690,0.5326272,6.4980480,2335.746000,2335.736000,0,0,1,1,0,0,0,1
3595,359.517200,359.524800,12.200590,0.007987500,0.5324936,6.4967040,2336.402000,2336.391000,0,0,1,1,0,0,0,1
3596,359.617200,359.624400,12.200196,0.007978128,0.5318642,6.4887120,2337.050000,2337.039000,0,0,1,1,0,0,0,1
3597,359.716600,359.723700,12.200390,0.007986880,0.5324556,6.4960940,2337.693000,2337.682000,0,0,1,1,0,0,0,1
3598,359.816800,359.824000,12.200390,0.007980628,0.5320360,6.4909060,2338.344000,2338.333000,0,0,1,1,0,0,0,1
3599,359.916900,359.924100,12.201368,0.007988128,0.5325318,6.5000620,2338.996000,2338.986000,0,0,1,1,0,0,0,1
3600,360.017200,360.024400,12.200196,0.007990628,0.5326844,6.4985960,2339.648000,2339.637000,0,0,1,1,0,0,0,1
3601,360.116800,360.124000,12.200590,0.007989380,0.5326272,6.4982300,2340.294000,2340.284000,0,0,1,1,0,0,0,1
3602,360.216700,360.223900,12.200196,0.007975940,0.5317116,6.4868800,2340.946000,2340.935000,0,0,1,1,0,0,0,1
3603,360.317000,360.324200,12.199612,0.007992812,0.5328370,6.5004890,2341.596000,2341.585000,0,0,1,1,0,0,0,1
3604,360.416700,360.423800,12.200590,0.007986564,0.5324174,6.4957900,2342.244000,2342.233000,0,0,1,1,0,0,0,1
3605,360.516900,360.524100,12.200004,0.007997504,0.5331422,6.4956060,2342.895000,2342.884000,0,0,1,1,0,0,0,1
3606,360.616800,360.624000,12.200390,0.007987500,0.5323030,6.4943240,2343.547000,2343.536800,0,0,1,1,0,0,0,1
3607,360.716700,360.723900,12.199808,0.007990000,0.5326462,6.4981720,2344.194000,2344.183000,0,0,1,1,0,0,0,1
3608,360.817100,360.824300,12.200590,0.007982500,0.5321504,6.4924940,2344.849000,2344.838000,0,0,1,1,0,0,0,1
3609,360.916800,360.923800,12.200980,0.007994376,0.5329514,6.5023820,2345.493000,2345.482000,0,0,1,1,0,0,0,1
3610,361.017000,361.024200,12.200980,0.007988752,0.5325700,6.4978660,2346.147000,2346.136000,0,0,1,1,0,0,0,1
3611,361.117000,361.124100,12.200980,0.007991876,0.5328942,6.5017700,2346.796000,2346.786000,0,0,1,1,0,0,0,1
3612,361.217100,361.224200,12.199808,0.007997816,0.5331804,6.5048860,2347.446000,2347.435000,0,0,1,1,0,0,0,1
3613,361.316700,361.323800,12.200590,0.007985000,0.5323220,6.4944460,2348.094000,2348.083000,0,0,1,1,0,0,0,1
3614,361.416700,361.423800,12.200390,0.007983440,0.5322266,6.4932880,2348.744800,2348.734000,0,0,1,1,0,0,0,1
3615,361.517000,361.524100,12.200590,0.007988128,0.5325318,6.4971320,2349.396000,2349.385000,0,0,1,1,0,0,0,1
3616,361.616600,361.623700,12.200784,0.007988752,0.5325700,6.4977420,2350.043000,2350.033000,0,0,1,1,0,0,0,1
3617,361.716800,361.724000,12.200390,0.007985628,0.5325890,6.4978040,2350.694000,2350.683000,0,0,1,1,0,0,0,1
3618,361.817000,361.824200,12.199808,0.007985940,0.5323792,6.4956060,2351.345000,2351.334000,0,0,1,1,0,0,0,1
3619,361.916700,361.923800,12.200980,0.007980940,0.5320360,6.4910280,2351.993000,2351.982000,0,0,1,1,0,0,0,1
3620,362.016600,362.023800,12.199612,0.007985314,0.5323602,6.4945100,2352.645000,2352.634000,0,0,1,1,0,0,0,1
3621,362.117100,362.124400,12.200390,0.007989690,0.5326272,6.4982300,2353.298000,2353.287000,0,0,1,1,0,0,0,1
3622,362.216600,362.223800,12.200004,0.007986564,0.5324174,6.4955460,2353.943000,2353.932000,0,0,1,1,0,0,0,1
3623,362.317100,362.324300,12.201368,0.007985940,0.5324364,6.4963400,2354.598000,2354.587000,0,0,1,1,0,0,0,1
3624,362.416700,362.423800,12.200390,0.007987500,0.5326654,6.4984140,2355.242000,2355.231000,0,0,1,1,0,0,0,1
3625,362.516800,362.523800,12.200196,0.007984066,0.5322648,6.4937760,2355.892000,2355.881000,0,0,1,1,0,0,0,1
3626,362.616600,362.623800,12.200390,0.007982816,0.5321884,6.4929200,2356.543000,2356.533000,0,0,1,1,0,0,0,1
3627,362.717000,362.724200,12.200980,0.007980940,0.5320550,6.4915780,2357.195000,2357.184000,0,0,1,1,0,0,0,1
3628,362.817000,362.824200,12.200196,0.007996250,0.5330850,6.5036640,2357.845000,2357.834000,0,0,1,1,0,0,0,1
3629,362.917000,362.924100,12.201368,0.007978440,0.5323220,6.4945680,2358.496000,2358.486000,0,0,1,1,0,0,0,1
3630,363.016900,363.024100,12.199808,0.007986564,0.5324364,6.4956060,2359.145000,2359.134000,0,0,1,1,0,0,0,1
3631,363.116800,363.123800,12.200004,0.007987188,0.5324746,6.4960360,2359.792000,2359.782000,0,0,1,1,0,0,0,1
3632,363.217200,363.224300,12.200390,0.007984066,0.5322648,6.4939000,2360.447000,2360.436000,0,0,1,1,0,0,0,1
3633,363.316600,363.323600,12.199220,0.007987188,0.5324746,6.4957900,2361.090000,2361.079000,0,0,1,1,0,0,0,1
3634,363.416700,363.423900,12.200004,0.007990000,0.5326462,6.4982920,2361.743000,2361.732000,0,0,1,1,0,0,0,1
3635,363.516900,363.524100,12.200980,0.007986564,0.5322458,6.4933480,2362.393000,2362.382000,0,0,1,1,0,0,0,1
3636,363.616600,363.623800,12.200784,0.007988752,0.5323792,6.4952400,2363.043000,2363.033000,0,0,1,1,0,0,0,1
3637,363.717100,363.724300,12.200980,0.007985940,0.5323792,6.4956060,2363.696000,2363.685000,0,0,1,1,0,0,0,1
3638,363.816600,363.823800,12.200004,0.007986252,0.5324174,6.4953620,2364.343000,2364.332000,0,0,1,1,0,0,0,1
3639,363.917200,363.924200,12.200784,0.007985314,0.5323602,6.4951200,2364.994000,2364.983000,0,0,1,1,0,0,0,1
3640,364.016600,364.023800,12.200590,0.007988440,0.5325510,6.4973760,2365.641000,2365.630000,0,0,1,1,0,0,0,1
3641,364.116600,364.124000,12.200784,0.007986252,0.5323984,6.5000020,2366.293000,2366.283000,0,0,1,1,0,0,0,1
3642,364.217200,364.224300,12.200980,0.007990312,0.5326844,6.4984760,2366.947000,2366.936000,0,0,1,1,0,0,0,1
3643,364.316700,364.323800,12.200980,0.007980940,0.5320550,6.4916380,2367.591000,2367.580000,0,0,1,1,0,0,0,1
3644,364.416700,364.423900,12.200196,0.007992812,0.5328560,6.5008560,2368.243000,2368.232000,0,0,1,1,0,0,0,1
3645,364.517000,364.524200,12.201172,0.007991564,0.5327608,6.5003080,2368.895000,2368.884000,0,0,1,1,0,0,0,1
3646,364.616600,364.623800,12.200196,0.007983440,0.5322266,6.4932260,2369.541000,2369.531000,0,0,1,1,0,0,0,1
3647,364.717000,364.724200,12.200590,0.007979690,0.5322648,6.4934080,2370.196000,2370.185000,0,0,1,1,0,0,0,1
3648,364.817100,364.824200,12.199808,0.007986252,0.5324174,6.4956060,2370.844000,2370.833000,0,0,1,1,0,0,0,1
3649,364.916700,364.923900,12.199808,0.007982816,0.5321884,6.4924940,2371.492000,2371.481000,0,0,1,1,0,0,0,1
3650,365.017100,365.024300,12.201568,0.007985314,0.5323410,6.4952400,2372.146000,2372.135000,0,0,1,1,0,0,0,1
3651,365.116600,365.123800,12.201172,0.007990628,0.5327036,6.4996340,2372.793000,2372.783000,0,0,1,1,0,0,0,1
3652,365.217100,365.224200,12.200590,0.008000004,0.5333138,6.5067160,2373.446000,2373.435000,0,0,1,1,0,0,0,1
3653,365.316700,365.323900,12.200980,0.007998124,0.5331994,6.4931040,2374.092000,2374.081000,0,0,1,1,0,0,0,1
3654,365.417000,365.424100,12.200196,0.007986880,0.5324556,6.4957300,2374.744000,2374.733000,0,0,1,1,0,0,0,1
3655,365.517100,365.524300,12.200196,0.007993124,0.5328560,6.5009780,2375.395000,2375.384000,0,0,1,1,0,0,0,1
3656,365.616800,365.624000,12.200196,0.007981252,0.5320740,6.4914580,2376.043000,2376.033000,0,0,1,1,0,0,0,1
3657,365.717100,365.724200,12.200004,0.007989380,0.5326082,6.4978040,2376.694000,2376.683000,0,0,1,1,0,0,0,1
3658,365.816700,365.823900,12.199808,0.007990940,0.5327226,6.4991460,2377.344000,2377.333000,0,0,1,1,0,0,0,1
3659,365.917000,365.924100,12.201172,0.007985940,0.5323602,6.4948740,2377.996000,2377.986000,0,0,1,1,0,0,0,1
3660,366.017100,366.024300,12.200390,0.007986564,0.5324174,6.4954250,2378.647000,2378.636000,0,0,1,1,0,0,0,1
3661,366.116600,366.123800,12.200784,0.007979690,0.5319788,6.4904800,2379.290000,2379.280000,0,0,1,1,0,0,0,1
3662,366.216700,366.223900,12.200784,0.007988128,0.5325318,6.4973760,2379.942000,2379.931000,0,0,1,1,0,0,0,1
3663,366.316700,366.323900,12.200004,0.007985000,0.5323410,6.4944460,2380.593000,2380.582000,0,0,1,1,0,0,0,1
3664,366.416900,366.424000,12.200004,0.007985940,0.5323792,6.4950560,2381.244000,2381.233000,0,0,1,1,0,0,0,1
3665,366.517000,366.524200,12.200980,0.007994064,0.5322076,6.4931040,2381.895000,2381.884000,0,0,1,1,0,0,0,1
3666,366.616600,366.624000,12.200980,0.007990940,0.5329896,6.5027500,2382.543000,2382.533000,0,0,1,1,0,0,0,1
3667,366.716800,366.724000,12.199808,0.007988440,0.5325510,6.4970100,2383.194000,2383.183000,0,0,1,1,0,0,0,1
3668,366.816800,366.824000,12.200390,0.007995624,0.5330278,6.5032360,2383.841000,2383.830000,0,0,1,1,0,0,0,1
3669,366.917000,366.924200,12.200004,0.007990312,0.5326844,6.4986580,2384.496000,2384.486000,0,0,1,1,0,0,0,1
3670,367.016600,367.023800,12.200590,0.007988752,0.5325890,6.4978040,2385.141000,2385.130000,0,0,1,1,0,0,0,1
3671,367.116600,367.123800,12.201368,0.007991876,0.5323030,6.4940800,2385.791000,2385.781000,0,0,1,1,0,0,0,1
3672,367.216800,367.223900,12.200390,0.007990312,0.5326844,6.4985360,2386.443000,2386.432000,0,0,1,1,0,0,0,1
3673,367.316600,367.323800,12.200590,0.007985628,0.5323602,6.4951200,2387.090000,2387.079000,0,0,1,1,0,0,0,1
3674,367.416800,367.423900,12.200004,0.007976876,0.5317880,6.4876720,2387.743000,2387.732000,0,0,1,1,0,0,0,1
3675,367.517100,367.524200,12.200980,0.007992812,0.5328370,6.5011600,2388.396000,2388.385000,0,0,1,1,0,0,0,1
3676,367.616600,367.623700,12.200784,0.007989380,0.5326082,6.4982300,2389.040000,2389.030000,0,0,1,1,0,0,0,1
3677,367.716700,367.723900,12.200196,0.007992812,0.5327608,6.5000620,2389.692000,2389.681000,0,0,1,1,0,0,0,1
3678,367.816700,367.823800,12.200784,0.007984376,0.5321884,6.4927380,2390.342000,2390.331000,0,0,1,1,0,0,0,1
3679,367.917000,367.924200,12.200196,0.007987500,0.5324936,6.4964000,2390.994000,2390.983000,0,0,1,1,0,0,0,1
3680,368.017000,368.024100,12.201172,0.007983752,0.5322266,6.4937760,2391.645000,2391.634000,0,0,1,1,0,0,0,1
3681,368.116800,368.123800,12.200004,0.007996250,0.5330850,6.5035400,2392.293000,2392.283000,0,0,1,1,0,0,0,1
3682,368.216700,368.223900,12.200196,0.007983128,0.5322076,6.4929200,2392.944000,2392.933000,0,0,1,1,0,0,0,1
3683,368.316700,368.323900,12.200980,0.007992190,0.5325510,6.4971320,2393.593000,2393.582000,0,0,1,1,0,0,0,1
3684,368.416800,368.424000,12.201172,0.007985000,0.5323220,6.4943860,2394.244000,2394.233000,0,0,1,1,0,0,0,1
3685,368.516900,368.524000,12.199416,0.007986880,0.5324556,6.4956060,2394.895000,2394.884000,0,0,1,1,0,0,0,1
3686,368.617100,368.624300,12.200590,0.007991252,0.5327416,6.4996980,2395.547000,2395.536800,0,0,1,1,0,0,0,1
3687,368.716700,368.723800,12.199416,0.007990312,0.5326844,6.4984140,2396.194000,2396.183000,0,0,1,1,0,0,0,1
3688,368.817200,368.824300,12.200196,0.007987188,0.5324746,6.4961560,2396.848000,2396.837000,0,0,1,1,0,0,0,1
3689,368.916700,368.923900,12.200196,0.007979376,0.5326462,6.4988420,2397.493000,2397.482000,0,0,1,1,0,0,0,1
3690,369.016600,369.023800,12.201568,0.007990940,0.5330278,6.5028080,2398.145000,2398.134000,0,0,1,1,0,0,0,1
3691,369.117100,369.124200,12.200784,0.007988440,0.5325510,6.4975620,2398.794000,2398.784000,0,0,1,1,0,0,0,1
3692,369.217200,369.224300,12.200784,0.007990940,0.5327226,6.4996340,2399.446000,2399.435000,0,0,1,1,0,0,0,1
3693,369.316600,369.323800,12.200390,0.007988752,0.5325700,6.4975620,2400.094000,2400.083000,0,0,1,1,0,0,0,1
3694,369.416700,369.423900,12.200196,0.007991564,0.5327608,6.4998180,2400.746000,2400.736000,0,0,1,1,0,0,0,1
3695,369.517100,369.524300,12.200784,0.007983128,0.5323410,6.4948140,2401.396000,2401.385000,0,0,1,1,0,0,0,1
3696,369.616600,369.623800,12.200390,0.007986880,0.5319406,6.4899320,2402.043000,2402.033000,0,0,1,1,0,0,0,1
3697,369.717000,369.724200,12.200784,0.007990628,0.5326844,6.4992680,2402.696000,2402.685000,0,0,1,1,0,0,0,1
3698,369.816700,369.823800,12.200390,0.007984688,0.5323030,6.4941420,2403.342000,2403.331000,0,0,1,1,0,0,0,1
3699,369.917000,369.924100,12.200980,0.007986880,0.5324556,6.4964600,2403.996000,2403.986000,0,0,1,1,0,0,0,1
3700,370.016900,370.024000,12.200784,0.007983752,0.5322266,6.4935940,2404.644000,2404.633000,0,0,1,1,0,0,0,1
3701,370.117100,370.124200,12.200004,0.007989690,0.5321884,6.4923100,2405.295000,2405.285000,0,0,1,1,0,0,0,1
3702,370.216700,370.223800,12.200980,0.007988128,0.5325318,6.4967040,2405.945000,2405.934000,0,0,1,1,0,0,0,1
3703,370.317100,370.324300,12.199808,0.007996250,0.5330850,6.5034180,2406.598000,2406.587000,0,0,1,1,0,0,0,1
3704,370.416700,370.428800,12.200390,0.007990000,0.5326654,6.4985960,2407.275000,2407.264000,0,0,1,1,0,0,0,1
3705,370.516900,370.524100,12.201368,0.007992812,0.5328370,6.5013440,2407.898000,2407.887000,0,0,1,1,0,0,0,1
3706,370.616600,370.623800,12.200196,0.007986252,0.5324174,6.4954250,2408.544000,2408.534000,0,0,1,1,0,0,0,1
3707,370.717200,370.724300,12.200784,0.007992504,0.5331612,6.5048220,2409.196000,2409.185000,0,0,1,1,0,0,0,1
3708,370.816700,370.823800,12.200980,0.007985314,0.5323410,6.4951200,2409.844000,2409.833000,0,0,1,1,0,0,0,1
3709,370.916800,370.923900,12.200590,0.007985000,0.5323220,6.4946300,2410.494000,2410.483000,0,0,1,1,0,0,0,1
3710,371.016600,371.023700,12.199416,0.007981568,0.5320932,6.4912120,2411.142000,2411.131000,0,0,1,1,0,0,0,1
3711,371.117000,371.124200,12.200784,0.007981876,0.5321122,6.4920680,2411.797000,2411.786800,0,0,1,1,0,0,0,1
3712,371.216700,371.223800,12.200590,0.007982500,0.5321694,6.4926780,2412.444000,2412.433000,0,0,1,1,0,0,0,1
3713,371.316800,371.323900,12.199808,0.007993750,0.5327226,6.4991460,2413.095000,2413.084000,0,0,1,1,0,0,0,1
3714,371.417000,371.424200,12.200590,0.007993124,0.5328752,6.5010380,2413.746000,2413.736000,0,0,1,1,0,0,0,1
3715,371.516600,371.523700,12.200390,0.007997816,0.5331804,6.5050660,2414.395000,2414.384000,0,0,1,1,0,0,0,1
3716,371.617100,371.624300,12.200590,0.007990628,0.5327036,6.4993300,2415.047000,2415.036800,0,0,1,1,0,0,0,1
3717,371.716700,371.723900,12.200784,0.007991252,0.5327416,6.4996980,2415.694000,2415.683000,0,0,1,1,0,0,0,1
3718,371.817200,371.824300,12.200980,0.007988752,0.5325890,6.4979860,2416.349000,2416.338000,0,0,1,1,0,0,0,1
3719,371.917200,371.924400,12.201172,0.007986252,0.5324746,6.4962160,2417.000000,2416.990000,0,0,1,1,0,0,0,1
3720,372.016600,372.023800,12.200980,0.007985628,0.5323792,6.4953620,2417.645000,2417.634000,0,0,1,1,0,0,0,1
3721,372.117000,372.124100,12.200590,0.007995316,0.5330086,6.5028700,2418.295000,2418.285000,0,0,1,1,0,0,0,1
3722,372.217100,372.224300,12.200590,0.008000004,0.5333138,6.5067160,2418.947000,2418.936000,0,0,1,1,0,0,0,1
3723,372.319100,372.326500,12.200196,0.007989064,0.5325890,6.4954840,2419.614000,2419.603000,0,0,1,1,0,0,0,1
3724,372.416800,372.424000,12.200590,0.007982190,0.5321312,6.4923740,2420.246000,2420.236000,0,0,1,1,0,0,0,1
3725,372.516900,372.524000,12.200784,0.007989380,0.5326082,6.4980480,2420.898000,2420.887000,0,0,1,1,0,0,0,1
3726,372.616600,372.623800,12.200784,0.007991876,0.5327988,6.5001220,2421.544000,2421.534000,0,0,1,1,0,0,0,1
3727,372.717100,372.724200,12.200004,0.007987188,0.5324556,6.4959720,2422.200000,2422.189000,0,0,1,1,0,0,0,1
3728,372.816700,372.823800,12.200390,0.007986880,0.5324556,6.4960360,2422.847000,2422.836000,0,0,1,1,0,0,0,1
3729,372.916900,372.924000,12.200980,0.007987812,0.5325128,6.4971940,2423.498000,2423.488000,0,0,1,1,0,0,0,1
3730,373.017000,373.024200,12.200196,0.007994376,0.5329514,6.5020140,2424.150000,2424.139000,0,0,1,1,0,0,0,1
3731,373.116600,373.123800,12.200390,0.007985940,0.5327608,6.4996340,2424.797000,2424.786800,0,0,1,1,0,0,0,1
3732,373.216800,373.223900,12.200004,0.007995316,0.5330086,6.5030540,2425.450000,2425.439000,0,0,1,1,0,0,0,1
3733,373.317200,373.324400,12.200590,0.007984688,0.5323030,6.4944460,2426.101000,2426.090000,0,0,1,1,0,0,0,1
3734,373.416700,373.423900,12.200590,0.007995316,0.5330086,6.5029920,2426.747000,2426.737000,0,0,1,1,0,0,0,1
3735,373.517100,373.524200,12.200784,0.007981876,0.5321122,6.4922500,2427.398000,2427.387000,0,0,1,1,0,0,0,1
3736,373.616600,373.624700,12.200004,0.007985628,0.5323602,6.4952400,2428.054000,2428.043000,0,0,1,1,0,0,0,1
3737,373.717000,373.724200,12.199808,0.007988752,0.5320932,6.4917000,2428.697000,2428.686000,0,0,1,1,0,0,0,1
3738,373.817200,373.824400,12.200004,0.007990000,0.5326654,6.4985360,2429.348000,2429.337000,0,0,1,1,0,0,0,1
3739,373.916700,373.923800,12.201172,0.007991564,0.5327608,6.5002440,2429.995000,2429.985000,0,0,1,1,0,0,0,1
3740,374.017200,374.024400,12.200196,0.007997816,0.5331804,6.5047620,2430.650000,2430.639000,0,0,1,1,0,0,0,1
3741,374.116800,374.123800,12.199808,0.007990628,0.5327036,6.4987190,2431.294000,2431.284000,0,0,1,1,0,0,0,1
3742,374.217100,374.224200,12.200390,0.007985314,0.5323410,6.4947520,2431.949000,2431.938000,0,0,1,1,0,0,0,1
3743,374.316700,374.323900,12.200390,0.007988440,0.5326654,6.4990240,2432.597000,2432.586000,0,0,1,1,0,0,0,1
3744,374.417000,374.424400,12.200196,0.007982816,0.5321694,6.4926160,2433.247000,2433.237000,0,0,1,1,0,0,0,1
3745,374.516600,374.523800,12.200980,0.007986880,0.5324364,6.4963400,2433.895000,2433.884000,0,0,1,1,0,0,0,1
3746,374.616800,374.623800,12.199612,0.007990940,0.5327226,6.4989640,2434.546000,2434.536000,0,0,1,1,0,0,0,1
3747,374.716700,374.723900,12.200784,0.007974376,0.5316164,6.4860840,2435.197000,2435.186000,0,0,1,1,0,0,0,1
3748,374.816700,374.823800,12.200196,0.007993440,0.5328942,6.5012820,2435.844000,2435.833000,0,0,1,1,0,0,0,1
3749,374.917000,374.924100,12.199612,0.007982816,0.5325318,6.4971320,2436.496000,2436.486000,0,0,1,1,0,0,0,1
3750,375.016600,375.023700,12.201368,0.007980316,0.5320168,6.4902960,2437.143000,2437.132000,0,0,1,1,0,0,0,1
3751,375.116900,375.124100,12.200980,0.007980316,0.5320168,6.4910280,2437.798000,2437.787000,0,0,1,1,0,0,0,1
3752,375.216700,375.223800,12.201172,0.007984688,0.5323030,6.4945680,2438.446000,2438.435000,0,0,1,1,0,0,0,1
3753,375.317100,375.324300,12.200784,0.007975940,0.5317116,6.4872440,2439.096000,2439.085000,0,0,1,1,0,0,0,1
3754,375.416700,375.423800,12.200390,0.007985000,0.5323220,6.4943860,2439.745000,2439.735000,0,0,1,1,0,0,0,1
3755,375.516600,375.523700,12.201172,0.007988752,0.5320932,6.4916380,2440.396000,2440.385000,0,0,1,1,0,0,0,1
3756,375.617000,375.624200,12.199808,0.007983128,0.5322076,6.4928600,2441.047000,2441.036800,0,0,1,1,0,0,0,1
3757,375.716700,375.723800,12.200004,0.007983752,0.5322266,6.4931640,2441.695000,2441.684000,0,0,1,1,0,0,0,1
3758,375.817200,375.824300,12.200590,0.007988752,0.5325700,6.4976200,2442.349000,2442.338000,0,0,1,1,0,0,0,1
3759,375.917000,375.924200,12.200390,0.007992504,0.5328370,6.5006720,2442.996000,2442.986000,0,0,1,1,0,0,0,1
3760,376.017000,376.024200,12.200980,0.007988440,0.5325510,6.4974980,2443.648000,2443.637000,0,0,1,1,0,0,0,1
3761,376.116800,376.124000,12.200980,0.007987812,0.5324936,6.4964000,2444.296000,2444.286000,0,0,1,1,0,0,0,1
3762,376.217000,376.224200,12.200004,0.007992190,0.5327988,6.5001840,2444.947000,2444.936000,0,0,1,1,0,0,0,1
3763,376.316700,376.323800,12.200980,0.007998438,0.5332184,6.5058010,2445.595000,2445.584000,0,0,1,1,0,0,0,1
3764,376.416700,376.424000,12.200196,0.007991876,0.5327798,6.4999400,2446.246000,2446.236000,0,0,1,1,0,0,0,1
3765,376.516600,376.523700,12.200784,0.007993440,0.5328942,6.5017100,2446.895000,2446.884000,0,0,1,1,0,0,0,1
3766,376.616800,376.624000,12.200590,0.007997816,0.5331804,6.5050660,2447.546000,2447.536000,0,0,1,1,0,0,0,1
3767,376.717100,376.724300,12.199416,0.007987812,0.5324936,6.4965220,2448.200000,2448.189000,0,0,1,1,0,0,0,1
3768,376.816700,376.823900,12.200004,0.007994376,0.5329514,6.5022590,2448.848000,2448.837000,0,0,1,1,0,0,0,1
3769,376.917200,376.924200,12.199808,0.007985000,0.5323220,6.4943240,2449.499000,2449.489000,0,0,1,1,0,0,0,1
3770,377.016600,377.023800,12.200390,0.007992812,0.5328560,6.5009780,2450.147000,2450.136000,0,0,1,1,0,0,0,1
3771,377.116900,377.124000,12.200390,0.007986252,0.5323984,6.4954840,2450.798000,2450.787000,0,0,1,1,0,0,0,1
3772,377.217100,377.224300,12.200390,0.007980940,0.5320550,6.4911520,2451.450000,2451.439000,0,0,1,1,0,0,0,1
3773,377.317200,377.324300,12.200590,0.007990940,0.5323792,6.4956060,2452.100000,2452.089000,0,0,1,1,0,0,0,1
3774,377.417200,377.424200,12.200590,0.007989064,0.5326082,6.4980480,2452.748000,2452.738000,0,0,1,1,0,0,0,1
3775,377.516600,377.523800,12.200196,0.007983752,0.5322458,6.4934080,2453.396000,2453.385000,0,0,1,1,0,0,0,1
3776,377.616800,377.624000,12.200390,0.007993124,0.5328560,6.5011600,2454.047000,2454.036800,0,0,1,1,0,0,0,1
3777,377.717000,377.724000,12.201568,0.007990312,0.5326844,6.4994520,2454.700000,2454.689000,0,0,1,1,0,0,0,1
3778,377.817100,377.824200,12.200784,0.007980316,0.5320168,6.4909060,2455.349000,2455.338000,0,0,1,1,0,0,0,1
3779,377.916700,377.923900,12.200390,0.007990000,0.5328942,6.5012240,2455.996000,2455.986000,0,0,1,1,0,0,0,1
3780,378.016600,378.023800,12.200004,0.007988752,0.5325890,6.4979260,2456.649000,2456.638000,0,0,1,1,0,0,0,1
3781,378.116900,378.124100,12.200784,0.007990628,0.5327036,6.4992680,2457.300000,2457.289000,0,0,1,1,0,0,0,1
3782,378.216600,378.223800,12.201172,0.007982500,0.5321694,6.4929200,2457.949000,2457.938000,0,0,1,1,0,0,0,1
3783,378.316800,378.323900,12.201760,0.007986564,0.5324364,6.4965220,2458.599000,2458.588000,0,0,1,1,0,0,0,1
3784,378.417000,378.424200,12.200004,0.007989380,0.5326272,6.4980480,2459.250000,2459.240000,0,0,1,1,0,0,0,1
3785,378.516600,378.523800,12.200590,0.007987500,0.5322266,6.4938360,2459.898000,2459.887000,0,0,1,1,0,0,0,1
3786,378.616800,378.624000,12.199220,0.007986880,0.5324364,6.4954840,2460.549000,2460.538000,0,0,1,1,0,0,0,1
3787,378.717000,378.724000,12.200590,0.007989690,0.5326272,6.4984140,2461.201000,2461.190000,0,0,1,1,0,0,0,1
3788,378.817000,378.824200,12.200196,0.007991564,0.5327608,6.4996980,2461.852000,2461.841000,0,0,1,1,0,0,0,1
3789,378.916700,378.923900,12.200390,0.007989064,0.5325890,6.4977420,2462.500000,2462.490000,0,0,1,1,0,0,0,1
3790,379.016900,379.024000,12.200004,0.007995624,0.5330278,6.5029920,2463.152000,2463.141000,0,0,1,1,0,0,0,1
3791,379.116800,379.123800,12.200390,0.007989380,0.5327608,6.5001840,2463.798000,2463.787000,0,0,1,1,0,0,0,1
3792,379.216800,379.224000,12.199808,0.007987812,0.5325128,6.4964000,2464.450000,2464.439000,0,0,1,1,0,0,0,1
3793,379.317100,379.324300,12.200390,0.008000004,0.5333330,6.5067160,2465.102000,2465.091000,0,0,1,1,0,0,0,1
3794,379.416700,379.423900,12.200784,0.007991564,0.5327608,6.5000020,2465.750000,2465.740000,0,0,1,1,0,0,0,1
3795,379.517000,379.524100,12.200390,0.007984688,0.5323030,6.4943240,2466.400000,2466.389000,0,0,1,1,0,0,0,1
3796,379.617000,379.624100,12.200390,0.007986252,0.5323984,6.4955460,2467.051000,2467.040000,0,0,1,1,0,0,0,1
3797,379.717200,379.724400,12.200590,0.007990628,0.5328370,6.5011000,2467.703200,2467.693000,0,0,1,1,0,0,0,1
3798,379.816700,379.823800,12.201368,0.007986252,0.5323984,6.4952400,2468.352000,2468.341000,0,0,1,1,0,0,0,1
3799,379.916900,379.924100,12.200784,0.007985628,0.5323602,6.4951200,2469.003000,2468.993000,0,0,1,1,0,0,0,1
3800,380.016600,380.023700,12.200784,0.007992504,0.5328180,6.5007940,2469.650000,2469.639000,0,0,1,1,0,0,0,1
3801,380.116600,380.123800,12.200196,0.007986880,0.5324556,6.4959720,2470.301000,2470.290000,0,0,1,1,0,0,0,1
3802,380.216800,380.223900,12.199808,0.007998438,0.5332184,6.5051900,2470.952000,2470.941000,0,0,1,1,0,0,0,1
3803,380.317100,380.324300,12.200784,0.007963440,0.5321312,6.4921280,2471.603000,2471.592000,0,0,1,1,0,0,0,1
3804,380.416700,380.423900,12.200590,0.007982190,0.5321312,6.4923740,2472.250000,2472.240000,0,0,1,1,0,0,0,1
3805,380.516600,380.524000,12.201368,0.007973750,0.5315782,6.4860240,2472.900000,2472.889000,0,0,1,1,0,0,0,1
3806,380.617000,380.624200,12.200590,0.007977502,0.5318260,6.4885260,2473.549000,2473.538000,0,0,1,1,0,0,0,1
3807,380.716700,380.723900,12.201368,0.007971876,0.5314636,6.4844380,2474.196000,2474.185000,0,0,1,1,0,0,0,1
3808,380.816700,380.823900,12.199416,0.007977502,0.5318260,6.4879160,2474.846000,2474.835000,0,0,1,1,0,0,0,1
3809,380.917000,380.924100,12.200980,0.007970630,0.5316736,6.4858400,2475.496000,2475.486000,0,0,1,1,0,0,0,1
3810,381.016900,381.024000,12.201368,0.007982190,0.5321312,6.4925540,2476.143000,2476.132000,0,0,1,1,0,0,0,1
3811,381.117000,381.124200,12.200196,0.007971564,0.5314064,6.4833380,2476.792000,2476.782000,0,0,1,1,0,0,0,1
3812,381.216600,381.223800,12.201760,0.007976564,0.5317498,6.4882820,2477.439000,2477.428000,0,0,1,1,0,0,0,1
3813,381.317000,381.324200,12.201172,0.007961564,0.5307580,6.4758940,2478.090000,2478.079000,0,0,1,1,0,0,0,1
3814,381.417000,381.424200,12.201172,0.007969064,0.5312540,6.4828500,2478.739000,2478.728000,0,0,1,1,0,0,0,1
3815,381.517100,381.524300,12.201368,0.007970004,0.5314446,6.4832180,2479.389000,2479.378000,0,0,1,1,0,0,0,1
3816,381.616600,381.623800,12.200196,0.007984066,0.5322648,6.4939000,2480.036000,2480.025000,0,0,1,1,0,0,0,1
3817,381.717000,381.724300,12.201568,0.007975628,0.5317116,6.4876100,2480.686000,2480.675000,0,0,1,1,0,0,0,1
3818,381.816700,381.823900,12.201368,0.007975004,0.5316544,6.4870000,2481.332000,2481.322000,0,0,1,1,0,0,0,1
3819,381.917200,381.924200,12.200980,0.007973750,0.5315590,6.4855960,2481.987000,2481.976000,0,0,1,1,0,0,0,1
3820,382.017000,382.024100,12.201172,0.007972816,0.5315018,6.4825440,2482.632000,2482.621000,0,0,1,1,0,0,0,1
3821,382.116600,382.123800,12.200980,0.007969690,0.5316926,6.4870620,2483.279000,2483.268000,0,0,1,1,0,0,0,1
3822,382.217000,382.224200,12.200784,0.007981252,0.5320550,6.4913940,2483.930000,2483.919000,0,0,1,1,0,0,0,1
3823,382.317100,382.324300,12.200196,0.007975628,0.5316926,6.4867560,2484.579000,2484.569000,0,0,1,1,0,0,0,1
3824,382.416700,382.423800,12.200590,0.007976250,0.5317498,6.4876100,2485.227000,2485.216000,0,0,1,1,0,0,0,1
3825,382.516600,382.523800,12.200590,0.007994064,0.5329132,6.5018920,2485.876000,2485.866000,0,0,1,1,0,0,0,1
3826,382.617100,382.624200,12.200004,0.007982190,0.5321312,6.4996340,2486.528000,2486.517000,0,0,1,1,0,0,0,1
3827,382.716600,382.723800,12.200196,0.007986252,0.5324364,6.4959120,2487.176000,2487.165000,0,0,1,1,0,0,0,1
3828,382.816700,382.823900,12.200980,0.007991564,0.5327608,6.5001220,2487.827000,2487.816000,0,0,1,1,0,0,0,1
3829,382.917000,382.924100,12.200980,0.007990628,0.5327036,6.4993920,2488.478000,2488.467000,0,0,1,1,0,0,0,1
3830,383.016600,383.023800,12.200390,0.007985000,0.5323220,6.4945100,2489.125000,2489.115000,0,0,1,1,0,0,0,1
3831,383.116600,383.123800,12.199612,0.007988128,0.5325318,6.4967660,2489.778000,2489.767000,0,0,1,1,0,0,0,1
3832,383.216700,383.223800,12.200590,0.007993440,0.5328752,6.5014040,2490.429000,2490.418000,0,0,1,1,0,0,0,1
3833,383.316800,383.324000,12.200004,0.007991252,0.5323792,6.4949340,2491.079000,2491.069000,0,0,1,1,0,0,0,1
3834,383.416700,383.423900,12.201172,0.007983752,0.5322458,6.4933480,2491.727000,2491.716000,0,0,1,1,0,0,0,1
3835,383.516600,383.523800,12.200196,0.007991252,0.5327416,6.4995120,2492.378000,2492.368000,0,0,1,1,0,0,0,1
3836,383.617100,383.624200,12.201568,0.007986880,0.5324556,6.4967040,2493.029000,2493.018000,0,0,1,1,0,0,0,1
3837,383.716700,383.723800,12.199808,0.007990940,0.5327226,6.4990240,2493.676000,2493.665000,0,0,1,1,0,0,0,1
3838,383.817100,383.824300,12.200390,0.007981568,0.5320932,6.4924940,2494.328400,2494.318000,0,0,1,1,0,0,0,1
3839,383.916700,383.923800,12.200590,0.007985940,0.5323410,6.4943240,2494.975000,2494.964000,0,0,1,1,0,0,0,1
3840,384.016600,384.023800,12.199808,0.007989690,0.5326462,6.4988420,2495.626000,2495.616000,0,0,1,1,0,0,0,1
3841,384.117000,384.124100,12.200980,0.007977190,0.5318070,6.4885260,2496.278000,2496.267000,0,0,1,1,0,0,0,1
3842,384.216800,384.223900,12.201760,0.007990000,0.5326654,6.4992680,2496.928000,2496.917000,0,0,1,1,0,0,0,1
3843,384.316800,384.324000,12.201368,0.007990940,0.5327036,6.4996980,2497.578000,2497.567000,0,0,1,1,0,0,0,1
3844,384.417000,384.424200,12.200390,0.007983440,0.5322266,6.5061660,2498.228000,2498.217000,0,0,1,1,0,0,0,1
3845,384.517100,384.524300,12.200784,0.007988440,0.5329514,6.5023200,2498.879000,2498.869000,0,0,1,1,0,0,0,1
3846,384.617400,384.624700,12.200196,0.007992190,0.5327988,6.5001840,2499.534000,2499.523000,0,0,1,1,0,0,0,1
3847,384.717100,384.724300,12.200590,0.007987500,0.5324936,6.4967040,2500.181000,2500.170000,0,0,1,1,0,0,0,1
3848,384.816700,384.823800,12.200980,0.007987812,0.5324936,6.4970100,2500.828400,2500.818000,0,0,1,1,0,0,0,1
3849,384.917000,384.924200,12.200980,0.007985940,0.5323792,6.4956680,2501.480000,2501.469000,0,0,1,1,0,0,0,1
3850,385.017000,385.024200,12.201172,0.007998124,0.5331994,6.5003080,2502.129000,2502.119000,0,0,1,1,0,0,0,1
3851,385.116600,385.123800,12.200590,0.007985628,0.5323792,6.4954250,2502.779000,2502.768000,0,0,1,1,0,0,0,1
3852,385.217100,385.224200,12.200980,0.007985000,0.5323220,6.4948740,2503.430000,2503.419000,0,0,1,1,0,0,0,1
3853,385.316800,385.323900,12.200590,0.007976876,0.5317880,6.4881000,2504.078000,2504.067000,0,0,1,1,0,0,0,1
3854,385.416900,385.424000,12.200390,0.007987188,0.5324556,6.4960940,2504.729000,2504.718000,0,0,1,1,0,0,0,1
3855,385.517100,385.524200,12.199808,0.007991564,0.5327608,6.4996340,2505.380000,2505.369200,0,0,1,1,0,0,0,1
3856,385.616600,385.623800,12.200196,0.007990628,0.5327036,6.4991460,2506.028000,2506.017000,0,0,1,1,0,0,0,1
3857,385.717200,385.724400,12.200390,0.007985628,0.5331612,6.5051900,2506.682000,2506.671000,0,0,1,1,0,0,0,1
3858,385.816700,385.823800,12.200196,0.007994376,0.5329514,6.5014660,2507.327000,2507.316000,0,0,1,1,0,0,0,1
3859,385.917200,385.924400,12.200004,0.007984688,0.5323030,6.4939580,2507.981000,2507.970000,0,0,1,1,0,0,0,1
3860,386.016600,386.023800,12.200004,0.007992504,0.5328370,6.5004280,2508.629000,2508.619000,0,0,1,1,0,0,0,1
3861,386.117100,386.124300,12.199612,0.007987812,0.5325128,6.4962780,2509.282000,2509.271000,0,0,1,1,0,0,0,1
3862,386.216700,386.223900,12.200980,0.007987812,0.5325128,6.5020760,2509.929000,2509.918000,0,0,1,1,0,0,0,1
3863,386.317100,386.324300,12.200390,0.007987188,0.5329704,6.5026260,2510.579000,2510.569000,0,0,1,1,0,0,0,1
3864,386.416700,386.423900,12.200980,0.007990312,0.5326844,6.4987190,2511.227000,2511.216000,0,0,1,1,0,0,0,1
3865,386.517000,386.524200,12.199416,0.007981252,0.5320740,6.4910900,2511.882000,2511.871000,0,0,1,1,0,0,0,1
3866,386.617000,386.624200,12.200196,0.007973130,0.5315400,6.4847440,2512.529000,2512.518000,0,0,1,1,0,0,0,1
3867,386.716700,386.725000,12.201568,0.007987188,0.5324746,6.4968880,2513.188000,2513.177000,0,0,1,1,0,0,0,1
3868,386.816700,386.823900,12.199808,0.007989380,0.5326272,6.5003080,2513.828400,2513.818000,0,0,1,1,0,0,0,1
3869,386.916700,386.923900,12.199612,0.007989064,0.5324174,6.4954250,2514.481000,2514.470000,0,0,1,1,0,0,0,1
3870,387.017100,387.024200,12.200390,0.007984688,0.5323030,6.4944460,2515.132000,2515.121000,0,0,1,1,0,0,0,1
3871,387.116800,387.123800,12.201956,0.007990312,0.5326844,6.4996340,2515.779000,2515.768000,0,0,1,1,0,0,0,1
3872,387.217100,387.224300,12.200784,0.007994376,0.5329514,6.5023200,2516.434000,2516.423000,0,0,1,1,0,0,0,1
3873,387.316700,387.323900,12.201172,0.007990000,0.5326654,6.4989640,2517.082000,2517.072000,0,0,1,1,0,0,0,1
3874,387.417000,387.424200,12.200784,0.007988440,0.5325510,6.4971320,2517.734000,2517.723000,0,0,1,1,0,0,0,1
3875,387.517000,387.524200,12.199808,0.007990000,0.5327416,6.4998780,2518.380000,2518.369200,0,0,1,1,0,0,0,1
3876,387.617000,387.624200,12.200004,0.007982500,0.5321504,6.4922500,2519.032000,2519.021000,0,0,1,1,0,0,0,1
3877,387.717000,387.724200,12.200196,0.007986564,0.5324174,6.4956060,2519.683000,2519.672000,0,0,1,1,0,0,0,1
3878,387.816700,387.823900,12.200390,0.007989064,0.5325890,6.4977420,2520.331000,2520.321000,0,0,1,1,0,0,0,1
3879,387.917200,387.924200,12.200784,0.007990940,0.5327226,6.4995740,2520.981000,2520.970000,0,0,1,1,0,0,0,1
3880,388.016600,388.023700,12.200590,0.007993440,0.5328942,6.5015280,2521.629000,2521.619000,0,0,1,1,0,0,0,1
3881,388.116800,388.124000,12.199808,0.007995004,0.5322076,6.4928600,2522.282000,2522.271000,0,0,1,1,0,0,0,1
3882,388.217000,388.224200,12.200590,0.007996876,0.5331230,6.5042760,2522.932000,2522.921000,0,0,1,1,0,0,0,1
3883,388.316700,388.323800,12.200590,0.007987188,0.5324746,6.4964000,2523.579000,2523.569000,0,0,1,1,0,0,0,1
3884,388.417000,388.424100,12.200196,0.007993750,0.5329132,6.5015280,2524.231000,2524.220000,0,0,1,1,0,0,0,1
3885,388.517100,388.524200,12.201172,0.007995004,0.5329896,6.5031140,2524.883000,2524.872000,0,0,1,1,0,0,0,1
3886,388.616800,388.623800,12.200784,0.007992504,0.5328180,6.4976200,2525.530000,2525.519000,0,0,1,1,0,0,0,1
3887,388.716700,388.723900,12.200196,0.007999376,0.5327416,6.4996340,2526.181000,2526.170000,0,0,1,1,0,0,0,1
3888,388.816700,388.823900,12.200004,0.007980940,0.5320550,6.4907840,2526.832000,2526.822000,0,0,1,1,0,0,0,1
3889,388.917000,388.924100,12.200590,0.007987812,0.5324936,6.4968880,2527.485000,2527.474000,0,0,1,1,0,0,0,1
3890,389.016600,389.023800,12.200784,0.007985628,0.5323602,6.4953010,2528.132000,2528.121000,0,0,1,1,0,0,0,1
3891,389.117100,389.124200,12.200590,0.007980940,0.5320550,6.4914580,2528.782000,2528.771000,0,0,1,1,0,0,0,1
3892,389.217100,389.224200,12.200590,0.007986564,0.5324364,6.5025640,2529.434000,2529.423000,0,0,1,1,0,0,0,1
3893,389.316700,389.323800,12.200196,0.007982190,0.5326082,6.4979260,2530.080000,2530.070000,0,0,1,1,0,0,0,1
3894,389.416700,389.423900,12.200590,0.007997504,0.5331612,6.5048220,2530.732000,2530.721000,0,0,1,1,0,0,0,1
3895,389.516600,389.523800,12.201172,0.007990000,0.5326462,6.4989020,2531.379000,2531.369000,0,0,1,1,0,0,0,1
3896,389.616900,389.624100,12.200784,0.007987500,0.5324936,6.4967660,2532.032000,2532.021000,0,0,1,1,0,0,0,1
3897,389.717100,389.724200,12.200590,0.007985628,0.5323602,6.4950560,2532.683000,2532.672000,0,0,1,1,0,0,0,1
3898,389.816600,389.823800,12.200390,0.007984066,0.5322648,6.5051900,2533.329000,2533.319000,0,0,1,1,0,0,0,1
3899,389.916900,389.924000,12.201368,0.007986252,0.5325318,6.4970100,2533.981000,2533.970000,0,0,1,1,0,0,0,1
3900,390.017000,390.024200,12.201172,0.007987812,0.5325128,6.4966460,2534.633000,2534.622000,0,0,1,1,0,0,0,1
3901,390.116600,390.123800,12.199808,0.007996250,0.5330660,6.5033600,2535.281000,2535.270000,0,0,1,1,0,0,0,1
3902,390.216700,390.223800,12.200390,0.007992504,0.5328180,6.5006130,2535.932000,2535.921000,0,0,1,1,0,0,0,1
3903,390.317100,390.324200,12.200980,0.007990940,0.5327226,6.4996980,2536.582000,2536.572000,0,0,1,1,0,0,0,1
3904,390.416700,390.423900,12.201172,0.007984688,0.5323030,6.4927980,2537.231000,2537.220000,0,0,1,1,0,0,0,1
3905,390.516900,390.524100,12.200590,0.007990628,0.5326082,6.4982300,2537.881000,2537.870000,0,0,1,1,0,0,0,1
3906,390.617100,390.624200,12.200390,0.007986252,0.5323984,6.4954840,2538.533000,2538.522000,0,0,1,1,0,0,0,1
3907,390.716700,390.723900,12.200390,0.007993124,0.5328752,6.5011600,2539.184000,2539.173000,0,0,1,1,0,0,0,1
3908,390.816700,390.823900,12.200004,0.007989064,0.5325890,6.4976200,2539.832000,2539.822000,0,0,1,1,0,0,0,1
3909,390.917200,390.924200,12.200784,0.007994690,0.5329704,6.5026860,2540.484000,2540.473000,0,0,1,1,0,0,0,1
3910,391.016600,391.023800,12.199808,0.007982500,0.5321504,6.4967040,2541.130000,2541.119200,0,0,1,1,0,0,0,1
3911,391.116900,391.124000,12.200784,0.007985940,0.5321694,6.4926160,2541.782000,2541.771000,0,0,1,1,0,0,0,1
3912,391.217100,391.224200,12.200590,0.007983440,0.5322076,6.4932880,2542.434000,2542.423000,0,0,1,1,0,0,0,1
3913,391.316700,391.323900,12.200784,0.007991564,0.5327608,6.5000620,2543.081000,2543.071000,0,0,1,1,0,0,0,1
3914,391.417200,391.424400,12.200390,0.007988440,0.5325510,6.4973760,2543.735000,2543.724000,0,0,1,1,0,0,0,1
3915,391.517100,391.524300,12.200980,0.007990312,0.5326844,6.4991460,2544.387000,2544.376000,0,0,1,1,0,0,0,1
3916,391.616600,391.623800,12.200590,0.007990312,0.5326844,6.5004280,2545.030000,2545.019000,0,0,1,1,0,0,0,1
3917,391.717000,391.724200,12.200980,0.007988752,0.5322076,6.4929200,2545.685000,2545.674000,0,0,1,1,0,0,0,1
3918,391.816700,391.823800,12.201172,0.007983752,0.5322458,6.4933480,2546.332000,2546.322000,0,0,1,1,0,0,0,1
3919,391.916700,391.923800,12.201368,0.007983440,0.5322266,6.4937140,2546.981000,2546.970000,0,0,1,1,0,0,0,1
3920,392.016800,392.024000,12.200590,0.007986252,0.5324174,6.4957300,2547.632000,2547.621000,0,0,1,1,0,0,0,1
3921,392.116900,392.124100,12.200980,0.007984066,0.5322648,6.4941420,2548.282000,2548.271000,0,0,1,1,0,0,0,1
3922,392.216600,392.223800,12.200980,0.007993750,0.5328942,6.4938360,2548.930000,2548.919000,0,0,1,1,0,0,0,1
3923,392.316700,392.323800,12.200784,0.007988752,0.5320168,6.4909060,2549.580000,2549.570000,0,0,1,1,0,0,0,1
3924,392.416800,392.424000,12.200004,0.007990312,0.5326844,6.4987820,2550.232000,2550.221000,0,0,1,1,0,0,0,1
3925,392.517100,392.524300,12.200590,0.007994690,0.5329704,6.5025040,2550.883000,2550.872000,0,0,1,1,0,0,0,1
3926,392.616800,392.623800,12.200390,0.007992504,0.5328180,6.5006720,2551.532000,2551.521000,0,0,1,1,0,0,0,1
3927,392.716800,392.724000,12.200390,0.007990000,0.5326654,6.4986580,2552.182000,2552.171000,0,0,1,1,0,0,0,1
3928,392.817000,392.824200,12.200784,0.007985314,0.5323410,6.4964000,2552.832000,2552.822000,0,0,1,1,0,0,0,1
3929,392.916700,392.924000,12.200590,0.007983752,0.5326462,6.4987190,2553.481000,2553.470000,0,0,1,1,0,0,0,1
3930,393.016900,393.024100,12.200590,0.007987812,0.5325128,6.4969500,2554.131000,2554.120000,0,0,1,1,0,0,0,1
3931,393.117100,393.124300,12.200590,0.007982500,0.5321694,6.4926780,2554.783000,2554.772000,0,0,1,1,0,0,0,1
3932,393.216700,393.223800,12.200590,0.007993124,0.5328560,6.5011600,2555.430000,2555.419000,0,0,1,1,0,0,0,1
3933,393.316700,393.323900,12.200980,0.007985628,0.5323792,6.4954840,2556.081000,2556.071000,0,0,1,1,0,0,0,1
3934,393.416900,393.424100,12.200590,0.007983440,0.5322076,6.4909060,2556.733000,2556.722000,0,0,1,1,0,0,0,1
3935,393.517100,393.524200,12.200980,0.007984688,0.5326654,6.4985960,2557.383000,2557.372000,0,0,1,1,0,0,0,1
3936,393.616800,393.623800,12.200390,0.007983752,0.5322458,6.4934700,2558.032000,2558.021000,0,0,1,1,0,0,0,1
3937,393.717100,393.724200,12.200390,0.007984066,0.5322648,6.4937760,2558.682000,2558.671000,0,0,1,1,0,0,0,1
3938,393.816700,393.823900,12.200590,0.007977190,0.5318070,6.4883430,2559.330000,2559.320000,0,0,1,1,0,0,0,1
3939,393.916700,393.923900,12.200590,0.007988128,0.5325318,6.4971320,2559.981000,2559.970000,0,0,1,1,0,0,0,1
3940,394.017000,394.024100,12.201172,0.007995624,0.5330278,6.4981080,2560.631000,2560.620000,0,0,1,1,0,0,0,1
3941,394.116600,394.123700,12.200590,0.007998124,0.5326462,6.4982300,2561.279000,2561.268000,0,0,1,1,0,0,0,1
3942,394.217000,394.224000,12.201368,0.007992190,0.5327988,6.5006130,2561.930000,2561.919000,0,0,1,1,0,0,0,1
3943,394.316800,394.324000,12.201568,0.007989690,0.5326462,6.4989640,2562.582000,2562.572000,0,0,1,1,0,0,0,1
3944,394.417000,394.424200,12.200784,0.007994690,0.5329704,6.5025640,2563.233000,2563.222000,0,0,1,1,0,0,0,1
3945,394.516600,394.523700,12.200004,0.007986252,0.5324174,6.4954840,2563.882000,2563.871000,0,0,1,1,0,0,0,1
3946,394.617100,394.624200,12.200784,0.007991252,0.5326654,6.4988420,2564.532000,2564.521000,0,0,1,1,0,0,0,1
3947,394.716600,394.723800,12.199612,0.007986564,0.5332756,6.5065920,2565.180000,2565.169000,0,0,1,1,0,0,0,1
3948,394.817200,394.824600,12.200004,0.007994690,0.5329704,6.5021980,2565.835000,2565.825000,0,0,1,1,0,0,0,1
3949,394.916700,394.924000,12.200784,0.007990940,0.5327226,6.4996340,2566.484000,2566.473000,0,0,1,1,0,0,0,1
3950,395.017000,395.024100,12.200590,0.007982500,0.5321504,6.4924940,2567.133000,2567.122000,0,0,1,1,0,0,0,1
3951,395.117100,395.124200,12.199808,0.007988440,0.5325510,6.4970100,2567.785000,2567.774000,0,0,1,1,0,0,0,1
3952,395.217100,395.224300,12.200784,0.007983752,0.5322838,6.4938360,2568.433000,2568.422000,0,0,1,1,0,0,0,1
3953,395.316700,395.323900,12.200390,0.007992504,0.5325128,6.4963400,2569.080000,2569.070000,0,0,1,1,0,0,0,1
3954,395.416800,395.424000,12.200980,0.007975316,0.5316736,6.4870000,2569.731000,2569.720000,0,0,1,1,0,0,0,1
3955,395.516800,395.524000,12.200196,0.007982816,0.5321884,6.4926780,2570.381000,2570.370000,0,0,1,1,0,0,0,1
3956,395.616900,395.624100,12.201568,0.007994064,0.5329324,6.5026260,2571.034000,2571.023000,0,0,1,1,0,0,0,1
3957,395.716600,395.723800,12.200390,0.007984688,0.5323030,6.4943240,2571.680000,2571.669000,0,0,1,1,0,0,0,1
3958,395.817000,395.824200,12.200784,0.007990000,0.5326462,6.5000020,2572.332000,2572.322000,0,0,1,1,0,0,0,1
3959,395.917000,395.924100,12.200004,0.007988128,0.5325128,6.4966460,2572.984000,2572.973000,0,0,1,1,0,0,0,1
3960,396.016600,396.023800,12.199416,0.007988752,0.5325700,6.4975620,2573.631000,2573.620000,0,0,1,1,0,0,0,1
3961,396.116800,396.124000,12.200004,0.007991564,0.5327608,6.4997560,2574.282000,2574.271000,0,0,1,1,0,0,0,1
3962,396.217100,396.224200,12.200004,0.007990628,0.5327036,6.4989020,2574.933000,2574.922000,0,0,1,1,0,0,0,1
3963,396.316700,396.323900,12.200390,0.007984066,0.5322648,6.4937140,2575.581000,2575.571000,0,0,1,1,0,0,0,1
3964,396.417200,396.424400,12.200980,0.007991252,0.5325700,6.4979260,2576.236000,2576.225000,0,0,1,1,0,0,0,1
3965,396.517100,396.524200,12.200784,0.007989690,0.5326272,6.4979860,2576.883000,2576.872000,0,0,1,1,0,0,0,1
3966,396.616600,396.623800,12.200980,0.007989690,0.5326272,6.4985360,2577.531000,2577.520000,0,0,1,1,0,0,0,1
3967,396.716700,396.723800,12.200196,0.007993440,0.5328942,6.5013440,2578.183000,2578.172000,0,0,1,1,0,0,0,1
3968,396.817100,396.824300,12.200196,0.007984376,0.5322838,6.4939000,2578.832000,2578.822000,0,0,1,1,0,0,0,1
3969,396.917400,396.924700,12.199808,0.007990000,0.5326462,6.4982300,2579.489000,2579.478000,0,0,1,1,0,0,0,1
3970,397.016800,397.024000,12.200784,0.007986564,0.5324364,6.4899900,2580.132000,2580.121000,0,0,1,1,0,0,0,1
3971,397.117000,397.124300,12.200004,0.007990000,0.5326462,6.4985360,2580.783000,2580.772000,0,0,1,1,0,0,0,1
3972,397.216600,397.223800,12.200590,0.007983128,0.5322076,6.4932260,2581.430000,2581.419000,0,0,1,1,0,0,0,1
3973,397.316800,397.324000,12.199808,0.007986880,0.5324556,6.4957900,2582.081000,2582.071000,0,0,1,1,0,0,0,1
3974,397.416900,397.424000,12.200196,0.007990000,0.5326462,6.4983520,2582.734000,2582.723000,0,0,1,1,0,0,0,1
3975,397.517000,397.524100,12.199612,0.007975628,0.5317116,6.4866340,2583.383000,2583.372000,0,0,1,1,0,0,0,1
3976,397.616600,397.623800,12.200590,0.007990000,0.5326654,6.5087280,2584.032000,2584.021000,0,0,1,1,0,0,0,1
3977,397.716700,397.723900,12.200590,0.007999064,0.5327608,6.4996980,2584.684000,2584.673000,0,0,1,1,0,0,0,1
3978,397.816700,397.823900,12.200590,0.007984688,0.5323220,6.4942640,2585.331000,2585.321000,0,0,1,1,0,0,0,1
3979,397.917000,397.924200,12.200784,0.007994690,0.5329704,6.5026260,2585.982000,2585.971000,0,0,1,1,0,0,0,1
3980,398.016600,398.023700,12.201172,0.007990628,0.5327036,6.4995120,2586.629000,2586.619000,0,0,1,1,0,0,0,1
3981,398.117100,398.124200,12.200784,0.007994064,0.5329132,6.5019540,2587.286000,2587.275000,0,0,1,1,0,0,0,1
3982,398.216600,398.223800,12.200004,0.007987812,0.5324936,6.5058600,2587.934000,2587.923000,0,0,1,1,0,0,0,1
3983,398.317000,398.324200,12.200004,0.007990312,0.5329324,6.5019540,2588.584000,2588.574000,0,0,1,1,0,0,0,1
3984,398.416700,398.423900,12.200784,0.007991252,0.5327416,6.4993920,2589.233000,2589.222000,0,0,1,1,0,0,0,1
3985,398.517000,398.524200,12.199416,0.007995940,0.5330660,6.5029300,2589.883000,2589.872000,0,0,1,1,0,0,0,1
3986,398.617100,398.624300,12.200004,0.007988440,0.5325700,6.4972560,2590.536000,2590.525000,0,0,1,1,0,0,0,1
3987,398.717100,398.724200,12.199416,0.007988752,0.5325700,6.4968880,2591.187000,2591.176000,0,0,1,1,0,0,0,1
3988,398.816700,398.823900,12.200784,0.007987812,0.5325128,6.4987190,2591.834000,2591.824000,0,0,1,1,0,0,0,1
3989,398.916700,398.923800,12.200784,0.007986880,0.5329896,6.5028080,2592.481000,2592.470000,0,0,1,1,0,0,0,1
3990,399.016800,399.024000,12.200004,0.007985314,0.5323410,6.4945680,2593.133000,2593.122000,0,0,1,1,0,0,0,1
3991,399.116600,399.123800,12.200784,0.007989064,0.5326082,6.4981720,2593.785000,2593.774000,0,0,1,1,0,0,0,1
3992,399.217100,399.224300,12.200004,0.007989380,0.5326272,6.4979860,2594.435000,2594.424000,0,0,1,1,0,0,0,1
3993,399.316700,399.323800,12.200390,0.007992504,0.5328370,6.5006130,2595.082000,2595.072000,0,0,1,1,0,0,0,1
3994,399.416900,399.424000,12.199808,0.007986564,0.5326654,6.4984140,2595.734000,2595.723000,0,0,1,1,0,0,0,1
3995,399.516600,399.523800,12.200784,0.007988440,0.5334092,6.5078140,2596.382000,2596.371000,0,0,1,1,0,0,0,1
3996,399.616900,399.624000,12.200390,0.007988128,0.5325318,6.4970100,2597.036800,2597.026000,0,0,1,1,0,0,0,1
3997,399.717100,399.724200,12.200784,0.007994690,0.5329704,6.5026260,2597.687000,2597.676000,0,0,1,1,0,0,0,1
3998,399.816700,399.823900,12.200590,0.007990628,0.5327036,6.4991460,2598.336000,2598.326000,0,0,1,1,0,0,0,1
3999,399.916700,399.923900,12.200590,0.007984066,0.5322648,6.4939580,2598.984000,2598.973000,0,0,1,1,0,0,0,1
4000,400.017100,400.024300,12.200590,0.007980000,0.5323030,6.4940800,2599.637000,2599.626000,0,0,1,1,0,0,0,1
4001,400.117100,400.124300,12.199808,0.007980940,0.5320550,6.4918220,2600.285000,2600.274000,0,0,1,1,0,0,0,1
4002,400.216700,400.223800,12.200390,0.007988440,0.5325510,6.4972560,2600.933000,2600.922000,0,0,1,1,0,0,0,1
4003,400.316700,400.323800,12.199416,0.007980940,0.5320550,6.4907240,2601.583000,2601.573000,0,0,1,1,0,0,0,1
4004,400.416900,400.424000,12.200390,0.007990312,0.5326654,6.4987820,2602.235000,2602.224000,0,0,1,1,0,0,0,1
4005,400.517100,400.524200,12.200196,0.007985628,0.5323792,6.4950560,2602.887000,2602.876000,0,0,1,1,0,0,0,1
4006,400.616600,400.623800,12.200004,0.007984688,0.5323030,6.4956680,2603.535000,2603.524000,0,0,1,1,0,0,0,1
4007,400.717000,400.724000,12.200980,0.007977816,0.5318452,6.4887700,2604.184000,2604.173000,0,0,1,1,0,0,0,1
4008,400.817000,400.824200,12.200390,0.007987500,0.5324746,6.4964000,2604.835000,2604.825000,0,0,1,1,0,0,0,1
4009,400.916800,400.924000,12.200980,0.007989380,0.5326272,6.4984760,2605.484000,2605.473000,0,0,1,1,0,0,0,1
4010,401.016900,401.024200,12.200196,0.007999064,0.5332566,6.5057380,2606.136000,2606.125000,0,0,1,1,0,0,0,1
4011,401.116600,401.123800,12.200390,0.007988440,0.5325510,6.4973760,2606.783000,2606.772000,0,0,1,1,0,0,0,1
4012,401.216700,401.223800,12.200784,0.007988128,0.5325510,6.4944460,2607.435000,2607.424000,0,0,1,1,0,0,0,1
4013,401.316700,401.323900,12.200390,0.007980628,0.5319788,6.4904180,2608.085000,2608.075000,0,0,1,1,0,0,0,1
4014,401.416700,401.423800,12.200196,0.007994376,0.5329514,6.5020760,2608.734000,2608.723000,0,0,1,1,0,0,0,1
4015,401.517100,401.524300,12.200590,0.007993440,0.5328942,6.5017100,2609.388000,2609.377000,0,0,1,1,0,0,0,1
4016,401.616600,401.623700,12.200590,0.007989690,0.5326272,6.4983520,2610.036000,2610.025000,0,0,1,1,0,0,0,1
4017,401.717000,401.724000,12.200980,0.007990312,0.5326844,6.4991460,2610.687000,2610.676000,0,0,1,1,0,0,0,1
4018,401.817100,401.824200,12.201760,0.007995316,0.5327226,6.4987820,2611.337000,2611.327000,0,0,1,1,0,0,0,1
4019,401.916700,401.923800,12.200590,0.007990312,0.5324556,6.4960940,2611.986000,2611.975000,0,0,1,1,0,0,0,1
4020,402.017000,402.024200,12.200590,0.007987812,0.5325128,6.4969500,2612.637000,2612.626000,0,0,1,1,0,0,0,1
4021,402.117200,402.124300,12.199612,0.007987812,0.5325128,6.4964600,2613.287000,2613.277000,0,0,1,1,0,0,0,1
4022,402.216700,402.223800,12.200590,0.007985000,0.5323220,6.4945680,2613.935000,2613.924000,0,0,1,1,0,0,0,1
4023,402.316700,402.323800,12.200980,0.007993440,0.5328942,6.5016480,2614.583000,2614.573000,0,0,1,1,0,0,0,1
4024,402.416800,402.424000,12.200590,0.007990940,0.5328370,6.5007940,2615.235000,2615.224000,0,0,1,1,0,0,0,1
4025,402.516800,402.523800,12.201172,0.007987500,0.5327798,6.4998780,2615.885000,2615.874000,0,0,1,1,0,0,0,1
4026,402.616900,402.624000,12.200390,0.007984688,0.5323030,6.4941420,2616.537000,2616.527000,0,0,1,1,0,0,0,1
4027,402.716700,402.723900,12.200590,0.007994376,0.5329514,6.5023200,2617.184000,2617.173000,0,0,1,1,0,0,0,1
4028,402.817200,402.824300,12.201172,0.007996876,0.5331040,6.5045180,2617.840000,2617.829000,0,0,1,1,0,0,0,1
4029,402.916700,402.923900,12.201568,0.007987188,0.5324556,6.4967660,2618.483000,2618.472000,0,0,1,1,0,0,0,1
4030,403.017100,403.024600,12.200196,0.007986252,0.5324556,6.4957900,2619.141000,2619.130000,0,0,1,1,0,0,0,1
4031,403.116600,403.124000,12.200590,0.007990000,0.5326082,6.4980480,2619.786000,2619.775000,0,0,1,1,0,0,0,1
4032,403.216800,403.224000,12.200784,0.007987188,0.5324746,6.4966460,2620.436000,2620.425000,0,0,1,1,0,0,0,1
4033,403.316700,403.323800,12.201172,0.007987188,0.5324556,6.4966460,2621.083000,2621.073000,0,0,1,1,0,0,0,1
4034,403.416700,403.423800,12.200390,0.007989380,0.5326082,6.4979860,2621.735000,2621.724000,0,0,1,1,0,0,0,1
4035,403.516900,403.524000,12.200784,0.007990312,0.5326654,6.4989640,2622.387000,2622.376000,0,0,1,1,0,0,0,1
4036,403.616600,403.623800,12.201760,0.007987812,0.5325128,6.5003660,2623.034000,2623.023000,0,0,1,1,0,0,0,1
4037,403.716800,403.723900,12.200390,0.007987188,0.5324746,6.4967040,2623.686000,2623.675000,0,0,1,1,0,0,0,1
4038,403.816700,403.823800,12.199808,0.007984376,0.5322838,6.4938360,2624.332000,2624.322000,0,0,1,1,0,0,0,1
4039,403.916700,403.923800,12.200004,0.007980316,0.5320168,6.4906020,2624.984000,2624.973000,0,0,1,1,0,0,0,1
4040,404.017000,404.024200,12.201368,0.007988440,0.5325510,6.4978660,2625.638000,2625.627000,0,0,1,1,0,0,0,1
4041,404.117100,404.124200,12.199808,0.007986564,0.5324174,6.4953010,2626.286000,2626.275000,0,0,1,1,0,0,0,1
4042,404.216600,404.223800,12.200784,0.007985940,0.5324936,6.4962780,2626.933000,2626.922000,0,0,1,1,0,0,0,1
4043,404.317000,404.324000,12.200390,0.007982816,0.5321694,6.4926780,2627.583000,2627.573000,0,0,1,1,0,0,0,1
4044,404.417200,404.424200,12.200390,0.007984066,0.5322648,6.4936540,2628.234000,2628.223000,0,0,1,1,0,0,0,1
4045,404.516600,404.523700,12.200784,0.007981568,0.5320932,6.4919440,2628.882000,2628.871000,0,0,1,1,0,0,0,1
4046,404.616900,404.624100,12.201172,0.007989064,0.5325890,6.4982920,2629.533000,2629.522000,0,0,1,1,0,0,0,1
4047,404.716700,404.723800,12.201368,0.007984066,0.5322648,6.4943240,2630.184000,2630.173000,0,0,1,1,0,0,0,1
4048,404.817300,404.824500,12.200590,0.007983440,0.5327798,6.5001840,2630.835000,2630.825000,0,0,1,1,0,0,0,1
4049,404.916700,404.923900,12.200196,0.007987812,0.5327416,6.4994520,2631.484000,2631.473000,0,0,1,1,0,0,0,1
4050,405.016600,405.023800,12.201368,0.007984066,0.5322648,6.4943240,2632.133000,2632.122000,0,0,1,1,0,0,0,1
4051,405.117000,405.124300,12.199416,0.007985314,0.5323410,6.4943240,2632.785000,2632.774000,0,0,1,1,0,0,0,1
4052,405.216600,405.223800,12.199612,0.007990940,0.5327226,6.4989640,2633.433000,2633.422000,0,0,1,1,0,0,0,1
4053,405.317100,405.324300,12.200980,0.007980316,0.5320168,6.4910900,2634.082000,2634.072000,0,0,1,1,0,0,0,1
4054,405.416700,405.423900,12.200004,0.007993750,0.5320168,6.4907240,2634.731000,2634.720000,0,0,1,1,0,0,0,1
4055,405.517000,405.524200,12.201368,0.007987812,0.5325128,6.4967040,2635.386000,2635.375000,0,0,1,1,0,0,0,1
4056,405.616600,405.623700,12.199416,0.007991876,0.5327988,6.4996980,2636.030000,2636.019000,0,0,1,1,0,0,0,1
4057,405.717000,405.724000,12.200004,0.007990628,0.5327036,6.4988420,2636.684000,2636.673000,0,0,1,1,0,0,0,1
4058,405.817100,405.824300,12.201172,0.007987812,0.5325128,6.4972560,2637.334000,2637.324000,0,0,1,1,0,0,0,1
4059,405.916700,405.923900,12.199612,0.007979690,0.5319788,6.4898080,2637.983000,2637.972000,0,0,1,1,0,0,0,1
4060,406.017100,406.024200,12.200784,0.007986880,0.5330278,6.5028080,2638.633000,2638.622000,0,0,1,1,0,0,0,1
4061,406.116600,406.123800,12.201568,0.007989064,0.5325510,6.4969500,2639.282000,2639.271000,0,0,1,1,0,0,0,1
4062,406.217000,406.224000,12.200980,0.007994690,0.5329704,6.5027500,2639.932000,2639.921000,0,0,1,1,0,0,0,1
4063,406.316700,406.323900,12.200390,0.007987812,0.5325128,6.4969500,2640.581000,2640.571000,0,0,1,1,0,0,0,1
4064,406.417000,406.424100,12.201568,0.007988440,0.5325510,6.4978040,2641.235000,2641.224000,0,0,1,1,0,0,0,1
4065,406.517000,406.524100,12.200590,0.007982190,0.5321312,6.4923740,2641.883000,2641.872000,0,0,1,1,0,0,0,1
4066,406.617000,406.624200,12.201368,0.007989064,0.5323984,6.4956060,2642.535000,2642.524000,0,0,1,1,0,0,0,1
4067,406.716600,406.723900,12.199612,0.007989380,0.5326082,6.4979860,2643.182000,2643.171000,0,0,1,1,0,0,0,1
4068,406.817000,406.824200,12.200784,0.007989380,0.5326082,6.4981720,2643.832000,2643.822000,0,0,1,1,0,0,0,1
4069,406.916700,406.923900,12.200390,0.007988440,0.5325510,6.4973160,2644.483000,2644.472000,0,0,1,1,0,0,0,1
4070,407.017000,407.024100,12.200980,0.007990312,0.5326844,6.4992680,2645.135000,2645.124000,0,0,1,1,0,0,0,1
4071,407.117100,407.124300,12.200196,0.007982816,0.5321694,6.4926160,2645.786000,2645.775000,0,0,1,1,0,0,0,1
4072,407.216800,407.223900,12.200196,0.007994376,0.5326082,6.4979260,2646.434000,2646.423000,0,0,1,1,0,0,0,1
4073,407.316700,407.323900,12.200196,0.007980000,0.5319978,6.4902960,2647.080000,2647.070000,0,0,1,1,0,0,0,1
4074,407.416700,407.423900,12.200980,0.007987188,0.5324746,6.4965220,2647.733000,2647.722000,0,0,1,1,0,0,0,1
4075,407.517100,407.524200,12.200390,0.007992504,0.5328180,6.5006130,2648.383000,2648.372000,0,0,1,1,0,0,0,1
4076,407.616600,407.623800,12.199808,0.007986564,0.5324174,6.4954250,2649.032000,2649.021000,0,0,1,1,0,0,0,1
4077,407.716700,407.723800,12.200390,0.007989064,0.5325890,6.4978040,2649.683000,2649.672000,0,0,1,1,0,0,0,1
4078,407.816800,407.824000,12.200196,0.007980000,0.5323984,6.4954250,2650.333000,2650.323000,0,0,1,1,0,0,0,1
4079,407.917000,407.924200,12.200784,0.007991252,0.5327416,6.4994520,2650.985000,2650.974000,0,0,1,1,0,0,0,1
4080,408.016600,408.023700,12.200004,0.007983440,0.5322076,6.4929840,2651.631000,2651.620000,0,0,1,1,0,0,0,1
4081,408.116800,408.123800,12.200590,0.007990940,0.5327036,6.4993920,2652.284000,2652.273000,0,0,1,1,0,0,0,1
4082,408.216800,408.224000,12.201172,0.007992812,0.5328560,6.5013440,2652.934000,2652.923000,0,0,1,1,0,0,0,1
4083,408.317200,408.324300,12.200784,0.007983440,0.5322266,6.4935310,2653.585000,2653.575000,0,0,1,1,0,0,0,1
4084,408.416700,408.423800,12.199808,0.007981252,0.5327798,6.4998180,2654.229000,2654.218000,0,0,1,1,0,0,0,1
4085,408.517100,408.524200,12.200590,0.007988752,0.5325890,6.4978660,2654.884000,2654.873000,0,0,1,1,0,0,0,1
4086,408.616600,408.623800,12.200196,0.007986252,0.5324174,6.4956060,2655.532000,2655.521000,0,0,1,1,0,0,0,1
4087,408.717100,408.724200,12.199612,0.007988128,0.5325318,6.4966460,2656.183000,2656.172000,0,0,1,1,0,0,0,1
4088,408.816600,408.823800,12.200980,0.007986252,0.5324174,6.4959120,2656.831000,2656.821000,0,0,1,1,0,0,0,1
4089,408.917200,408.924400,12.199808,0.007988752,0.5325890,6.4974380,2657.485000,2657.474000,0,0,1,1,0,0,0,1
4090,409.016600,409.023700,12.200980,0.007989064,0.5325510,6.4971940,2658.129000,2658.119000,0,0,1,1,0,0,0,1
4091,409.116900,409.124000,12.200004,0.007990940,0.5327226,6.4994520,2658.780000,2658.769000,0,0,1,1,0,0,0,1
4092,409.216800,409.224200,12.200004,0.007989064,0.5325890,6.4976200,2659.432000,2659.421000,0,0,1,1,0,0,0,1
4093,409.316700,409.323900,12.200004,0.007992190,0.5327988,6.5000620,2660.082000,2660.072000,0,0,1,1,0,0,0,1
4094,409.417000,409.424200,12.200980,0.007996876,0.5331040,6.5043960,2660.734000,2660.723000,0,0,1,1,0,0,0,1
4095,409.517100,409.524200,12.200980,0.007991252,0.5327416,6.4999400,2661.386000,2661.375000,0,0,1,1,0,0,0,1
4096,409.616600,409.624000,12.200196,0.007989690,0.5327988,6.5007940,2662.033000,2662.022000,0,0,1,1,0,0,0,1
4097,409.717100,409.724200,12.200004,0.007981876,0.5321312,6.4917620,2662.684000,2662.673000,0,0,1,1,0,0,0,1
4098,409.816700,409.823900,12.200980,0.008000316,0.5333520,6.5073260,2663.331000,2663.321000,0,0,1,1,0,0,0,1
4099,409.916900,409.924000,12.200590,0.007988752,0.5325700,6.4976820,2663.984000,2663.973000,0,0,1,1,0,0,0,1
4100,410.016900,410.024000,12.200390,0.007991564,0.5327608,6.4998780,2664.634000,2664.623000,0,0,1,1,0,0,0,1
4101,410.116600,410.123800,12.200390,0.007988128,0.5325318,6.4970100,2665.282000,2665.271000,0,0,1,1,0,0,0,1
4102,410.216800,410.224000,12.199808,0.007990628,0.5327226,6.4992680,2665.934000,2665.923000,0,0,1,1,0,0,0,1
4103,410.316600,410.323800,12.200784,0.007989690,0.5326462,6.4985360,2666.581000,2666.571000,0,0,1,1,0,0,0,1
4104,410.416900,410.424100,12.201172,0.008001876,0.5334474,6.5086680,2667.233000,2667.222000,0,0,1,1,0,0,0,1
4105,410.516600,410.523800,12.200590,0.007987188,0.5324746,6.4965820,2667.884000,2667.873000,0,0,1,1,0,0,0,1
4106,410.617000,410.624200,12.200196,0.007983128,0.5322076,6.4929200,2668.536000,2668.525000,0,0,1,1,0,0,0,1
4107,410.716600,410.723800,12.200004,0.007983752,0.5322266,6.4931640,2669.183000,2669.172000,0,0,1,1,0,0,0,1
4108,410.817100,410.824200,12.200390,0.007985314,0.5324556,6.4960360,2669.833000,2669.823000,0,0,1,1,0,0,0,1
4109,410.916700,410.923900,12.200004,0.007986252,0.5324174,6.4957900,2670.482000,2670.471000,0,0,1,1,0,0,0,1
4110,411.021400,411.028600,12.199220,0.007990312,0.5326844,6.4982920,2671.165000,2671.155000,0,0,1,1,0,0,0,1
4111,411.116900,411.124100,12.200590,0.007983440,0.5322266,6.4933480,2671.783000,2671.772000,0,0,1,1,0,0,0,1
4112,411.218900,411.226200,12.198830,0.007989690,0.5326272,6.4953010,2672.450000,2672.439000,0,0,1,1,0,0,0,1
4113,411.316600,411.323800,12.200196,0.007987188,0.5324556,6.4960940,2673.082000,2673.072000,0,0,1,1,0,0,0,1
4114,411.417000,411.424100,12.201368,0.007967816,0.5314064,6.4834600,2673.732000,2673.721000,0,0,1,1,0,0,0,1
4115,411.516600,411.523800,12.200196,0.007975004,0.5316544,6.4865120,2674.379000,2674.369000,0,0,1,1,0,0,0,1
4116,411.617100,411.624300,12.200980,0.007981568,0.5320932,6.4921280,2675.033000,2675.022000,0,0,1,1,0,0,0,1
4117,411.716700,411.723800,12.200784,0.007968750,0.5312348,6.4814460,2675.679000,2675.668000,0,0,1,1,0,0,0,1
4118,411.817000,411.824000,12.200196,0.007973750,0.5315782,6.4853540,2676.328400,2676.318000,0,0,1,1,0,0,0,1
4119,411.916700,411.923900,12.200980,0.007984688,0.5323030,6.4945100,2676.976000,2676.965000,0,0,1,1,0,0,0,1
4120,412.016900,412.024000,12.200980,0.007979690,0.5317880,6.4887700,2677.625000,2677.615000,0,0,1,1,0,0,0,1
4121,412.117100,412.124200,12.200784,0.007974064,0.5315972,6.4857800,2678.276000,2678.265000,0,0,1,1,0,0,0,1
4122,412.216600,412.223800,12.200784,0.007976564,0.5317690,6.4877960,2678.922000,2678.911600,0,0,1,1,0,0,0,1
4123,412.317100,412.324200,12.200590,0.007967504,0.5311586,6.4805300,2679.572000,2679.561000,0,0,1,1,0,0,0,1
4124,412.416700,412.424000,12.200784,0.007967190,0.5311204,6.4802260,2680.223000,2680.212000,0,0,1,1,0,0,0,1
4125,412.516600,412.523800,12.200004,0.007963752,0.5309106,6.4771140,2680.868000,2680.857000,0,0,1,1,0,0,0,1
4126,412.616600,412.623700,12.200590,0.007976564,0.5311394,6.4801040,2681.519000,2681.508000,0,0,1,1,0,0,0,1
4127,412.717000,412.724000,12.200590,0.007974064,0.5315972,6.4857800,2682.168000,2682.158000,0,0,1,1,0,0,0,1
4128,412.816800,412.823900,12.199808,0.007968440,0.5312158,6.4806520,2682.814000,2682.803000,0,0,1,1,0,0,0,1
4129,412.916700,412.923900,12.200390,0.007976876,0.5317880,6.4878540,2683.465000,2683.454000,0,0,1,1,0,0,0,1
4130,413.016900,413.024100,12.200390,0.007976564,0.5317498,6.4875500,2684.116000,2684.105000,0,0,1,1,0,0,0,1
4131,413.116600,413.123700,12.200784,0.007972816,0.5315210,6.4849860,2684.762000,2684.751000,0,0,1,1,0,0,0,1
4132,413.216800,413.224000,12.199024,0.007985314,0.5322648,6.4934700,2685.411600,2685.401000,0,0,1,1,0,0,0,1
4133,413.317100,413.324300,12.200980,0.007968124,0.5311968,6.4807760,2686.061000,2686.050000,0,0,1,1,0,0,0,1
4134,413.416700,413.423800,12.200196,0.007978752,0.5319024,6.4891980,2686.708000,2686.698000,0,0,1,1,0,0,0,1
4135,413.516600,413.523700,12.200590,0.007979690,0.5319596,6.4902960,2687.359000,2687.348000,0,0,1,1,0,0,0,1
4136,413.616900,413.624000,12.200980,0.007978752,0.5319024,6.4897460,2688.008000,2687.997000,0,0,1,1,0,0,0,1
4137,413.717100,413.724200,12.200784,0.007979064,0.5319214,6.4899320,2688.659000,2688.648000,0,0,1,1,0,0,0,1
4138,413.816700,413.823800,12.200784,0.007977816,0.5319978,6.4902370,2689.305000,2689.294000,0,0,1,1,0,0,0,1
4139,413.916700,413.923900,12.200784,0.007980316,0.5319978,6.4906620,2689.956000,2689.946000,0,0,1,1,0,0,0,1
4140,414.017100,414.024300,12.200784,0.007971876,0.5314446,6.4840100,2690.606000,2690.595000,0,0,1,1,0,0,0,1
4141,414.116800,414.124000,12.201760,0.007980000,0.5319978,6.4912720,2691.253000,2691.243000,0,0,1,1,0,0,0,1
4142,414.216700,414.223900,12.199612,0.007969376,0.5312730,6.4813240,2691.903000,2691.892000,0,0,1,1,0,0,0,1
4143,414.317200,414.324300,12.200004,0.007970004,0.5313302,6.4837040,2692.553000,2692.542000,0,0,1,1,0,0,0,1
4144,414.416700,414.423900,12.200590,0.007975316,0.5320550,6.4918220,2693.200000,2693.189000,0,0,1,1,0,0,0,1
4145,414.516900,414.524000,12.200980,0.007967504,0.5311586,6.4808960,2693.849000,2693.838000,0,0,1,1,0,0,0,1
4146,414.617100,414.624300,12.199220,0.007975940,0.5317116,6.4864500,2694.498000,2694.488000,0,0,1,1,0,0,0,1
4147,414.717200,414.724300,12.200980,0.007974690,0.5316354,6.4865120,2695.150000,2695.139000,0,0,1,1,0,0,0,1
4148,414.816700,414.823800,12.200390,0.007966250,0.5310632,6.4793100,2695.796000,2695.786000,0,0,1,1,0,0,0,1
4149,414.916800,414.923900,12.200590,0.007974690,0.5316354,6.4861460,2696.442000,2696.431000,0,0,1,1,0,0,0,1
4150,415.017100,415.024200,12.200590,0.007966876,0.5313492,6.4830320,2697.095000,2697.084000,0,0,1,1,0,0,0,1
4151,415.117000,415.124200,12.200196,0.007972816,0.5315210,6.4848030,2697.743000,2697.732000,0,0,1,1,0,0,0,1
4152,415.216600,415.223800,12.200590,0.007971250,0.5314064,6.4833380,2698.388000,2698.377000,0,0,1,1,0,0,0,1
4153,415.317400,415.324900,12.200390,0.007971876,0.5314446,6.4837660,2699.046000,2699.036000,0,0,1,1,0,0,0,1
4154,415.416700,415.423900,12.200004,0.007972816,0.5315210,6.4844380,2699.688000,2699.677000,0,0,1,1,0,0,0,1
4155,415.517100,415.524300,12.200980,0.007976564,0.5317498,6.4829120,2700.338000,2700.328000,0,0,1,1,0,0,0,1
4156,415.616600,415.623800,12.199808,0.007969690,0.5315782,6.4857180,2700.985000,2700.974000,0,0,1,1,0,0,0,1
4157,415.717000,415.724200,12.199416,0.007969376,0.5312920,6.4821780,2701.636000,2701.625000,0,0,1,1,0,0,0,1
4158,415.816700,415.823800,12.200004,0.007969376,0.5312730,6.4815080,2702.282000,2702.271000,0,0,1,1,0,0,0,1
4159,415.917000,415.924100,12.200784,0.007973436,0.5315590,6.4853540,2702.935000,2702.924000,0,0,1,1,0,0,0,1
4160,416.016600,416.023700,12.201172,0.007976876,0.5317880,6.4883430,2703.582000,2703.572000,0,0,1,1,0,0,0,1
4161,416.117000,416.124100,12.199808,0.007975316,0.5316736,6.4862700,2704.232000,2704.221000,0,0,1,1,0,0,0,1
4162,416.217200,416.224400,12.201172,0.007970630,0.5317308,6.4866960,2704.882000,2704.871000,0,0,1,1,0,0,0,1
4163,416.316600,416.323800,12.200390,0.007977816,0.5318452,6.4886480,2705.528000,2705.517000,0,0,1,1,0,0,0,1
4164,416.416900,416.424100,12.200390,0.007982190,0.5321312,6.4921280,2706.178000,2706.167000,0,0,1,1,0,0,0,1
4165,416.516600,416.523800,12.200390,0.007974064,0.5315972,6.4855960,2706.825000,2706.814000,0,0,1,1,0,0,0,1
4166,416.617100,416.624300,12.199808,0.007974064,0.5315972,6.4854140,2707.479000,2707.468000,0,0,1,1,0,0,0,1
4167,416.716700,416.723800,12.200590,0.007977190,0.5318070,6.4883430,2708.121000,2708.111000,0,0,1,1,0,0,0,1
4168,416.817000,416.824000,12.200784,0.007976564,0.5316164,6.4857800,2708.771000,2708.760000,0,0,1,1,0,0,0,1
4169,416.916900,416.924000,12.200784,0.007976250,0.5317308,6.4873660,2709.420000,2709.410000,0,0,1,1,0,0,0,1
4170,417.017000,417.024200,12.200390,0.007977816,0.5318260,6.4885260,2710.072000,2710.061000,0,0,1,1,0,0,0,1
4171,417.117000,417.124200,12.200784,0.007971250,0.5314256,6.4837040,2710.722000,2710.711000,0,0,1,1,0,0,0,1
4172,417.216700,417.223900,12.200784,0.007971250,0.5314064,6.4835240,2711.368000,2711.357000,0,0,1,1,0,0,0,1
4173,417.324900,417.332200,12.200004,0.007982816,0.5321884,6.4925540,2712.070000,2712.059000,0,0,1,1,0,0,0,1
4174,417.416700,417.423800,12.200590,0.007971564,0.5315400,6.4853540,2712.664000,2712.654000,0,0,1,1,0,0,0,1
4175,417.516800,417.523800,12.200980,0.007976876,0.5317880,6.4882200,2713.316000,2713.305000,0,0,1,1,0,0,0,1
4176,417.616800,417.623800,12.201568,0.007980316,0.5320168,6.4913940,2713.965000,2713.954000,0,0,1,1,0,0,0,1
4177,417.717000,417.724200,12.201368,0.007970630,0.5313684,6.4833380,2714.615000,2714.604000,0,0,1,1,0,0,0,1
4178,417.817100,417.824300,12.199612,0.007976564,0.5317498,6.4871860,2715.265000,2715.254000,0,0,1,1,0,0,0,1
4179,417.916700,417.923800,12.201568,0.007977190,0.5318070,6.4889540,2715.908000,2715.897000,0,0,1,1,0,0,0,1
4180,418.017100,418.024400,12.201172,0.007977190,0.5317880,6.4882820,2716.563000,2716.552000,0,0,1,1,0,0,0,1
4181,418.116600,418.123700,12.200390,0.007971564,0.5314256,6.4835820,2717.208000,2717.198000,0,0,1,1,0,0,0,1
4182,418.217100,418.224200,12.201172,0.007970004,0.5313302,6.4827280,2717.858000,2717.847000,0,0,1,1,0,0,0,1
4183,418.316700,418.323900,12.201172,0.007975628,0.5316926,6.4872440,2718.504000,2718.494000,0,0,1,1,0,0,0,1
4184,418.416700,418.423900,12.199220,0.007971876,0.5314446,6.4832780,2719.156000,2719.145000,0,0,1,1,0,0,0,1
4185,418.517000,418.524200,12.200196,0.007975940,0.5317116,6.4834600,2719.805000,2719.794000,0,0,1,1,0,0,0,1
4186,418.616800,418.623800,12.201568,0.007974690,0.5316926,6.4867560,2720.453000,2720.442000,0,0,1,1,0,0,0,1
4187,418.716800,418.724000,12.201568,0.007973750,0.5315782,6.4853540,2721.102000,2721.091000,0,0,1,1,0,0,0,1
4188,418.817100,418.824300,12.200784,0.007978440,0.5319024,6.4895020,2721.752000,2721.742000,0,0,1,1,0,0,0,1
4189,418.916700,418.923900,12.200980,0.007982500,0.5321504,6.4926780,2722.399000,2722.388000,0,0,1,1,0,0,0,1
4190,419.016900,419.024000,12.201760,0.007973130,0.5315400,6.4855960,2723.048000,2723.037000,0,0,1,1,0,0,0,1
4191,419.116800,419.123800,12.200196,0.007975004,0.5316544,6.4863280,2723.698000,2723.687000,0,0,1,1,0,0,0,1
4192,419.217200,419.224300,12.199612,0.007974376,0.5315210,6.4848640,2724.349000,2724.338000,0,0,1,1,0,0,0,1
4193,419.316700,419.323800,12.200980,0.007975316,0.5316926,6.4867560,2724.995000,2724.985000,0,0,1,1,0,0,0,1
4194,419.416800,419.424100,12.201368,0.007979376,0.5319596,6.4904800,2725.645000,2725.634000,0,0,1,1,0,0,0,1
4195,419.516600,419.523800,12.200390,0.007977190,0.5318070,6.4882200,2726.292000,2726.282000,0,0,1,1,0,0,0,1
4196,419.616800,419.623800,12.200196,0.007972190,0.5314828,6.4840700,2726.942000,2726.931000,0,0,1,1,0,0,0,1
4197,419.717000,419.724000,12.201172,0.007984066,0.5322458,6.4859640,2727.593000,2727.582000,0,0,1,1,0,0,0,1
4198,419.816600,419.823800,12.200196,0.007978440,0.5316544,6.4865740,2728.239000,2728.228000,0,0,1,1,0,0,0,1
4199,419.916800,419.925000,12.200784,0.007975940,0.5317308,6.4870000,2728.896000,2728.885000,0,0,1,1,0,0,0,1
4200,420.016900,420.024100,12.200390,0.007977502,0.5318260,6.4884060,2729.539000,2729.529000,0,0,1,1,0,0,0,1
4201,420.116600,420.123800,12.201172,0.007975316,0.5316926,6.4871220,2730.185000,2730.174000,0,0,1,1,0,0,0,1
4202,420.217200,420.224300,12.200784,0.007978752,0.5319024,6.4895020,2730.840000,2730.829000,0,0,1,1,0,0,0,1
4203,420.316700,420.323800,12.200004,0.007975004,0.5316544,6.4860840,2731.486000,2731.475000,0,0,1,1,0,0,0,1
4204,420.416700,420.423900,12.200784,0.007966250,0.5316164,6.4866960,2732.133000,2732.122000,0,0,1,1,0,0,0,1
4205,420.517000,420.524100,12.199612,0.007985000,0.5323220,6.4951200,2732.787000,2732.777000,0,0,1,1,0,0,0,1
4206,420.616900,420.624000,12.200390,0.007978440,0.5318834,6.4890760,2733.434000,2733.423000,0,0,1,1,0,0,0,1
4207,420.716800,420.723900,12.200390,0.007979690,0.5319788,6.4902960,2734.083000,2734.073000,0,0,1,1,0,0,0,1
4208,420.816700,420.823900,12.200196,0.007973130,0.5315400,6.4847440,2734.731000,2734.720000,0,0,1,1,0,0,0,1
4209,420.916700,420.924500,12.200784,0.007975316,0.5316736,6.4834000,2735.384000,2735.373000,0,0,1,1,0,0,0,1
4210,421.016800,421.024000,12.199808,0.007967190,0.5318834,6.4899900,2736.031000,2736.020000,0,0,1,1,0,0,0,1
4211,421.116900,421.124000,12.200196,0.007968750,0.5312540,6.4814460,2736.676000,2736.665000,0,0,1,1,0,0,0,1
4212,421.216800,421.223900,12.200784,0.007975316,0.5316736,6.4867560,2737.328000,2737.317000,0,0,1,1,0,0,0,1
4213,421.316700,421.323900,12.200390,0.007973750,0.5315782,6.4853540,2737.977000,2737.966000,0,0,1,1,0,0,0,1
4214,421.416900,421.424200,12.200196,0.007976250,0.5317498,6.4873660,2738.628000,2738.618000,0,0,1,1,0,0,0,1
4215,421.516600,421.523800,12.200590,0.007973750,0.5315782,6.4855360,2739.274000,2739.263000,0,0,1,1,0,0,0,1
4216,421.616900,421.624100,12.201172,0.007980316,0.5319406,6.4896860,2739.925000,2739.914000,0,0,1,1,0,0,0,1
4217,421.716600,421.723800,12.200590,0.007977190,0.5318070,6.4881600,2740.571000,2740.560000,0,0,1,1,0,0,0,1
4218,421.816700,421.823800,12.200590,0.007971250,0.5314064,6.4835240,2741.220000,2741.209000,0,0,1,1,0,0,0,1
4219,421.916700,421.923900,12.200590,0.007969690,0.5312920,6.4821180,2741.871000,2741.861000,0,0,1,1,0,0,0,1
4220,422.016600,422.023800,12.199416,0.007973750,0.5315782,6.4848640,2742.518000,2742.507000,0,0,1,1,0,0,0,1
4221,422.116900,422.124100,12.200390,0.007971876,0.5314446,6.4859020,2743.168000,2743.158000,0,0,1,1,0,0,0,1
4222,422.216700,422.223800,12.200390,0.007975316,0.5314446,6.4838280,2743.817000,2743.806000,0,0,1,1,0,0,0,1
4223,422.317100,422.324300,12.200980,0.007976876,0.5317880,6.4882200,2744.468000,2744.457000,0,0,1,1,0,0,0,1
4224,422.416700,422.423800,12.200390,0.007978752,0.5319024,6.4895020,2745.114000,2745.103000,0,0,1,1,0,0,0,1
4225,422.516900,422.524100,12.200390,0.007971250,0.5314064,6.4833380,2745.765000,2745.754000,0,0,1,1,0,0,0,1
4226,422.617100,422.624300,12.200784,0.007972504,0.5315018,6.4846800,2746.414000,2746.404000,0,0,1,1,0,0,0,1
4227,422.716700,422.723800,12.201568,0.007978440,0.5318834,6.4896860,2747.060000,2747.049000,0,0,1,1,0,0,0,1
4228,422.816800,422.823900,12.201568,0.007975004,0.5317880,6.4882200,2747.711000,2747.701000,0,0,1,1,0,0,0,1
4229,422.917000,422.924200,12.201368,0.007977502,0.5318260,6.4887120,2748.361000,2748.350000,0,0,1,1,0,0,0,1
4230,423.016600,423.023800,12.201568,0.007975628,0.5316926,6.4874900,2749.008000,2748.997000,0,0,1,1,0,0,0,1
4231,423.117100,423.124200,12.200004,0.007971250,0.5314064,6.4831550,2749.657000,2749.646000,0,0,1,1,0,0,0,1
4232,423.216600,423.223800,12.201368,0.007966876,0.5311204,6.4803480,2750.303000,2750.292000,0,0,1,1,0,0,0,1
4233,423.317100,423.324300,12.200980,0.007972816,0.5315018,6.4819980,2750.957000,2750.947000,0,0,1,1,0,0,0,1
4234,423.416700,423.423900,12.200196,0.007974376,0.5318070,6.4877320,2751.605000,2751.594000,0,0,1,1,0,0,0,1
4235,423.522000,423.529400,12.200590,0.007974064,0.5315782,6.4855360,2752.286800,2752.276000,0,0,1,1,0,0,0,1
4236,423.616600,423.623800,12.201172,0.007968124,0.5311968,6.4811400,2752.900000,2752.889000,0,0,1,1,0,0,0,1
4237,423.717000,423.724000,12.200590,0.007977190,0.5318070,6.4882820,2753.551000,2753.540000,0,0,1,1,0,0,0,1
4238,423.816700,423.823900,12.200784,0.007978752,0.5319214,6.4897460,2754.198000,2754.187000,0,0,1,1,0,0,0,1
4239,423.916700,423.923900,12.200196,0.007978128,0.5318642,6.4888920,2754.848000,2754.837000,0,0,1,1,0,0,0,1
4240,424.016600,424.023800,12.200590,0.007969690,0.5314446,6.4838280,2755.496000,2755.486000,0,0,1,1,0,0,0,1
4241,424.117000,424.124200,12.200004,0.007966876,0.5311204,6.4800420,2756.148000,2756.137000,0,0,1,1,0,0,0,1
4242,424.216600,424.223800,12.200390,0.007979064,0.5319214,6.4895640,2756.793000,2756.783000,0,0,1,1,0,0,0,1
4243,424.317000,424.324200,12.201172,0.007970316,0.5313492,6.4829720,2757.443000,2757.432000,0,0,1,1,0,0,0,1
4244,424.416700,424.423900,12.201172,0.007983440,0.5322266,6.4936540,2758.090000,2758.079000,0,0,1,1,0,0,0,1
4245,424.517100,424.524300,12.200590,0.007966876,0.5311204,6.4855360,2758.744800,2758.734000,0,0,1,1,0,0,0,1
4246,424.616600,424.623800,12.200980,0.007970004,0.5313684,6.4828500,2759.391000,2759.380000,0,0,1,1,0,0,0,1
4247,424.716700,424.723800,12.200590,0.007980940,0.5320360,6.4909680,2760.037000,2760.027000,0,0,1,1,0,0,0,1
4248,424.816800,424.823900,12.201368,0.007968440,0.5312158,6.4815680,2760.688000,2760.677000,0,0,1,1,0,0,0,1
4249,424.917000,424.924100,12.201368,0.007975316,0.5316736,6.4870620,2761.336000,2761.326000,0,0,1,1,0,0,0,1
4250,425.016600,425.023800,12.200784,0.007968750,0.5312348,6.4815080,2761.984000,2761.973000,0,0,1,1,0,0,0,1
4251,425.117100,425.124300,12.200196,0.007978128,0.5318642,6.4957300,2762.637000,2762.626000,0,0,1,1,0,0,0,1
4252,425.216600,425.223800,12.200004,0.007975316,0.5312540,6.4813240,2763.285000,2763.274000,0,0,1,1,0,0,0,1
4253,425.317000,425.324000,12.201568,0.007974376,0.5316164,6.4862700,2763.934000,2763.923000,0,0,1,1,0,0,0,1
4254,425.417000,425.424100,12.200590,0.007970938,0.5313874,6.4830940,2764.584000,2764.574000,0,0,1,1,0,0,0,1
4255,425.516600,425.523800,12.200980,0.007969064,0.5312540,6.4818120,2765.231000,2765.220000,0,0,1,1,0,0,0,1
4256,425.616600,425.624000,12.200004,0.007977816,0.5318452,6.4885260,2765.879000,2765.869000,0,0,1,1,0,0,0,1
4257,425.716600,425.723800,12.200980,0.007963126,0.5308724,6.4964000,2766.527000,2766.516000,0,0,1,1,0,0,0,1
4258,425.816800,425.824000,12.200784,0.007978128,0.5310632,6.4794320,2767.176000,2767.165000,0,0,1,1,0,0,0,1
4259,425.917000,425.924200,12.200590,0.007976564,0.5317690,6.4873060,2767.827000,2767.816000,0,0,1,1,0,0,0,1
4260,426.016600,426.023800,12.200590,0.007973436,0.5315590,6.4851700,2768.473000,2768.462000,0,0,1,1,0,0,0,1
4261,426.116900,426.124000,12.200196,0.007974690,0.5316354,6.4860240,2769.122000,2769.112000,0,0,1,1,0,0,0,1
4262,426.216700,426.223800,12.200590,0.007975940,0.5317116,6.4871860,2769.769000,2769.758000,0,0,1,1,0,0,0,1
4263,426.316800,426.328900,12.200590,0.007977502,0.5318070,6.4884660,2770.451000,2770.440000,0,0,1,1,0,0,0,1
4264,426.416700,426.423900,12.200590,0.007969376,0.5315018,6.4845580,2771.070000,2771.059000,0,0,1,1,0,0,0,1
4265,426.516900,426.524100,12.200390,0.007970630,0.5313684,6.4826080,2771.719000,2771.708000,0,0,1,1,0,0,0,1
4266,426.617100,426.624300,12.200590,0.007973436,0.5315590,6.4852300,2772.369000,2772.358000,0,0,1,1,0,0,0,1
4267,426.716600,426.723800,12.200590,0.007976876,0.5317880,6.4881000,2773.014000,2773.003000,0,0,1,1,0,0,0,1
4268,426.816700,426.823800,12.201172,0.007970004,0.5313112,6.4826080,2773.661000,2773.650000,0,0,1,1,0,0,0,1
4269,426.917000,426.924200,12.201172,0.007979064,0.5319406,6.4839480,2774.315000,2774.304000,0,0,1,1,0,0,0,1
4270,427.016600,427.023700,12.200390,0.007972504,0.5315972,6.4854740,2774.961000,2774.951000,0,0,1,1,0,0,0,1
4271,427.117100,427.124300,12.199808,0.007972504,0.5315018,6.4841340,2775.610000,2775.599000,0,0,1,1,0,0,0,1
4272,427.216700,427.223800,12.201172,0.007965624,0.5310440,6.4792500,2776.256000,2776.245000,0,0,1,1,0,0,0,1
4273,427.316800,427.324000,12.200590,0.007972504,0.5315018,6.4845580,2776.908000,2776.897000,0,0,1,1,0,0,0,1
4274,427.417200,427.424200,12.200390,0.007974064,0.5315972,6.4854740,2777.558000,2777.547000,0,0,1,1,0,0,0,1
4275,427.516600,427.523700,12.201568,0.007968750,0.5312348,6.4833380,2778.203200,2778.193000,0,0,1,1,0,0,0,1
4276,427.616900,427.624100,12.200980,0.007980000,0.5323602,6.4946300,2778.853000,2778.842000,0,0,1,1,0,0,0,1
4277,427.722000,427.729300,12.200390,0.007979690,0.5319596,6.4901130,2779.536000,2779.525000,0,0,1,1,0,0,0,1
4278,427.816600,427.823800,12.200390,0.007971876,0.5314446,6.4838880,2780.151000,2780.140000,0,0,1,1,0,0,0,1
4279,427.916900,427.924000,12.201172,0.007980628,0.5320360,6.4915160,2780.801000,2780.790000,0,0,1,1,0,0,0,1
4280,428.017000,428.024200,12.201368,0.007977190,0.5317880,6.4885880,2781.451000,2781.440000,0,0,1,1,0,0,0,1
4281,428.117000,428.124200,12.200390,0.007976564,0.5317498,6.4855360,2782.100000,2782.089000,0,0,1,1,0,0,0,1
4282,428.216700,428.223900,12.200590,0.007970938,0.5314828,6.4846800,2782.747000,2782.737000,0,0,1,1,0,0,0,1
4283,428.317200,428.324300,12.200980,0.007984376,0.5322838,6.4944460,2783.398000,2783.387000,0,0,1,1,0,0,0,1
4284,428.416700,428.423900,12.199612,0.007973436,0.5315400,6.4846200,2784.043000,2784.033000,0,0,1,1,0,0,0,1
4285,428.516900,428.524000,12.200590,0.007966564,0.5311012,6.4796760,2784.694000,2784.683000,0,0,1,1,0,0,0,1
4286,428.617100,428.624200,12.200004,0.007970316,0.5313492,6.4823020,2785.343000,2785.332000,0,0,1,1,0,0,0,1
4287,428.716600,428.723800,12.200590,0.007969690,0.5313112,6.4790040,2785.991000,2785.980000,0,0,1,1,0,0,0,1
4288,428.816700,428.823800,12.201568,0.007969690,0.5313684,6.4834000,2786.641000,2786.630000,0,0,1,1,0,0,0,1
4289,428.916800,428.924000,12.200980,0.007977502,0.5318260,6.4876100,2787.289000,2787.279000,0,0,1,1,0,0,0,1
4290,429.016900,429.024100,12.200590,0.007974690,0.5316354,6.4863280,2787.940000,2787.929000,0,0,1,1,0,0,0,1
4291,429.117100,429.124300,12.200980,0.007979064,0.5319406,6.4901130,2788.590000,2788.579000,0,0,1,1,0,0,0,1
4292,429.216700,429.223900,12.199808,0.007970630,0.5313492,6.4824840,2789.238000,2789.227000,0,0,1,1,0,0,0,1
4293,429.317200,429.324300,12.201568,0.007969064,0.5312730,6.4830940,2789.887000,2789.876000,0,0,1,1,0,0,0,1
4294,429.416700,429.423900,12.200004,0.007979376,0.5315018,6.4845580,2790.533000,2790.522000,0,0,1,1,0,0,0,1
4295,429.516600,429.523800,12.200390,0.007971564,0.5314256,6.4837040,2791.182000,2791.171000,0,0,1,1,0,0,0,1
4296,429.617100,429.624200,12.200590,0.007971876,0.5314446,6.4840100,2791.832000,2791.822000,0,0,1,1,0,0,0,1
4297,429.717200,429.724400,12.199808,0.007978752,0.5319024,6.4890760,2792.482000,2792.471000,0,0,1,1,0,0,0,1
4298,429.816800,429.824000,12.200784,0.007971564,0.5314446,6.4838880,2793.129000,2793.119000,0,0,1,1,0,0,0,1
4299,429.916700,429.923900,12.199808,0.007975940,0.5317308,6.4922500,2793.775000,2793.764000,0,0,1,1,0,0,0,1
4300,430.017000,430.024200,12.200590,0.007969064,0.5315590,6.4857800,2794.429000,2794.418000,0,0,1,1,0,0,0,1
4301,430.116600,430.123700,12.199808,0.007972190,0.5314636,6.4843760,2795.075000,2795.064000,0,0,1,1,0,0,0,1
4302,430.216800,430.224000,12.200196,0.007981568,0.5321122,6.4917000,2795.726000,2795.715000,0,0,1,1,0,0,0,1
4303,430.316700,430.323800,12.200590,0.007974376,0.5315972,6.4858400,2796.371000,2796.361000,0,0,1,1,0,0,0,1
4304,430.416700,430.424000,12.200784,0.007970316,0.5313492,6.4827880,2797.021000,2797.010000,0,0,1,1,0,0,0,1
4305,430.517000,430.524300,12.200980,0.007976876,0.5307198,6.4746100,2797.672000,2797.661600,0,0,1,1,0,0,0,1
4306,430.616600,430.623800,12.201172,0.007975940,0.5315590,6.4849250,2798.319000,2798.308000,0,0,1,1,0,0,0,1
4307,430.716800,430.724000,12.200004,0.007980628,0.5320360,6.4908480,2798.968000,2798.957000,0,0,1,1,0,0,0,1
4308,430.817200,430.824300,12.201956,0.007973436,0.5315590,6.4860840,2799.618000,2799.607000,0,0,1,1,0,0,0,1
4309,430.916700,430.923900,12.200390,0.007970316,0.5313302,6.4824840,2800.264000,2800.253000,0,0,1,1,0,0,0,1
4310,431.016500,431.023700,12.200196,0.007983752,0.5322458,6.4934080,2800.914000,2800.904000,0,0,1,1,0,0,0,1
4311,431.117000,431.124200,12.200390,0.007964690,0.5309868,6.4774780,2801.564000,2801.553000,0,0,1,1,0,0,0,1
4312,431.217100,431.224300,12.201368,0.007979690,0.5314636,6.4842540,2802.215000,2802.204000,0,0,1,1,0,0,0,1
4313,431.316700,431.323800,12.200784,0.007964376,0.5309488,6.4779060,2802.861000,2802.850000,0,0,1,1,0,0,0,1
4314,431.416900,431.424000,12.201368,0.007968124,0.5311968,6.4813240,2803.511000,2803.500000,0,0,1,1,0,0,0,1
4315,431.517100,431.524200,12.201368,0.007974376,0.5315972,6.4863280,2804.161000,2804.150000,0,0,1,1,0,0,0,1
4316,431.616800,431.624000,12.201172,0.007975628,0.5316926,6.4873060,2804.808000,2804.797000,0,0,1,1,0,0,0,1
4317,431.717200,431.724400,12.200980,0.007975628,0.5316926,6.4865740,2805.462000,2805.452000,0,0,1,1,0,0,0,1
4318,431.816700,431.823900,12.200784,0.007973436,0.5317880,6.4879160,2806.104000,2806.093000,0,0,1,1,0,0,0,1
4319,431.917200,431.924400,12.200590,0.007980316,0.5320168,6.4909060,2806.758000,2806.747000,0,0,1,1,0,0,0,1
4320,432.016600,432.023800,12.200590,0.007971876,0.5314446,6.4839480,2807.406000,2807.395000,0,0,1,1,0,0,0,1
4321,432.116600,432.123800,12.200390,0.007973436,0.5315400,6.4850490,2808.051000,2808.040000,0,0,1,1,0,0,0,1
4322,432.216700,432.223900,12.200980,0.007979376,0.5319596,6.4903580,2808.701000,2808.690000,0,0,1,1,0,0,0,1
4323,432.317200,432.324400,12.200784,0.007980628,0.5315400,6.4849250,2809.356000,2809.345000,0,0,1,1,0,0,0,1
4324,432.416700,432.423800,12.201368,0.007978128,0.5318642,6.4890760,2809.998000,2809.988000,0,0,1,1,0,0,0,1
4325,432.517100,432.524200,12.200784,0.007975004,0.5316544,6.4866340,2810.653000,2810.642000,0,0,1,1,0,0,0,1
4326,432.616600,432.623800,12.201568,0.007971564,0.5314256,6.4841920,2811.298000,2811.287000,0,0,1,1,0,0,0,1
4327,432.717100,432.724300,12.200590,0.007974376,0.5316164,6.4860240,2811.950000,2811.939000,0,0,1,1,0,0,0,1
4328,432.816600,432.823800,12.200590,0.007976564,0.5317690,6.4877320,2812.596000,2812.585000,0,0,1,1,0,0,0,1
4329,432.916900,432.924000,12.200390,0.007968440,0.5312158,6.4807760,2813.245000,2813.235000,0,0,1,1,0,0,0,1
4330,433.017000,433.024100,12.201172,0.007971876,0.5313112,6.4827280,2813.895000,2813.884000,0,0,1,1,0,0,0,1
4331,433.116600,433.123800,12.201956,0.007974064,0.5315782,6.4860840,2814.541000,2814.531000,0,0,1,1,0,0,0,1
4332,433.217200,433.224300,12.200980,0.007970630,0.5313684,6.4830940,2815.192000,2815.181000,0,0,1,1,0,0,0,1
4333,433.316600,433.328900,12.201172,0.007972190,0.5314636,6.4843140,2815.870000,2815.860000,0,0,1,1,0,0,0,1
4334,433.416800,433.424000,12.201568,0.007974376,0.5316164,6.4865740,2816.489000,2816.478000,0,0,1,1,0,0,0,1
4335,433.516600,433.523700,12.201368,0.007967504,0.5311586,6.4882820,2817.138000,2817.127000,0,0,1,1,0,0,0,1
4336,433.617100,433.624300,12.200784,0.007969064,0.5312540,6.4815680,2817.789000,2817.779000,0,0,1,1,0,0,0,1
4337,433.716600,433.723900,12.200390,0.007970938,0.5313874,6.4832180,2818.434000,2818.423000,0,0,1,1,0,0,0,1
4338,433.816700,433.823800,12.200004,0.007970316,0.5313492,6.4823020,2819.085000,2819.075000,0,0,1,1,0,0,0,1
4339,433.916700,433.923800,12.200784,0.007980628,0.5320360,6.4912120,2819.731000,2819.720000,0,0,1,1,0,0,0,1
4340,434.016800,434.024600,12.201172,0.007970630,0.5313492,6.4831550,2820.386000,2820.375000,0,0,1,1,0,0,0,1
4341,434.116800,434.124000,12.201172,0.007967816,0.5311776,6.4849860,2821.032000,2821.021000,0,0,1,1,0,0,0,1
4342,434.217200,434.224300,12.201956,0.007968440,0.5312158,6.4815680,2821.681000,2821.670000,0,0,1,1,0,0,0,1
4343,434.316700,434.323900,12.200784,0.007976876,0.5317880,6.4881600,2822.328400,2822.318000,0,0,1,1,0,0,0,1
4344,434.417000,434.424200,12.200590,0.007969690,0.5312920,6.4821180,2822.977000,2822.966000,0,0,1,1,0,0,0,1
4345,434.517000,434.524100,12.200784,0.007975316,0.5316926,6.4869400,2823.628000,2823.618000,0,0,1,1,0,0,0,1
4346,434.616600,434.623800,12.200784,0.007970316,0.5313492,6.4828500,2824.274000,2824.263000,0,0,1,1,0,0,0,1
4347,434.716700,434.724000,12.200390,0.007980000,0.5313492,6.4822400,2824.923000,2824.912000,0,0,1,1,0,0,0,1
4348,434.816700,434.823900,12.200196,0.007968440,0.5319406,6.4893800,2825.575000,2825.564000,0,0,1,1,0,0,0,1
4349,434.917000,434.924100,12.200004,0.007975316,0.5316926,6.4865120,2826.225000,2826.214000,0,0,1,1,0,0,0,1
4350,435.016600,435.023700,12.201172,0.007976250,0.5317498,6.4877960,2826.871000,2826.861000,0,0,1,1,0,0,0,1
4351,435.116600,435.123800,12.201568,0.007974376,0.5316164,6.4865740,2827.519000,2827.508000,0,0,1,1,0,0,0,1
4352,435.217100,435.224300,12.200004,0.007976876,0.5317880,6.4877960,2828.172000,2828.161600,0,0,1,1,0,0,0,1
4353,435.316700,435.323900,12.200196,0.007979064,0.5319214,6.4871860,2828.818000,2828.807000,0,0,1,1,0,0,0,1
4354,435.416700,435.423800,12.200980,0.007974064,0.5315018,6.4844380,2829.464000,2829.453200,0,0,1,1,0,0,0,1
4355,435.517000,435.524200,12.200784,0.007988440,0.5325510,6.4976200,2830.119000,2830.108000,0,0,1,1,0,0,0,1
4356,435.617100,435.624200,12.200590,0.007974376,0.5316164,6.4860840,2830.768000,2830.757000,0,0,1,1,0,0,0,1
4357,435.724000,435.731500,12.200196,0.007974690,0.5316354,6.4860840,2831.463000,2831.453000,0,0,1,1,0,0,0,1
4358,435.816700,435.823800,12.200590,0.007966250,0.5310822,6.4793700,2832.062000,2832.051000,0,0,1,1,0,0,0,1
4359,435.916800,435.924000,12.200390,0.007974064,0.5315972,6.4859640,2832.711000,2832.701000,0,0,1,1,0,0,0,1
4360,436.017100,436.024300,12.200390,0.007971250,0.5314064,6.4831550,2833.363000,2833.352000,0,0,1,1,0,0,0,1
4361,436.116800,436.124000,12.200784,0.007982190,0.5321312,6.4923740,2834.008000,2833.997000,0,0,1,1,0,0,0,1
4362,436.217000,436.224200,12.200390,0.007978440,0.5318834,6.4890160,2834.663000,2834.653000,0,0,1,1,0,0,0,1
4363,436.317200,436.324400,12.200390,0.007973750,0.5315782,6.4854740,2835.313000,2835.302000,0,0,1,1,0,0,0,1
4364,436.416700,436.423800,12.200784,0.007979376,0.5319406,6.4901130,2835.956000,2835.946000,0,0,1,1,0,0,0,1
4365,436.517100,436.524300,12.200784,0.007978128,0.5312730,6.4816920,2836.610000,2836.599000,0,0,1,1,0,0,0,1
4366,436.616600,436.623700,12.201568,0.007969376,0.5317690,6.4874900,2837.252000,2837.242000,0,0,1,1,0,0,0,1
