cycle,time_ns,event,frame_idx,item_idx
391,7970.000,source_accept,-1,0
392,7990.000,source_accept,-1,1
393,8010.000,source_accept,-1,2
394,8030.000,source_accept,-1,3
395,8050.000,source_accept,-1,4
396,8070.000,source_accept,-1,5
397,8090.000,source_accept,-1,6
398,8110.000,source_accept,-1,7
399,8130.000,source_accept,-1,8
400,8150.000,source_accept,-1,9
401,8170.000,source_accept,-1,10
402,8190.000,source_accept,-1,11
403,8210.000,source_accept,-1,12
404,8230.000,source_accept,-1,13
405,8250.000,source_accept,-1,14
406,8270.000,source_accept,-1,15
407,8290.000,source_accept,-1,16
408,8310.000,source_accept,-1,17
409,8330.000,source_accept,-1,18
410,8350.000,source_accept,-1,19
411,8370.000,source_accept,-1,20
412,8390.000,source_accept,-1,21
413,8410.000,source_accept,-1,22
414,8430.000,source_accept,-1,23
415,8450.000,source_accept,-1,24
416,8470.000,source_accept,-1,25
417,8490.000,source_accept,-1,26
418,8510.000,source_accept,-1,27
419,8530.000,source_accept,-1,28
420,8550.000,source_accept,-1,29
421,8570.000,source_accept,-1,30
422,8590.000,source_accept,-1,31
423,8610.000,source_accept,-1,32
424,8630.000,source_accept,-1,33
425,8650.000,source_accept,-1,34
426,8670.000,source_accept,-1,35
427,8690.000,source_accept,-1,36
428,8710.000,source_accept,-1,37
429,8730.000,source_accept,-1,38
430,8750.000,source_accept,-1,39
431,8770.000,source_accept,-1,40
432,8790.000,source_accept,-1,41
433,8810.000,source_accept,-1,42
434,8830.000,source_accept,-1,43
435,8850.000,source_accept,-1,44
436,8870.000,source_accept,-1,45
437,8890.000,source_accept,-1,46
438,8910.000,source_accept,-1,47
439,8930.000,source_accept,-1,48
440,8950.000,source_accept,-1,49
441,8970.000,source_accept,-1,50
442,8990.000,source_accept,-1,51
443,9010.000,source_accept,-1,52
444,9030.000,source_accept,-1,53
445,9050.000,source_accept,-1,54
446,9070.000,source_accept,-1,55
447,9090.000,source_accept,-1,56
448,9110.000,source_accept,-1,57
449,9130.000,source_accept,-1,58
450,9150.000,source_accept,-1,59
451,9170.000,source_accept,-1,60
452,9190.000,source_accept,-1,61
453,9210.000,source_accept,-1,62
454,9230.000,source_accept,-1,63
455,9250.000,source_accept,-1,64
456,9270.000,source_accept,-1,65
457,9290.000,source_accept,-1,66
458,9310.000,source_accept,-1,67
459,9330.000,source_accept,-1,68
460,9350.000,source_accept,-1,69
461,9370.000,source_accept,-1,70
462,9390.000,source_accept,-1,71
463,9410.000,source_accept,-1,72
464,9430.000,source_accept,-1,73
465,9450.000,source_accept,-1,74
466,9470.000,source_accept,-1,75
467,9490.000,source_accept,-1,76
468,9510.000,source_accept,-1,77
469,9530.000,source_accept,-1,78
470,9550.000,source_accept,-1,79
471,9570.000,source_accept,-1,80
472,9590.000,source_accept,-1,81
473,9610.000,source_accept,-1,82
474,9630.000,source_accept,-1,83
475,9650.000,source_accept,-1,84
476,9670.000,source_accept,-1,85
477,9690.000,source_accept,-1,86
478,9710.000,source_accept,-1,87
479,9730.000,source_accept,-1,88
480,9750.000,source_accept,-1,89
481,9770.000,source_accept,-1,90
482,9790.000,source_accept,-1,91
483,9810.000,source_accept,-1,92
484,9830.000,source_accept,-1,93
485,9850.000,source_accept,-1,94
486,9870.000,source_accept,-1,95
487,9890.000,source_accept,-1,96
488,9910.000,source_accept,-1,97
489,9930.000,source_accept,-1,98
490,9950.000,source_accept,-1,99
491,9970.000,source_accept,-1,100
492,9990.000,source_accept,-1,101
493,10010.000,source_accept,-1,102
494,10030.000,source_accept,-1,103
495,10050.000,source_accept,-1,104
496,10070.000,source_accept,-1,105
497,10090.000,source_accept,-1,106
498,10110.000,source_accept,-1,107
499,10130.000,source_accept,-1,108
500,10150.000,source_accept,-1,109
501,10170.000,source_accept,-1,110
502,10190.000,source_accept,-1,111
503,10210.000,source_accept,-1,112
504,10230.000,source_accept,-1,113
505,10250.000,source_accept,-1,114
506,10270.000,source_accept,-1,115
507,10290.000,source_accept,-1,116
508,10310.000,source_accept,-1,117
509,10330.000,source_accept,-1,118
510,10350.000,source_accept,-1,119
511,10370.000,source_accept,-1,120
512,10390.000,source_accept,-1,121
513,10410.000,source_accept,-1,122
514,10430.000,source_accept,-1,123
515,10450.000,source_accept,-1,124
516,10470.000,source_accept,-1,125
517,10490.000,source_accept,-1,126
518,10510.000,source_accept,-1,127
519,10530.000,source_accept,-1,128
520,10550.000,frame_request,0,-1
525,10650.000,window_accept,0,0
527,10690.000,window_accept,0,1
529,10730.000,window_accept,0,2
531,10770.000,window_accept,0,3
533,10810.000,window_accept,0,4
535,10850.000,window_accept,0,5
537,10890.000,window_accept,0,6
539,10930.000,window_accept,0,7
541,10970.000,window_accept,0,8
543,11010.000,window_accept,0,9
545,11050.000,window_accept,0,10
547,11090.000,window_accept,0,11
549,11130.000,window_accept,0,12
551,11170.000,window_accept,0,13
553,11210.000,window_accept,0,14
555,11250.000,window_accept,0,15
557,11290.000,window_accept,0,16
559,11330.000,window_accept,0,17
561,11370.000,window_accept,0,18
563,11410.000,window_accept,0,19
565,11450.000,window_accept,0,20
567,11490.000,window_accept,0,21
569,11530.000,window_accept,0,22
571,11570.000,window_accept,0,23
573,11610.000,window_accept,0,24
575,11650.000,window_accept,0,25
577,11690.000,window_accept,0,26
579,11730.000,window_accept,0,27
581,11770.000,window_accept,0,28
583,11810.000,window_accept,0,29
585,11850.000,window_accept,0,30
587,11890.000,window_accept,0,31
589,11930.000,window_accept,0,32
591,11970.000,window_accept,0,33
593,12010.000,window_accept,0,34
595,12050.000,window_accept,0,35
597,12090.000,window_accept,0,36
599,12130.000,window_accept,0,37
601,12170.000,window_accept,0,38
603,12210.000,window_accept,0,39
605,12250.000,window_accept,0,40
607,12290.000,window_accept,0,41
609,12330.000,window_accept,0,42
611,12370.000,window_accept,0,43
613,12410.000,window_accept,0,44
615,12450.000,window_accept,0,45
617,12490.000,window_accept,0,46
619,12530.000,window_accept,0,47
621,12570.000,window_accept,0,48
623,12610.000,window_accept,0,49
625,12650.000,window_accept,0,50
627,12690.000,window_accept,0,51
629,12730.000,window_accept,0,52
631,12770.000,window_accept,0,53
633,12810.000,window_accept,0,54
635,12850.000,window_accept,0,55
637,12890.000,window_accept,0,56
639,12930.000,window_accept,0,57
641,12970.000,window_accept,0,58
643,13010.000,window_accept,0,59
645,13050.000,window_accept,0,60
647,13090.000,window_accept,0,61
649,13130.000,window_accept,0,62
651,13170.000,window_accept,0,63
653,13210.000,window_accept,0,64
655,13250.000,window_accept,0,65
657,13290.000,window_accept,0,66
659,13330.000,window_accept,0,67
661,13370.000,window_accept,0,68
663,13410.000,window_accept,0,69
665,13450.000,window_accept,0,70
667,13490.000,window_accept,0,71
669,13530.000,window_accept,0,72
671,13570.000,window_accept,0,73
673,13610.000,window_accept,0,74
675,13650.000,window_accept,0,75
677,13690.000,window_accept,0,76
679,13730.000,window_accept,0,77
681,13770.000,window_accept,0,78
683,13810.000,window_accept,0,79
685,13850.000,window_accept,0,80
687,13890.000,window_accept,0,81
689,13930.000,window_accept,0,82
691,13970.000,window_accept,0,83
693,14010.000,window_accept,0,84
695,14050.000,window_accept,0,85
697,14090.000,window_accept,0,86
699,14130.000,window_accept,0,87
701,14170.000,window_accept,0,88
703,14210.000,window_accept,0,89
705,14250.000,window_accept,0,90
707,14290.000,window_accept,0,91
709,14330.000,window_accept,0,92
711,14370.000,window_accept,0,93
713,14410.000,window_accept,0,94
715,14450.000,window_accept,0,95
717,14490.000,window_accept,0,96
719,14530.000,window_accept,0,97
721,14570.000,window_accept,0,98
723,14610.000,window_accept,0,99
725,14650.000,window_accept,0,100
727,14690.000,window_accept,0,101
729,14730.000,window_accept,0,102
731,14770.000,window_accept,0,103
733,14810.000,window_accept,0,104
735,14850.000,window_accept,0,105
737,14890.000,window_accept,0,106
739,14930.000,window_accept,0,107
741,14970.000,window_accept,0,108
743,15010.000,window_accept,0,109
745,15050.000,window_accept,0,110
747,15090.000,window_accept,0,111
749,15130.000,window_accept,0,112
751,15170.000,window_accept,0,113
753,15210.000,window_accept,0,114
755,15250.000,window_accept,0,115
757,15290.000,window_accept,0,116
759,15330.000,window_accept,0,117
761,15370.000,window_accept,0,118
763,15410.000,window_accept,0,119
765,15450.000,window_accept,0,120
767,15490.000,window_accept,0,121
769,15530.000,window_accept,0,122
771,15570.000,window_accept,0,123
773,15610.000,window_accept,0,124
775,15650.000,window_accept,0,125
777,15690.000,window_accept,0,126
779,15730.000,window_accept,0,127
781,15770.000,window_accept,0,128
783,15810.000,window_accept,0,129
785,15850.000,window_accept,0,130
787,15890.000,window_accept,0,131
789,15930.000,window_accept,0,132
791,15970.000,window_accept,0,133
793,16010.000,window_accept,0,134
795,16050.000,window_accept,0,135
797,16090.000,window_accept,0,136
799,16130.000,window_accept,0,137
801,16170.000,window_accept,0,138
803,16210.000,window_accept,0,139
805,16250.000,window_accept,0,140
807,16290.000,window_accept,0,141
809,16330.000,window_accept,0,142
811,16370.000,window_accept,0,143
813,16410.000,window_accept,0,144
815,16450.000,window_accept,0,145
817,16490.000,window_accept,0,146
819,16530.000,window_accept,0,147
821,16570.000,window_accept,0,148
823,16610.000,window_accept,0,149
825,16650.000,window_accept,0,150
827,16690.000,window_accept,0,151
829,16730.000,window_accept,0,152
831,16770.000,window_accept,0,153
833,16810.000,window_accept,0,154
835,16850.000,window_accept,0,155
837,16890.000,window_accept,0,156
839,16930.000,window_accept,0,157
841,16970.000,window_accept,0,158
843,17010.000,window_accept,0,159
845,17050.000,window_accept,0,160
847,17090.000,window_accept,0,161
849,17130.000,window_accept,0,162
851,17170.000,window_accept,0,163
853,17210.000,window_accept,0,164
855,17250.000,window_accept,0,165
857,17290.000,window_accept,0,166
859,17330.000,window_accept,0,167
861,17370.000,window_accept,0,168
863,17410.000,window_accept,0,169
865,17450.000,window_accept,0,170
867,17490.000,window_accept,0,171
869,17530.000,window_accept,0,172
871,17570.000,window_accept,0,173
873,17610.000,window_accept,0,174
875,17650.000,window_accept,0,175
877,17690.000,window_accept,0,176
879,17730.000,window_accept,0,177
881,17770.000,window_accept,0,178
883,17810.000,window_accept,0,179
885,17850.000,window_accept,0,180
887,17890.000,window_accept,0,181
889,17930.000,window_accept,0,182
891,17970.000,window_accept,0,183
893,18010.000,window_accept,0,184
895,18050.000,window_accept,0,185
897,18090.000,window_accept,0,186
899,18130.000,window_accept,0,187
901,18170.000,window_accept,0,188
903,18210.000,window_accept,0,189
905,18250.000,window_accept,0,190
907,18290.000,window_accept,0,191
909,18330.000,window_accept,0,192
911,18370.000,window_accept,0,193
913,18410.000,window_accept,0,194
915,18450.000,window_accept,0,195
917,18490.000,window_accept,0,196
919,18530.000,window_accept,0,197
921,18570.000,window_accept,0,198
923,18610.000,window_accept,0,199
925,18650.000,window_accept,0,200
927,18690.000,window_accept,0,201
929,18730.000,window_accept,0,202
931,18770.000,window_accept,0,203
933,18810.000,window_accept,0,204
935,18850.000,window_accept,0,205
937,18890.000,window_accept,0,206
939,18930.000,window_accept,0,207
941,18970.000,window_accept,0,208
943,19010.000,window_accept,0,209
945,19050.000,window_accept,0,210
947,19090.000,window_accept,0,211
949,19130.000,window_accept,0,212
951,19170.000,window_accept,0,213
953,19210.000,window_accept,0,214
955,19250.000,window_accept,0,215
957,19290.000,window_accept,0,216
959,19330.000,window_accept,0,217
961,19370.000,window_accept,0,218
963,19410.000,window_accept,0,219
965,19450.000,window_accept,0,220
967,19490.000,window_accept,0,221
969,19530.000,window_accept,0,222
971,19570.000,window_accept,0,223
973,19610.000,window_accept,0,224
975,19650.000,window_accept,0,225
977,19690.000,window_accept,0,226
979,19730.000,window_accept,0,227
981,19770.000,window_accept,0,228
983,19810.000,window_accept,0,229
985,19850.000,window_accept,0,230
987,19890.000,window_accept,0,231
989,19930.000,window_accept,0,232
991,19970.000,window_accept,0,233
993,20010.000,window_accept,0,234
995,20050.000,window_accept,0,235
997,20090.000,window_accept,0,236
999,20130.000,window_accept,0,237
1001,20170.000,window_accept,0,238
1003,20210.000,window_accept,0,239
1005,20250.000,window_accept,0,240
1007,20290.000,window_accept,0,241
1009,20330.000,window_accept,0,242
1011,20370.000,window_accept,0,243
1013,20410.000,window_accept,0,244
1015,20450.000,window_accept,0,245
1017,20490.000,window_accept,0,246
1019,20530.000,window_accept,0,247
1021,20570.000,window_accept,0,248
1023,20610.000,window_accept,0,249
1025,20650.000,window_accept,0,250
1027,20690.000,window_accept,0,251
1029,20730.000,window_accept,0,252
1031,20770.000,window_accept,0,253
1033,20810.000,window_accept,0,254
1035,20850.000,source_accept,-1,129
1035,20850.000,window_accept,0,255
1036,20870.000,source_accept,-1,130
1036,20870.000,fft_compute_start,0,1
1037,20890.000,source_accept,-1,131
1038,20910.000,source_accept,-1,132
1039,20930.000,source_accept,-1,133
1040,20950.000,source_accept,-1,134
1041,20970.000,source_accept,-1,135
1042,20990.000,source_accept,-1,136
1043,21010.000,source_accept,-1,137
1044,21030.000,source_accept,-1,138
1045,21050.000,source_accept,-1,139
1046,21070.000,source_accept,-1,140
1047,21090.000,source_accept,-1,141
1048,21110.000,source_accept,-1,142
1049,21130.000,source_accept,-1,143
1050,21150.000,source_accept,-1,144
1051,21170.000,source_accept,-1,145
1052,21190.000,source_accept,-1,146
1053,21210.000,source_accept,-1,147
1054,21230.000,source_accept,-1,148
1055,21250.000,source_accept,-1,149
1056,21270.000,source_accept,-1,150
1057,21290.000,source_accept,-1,151
1058,21310.000,source_accept,-1,152
1059,21330.000,source_accept,-1,153
1060,21350.000,source_accept,-1,154
1061,21370.000,source_accept,-1,155
1062,21390.000,source_accept,-1,156
1063,21410.000,source_accept,-1,157
1064,21430.000,source_accept,-1,158
1065,21450.000,source_accept,-1,159
1066,21470.000,source_accept,-1,160
1067,21490.000,source_accept,-1,161
1068,21510.000,source_accept,-1,162
1069,21530.000,source_accept,-1,163
1070,21550.000,source_accept,-1,164
1071,21570.000,source_accept,-1,165
1072,21590.000,source_accept,-1,166
1073,21610.000,source_accept,-1,167
1074,21630.000,source_accept,-1,168
1075,21650.000,source_accept,-1,169
1076,21670.000,source_accept,-1,170
1077,21690.000,source_accept,-1,171
1078,21710.000,source_accept,-1,172
1079,21730.000,source_accept,-1,173
1080,21750.000,source_accept,-1,174
1081,21770.000,source_accept,-1,175
1082,21790.000,source_accept,-1,176
1083,21810.000,source_accept,-1,177
1084,21830.000,source_accept,-1,178
1085,21850.000,source_accept,-1,179
1086,21870.000,source_accept,-1,180
1087,21890.000,source_accept,-1,181
1088,21910.000,source_accept,-1,182
1089,21930.000,source_accept,-1,183
1090,21950.000,source_accept,-1,184
1091,21970.000,source_accept,-1,185
1092,21990.000,source_accept,-1,186
1093,22010.000,source_accept,-1,187
1094,22030.000,source_accept,-1,188
1095,22050.000,source_accept,-1,189
1096,22070.000,source_accept,-1,190
1097,22090.000,source_accept,-1,191
1098,22110.000,source_accept,-1,192
1099,22130.000,source_accept,-1,193
1100,22150.000,source_accept,-1,194
1101,22170.000,source_accept,-1,195
1102,22190.000,source_accept,-1,196
1103,22210.000,source_accept,-1,197
1104,22230.000,source_accept,-1,198
1105,22250.000,source_accept,-1,199
1106,22270.000,source_accept,-1,200
1107,22290.000,source_accept,-1,201
1108,22310.000,source_accept,-1,202
1109,22330.000,source_accept,-1,203
1110,22350.000,source_accept,-1,204
1111,22370.000,source_accept,-1,205
1112,22390.000,source_accept,-1,206
1113,22410.000,source_accept,-1,207
1114,22430.000,source_accept,-1,208
1115,22450.000,source_accept,-1,209
1116,22470.000,source_accept,-1,210
1117,22490.000,source_accept,-1,211
1118,22510.000,source_accept,-1,212
1119,22530.000,source_accept,-1,213
1120,22550.000,source_accept,-1,214
1121,22570.000,source_accept,-1,215
1122,22590.000,source_accept,-1,216
1123,22610.000,source_accept,-1,217
1124,22630.000,source_accept,-1,218
1125,22650.000,source_accept,-1,219
1126,22670.000,source_accept,-1,220
1127,22690.000,source_accept,-1,221
1128,22710.000,source_accept,-1,222
1129,22730.000,source_accept,-1,223
1130,22750.000,source_accept,-1,224
1131,22770.000,source_accept,-1,225
1132,22790.000,source_accept,-1,226
1133,22810.000,source_accept,-1,227
1134,22830.000,source_accept,-1,228
1135,22850.000,source_accept,-1,229
1136,22870.000,source_accept,-1,230
1137,22890.000,source_accept,-1,231
1138,22910.000,source_accept,-1,232
1139,22930.000,source_accept,-1,233
1140,22950.000,source_accept,-1,234
1141,22970.000,source_accept,-1,235
1142,22990.000,source_accept,-1,236
1143,23010.000,source_accept,-1,237
1144,23030.000,source_accept,-1,238
1145,23050.000,source_accept,-1,239
1146,23070.000,source_accept,-1,240
1147,23090.000,source_accept,-1,241
1148,23110.000,source_accept,-1,242
1149,23130.000,source_accept,-1,243
1150,23150.000,source_accept,-1,244
1151,23170.000,source_accept,-1,245
1152,23190.000,source_accept,-1,246
1153,23210.000,source_accept,-1,247
1154,23230.000,source_accept,-1,248
1155,23250.000,source_accept,-1,249
1156,23270.000,source_accept,-1,250
1157,23290.000,source_accept,-1,251
1158,23310.000,source_accept,-1,252
1159,23330.000,source_accept,-1,253
1160,23350.000,source_accept,-1,254
1161,23370.000,source_accept,-1,255
1162,23390.000,source_accept,-1,256
1163,23410.000,frame_request,1,-1
8204,164230.000,fft_compute_end,0,-1
8205,164250.000,fft_accept,0,0
8207,164290.000,fft_accept,0,1
8209,164330.000,fft_accept,0,2
8211,164370.000,fft_accept,0,3
8213,164410.000,fft_accept,0,4
8215,164450.000,fft_accept,0,5
8217,164490.000,fft_accept,0,6
8219,164530.000,fft_accept,0,7
8221,164570.000,fft_accept,0,8
8223,164610.000,fft_accept,0,9
8225,164650.000,fft_accept,0,10
8227,164690.000,fft_accept,0,11
8229,164730.000,fft_accept,0,12
8231,164770.000,fft_accept,0,13
8233,164810.000,fft_accept,0,14
8235,164850.000,fft_accept,0,15
8237,164890.000,fft_accept,0,16
8239,164930.000,fft_accept,0,17
8241,164970.000,fft_accept,0,18
8243,165010.000,fft_accept,0,19
8245,165050.000,fft_accept,0,20
8247,165090.000,fft_accept,0,21
8249,165130.000,fft_accept,0,22
8251,165170.000,fft_accept,0,23
8253,165210.000,fft_accept,0,24
8255,165250.000,fft_accept,0,25
8257,165290.000,fft_accept,0,26
8259,165330.000,fft_accept,0,27
8261,165370.000,fft_accept,0,28
8263,165410.000,fft_accept,0,29
8265,165450.000,fft_accept,0,30
8267,165490.000,fft_accept,0,31
8269,165530.000,fft_accept,0,32
8271,165570.000,fft_accept,0,33
8273,165610.000,fft_accept,0,34
8275,165650.000,fft_accept,0,35
8277,165690.000,fft_accept,0,36
8279,165730.000,fft_accept,0,37
8281,165770.000,fft_accept,0,38
8283,165810.000,fft_accept,0,39
8285,165850.000,fft_accept,0,40
8287,165890.000,fft_accept,0,41
8289,165930.000,fft_accept,0,42
8291,165970.000,fft_accept,0,43
8293,166010.000,fft_accept,0,44
8295,166050.000,fft_accept,0,45
8297,166090.000,fft_accept,0,46
8299,166130.000,fft_accept,0,47
8301,166170.000,fft_accept,0,48
8303,166210.000,fft_accept,0,49
8305,166250.000,fft_accept,0,50
8307,166290.000,fft_accept,0,51
8309,166330.000,fft_accept,0,52
8311,166370.000,fft_accept,0,53
8313,166410.000,fft_accept,0,54
8315,166450.000,fft_accept,0,55
8317,166490.000,fft_accept,0,56
8319,166530.000,fft_accept,0,57
8321,166570.000,fft_accept,0,58
8323,166610.000,fft_accept,0,59
8325,166650.000,fft_accept,0,60
8327,166690.000,fft_accept,0,61
8329,166730.000,fft_accept,0,62
8331,166770.000,fft_accept,0,63
8333,166810.000,fft_accept,0,64
8335,166850.000,fft_accept,0,65
8337,166890.000,fft_accept,0,66
8339,166930.000,fft_accept,0,67
8341,166970.000,fft_accept,0,68
8343,167010.000,fft_accept,0,69
8345,167050.000,fft_accept,0,70
8347,167090.000,fft_accept,0,71
8349,167130.000,fft_accept,0,72
8351,167170.000,fft_accept,0,73
8353,167210.000,fft_accept,0,74
8355,167250.000,fft_accept,0,75
8357,167290.000,fft_accept,0,76
8359,167330.000,fft_accept,0,77
8361,167370.000,fft_accept,0,78
8363,167410.000,fft_accept,0,79
8365,167450.000,fft_accept,0,80
8367,167490.000,fft_accept,0,81
8369,167530.000,fft_accept,0,82
8371,167570.000,fft_accept,0,83
8373,167610.000,fft_accept,0,84
8375,167650.000,fft_accept,0,85
8377,167690.000,fft_accept,0,86
8379,167730.000,fft_accept,0,87
8381,167770.000,fft_accept,0,88
8383,167810.000,fft_accept,0,89
8385,167850.000,fft_accept,0,90
8387,167890.000,fft_accept,0,91
8389,167930.000,fft_accept,0,92
8391,167970.000,fft_accept,0,93
8393,168010.000,fft_accept,0,94
8395,168050.000,fft_accept,0,95
8397,168090.000,fft_accept,0,96
8399,168130.000,fft_accept,0,97
8401,168170.000,fft_accept,0,98
8403,168210.000,fft_accept,0,99
8405,168250.000,fft_accept,0,100
8407,168290.000,fft_accept,0,101
8409,168330.000,fft_accept,0,102
8411,168370.000,fft_accept,0,103
8413,168410.000,fft_accept,0,104
8415,168450.000,fft_accept,0,105
8417,168490.000,fft_accept,0,106
8419,168530.000,fft_accept,0,107
8421,168570.000,fft_accept,0,108
8423,168610.000,fft_accept,0,109
8425,168650.000,fft_accept,0,110
8427,168690.000,fft_accept,0,111
8429,168730.000,fft_accept,0,112
8431,168770.000,fft_accept,0,113
8433,168810.000,fft_accept,0,114
8435,168850.000,fft_accept,0,115
8437,168890.000,fft_accept,0,116
8439,168930.000,fft_accept,0,117
8441,168970.000,fft_accept,0,118
8443,169010.000,fft_accept,0,119
8445,169050.000,fft_accept,0,120
8447,169090.000,fft_accept,0,121
8449,169130.000,fft_accept,0,122
8451,169170.000,fft_accept,0,123
8453,169210.000,fft_accept,0,124
8455,169250.000,fft_accept,0,125
8457,169290.000,fft_accept,0,126
8459,169330.000,fft_accept,0,127
8461,169370.000,fft_accept,0,128
8463,169410.000,fft_accept,0,129
8465,169450.000,fft_accept,0,130
8467,169490.000,fft_accept,0,131
8469,169530.000,fft_accept,0,132
8471,169570.000,fft_accept,0,133
8473,169610.000,fft_accept,0,134
8475,169650.000,fft_accept,0,135
8477,169690.000,fft_accept,0,136
8479,169730.000,fft_accept,0,137
8481,169770.000,fft_accept,0,138
8483,169810.000,fft_accept,0,139
8485,169850.000,fft_accept,0,140
8487,169890.000,fft_accept,0,141
8489,169930.000,fft_accept,0,142
8491,169970.000,fft_accept,0,143
8493,170010.000,fft_accept,0,144
8495,170050.000,fft_accept,0,145
8497,170090.000,fft_accept,0,146
8499,170130.000,fft_accept,0,147
8501,170170.000,fft_accept,0,148
8503,170210.000,fft_accept,0,149
8505,170250.000,fft_accept,0,150
8507,170290.000,fft_accept,0,151
8509,170330.000,fft_accept,0,152
8511,170370.000,fft_accept,0,153
8513,170410.000,fft_accept,0,154
8515,170450.000,fft_accept,0,155
8517,170490.000,fft_accept,0,156
8519,170530.000,fft_accept,0,157
8521,170570.000,fft_accept,0,158
8523,170610.000,fft_accept,0,159
8525,170650.000,fft_accept,0,160
8527,170690.000,fft_accept,0,161
8529,170730.000,fft_accept,0,162
8531,170770.000,fft_accept,0,163
8533,170810.000,fft_accept,0,164
8535,170850.000,fft_accept,0,165
8537,170890.000,fft_accept,0,166
8539,170930.000,fft_accept,0,167
8541,170970.000,fft_accept,0,168
8543,171010.000,fft_accept,0,169
8545,171050.000,fft_accept,0,170
8547,171090.000,fft_accept,0,171
8549,171130.000,fft_accept,0,172
8551,171170.000,fft_accept,0,173
8553,171210.000,fft_accept,0,174
8555,171250.000,fft_accept,0,175
8557,171290.000,fft_accept,0,176
8559,171330.000,fft_accept,0,177
8561,171370.000,fft_accept,0,178
8563,171410.000,fft_accept,0,179
8565,171450.000,fft_accept,0,180
8567,171490.000,fft_accept,0,181
8569,171530.000,fft_accept,0,182
8571,171570.000,fft_accept,0,183
8573,171610.000,fft_accept,0,184
8575,171650.000,fft_accept,0,185
8577,171690.000,fft_accept,0,186
8579,171730.000,fft_accept,0,187
8581,171770.000,fft_accept,0,188
8583,171810.000,fft_accept,0,189
8585,171850.000,fft_accept,0,190
8587,171890.000,fft_accept,0,191
8589,171930.000,fft_accept,0,192
8591,171970.000,fft_accept,0,193
8593,172010.000,fft_accept,0,194
8595,172050.000,fft_accept,0,195
8597,172090.000,fft_accept,0,196
8599,172130.000,fft_accept,0,197
8601,172170.000,fft_accept,0,198
8603,172210.000,fft_accept,0,199
8605,172250.000,fft_accept,0,200
8607,172290.000,fft_accept,0,201
8609,172330.000,fft_accept,0,202
8611,172370.000,fft_accept,0,203
8613,172410.000,fft_accept,0,204
8615,172450.000,fft_accept,0,205
8617,172490.000,fft_accept,0,206
8619,172530.000,fft_accept,0,207
8621,172570.000,fft_accept,0,208
8623,172610.000,fft_accept,0,209
8625,172650.000,fft_accept,0,210
8627,172690.000,fft_accept,0,211
8629,172730.000,fft_accept,0,212
8631,172770.000,fft_accept,0,213
8633,172810.000,fft_accept,0,214
8635,172850.000,fft_accept,0,215
8637,172890.000,fft_accept,0,216
8639,172930.000,fft_accept,0,217
8641,172970.000,fft_accept,0,218
8643,173010.000,fft_accept,0,219
8645,173050.000,fft_accept,0,220
8647,173090.000,fft_accept,0,221
8649,173130.000,fft_accept,0,222
8651,173170.000,fft_accept,0,223
8653,173210.000,fft_accept,0,224
8655,173250.000,fft_accept,0,225
8657,173290.000,fft_accept,0,226
8659,173330.000,fft_accept,0,227
8661,173370.000,fft_accept,0,228
8663,173410.000,fft_accept,0,229
8665,173450.000,fft_accept,0,230
8667,173490.000,fft_accept,0,231
8669,173530.000,fft_accept,0,232
8671,173570.000,fft_accept,0,233
8673,173610.000,fft_accept,0,234
8675,173650.000,fft_accept,0,235
8677,173690.000,fft_accept,0,236
8679,173730.000,fft_accept,0,237
8681,173770.000,fft_accept,0,238
8683,173810.000,fft_accept,0,239
8685,173850.000,fft_accept,0,240
8687,173890.000,fft_accept,0,241
8689,173930.000,fft_accept,0,242
8691,173970.000,fft_accept,0,243
8693,174010.000,fft_accept,0,244
8695,174050.000,fft_accept,0,245
8697,174090.000,fft_accept,0,246
8699,174130.000,fft_accept,0,247
8701,174170.000,fft_accept,0,248
8703,174210.000,fft_accept,0,249
8705,174250.000,fft_accept,0,250
8707,174290.000,fft_accept,0,251
8709,174330.000,fft_accept,0,252
8711,174370.000,fft_accept,0,253
8713,174410.000,fft_accept,0,254
8715,174450.000,fft_accept,0,255
8716,174470.000,window_accept,1,0
8717,174490.000,window_accept,1,1
8719,174530.000,window_accept,1,2
8719,174530.000,canon_accept,0,0
8720,174550.000,mask_accept,0,0
8721,174570.000,window_accept,1,3
8721,174570.000,spec_accept,0,0
8723,174610.000,window_accept,1,4
8723,174610.000,canon_accept,0,1
8724,174630.000,mask_accept,0,1
8725,174650.000,window_accept,1,5
8725,174650.000,spec_accept,0,1
8727,174690.000,window_accept,1,6
8727,174690.000,canon_accept,0,2
8728,174710.000,mask_accept,0,2
8729,174730.000,window_accept,1,7
8729,174730.000,spec_accept,0,2
8731,174770.000,window_accept,1,8
8731,174770.000,canon_accept,0,3
8732,174790.000,mask_accept,0,3
8733,174810.000,window_accept,1,9
8733,174810.000,spec_accept,0,3
8735,174850.000,window_accept,1,10
8735,174850.000,canon_accept,0,4
8736,174870.000,mask_accept,0,4
8737,174890.000,window_accept,1,11
8737,174890.000,spec_accept,0,4
8739,174930.000,window_accept,1,12
8739,174930.000,canon_accept,0,5
8740,174950.000,mask_accept,0,5
8741,174970.000,window_accept,1,13
8741,174970.000,spec_accept,0,5
8743,175010.000,window_accept,1,14
8743,175010.000,canon_accept,0,6
8744,175030.000,mask_accept,0,6
8745,175050.000,window_accept,1,15
8745,175050.000,spec_accept,0,6
8747,175090.000,window_accept,1,16
8747,175090.000,canon_accept,0,7
8748,175110.000,mask_accept,0,7
8749,175130.000,window_accept,1,17
8749,175130.000,spec_accept,0,7
8751,175170.000,window_accept,1,18
8751,175170.000,canon_accept,0,8
8752,175190.000,mask_accept,0,8
8753,175210.000,window_accept,1,19
8753,175210.000,spec_accept,0,8
8755,175250.000,window_accept,1,20
8755,175250.000,canon_accept,0,9
8756,175270.000,mask_accept,0,9
8757,175290.000,window_accept,1,21
8757,175290.000,spec_accept,0,9
8759,175330.000,window_accept,1,22
8759,175330.000,canon_accept,0,10
8760,175350.000,mask_accept,0,10
8761,175370.000,window_accept,1,23
8761,175370.000,spec_accept,0,10
8763,175410.000,window_accept,1,24
8763,175410.000,canon_accept,0,11
8764,175430.000,mask_accept,0,11
8765,175450.000,window_accept,1,25
8765,175450.000,spec_accept,0,11
8767,175490.000,window_accept,1,26
8767,175490.000,canon_accept,0,12
8768,175510.000,mask_accept,0,12
8769,175530.000,window_accept,1,27
8769,175530.000,spec_accept,0,12
8771,175570.000,window_accept,1,28
8771,175570.000,canon_accept,0,13
8772,175590.000,mask_accept,0,13
8773,175610.000,window_accept,1,29
8773,175610.000,spec_accept,0,13
8775,175650.000,window_accept,1,30
8775,175650.000,canon_accept,0,14
8776,175670.000,mask_accept,0,14
8777,175690.000,window_accept,1,31
8777,175690.000,spec_accept,0,14
8779,175730.000,window_accept,1,32
8779,175730.000,canon_accept,0,15
8780,175750.000,mask_accept,0,15
8781,175770.000,window_accept,1,33
8781,175770.000,spec_accept,0,15
8783,175810.000,window_accept,1,34
8783,175810.000,canon_accept,0,16
8784,175830.000,mask_accept,0,16
8785,175850.000,window_accept,1,35
8785,175850.000,spec_accept,0,16
8787,175890.000,window_accept,1,36
8787,175890.000,canon_accept,0,17
8788,175910.000,mask_accept,0,17
8789,175930.000,window_accept,1,37
8789,175930.000,spec_accept,0,17
8791,175970.000,window_accept,1,38
8791,175970.000,canon_accept,0,18
8792,175990.000,mask_accept,0,18
8793,176010.000,window_accept,1,39
8793,176010.000,spec_accept,0,18
8795,176050.000,window_accept,1,40
8795,176050.000,canon_accept,0,19
8796,176070.000,mask_accept,0,19
8797,176090.000,window_accept,1,41
8797,176090.000,spec_accept,0,19
8799,176130.000,window_accept,1,42
8799,176130.000,canon_accept,0,20
8800,176150.000,mask_accept,0,20
8801,176170.000,window_accept,1,43
8801,176170.000,spec_accept,0,20
8803,176210.000,window_accept,1,44
8803,176210.000,canon_accept,0,21
8804,176230.000,mask_accept,0,21
8805,176250.000,window_accept,1,45
8805,176250.000,spec_accept,0,21
8807,176290.000,window_accept,1,46
8807,176290.000,canon_accept,0,22
8808,176310.000,mask_accept,0,22
8809,176330.000,window_accept,1,47
8809,176330.000,spec_accept,0,22
8811,176370.000,window_accept,1,48
8811,176370.000,canon_accept,0,23
8812,176390.000,mask_accept,0,23
8813,176410.000,window_accept,1,49
8813,176410.000,spec_accept,0,23
8815,176450.000,window_accept,1,50
8815,176450.000,canon_accept,0,24
8816,176470.000,mask_accept,0,24
8817,176490.000,window_accept,1,51
8817,176490.000,spec_accept,0,24
8819,176530.000,window_accept,1,52
8819,176530.000,canon_accept,0,25
8820,176550.000,mask_accept,0,25
8821,176570.000,window_accept,1,53
8821,176570.000,spec_accept,0,25
8823,176610.000,window_accept,1,54
8823,176610.000,canon_accept,0,26
8824,176630.000,mask_accept,0,26
8825,176650.000,window_accept,1,55
8825,176650.000,spec_accept,0,26
8827,176690.000,window_accept,1,56
8827,176690.000,canon_accept,0,27
8828,176710.000,mask_accept,0,27
8829,176730.000,window_accept,1,57
8829,176730.000,spec_accept,0,27
8831,176770.000,window_accept,1,58
8831,176770.000,canon_accept,0,28
8832,176790.000,mask_accept,0,28
8833,176810.000,window_accept,1,59
8833,176810.000,spec_accept,0,28
8835,176850.000,window_accept,1,60
8835,176850.000,canon_accept,0,29
8836,176870.000,mask_accept,0,29
8837,176890.000,window_accept,1,61
8837,176890.000,spec_accept,0,29
8839,176930.000,window_accept,1,62
8839,176930.000,canon_accept,0,30
8840,176950.000,mask_accept,0,30
8841,176970.000,window_accept,1,63
8841,176970.000,spec_accept,0,30
8843,177010.000,window_accept,1,64
8843,177010.000,canon_accept,0,31
8844,177030.000,mask_accept,0,31
8845,177050.000,window_accept,1,65
8845,177050.000,spec_accept,0,31
8847,177090.000,window_accept,1,66
8847,177090.000,canon_accept,0,32
8848,177110.000,mask_accept,0,32
8849,177130.000,window_accept,1,67
8849,177130.000,spec_accept,0,32
8851,177170.000,window_accept,1,68
8851,177170.000,canon_accept,0,33
8852,177190.000,mask_accept,0,33
8853,177210.000,window_accept,1,69
8853,177210.000,spec_accept,0,33
8855,177250.000,window_accept,1,70
8855,177250.000,canon_accept,0,34
8856,177270.000,mask_accept,0,34
8857,177290.000,window_accept,1,71
8857,177290.000,spec_accept,0,34
8859,177330.000,window_accept,1,72
8859,177330.000,canon_accept,0,35
8860,177350.000,mask_accept,0,35
8861,177370.000,window_accept,1,73
8861,177370.000,spec_accept,0,35
8863,177410.000,window_accept,1,74
8863,177410.000,canon_accept,0,36
8864,177430.000,mask_accept,0,36
8865,177450.000,window_accept,1,75
8865,177450.000,spec_accept,0,36
8867,177490.000,window_accept,1,76
8867,177490.000,canon_accept,0,37
8868,177510.000,mask_accept,0,37
8869,177530.000,window_accept,1,77
8869,177530.000,spec_accept,0,37
8871,177570.000,window_accept,1,78
8871,177570.000,canon_accept,0,38
8872,177590.000,mask_accept,0,38
8873,177610.000,window_accept,1,79
8873,177610.000,spec_accept,0,38
8875,177650.000,window_accept,1,80
8875,177650.000,canon_accept,0,39
8876,177670.000,mask_accept,0,39
8877,177690.000,window_accept,1,81
8877,177690.000,spec_accept,0,39
8879,177730.000,window_accept,1,82
8879,177730.000,canon_accept,0,40
8880,177750.000,mask_accept,0,40
8881,177770.000,window_accept,1,83
8881,177770.000,spec_accept,0,40
8883,177810.000,window_accept,1,84
8883,177810.000,canon_accept,0,41
8884,177830.000,mask_accept,0,41
8885,177850.000,window_accept,1,85
8885,177850.000,spec_accept,0,41
8887,177890.000,window_accept,1,86
8887,177890.000,canon_accept,0,42
8888,177910.000,mask_accept,0,42
8889,177930.000,window_accept,1,87
8889,177930.000,spec_accept,0,42
8891,177970.000,window_accept,1,88
8891,177970.000,canon_accept,0,43
8892,177990.000,mask_accept,0,43
8893,178010.000,window_accept,1,89
8893,178010.000,spec_accept,0,43
8895,178050.000,window_accept,1,90
8895,178050.000,canon_accept,0,44
8896,178070.000,mask_accept,0,44
8897,178090.000,window_accept,1,91
8897,178090.000,spec_accept,0,44
8899,178130.000,window_accept,1,92
8899,178130.000,canon_accept,0,45
8900,178150.000,mask_accept,0,45
8901,178170.000,window_accept,1,93
8901,178170.000,spec_accept,0,45
8903,178210.000,window_accept,1,94
8903,178210.000,canon_accept,0,46
8904,178230.000,mask_accept,0,46
8905,178250.000,window_accept,1,95
8905,178250.000,spec_accept,0,46
8907,178290.000,window_accept,1,96
8907,178290.000,canon_accept,0,47
8908,178310.000,mask_accept,0,47
8909,178330.000,window_accept,1,97
8909,178330.000,spec_accept,0,47
8911,178370.000,window_accept,1,98
8911,178370.000,canon_accept,0,48
8912,178390.000,mask_accept,0,48
8913,178410.000,window_accept,1,99
8913,178410.000,spec_accept,0,48
8915,178450.000,window_accept,1,100
8915,178450.000,canon_accept,0,49
8916,178470.000,mask_accept,0,49
8917,178490.000,window_accept,1,101
8917,178490.000,spec_accept,0,49
8919,178530.000,window_accept,1,102
8919,178530.000,canon_accept,0,50
8920,178550.000,mask_accept,0,50
8921,178570.000,window_accept,1,103
8921,178570.000,spec_accept,0,50
8923,178610.000,window_accept,1,104
8923,178610.000,canon_accept,0,51
8924,178630.000,mask_accept,0,51
8925,178650.000,window_accept,1,105
8925,178650.000,spec_accept,0,51
8927,178690.000,window_accept,1,106
8927,178690.000,canon_accept,0,52
8928,178710.000,mask_accept,0,52
8929,178730.000,window_accept,1,107
8929,178730.000,spec_accept,0,52
8931,178770.000,window_accept,1,108
8931,178770.000,canon_accept,0,53
8932,178790.000,mask_accept,0,53
8933,178810.000,window_accept,1,109
8933,178810.000,spec_accept,0,53
8935,178850.000,window_accept,1,110
8935,178850.000,canon_accept,0,54
8936,178870.000,mask_accept,0,54
8937,178890.000,window_accept,1,111
8937,178890.000,spec_accept,0,54
8939,178930.000,window_accept,1,112
8939,178930.000,canon_accept,0,55
8940,178950.000,mask_accept,0,55
8941,178970.000,window_accept,1,113
8941,178970.000,spec_accept,0,55
8943,179010.000,window_accept,1,114
8943,179010.000,canon_accept,0,56
8944,179030.000,mask_accept,0,56
8945,179050.000,window_accept,1,115
8945,179050.000,spec_accept,0,56
8947,179090.000,window_accept,1,116
8947,179090.000,canon_accept,0,57
8948,179110.000,mask_accept,0,57
8949,179130.000,window_accept,1,117
8949,179130.000,spec_accept,0,57
8951,179170.000,window_accept,1,118
8951,179170.000,canon_accept,0,58
8952,179190.000,mask_accept,0,58
8953,179210.000,window_accept,1,119
8953,179210.000,spec_accept,0,58
8955,179250.000,window_accept,1,120
8955,179250.000,canon_accept,0,59
8956,179270.000,mask_accept,0,59
8957,179290.000,window_accept,1,121
8957,179290.000,spec_accept,0,59
8959,179330.000,window_accept,1,122
8959,179330.000,canon_accept,0,60
8960,179350.000,mask_accept,0,60
8961,179370.000,window_accept,1,123
8961,179370.000,spec_accept,0,60
8963,179410.000,window_accept,1,124
8963,179410.000,canon_accept,0,61
8964,179430.000,mask_accept,0,61
8965,179450.000,window_accept,1,125
8965,179450.000,spec_accept,0,61
8967,179490.000,window_accept,1,126
8967,179490.000,canon_accept,0,62
8968,179510.000,mask_accept,0,62
8969,179530.000,window_accept,1,127
8969,179530.000,spec_accept,0,62
8971,179570.000,window_accept,1,128
8971,179570.000,canon_accept,0,63
8972,179590.000,mask_accept,0,63
8973,179610.000,window_accept,1,129
8973,179610.000,spec_accept,0,63
8975,179650.000,window_accept,1,130
8975,179650.000,canon_accept,0,64
8976,179670.000,mask_accept,0,64
8977,179690.000,window_accept,1,131
8977,179690.000,spec_accept,0,64
8979,179730.000,window_accept,1,132
8979,179730.000,canon_accept,0,65
8980,179750.000,mask_accept,0,65
8981,179770.000,window_accept,1,133
8981,179770.000,spec_accept,0,65
8983,179810.000,window_accept,1,134
8983,179810.000,canon_accept,0,66
8984,179830.000,mask_accept,0,66
8985,179850.000,window_accept,1,135
8985,179850.000,spec_accept,0,66
8987,179890.000,window_accept,1,136
8987,179890.000,canon_accept,0,67
8988,179910.000,mask_accept,0,67
8989,179930.000,window_accept,1,137
8989,179930.000,spec_accept,0,67
8991,179970.000,window_accept,1,138
8991,179970.000,canon_accept,0,68
8992,179990.000,mask_accept,0,68
8993,180010.000,window_accept,1,139
8993,180010.000,spec_accept,0,68
8995,180050.000,window_accept,1,140
8995,180050.000,canon_accept,0,69
8996,180070.000,mask_accept,0,69
8997,180090.000,window_accept,1,141
8997,180090.000,spec_accept,0,69
8999,180130.000,window_accept,1,142
8999,180130.000,canon_accept,0,70
9000,180150.000,mask_accept,0,70
9001,180170.000,window_accept,1,143
9001,180170.000,spec_accept,0,70
9003,180210.000,window_accept,1,144
9003,180210.000,canon_accept,0,71
9004,180230.000,mask_accept,0,71
9005,180250.000,window_accept,1,145
9005,180250.000,spec_accept,0,71
9007,180290.000,window_accept,1,146
9007,180290.000,canon_accept,0,72
9008,180310.000,mask_accept,0,72
9009,180330.000,window_accept,1,147
9009,180330.000,spec_accept,0,72
9011,180370.000,window_accept,1,148
9011,180370.000,canon_accept,0,73
9012,180390.000,mask_accept,0,73
9013,180410.000,window_accept,1,149
9013,180410.000,spec_accept,0,73
9015,180450.000,window_accept,1,150
9015,180450.000,canon_accept,0,74
9016,180470.000,mask_accept,0,74
9017,180490.000,window_accept,1,151
9017,180490.000,spec_accept,0,74
9019,180530.000,window_accept,1,152
9019,180530.000,canon_accept,0,75
9020,180550.000,mask_accept,0,75
9021,180570.000,window_accept,1,153
9021,180570.000,spec_accept,0,75
9023,180610.000,window_accept,1,154
9023,180610.000,canon_accept,0,76
9024,180630.000,mask_accept,0,76
9025,180650.000,window_accept,1,155
9025,180650.000,spec_accept,0,76
9027,180690.000,window_accept,1,156
9027,180690.000,canon_accept,0,77
9028,180710.000,mask_accept,0,77
9029,180730.000,window_accept,1,157
9029,180730.000,spec_accept,0,77
9031,180770.000,window_accept,1,158
9031,180770.000,canon_accept,0,78
9032,180790.000,mask_accept,0,78
9033,180810.000,window_accept,1,159
9033,180810.000,spec_accept,0,78
9035,180850.000,window_accept,1,160
9035,180850.000,canon_accept,0,79
9036,180870.000,mask_accept,0,79
9037,180890.000,window_accept,1,161
9037,180890.000,spec_accept,0,79
9039,180930.000,window_accept,1,162
9039,180930.000,canon_accept,0,80
9040,180950.000,mask_accept,0,80
9041,180970.000,window_accept,1,163
9041,180970.000,spec_accept,0,80
9043,181010.000,window_accept,1,164
9043,181010.000,canon_accept,0,81
9044,181030.000,mask_accept,0,81
9045,181050.000,window_accept,1,165
9045,181050.000,spec_accept,0,81
9047,181090.000,window_accept,1,166
9047,181090.000,canon_accept,0,82
9048,181110.000,mask_accept,0,82
9049,181130.000,window_accept,1,167
9049,181130.000,spec_accept,0,82
9051,181170.000,window_accept,1,168
9051,181170.000,canon_accept,0,83
9052,181190.000,mask_accept,0,83
9053,181210.000,window_accept,1,169
9053,181210.000,spec_accept,0,83
9055,181250.000,window_accept,1,170
9055,181250.000,canon_accept,0,84
9056,181270.000,mask_accept,0,84
9057,181290.000,window_accept,1,171
9057,181290.000,spec_accept,0,84
9059,181330.000,window_accept,1,172
9059,181330.000,canon_accept,0,85
9060,181350.000,mask_accept,0,85
9061,181370.000,window_accept,1,173
9061,181370.000,spec_accept,0,85
9063,181410.000,window_accept,1,174
9063,181410.000,canon_accept,0,86
9064,181430.000,mask_accept,0,86
9065,181450.000,window_accept,1,175
9065,181450.000,spec_accept,0,86
9067,181490.000,window_accept,1,176
9067,181490.000,canon_accept,0,87
9068,181510.000,mask_accept,0,87
9069,181530.000,window_accept,1,177
9069,181530.000,spec_accept,0,87
9071,181570.000,window_accept,1,178
9071,181570.000,canon_accept,0,88
9072,181590.000,mask_accept,0,88
9073,181610.000,window_accept,1,179
9073,181610.000,spec_accept,0,88
9075,181650.000,window_accept,1,180
9075,181650.000,canon_accept,0,89
9076,181670.000,mask_accept,0,89
9077,181690.000,window_accept,1,181
9077,181690.000,spec_accept,0,89
9079,181730.000,window_accept,1,182
9079,181730.000,canon_accept,0,90
9080,181750.000,mask_accept,0,90
9081,181770.000,window_accept,1,183
9081,181770.000,spec_accept,0,90
9083,181810.000,window_accept,1,184
9083,181810.000,canon_accept,0,91
9084,181830.000,mask_accept,0,91
9085,181850.000,window_accept,1,185
9085,181850.000,spec_accept,0,91
9087,181890.000,window_accept,1,186
9087,181890.000,canon_accept,0,92
9088,181910.000,mask_accept,0,92
9089,181930.000,window_accept,1,187
9089,181930.000,spec_accept,0,92
9091,181970.000,window_accept,1,188
9091,181970.000,canon_accept,0,93
9092,181990.000,mask_accept,0,93
9093,182010.000,window_accept,1,189
9093,182010.000,spec_accept,0,93
9095,182050.000,window_accept,1,190
9095,182050.000,canon_accept,0,94
9096,182070.000,mask_accept,0,94
9097,182090.000,window_accept,1,191
9097,182090.000,spec_accept,0,94
9099,182130.000,window_accept,1,192
9099,182130.000,canon_accept,0,95
9100,182150.000,mask_accept,0,95
9101,182170.000,window_accept,1,193
9101,182170.000,spec_accept,0,95
9103,182210.000,window_accept,1,194
9103,182210.000,canon_accept,0,96
9104,182230.000,mask_accept,0,96
9105,182250.000,window_accept,1,195
9105,182250.000,spec_accept,0,96
9107,182290.000,window_accept,1,196
9107,182290.000,canon_accept,0,97
9108,182310.000,mask_accept,0,97
9109,182330.000,window_accept,1,197
9109,182330.000,spec_accept,0,97
9111,182370.000,window_accept,1,198
9111,182370.000,canon_accept,0,98
9112,182390.000,mask_accept,0,98
9113,182410.000,window_accept,1,199
9113,182410.000,spec_accept,0,98
9115,182450.000,window_accept,1,200
9115,182450.000,canon_accept,0,99
9116,182470.000,mask_accept,0,99
9117,182490.000,window_accept,1,201
9117,182490.000,spec_accept,0,99
9119,182530.000,window_accept,1,202
9119,182530.000,canon_accept,0,100
9120,182550.000,mask_accept,0,100
9121,182570.000,window_accept,1,203
9121,182570.000,spec_accept,0,100
9123,182610.000,window_accept,1,204
9123,182610.000,canon_accept,0,101
9124,182630.000,mask_accept,0,101
9125,182650.000,window_accept,1,205
9125,182650.000,spec_accept,0,101
9127,182690.000,window_accept,1,206
9127,182690.000,canon_accept,0,102
9128,182710.000,mask_accept,0,102
9129,182730.000,window_accept,1,207
9129,182730.000,spec_accept,0,102
9131,182770.000,window_accept,1,208
9131,182770.000,canon_accept,0,103
9132,182790.000,mask_accept,0,103
9133,182810.000,window_accept,1,209
9133,182810.000,spec_accept,0,103
9135,182850.000,window_accept,1,210
9135,182850.000,canon_accept,0,104
9136,182870.000,mask_accept,0,104
9137,182890.000,window_accept,1,211
9137,182890.000,spec_accept,0,104
9139,182930.000,window_accept,1,212
9139,182930.000,canon_accept,0,105
9140,182950.000,mask_accept,0,105
9141,182970.000,window_accept,1,213
9141,182970.000,spec_accept,0,105
9143,183010.000,window_accept,1,214
9143,183010.000,canon_accept,0,106
9144,183030.000,mask_accept,0,106
9145,183050.000,window_accept,1,215
9145,183050.000,spec_accept,0,106
9147,183090.000,window_accept,1,216
9147,183090.000,canon_accept,0,107
9148,183110.000,mask_accept,0,107
9149,183130.000,window_accept,1,217
9149,183130.000,spec_accept,0,107
9151,183170.000,window_accept,1,218
9151,183170.000,canon_accept,0,108
9152,183190.000,mask_accept,0,108
9153,183210.000,window_accept,1,219
9153,183210.000,spec_accept,0,108
9155,183250.000,window_accept,1,220
9155,183250.000,canon_accept,0,109
9156,183270.000,mask_accept,0,109
9157,183290.000,window_accept,1,221
9157,183290.000,spec_accept,0,109
9159,183330.000,window_accept,1,222
9159,183330.000,canon_accept,0,110
9160,183350.000,mask_accept,0,110
9161,183370.000,window_accept,1,223
9161,183370.000,spec_accept,0,110
9163,183410.000,window_accept,1,224
9163,183410.000,canon_accept,0,111
9164,183430.000,mask_accept,0,111
9165,183450.000,window_accept,1,225
9165,183450.000,spec_accept,0,111
9167,183490.000,window_accept,1,226
9167,183490.000,canon_accept,0,112
9168,183510.000,mask_accept,0,112
9169,183530.000,window_accept,1,227
9169,183530.000,spec_accept,0,112
9171,183570.000,window_accept,1,228
9171,183570.000,canon_accept,0,113
9172,183590.000,mask_accept,0,113
9173,183610.000,window_accept,1,229
9173,183610.000,spec_accept,0,113
9175,183650.000,window_accept,1,230
9175,183650.000,canon_accept,0,114
9176,183670.000,mask_accept,0,114
9177,183690.000,window_accept,1,231
9177,183690.000,spec_accept,0,114
9179,183730.000,window_accept,1,232
9179,183730.000,canon_accept,0,115
9180,183750.000,mask_accept,0,115
9181,183770.000,window_accept,1,233
9181,183770.000,spec_accept,0,115
9183,183810.000,window_accept,1,234
9183,183810.000,canon_accept,0,116
9184,183830.000,mask_accept,0,116
9185,183850.000,window_accept,1,235
9185,183850.000,spec_accept,0,116
9187,183890.000,window_accept,1,236
9187,183890.000,canon_accept,0,117
9188,183910.000,mask_accept,0,117
9189,183930.000,window_accept,1,237
9189,183930.000,spec_accept,0,117
9191,183970.000,window_accept,1,238
9191,183970.000,canon_accept,0,118
9192,183990.000,mask_accept,0,118
9193,184010.000,window_accept,1,239
9193,184010.000,spec_accept,0,118
9195,184050.000,window_accept,1,240
9195,184050.000,canon_accept,0,119
9196,184070.000,mask_accept,0,119
9197,184090.000,window_accept,1,241
9197,184090.000,spec_accept,0,119
9199,184130.000,window_accept,1,242
9199,184130.000,canon_accept,0,120
9200,184150.000,mask_accept,0,120
9201,184170.000,window_accept,1,243
9201,184170.000,spec_accept,0,120
9203,184210.000,window_accept,1,244
9203,184210.000,canon_accept,0,121
9204,184230.000,mask_accept,0,121
9205,184250.000,window_accept,1,245
9205,184250.000,spec_accept,0,121
9207,184290.000,window_accept,1,246
9207,184290.000,canon_accept,0,122
9208,184310.000,mask_accept,0,122
9209,184330.000,window_accept,1,247
9209,184330.000,spec_accept,0,122
9211,184370.000,window_accept,1,248
9211,184370.000,canon_accept,0,123
9212,184390.000,mask_accept,0,123
9213,184410.000,window_accept,1,249
9213,184410.000,spec_accept,0,123
9215,184450.000,window_accept,1,250
9215,184450.000,canon_accept,0,124
9216,184470.000,mask_accept,0,124
9217,184490.000,window_accept,1,251
9217,184490.000,spec_accept,0,124
9219,184530.000,window_accept,1,252
9219,184530.000,canon_accept,0,125
9220,184550.000,mask_accept,0,125
9221,184570.000,window_accept,1,253
9221,184570.000,spec_accept,0,125
9223,184610.000,window_accept,1,254
9223,184610.000,canon_accept,0,126
9224,184630.000,mask_accept,0,126
9225,184650.000,source_accept,-1,257
9225,184650.000,window_accept,1,255
9225,184650.000,spec_accept,0,126
9226,184670.000,source_accept,-1,258
9226,184670.000,fft_compute_start,1,1
9227,184690.000,source_accept,-1,259
9227,184690.000,canon_accept,0,127
9228,184710.000,source_accept,-1,260
9228,184710.000,mask_accept,0,127
9229,184730.000,source_accept,-1,261
9229,184730.000,spec_accept,0,127
9230,184750.000,source_accept,-1,262
9231,184770.000,source_accept,-1,263
9231,184770.000,canon_accept,0,128
9232,184790.000,source_accept,-1,264
9232,184790.000,mask_accept,0,128
9233,184810.000,source_accept,-1,265
9233,184810.000,spec_accept,0,128
9234,184830.000,source_accept,-1,266
9235,184850.000,source_accept,-1,267
9235,184850.000,canon_accept,0,129
9236,184870.000,source_accept,-1,268
9236,184870.000,mask_accept,0,129
9237,184890.000,source_accept,-1,269
9237,184890.000,spec_accept,0,129
9238,184910.000,source_accept,-1,270
9239,184930.000,source_accept,-1,271
9239,184930.000,canon_accept,0,130
9240,184950.000,source_accept,-1,272
9240,184950.000,mask_accept,0,130
9241,184970.000,source_accept,-1,273
9241,184970.000,spec_accept,0,130
9242,184990.000,source_accept,-1,274
9243,185010.000,source_accept,-1,275
9243,185010.000,canon_accept,0,131
9244,185030.000,source_accept,-1,276
9244,185030.000,mask_accept,0,131
9245,185050.000,source_accept,-1,277
9245,185050.000,spec_accept,0,131
9246,185070.000,source_accept,-1,278
9247,185090.000,source_accept,-1,279
9247,185090.000,canon_accept,0,132
9248,185110.000,source_accept,-1,280
9248,185110.000,mask_accept,0,132
9249,185130.000,source_accept,-1,281
9249,185130.000,spec_accept,0,132
9250,185150.000,source_accept,-1,282
9251,185170.000,source_accept,-1,283
9251,185170.000,canon_accept,0,133
9252,185190.000,source_accept,-1,284
9252,185190.000,mask_accept,0,133
9253,185210.000,source_accept,-1,285
9253,185210.000,spec_accept,0,133
9254,185230.000,source_accept,-1,286
9255,185250.000,source_accept,-1,287
9255,185250.000,canon_accept,0,134
9256,185270.000,source_accept,-1,288
9256,185270.000,mask_accept,0,134
9257,185290.000,source_accept,-1,289
9257,185290.000,spec_accept,0,134
9258,185310.000,source_accept,-1,290
9259,185330.000,source_accept,-1,291
9259,185330.000,canon_accept,0,135
9260,185350.000,source_accept,-1,292
9260,185350.000,mask_accept,0,135
9261,185370.000,source_accept,-1,293
9261,185370.000,spec_accept,0,135
9262,185390.000,source_accept,-1,294
9263,185410.000,source_accept,-1,295
9263,185410.000,canon_accept,0,136
9264,185430.000,source_accept,-1,296
9264,185430.000,mask_accept,0,136
9265,185450.000,source_accept,-1,297
9265,185450.000,spec_accept,0,136
9266,185470.000,source_accept,-1,298
9267,185490.000,source_accept,-1,299
9267,185490.000,canon_accept,0,137
9268,185510.000,source_accept,-1,300
9268,185510.000,mask_accept,0,137
9269,185530.000,source_accept,-1,301
9269,185530.000,spec_accept,0,137
9270,185550.000,source_accept,-1,302
9271,185570.000,source_accept,-1,303
9271,185570.000,canon_accept,0,138
9272,185590.000,source_accept,-1,304
9272,185590.000,mask_accept,0,138
9273,185610.000,source_accept,-1,305
9273,185610.000,spec_accept,0,138
9274,185630.000,source_accept,-1,306
9275,185650.000,source_accept,-1,307
9275,185650.000,canon_accept,0,139
9276,185670.000,source_accept,-1,308
9276,185670.000,mask_accept,0,139
9277,185690.000,source_accept,-1,309
9277,185690.000,spec_accept,0,139
9278,185710.000,source_accept,-1,310
9279,185730.000,source_accept,-1,311
9279,185730.000,canon_accept,0,140
9280,185750.000,source_accept,-1,312
9280,185750.000,mask_accept,0,140
9281,185770.000,source_accept,-1,313
9281,185770.000,spec_accept,0,140
9282,185790.000,source_accept,-1,314
9283,185810.000,source_accept,-1,315
9283,185810.000,canon_accept,0,141
9284,185830.000,source_accept,-1,316
9284,185830.000,mask_accept,0,141
9285,185850.000,source_accept,-1,317
9285,185850.000,spec_accept,0,141
9286,185870.000,source_accept,-1,318
9287,185890.000,source_accept,-1,319
9287,185890.000,canon_accept,0,142
9288,185910.000,source_accept,-1,320
9288,185910.000,mask_accept,0,142
9289,185930.000,source_accept,-1,321
9289,185930.000,spec_accept,0,142
9290,185950.000,source_accept,-1,322
9291,185970.000,source_accept,-1,323
9291,185970.000,canon_accept,0,143
9292,185990.000,source_accept,-1,324
9292,185990.000,mask_accept,0,143
9293,186010.000,source_accept,-1,325
9293,186010.000,spec_accept,0,143
9294,186030.000,source_accept,-1,326
9295,186050.000,source_accept,-1,327
9295,186050.000,canon_accept,0,144
9296,186070.000,source_accept,-1,328
9296,186070.000,mask_accept,0,144
9297,186090.000,source_accept,-1,329
9297,186090.000,spec_accept,0,144
9298,186110.000,source_accept,-1,330
9299,186130.000,source_accept,-1,331
9299,186130.000,canon_accept,0,145
9300,186150.000,source_accept,-1,332
9300,186150.000,mask_accept,0,145
9301,186170.000,source_accept,-1,333
9301,186170.000,spec_accept,0,145
9302,186190.000,source_accept,-1,334
9303,186210.000,source_accept,-1,335
9303,186210.000,canon_accept,0,146
9304,186230.000,source_accept,-1,336
9304,186230.000,mask_accept,0,146
9305,186250.000,source_accept,-1,337
9305,186250.000,spec_accept,0,146
9306,186270.000,source_accept,-1,338
9307,186290.000,source_accept,-1,339
9307,186290.000,canon_accept,0,147
9308,186310.000,source_accept,-1,340
9308,186310.000,mask_accept,0,147
9309,186330.000,source_accept,-1,341
9309,186330.000,spec_accept,0,147
9310,186350.000,source_accept,-1,342
9311,186370.000,source_accept,-1,343
9311,186370.000,canon_accept,0,148
9312,186390.000,source_accept,-1,344
9312,186390.000,mask_accept,0,148
9313,186410.000,source_accept,-1,345
9313,186410.000,spec_accept,0,148
9314,186430.000,source_accept,-1,346
9315,186450.000,source_accept,-1,347
9315,186450.000,canon_accept,0,149
9316,186470.000,source_accept,-1,348
9316,186470.000,mask_accept,0,149
9317,186490.000,source_accept,-1,349
9317,186490.000,spec_accept,0,149
9318,186510.000,source_accept,-1,350
9319,186530.000,source_accept,-1,351
9319,186530.000,canon_accept,0,150
9320,186550.000,source_accept,-1,352
9320,186550.000,mask_accept,0,150
9321,186570.000,source_accept,-1,353
9321,186570.000,spec_accept,0,150
9322,186590.000,source_accept,-1,354
9323,186610.000,source_accept,-1,355
9323,186610.000,canon_accept,0,151
9324,186630.000,source_accept,-1,356
9324,186630.000,mask_accept,0,151
9325,186650.000,source_accept,-1,357
9325,186650.000,spec_accept,0,151
9326,186670.000,source_accept,-1,358
9327,186690.000,source_accept,-1,359
9327,186690.000,canon_accept,0,152
9328,186710.000,source_accept,-1,360
9328,186710.000,mask_accept,0,152
9329,186730.000,source_accept,-1,361
9329,186730.000,spec_accept,0,152
9330,186750.000,source_accept,-1,362
9331,186770.000,source_accept,-1,363
9331,186770.000,canon_accept,0,153
9332,186790.000,source_accept,-1,364
9332,186790.000,mask_accept,0,153
9333,186810.000,source_accept,-1,365
9333,186810.000,spec_accept,0,153
9334,186830.000,source_accept,-1,366
9335,186850.000,source_accept,-1,367
9335,186850.000,canon_accept,0,154
9336,186870.000,source_accept,-1,368
9336,186870.000,mask_accept,0,154
9337,186890.000,source_accept,-1,369
9337,186890.000,spec_accept,0,154
9338,186910.000,source_accept,-1,370
9339,186930.000,source_accept,-1,371
9339,186930.000,canon_accept,0,155
9340,186950.000,source_accept,-1,372
9340,186950.000,mask_accept,0,155
9341,186970.000,source_accept,-1,373
9341,186970.000,spec_accept,0,155
9342,186990.000,source_accept,-1,374
9343,187010.000,source_accept,-1,375
9343,187010.000,canon_accept,0,156
9344,187030.000,source_accept,-1,376
9344,187030.000,mask_accept,0,156
9345,187050.000,source_accept,-1,377
9345,187050.000,spec_accept,0,156
9346,187070.000,source_accept,-1,378
9347,187090.000,source_accept,-1,379
9347,187090.000,canon_accept,0,157
9348,187110.000,source_accept,-1,380
9348,187110.000,mask_accept,0,157
9349,187130.000,source_accept,-1,381
9349,187130.000,spec_accept,0,157
9350,187150.000,source_accept,-1,382
9351,187170.000,source_accept,-1,383
9351,187170.000,canon_accept,0,158
9352,187190.000,source_accept,-1,384
9352,187190.000,mask_accept,0,158
9353,187210.000,frame_request,2,-1
9353,187210.000,spec_accept,0,158
9355,187250.000,canon_accept,0,159
9356,187270.000,mask_accept,0,159
9357,187290.000,spec_accept,0,159
9359,187330.000,canon_accept,0,160
9360,187350.000,mask_accept,0,160
9361,187370.000,spec_accept,0,160
9363,187410.000,canon_accept,0,161
9364,187430.000,mask_accept,0,161
9365,187450.000,spec_accept,0,161
9367,187490.000,canon_accept,0,162
9368,187510.000,mask_accept,0,162
9369,187530.000,spec_accept,0,162
9371,187570.000,canon_accept,0,163
9372,187590.000,mask_accept,0,163
9373,187610.000,spec_accept,0,163
9375,187650.000,canon_accept,0,164
9376,187670.000,mask_accept,0,164
9377,187690.000,spec_accept,0,164
9379,187730.000,canon_accept,0,165
9380,187750.000,mask_accept,0,165
9381,187770.000,spec_accept,0,165
9383,187810.000,canon_accept,0,166
9384,187830.000,mask_accept,0,166
9385,187850.000,spec_accept,0,166
9387,187890.000,canon_accept,0,167
9388,187910.000,mask_accept,0,167
9389,187930.000,spec_accept,0,167
9391,187970.000,canon_accept,0,168
9392,187990.000,mask_accept,0,168
9393,188010.000,spec_accept,0,168
9395,188050.000,canon_accept,0,169
9396,188070.000,mask_accept,0,169
9397,188090.000,spec_accept,0,169
9399,188130.000,canon_accept,0,170
9400,188150.000,mask_accept,0,170
9401,188170.000,spec_accept,0,170
9403,188210.000,canon_accept,0,171
9404,188230.000,mask_accept,0,171
9405,188250.000,spec_accept,0,171
9407,188290.000,canon_accept,0,172
9408,188310.000,mask_accept,0,172
9409,188330.000,spec_accept,0,172
9411,188370.000,canon_accept,0,173
9412,188390.000,mask_accept,0,173
9413,188410.000,spec_accept,0,173
9415,188450.000,canon_accept,0,174
9416,188470.000,mask_accept,0,174
9417,188490.000,spec_accept,0,174
9419,188530.000,canon_accept,0,175
9420,188550.000,mask_accept,0,175
9421,188570.000,spec_accept,0,175
9423,188610.000,canon_accept,0,176
9424,188630.000,mask_accept,0,176
9425,188650.000,spec_accept,0,176
9427,188690.000,canon_accept,0,177
9428,188710.000,mask_accept,0,177
9429,188730.000,spec_accept,0,177
9431,188770.000,canon_accept,0,178
9432,188790.000,mask_accept,0,178
9433,188810.000,spec_accept,0,178
9435,188850.000,canon_accept,0,179
9436,188870.000,mask_accept,0,179
9437,188890.000,spec_accept,0,179
9439,188930.000,canon_accept,0,180
9440,188950.000,mask_accept,0,180
9441,188970.000,spec_accept,0,180
9443,189010.000,canon_accept,0,181
9444,189030.000,mask_accept,0,181
9445,189050.000,spec_accept,0,181
9447,189090.000,canon_accept,0,182
9448,189110.000,mask_accept,0,182
9449,189130.000,spec_accept,0,182
9451,189170.000,canon_accept,0,183
9452,189190.000,mask_accept,0,183
9453,189210.000,spec_accept,0,183
9455,189250.000,canon_accept,0,184
9456,189270.000,mask_accept,0,184
9457,189290.000,spec_accept,0,184
9459,189330.000,canon_accept,0,185
9460,189350.000,mask_accept,0,185
9461,189370.000,spec_accept,0,185
9463,189410.000,canon_accept,0,186
9464,189430.000,mask_accept,0,186
9465,189450.000,spec_accept,0,186
9467,189490.000,canon_accept,0,187
9468,189510.000,mask_accept,0,187
9469,189530.000,spec_accept,0,187
9471,189570.000,canon_accept,0,188
9472,189590.000,mask_accept,0,188
9473,189610.000,spec_accept,0,188
9475,189650.000,canon_accept,0,189
9476,189670.000,mask_accept,0,189
9477,189690.000,spec_accept,0,189
9479,189730.000,canon_accept,0,190
9480,189750.000,mask_accept,0,190
9481,189770.000,spec_accept,0,190
9483,189810.000,canon_accept,0,191
9484,189830.000,mask_accept,0,191
9485,189850.000,spec_accept,0,191
9487,189890.000,canon_accept,0,192
9488,189910.000,mask_accept,0,192
9489,189930.000,spec_accept,0,192
9491,189970.000,canon_accept,0,193
9492,189990.000,mask_accept,0,193
9493,190010.000,spec_accept,0,193
9495,190050.000,canon_accept,0,194
9496,190070.000,mask_accept,0,194
9497,190090.000,spec_accept,0,194
9499,190130.000,canon_accept,0,195
9500,190150.000,mask_accept,0,195
9501,190170.000,spec_accept,0,195
9503,190210.000,canon_accept,0,196
9504,190230.000,mask_accept,0,196
9505,190250.000,spec_accept,0,196
9507,190290.000,canon_accept,0,197
9508,190310.000,mask_accept,0,197
9509,190330.000,spec_accept,0,197
9511,190370.000,canon_accept,0,198
9512,190390.000,mask_accept,0,198
9513,190410.000,spec_accept,0,198
9515,190450.000,canon_accept,0,199
9516,190470.000,mask_accept,0,199
9517,190490.000,spec_accept,0,199
9519,190530.000,canon_accept,0,200
9520,190550.000,mask_accept,0,200
9521,190570.000,spec_accept,0,200
9523,190610.000,canon_accept,0,201
9524,190630.000,mask_accept,0,201
9525,190650.000,spec_accept,0,201
9527,190690.000,canon_accept,0,202
9528,190710.000,mask_accept,0,202
9529,190730.000,spec_accept,0,202
9531,190770.000,canon_accept,0,203
9532,190790.000,mask_accept,0,203
9533,190810.000,spec_accept,0,203
9535,190850.000,canon_accept,0,204
9536,190870.000,mask_accept,0,204
9537,190890.000,spec_accept,0,204
9539,190930.000,canon_accept,0,205
9540,190950.000,mask_accept,0,205
9541,190970.000,spec_accept,0,205
9543,191010.000,canon_accept,0,206
9544,191030.000,mask_accept,0,206
9545,191050.000,spec_accept,0,206
9547,191090.000,canon_accept,0,207
9548,191110.000,mask_accept,0,207
9549,191130.000,spec_accept,0,207
9551,191170.000,canon_accept,0,208
9552,191190.000,mask_accept,0,208
9553,191210.000,spec_accept,0,208
9555,191250.000,canon_accept,0,209
9556,191270.000,mask_accept,0,209
9557,191290.000,spec_accept,0,209
9559,191330.000,canon_accept,0,210
9560,191350.000,mask_accept,0,210
9561,191370.000,spec_accept,0,210
9563,191410.000,canon_accept,0,211
9564,191430.000,mask_accept,0,211
9565,191450.000,spec_accept,0,211
9567,191490.000,canon_accept,0,212
9568,191510.000,mask_accept,0,212
9569,191530.000,spec_accept,0,212
9571,191570.000,canon_accept,0,213
9572,191590.000,mask_accept,0,213
9573,191610.000,spec_accept,0,213
9575,191650.000,canon_accept,0,214
9576,191670.000,mask_accept,0,214
9577,191690.000,spec_accept,0,214
9579,191730.000,canon_accept,0,215
9580,191750.000,mask_accept,0,215
9581,191770.000,spec_accept,0,215
9583,191810.000,canon_accept,0,216
9584,191830.000,mask_accept,0,216
9585,191850.000,spec_accept,0,216
9587,191890.000,canon_accept,0,217
9588,191910.000,mask_accept,0,217
9589,191930.000,spec_accept,0,217
9591,191970.000,canon_accept,0,218
9592,191990.000,mask_accept,0,218
9593,192010.000,spec_accept,0,218
9595,192050.000,canon_accept,0,219
9596,192070.000,mask_accept,0,219
9597,192090.000,spec_accept,0,219
9599,192130.000,canon_accept,0,220
9600,192150.000,mask_accept,0,220
9601,192170.000,spec_accept,0,220
9603,192210.000,canon_accept,0,221
9604,192230.000,mask_accept,0,221
9605,192250.000,spec_accept,0,221
9607,192290.000,canon_accept,0,222
9608,192310.000,mask_accept,0,222
9609,192330.000,spec_accept,0,222
9611,192370.000,canon_accept,0,223
9612,192390.000,mask_accept,0,223
9613,192410.000,spec_accept,0,223
9615,192450.000,canon_accept,0,224
9616,192470.000,mask_accept,0,224
9617,192490.000,spec_accept,0,224
9619,192530.000,canon_accept,0,225
9620,192550.000,mask_accept,0,225
9621,192570.000,spec_accept,0,225
9623,192610.000,canon_accept,0,226
9624,192630.000,mask_accept,0,226
9625,192650.000,spec_accept,0,226
9627,192690.000,canon_accept,0,227
9628,192710.000,mask_accept,0,227
9629,192730.000,spec_accept,0,227
9631,192770.000,canon_accept,0,228
9632,192790.000,mask_accept,0,228
9633,192810.000,spec_accept,0,228
9635,192850.000,canon_accept,0,229
9636,192870.000,mask_accept,0,229
9637,192890.000,spec_accept,0,229
9639,192930.000,canon_accept,0,230
9640,192950.000,mask_accept,0,230
9641,192970.000,spec_accept,0,230
9643,193010.000,canon_accept,0,231
9644,193030.000,mask_accept,0,231
9645,193050.000,spec_accept,0,231
9647,193090.000,canon_accept,0,232
9648,193110.000,mask_accept,0,232
9649,193130.000,spec_accept,0,232
9651,193170.000,canon_accept,0,233
9652,193190.000,mask_accept,0,233
9653,193210.000,spec_accept,0,233
9655,193250.000,canon_accept,0,234
9656,193270.000,mask_accept,0,234
9657,193290.000,spec_accept,0,234
9659,193330.000,canon_accept,0,235
9660,193350.000,mask_accept,0,235
9661,193370.000,spec_accept,0,235
9663,193410.000,canon_accept,0,236
9664,193430.000,mask_accept,0,236
9665,193450.000,spec_accept,0,236
9667,193490.000,canon_accept,0,237
9668,193510.000,mask_accept,0,237
9669,193530.000,spec_accept,0,237
9671,193570.000,canon_accept,0,238
9672,193590.000,mask_accept,0,238
9673,193610.000,spec_accept,0,238
9675,193650.000,canon_accept,0,239
9676,193670.000,mask_accept,0,239
9677,193690.000,spec_accept,0,239
9679,193730.000,canon_accept,0,240
9680,193750.000,mask_accept,0,240
9681,193770.000,spec_accept,0,240
9683,193810.000,canon_accept,0,241
9684,193830.000,mask_accept,0,241
9685,193850.000,spec_accept,0,241
9687,193890.000,canon_accept,0,242
9688,193910.000,mask_accept,0,242
9689,193930.000,spec_accept,0,242
9691,193970.000,canon_accept,0,243
9692,193990.000,mask_accept,0,243
9693,194010.000,spec_accept,0,243
9695,194050.000,canon_accept,0,244
9696,194070.000,mask_accept,0,244
9697,194090.000,spec_accept,0,244
9699,194130.000,canon_accept,0,245
9700,194150.000,mask_accept,0,245
9701,194170.000,spec_accept,0,245
9703,194210.000,canon_accept,0,246
9704,194230.000,mask_accept,0,246
9705,194250.000,spec_accept,0,246
9707,194290.000,canon_accept,0,247
9708,194310.000,mask_accept,0,247
9709,194330.000,spec_accept,0,247
9711,194370.000,canon_accept,0,248
9712,194390.000,mask_accept,0,248
9713,194410.000,spec_accept,0,248
9715,194450.000,canon_accept,0,249
9716,194470.000,mask_accept,0,249
9717,194490.000,spec_accept,0,249
9719,194530.000,canon_accept,0,250
9720,194550.000,mask_accept,0,250
9721,194570.000,spec_accept,0,250
9723,194610.000,canon_accept,0,251
9724,194630.000,mask_accept,0,251
9725,194650.000,spec_accept,0,251
9727,194690.000,canon_accept,0,252
9728,194710.000,mask_accept,0,252
9729,194730.000,spec_accept,0,252
9731,194770.000,canon_accept,0,253
9732,194790.000,mask_accept,0,253
9733,194810.000,spec_accept,0,253
9735,194850.000,canon_accept,0,254
9736,194870.000,mask_accept,0,254
9737,194890.000,spec_accept,0,254
9739,194930.000,canon_accept,0,255
9740,194950.000,mask_accept,0,255
9741,194970.000,spec_accept,0,255
9742,194990.000,ifft_compute_start,0,1
16394,328030.000,fft_compute_end,1,-1
16395,328050.000,fft_accept,1,0
16397,328090.000,fft_accept,1,1
16399,328130.000,fft_accept,1,2
16401,328170.000,fft_accept,1,3
16403,328210.000,fft_accept,1,4
16405,328250.000,fft_accept,1,5
16407,328290.000,fft_accept,1,6
16409,328330.000,fft_accept,1,7
16411,328370.000,fft_accept,1,8
16413,328410.000,fft_accept,1,9
16415,328450.000,fft_accept,1,10
16417,328490.000,fft_accept,1,11
16419,328530.000,fft_accept,1,12
16421,328570.000,fft_accept,1,13
16423,328610.000,fft_accept,1,14
16425,328650.000,fft_accept,1,15
16427,328690.000,fft_accept,1,16
16429,328730.000,fft_accept,1,17
16431,328770.000,fft_accept,1,18
16433,328810.000,fft_accept,1,19
16435,328850.000,fft_accept,1,20
16437,328890.000,fft_accept,1,21
16439,328930.000,fft_accept,1,22
16441,328970.000,fft_accept,1,23
16443,329010.000,fft_accept,1,24
16445,329050.000,fft_accept,1,25
16447,329090.000,fft_accept,1,26
16449,329130.000,fft_accept,1,27
16451,329170.000,fft_accept,1,28
16453,329210.000,fft_accept,1,29
16455,329250.000,fft_accept,1,30
16457,329290.000,fft_accept,1,31
16459,329330.000,fft_accept,1,32
16461,329370.000,fft_accept,1,33
16463,329410.000,fft_accept,1,34
16465,329450.000,fft_accept,1,35
16467,329490.000,fft_accept,1,36
16469,329530.000,fft_accept,1,37
16471,329570.000,fft_accept,1,38
16473,329610.000,fft_accept,1,39
16475,329650.000,fft_accept,1,40
16477,329690.000,fft_accept,1,41
16479,329730.000,fft_accept,1,42
16481,329770.000,fft_accept,1,43
16483,329810.000,fft_accept,1,44
16485,329850.000,fft_accept,1,45
16487,329890.000,fft_accept,1,46
16489,329930.000,fft_accept,1,47
16491,329970.000,fft_accept,1,48
16493,330010.000,fft_accept,1,49
16495,330050.000,fft_accept,1,50
16497,330090.000,fft_accept,1,51
16499,330130.000,fft_accept,1,52
16501,330170.000,fft_accept,1,53
16503,330210.000,fft_accept,1,54
16505,330250.000,fft_accept,1,55
16507,330290.000,fft_accept,1,56
16509,330330.000,fft_accept,1,57
16511,330370.000,fft_accept,1,58
16513,330410.000,fft_accept,1,59
16515,330450.000,fft_accept,1,60
16517,330490.000,fft_accept,1,61
16519,330530.000,fft_accept,1,62
16521,330570.000,fft_accept,1,63
16523,330610.000,fft_accept,1,64
16525,330650.000,fft_accept,1,65
16527,330690.000,fft_accept,1,66
16529,330730.000,fft_accept,1,67
16531,330770.000,fft_accept,1,68
16533,330810.000,fft_accept,1,69
16535,330850.000,fft_accept,1,70
16537,330890.000,fft_accept,1,71
16539,330930.000,fft_accept,1,72
16541,330970.000,fft_accept,1,73
16543,331010.000,fft_accept,1,74
16545,331050.000,fft_accept,1,75
16547,331090.000,fft_accept,1,76
16549,331130.000,fft_accept,1,77
16551,331170.000,fft_accept,1,78
16553,331210.000,fft_accept,1,79
16555,331250.000,fft_accept,1,80
16557,331290.000,fft_accept,1,81
16559,331330.000,fft_accept,1,82
16561,331370.000,fft_accept,1,83
16563,331410.000,fft_accept,1,84
16565,331450.000,fft_accept,1,85
16567,331490.000,fft_accept,1,86
16569,331530.000,fft_accept,1,87
16571,331570.000,fft_accept,1,88
16573,331610.000,fft_accept,1,89
16575,331650.000,fft_accept,1,90
16577,331690.000,fft_accept,1,91
16579,331730.000,fft_accept,1,92
16581,331770.000,fft_accept,1,93
16583,331810.000,fft_accept,1,94
16585,331850.000,fft_accept,1,95
16587,331890.000,fft_accept,1,96
16589,331930.000,fft_accept,1,97
16591,331970.000,fft_accept,1,98
16593,332010.000,fft_accept,1,99
16595,332050.000,fft_accept,1,100
16597,332090.000,fft_accept,1,101
16599,332130.000,fft_accept,1,102
16601,332170.000,fft_accept,1,103
16603,332210.000,fft_accept,1,104
16605,332250.000,fft_accept,1,105
16607,332290.000,fft_accept,1,106
16609,332330.000,fft_accept,1,107
16611,332370.000,fft_accept,1,108
16613,332410.000,fft_accept,1,109
16615,332450.000,fft_accept,1,110
16617,332490.000,fft_accept,1,111
16619,332530.000,fft_accept,1,112
16621,332570.000,fft_accept,1,113
16623,332610.000,fft_accept,1,114
16625,332650.000,fft_accept,1,115
16627,332690.000,fft_accept,1,116
16629,332730.000,fft_accept,1,117
16631,332770.000,fft_accept,1,118
16633,332810.000,fft_accept,1,119
16635,332850.000,fft_accept,1,120
16637,332890.000,fft_accept,1,121
16639,332930.000,fft_accept,1,122
16641,332970.000,fft_accept,1,123
16643,333010.000,fft_accept,1,124
16645,333050.000,fft_accept,1,125
16647,333090.000,fft_accept,1,126
16649,333130.000,fft_accept,1,127
16651,333170.000,fft_accept,1,128
16653,333210.000,fft_accept,1,129
16655,333250.000,fft_accept,1,130
16657,333290.000,fft_accept,1,131
16659,333330.000,fft_accept,1,132
16661,333370.000,fft_accept,1,133
16663,333410.000,fft_accept,1,134
16665,333450.000,fft_accept,1,135
16667,333490.000,fft_accept,1,136
16669,333530.000,fft_accept,1,137
16671,333570.000,fft_accept,1,138
16673,333610.000,fft_accept,1,139
16675,333650.000,fft_accept,1,140
16677,333690.000,fft_accept,1,141
16679,333730.000,fft_accept,1,142
16681,333770.000,fft_accept,1,143
16683,333810.000,fft_accept,1,144
16685,333850.000,fft_accept,1,145
16687,333890.000,fft_accept,1,146
16689,333930.000,fft_accept,1,147
16691,333970.000,fft_accept,1,148
16693,334010.000,fft_accept,1,149
16695,334050.000,fft_accept,1,150
16697,334090.000,fft_accept,1,151
16699,334130.000,fft_accept,1,152
16701,334170.000,fft_accept,1,153
16703,334210.000,fft_accept,1,154
16705,334250.000,fft_accept,1,155
16707,334290.000,fft_accept,1,156
16709,334330.000,fft_accept,1,157
16711,334370.000,fft_accept,1,158
16713,334410.000,fft_accept,1,159
16715,334450.000,fft_accept,1,160
16717,334490.000,fft_accept,1,161
16719,334530.000,fft_accept,1,162
16721,334570.000,fft_accept,1,163
16723,334610.000,fft_accept,1,164
16725,334650.000,fft_accept,1,165
16727,334690.000,fft_accept,1,166
16729,334730.000,fft_accept,1,167
16731,334770.000,fft_accept,1,168
16733,334810.000,fft_accept,1,169
16735,334850.000,fft_accept,1,170
16737,334890.000,fft_accept,1,171
16739,334930.000,fft_accept,1,172
16741,334970.000,fft_accept,1,173
16743,335010.000,fft_accept,1,174
16745,335050.000,fft_accept,1,175
16747,335090.000,fft_accept,1,176
16749,335130.000,fft_accept,1,177
16751,335170.000,fft_accept,1,178
16753,335210.000,fft_accept,1,179
16755,335250.000,fft_accept,1,180
16757,335290.000,fft_accept,1,181
16759,335330.000,fft_accept,1,182
16761,335370.000,fft_accept,1,183
16763,335410.000,fft_accept,1,184
16765,335450.000,fft_accept,1,185
16767,335490.000,fft_accept,1,186
16769,335530.000,fft_accept,1,187
16771,335570.000,fft_accept,1,188
16773,335610.000,fft_accept,1,189
16775,335650.000,fft_accept,1,190
16777,335690.000,fft_accept,1,191
16779,335730.000,fft_accept,1,192
16781,335770.000,fft_accept,1,193
16783,335810.000,fft_accept,1,194
16785,335850.000,fft_accept,1,195
16787,335890.000,fft_accept,1,196
16789,335930.000,fft_accept,1,197
16791,335970.000,fft_accept,1,198
16793,336010.000,fft_accept,1,199
16795,336050.000,fft_accept,1,200
16797,336090.000,fft_accept,1,201
16799,336130.000,fft_accept,1,202
16801,336170.000,fft_accept,1,203
16803,336210.000,fft_accept,1,204
16805,336250.000,fft_accept,1,205
16807,336290.000,fft_accept,1,206
16809,336330.000,fft_accept,1,207
16811,336370.000,fft_accept,1,208
16813,336410.000,fft_accept,1,209
16815,336450.000,fft_accept,1,210
16817,336490.000,fft_accept,1,211
16819,336530.000,fft_accept,1,212
16821,336570.000,fft_accept,1,213
16823,336610.000,fft_accept,1,214
16825,336650.000,fft_accept,1,215
16827,336690.000,fft_accept,1,216
16829,336730.000,fft_accept,1,217
16831,336770.000,fft_accept,1,218
16833,336810.000,fft_accept,1,219
16835,336850.000,fft_accept,1,220
16837,336890.000,fft_accept,1,221
16839,336930.000,fft_accept,1,222
16841,336970.000,fft_accept,1,223
16843,337010.000,fft_accept,1,224
16845,337050.000,fft_accept,1,225
16847,337090.000,fft_accept,1,226
16849,337130.000,fft_accept,1,227
16851,337170.000,fft_accept,1,228
16853,337210.000,fft_accept,1,229
16855,337250.000,fft_accept,1,230
16857,337290.000,fft_accept,1,231
16859,337330.000,fft_accept,1,232
16861,337370.000,fft_accept,1,233
16863,337410.000,fft_accept,1,234
16865,337450.000,fft_accept,1,235
16867,337490.000,fft_accept,1,236
16869,337530.000,fft_accept,1,237
16871,337570.000,fft_accept,1,238
16873,337610.000,fft_accept,1,239
16875,337650.000,fft_accept,1,240
16877,337690.000,fft_accept,1,241
16879,337730.000,fft_accept,1,242
16881,337770.000,fft_accept,1,243
16883,337810.000,fft_accept,1,244
16885,337850.000,fft_accept,1,245
16887,337890.000,fft_accept,1,246
16889,337930.000,fft_accept,1,247
16891,337970.000,fft_accept,1,248
16893,338010.000,fft_accept,1,249
16895,338050.000,fft_accept,1,250
16897,338090.000,fft_accept,1,251
16899,338130.000,fft_accept,1,252
16901,338170.000,fft_accept,1,253
16903,338210.000,fft_accept,1,254
16905,338250.000,fft_accept,1,255
16906,338270.000,window_accept,2,0
16907,338290.000,window_accept,2,1
16909,338330.000,window_accept,2,2
16909,338330.000,canon_accept,1,0
16910,338350.000,mask_accept,1,0
16910,338350.000,ifft_compute_end,0,-1
16911,338370.000,window_accept,2,3
16911,338370.000,ifft_accept,0,0
16913,338410.000,window_accept,2,4
16913,338410.000,canon_accept,1,1
16913,338410.000,ifft_accept,0,1
16915,338450.000,window_accept,2,5
16915,338450.000,ifft_accept,0,2
16917,338490.000,window_accept,2,6
16917,338490.000,ifft_accept,0,3
16919,338530.000,window_accept,2,7
16919,338530.000,ifft_accept,0,4
16921,338570.000,window_accept,2,8
16921,338570.000,ifft_accept,0,5
16923,338610.000,window_accept,2,9
16923,338610.000,ifft_accept,0,6
16925,338650.000,window_accept,2,10
16925,338650.000,ifft_accept,0,7
16927,338690.000,window_accept,2,11
16927,338690.000,ifft_accept,0,8
16929,338730.000,window_accept,2,12
16929,338730.000,ifft_accept,0,9
16931,338770.000,window_accept,2,13
16931,338770.000,ifft_accept,0,10
16933,338810.000,window_accept,2,14
16933,338810.000,ifft_accept,0,11
16935,338850.000,window_accept,2,15
16935,338850.000,ifft_accept,0,12
16937,338890.000,window_accept,2,16
16937,338890.000,ifft_accept,0,13
16939,338930.000,window_accept,2,17
16939,338930.000,ifft_accept,0,14
16941,338970.000,window_accept,2,18
16941,338970.000,ifft_accept,0,15
16943,339010.000,window_accept,2,19
16943,339010.000,ifft_accept,0,16
16945,339050.000,window_accept,2,20
16945,339050.000,ifft_accept,0,17
16947,339090.000,window_accept,2,21
16947,339090.000,ifft_accept,0,18
16949,339130.000,window_accept,2,22
16949,339130.000,ifft_accept,0,19
16951,339170.000,window_accept,2,23
16951,339170.000,ifft_accept,0,20
16953,339210.000,window_accept,2,24
16953,339210.000,ifft_accept,0,21
16955,339250.000,window_accept,2,25
16955,339250.000,ifft_accept,0,22
16957,339290.000,window_accept,2,26
16957,339290.000,ifft_accept,0,23
16959,339330.000,window_accept,2,27
16959,339330.000,ifft_accept,0,24
16961,339370.000,window_accept,2,28
16961,339370.000,ifft_accept,0,25
16963,339410.000,window_accept,2,29
16963,339410.000,ifft_accept,0,26
16965,339450.000,window_accept,2,30
16965,339450.000,ifft_accept,0,27
16967,339490.000,window_accept,2,31
16967,339490.000,ifft_accept,0,28
16969,339530.000,window_accept,2,32
16969,339530.000,ifft_accept,0,29
16971,339570.000,window_accept,2,33
16971,339570.000,ifft_accept,0,30
16973,339610.000,window_accept,2,34
16973,339610.000,ifft_accept,0,31
16975,339650.000,window_accept,2,35
16975,339650.000,ifft_accept,0,32
16977,339690.000,window_accept,2,36
16977,339690.000,ifft_accept,0,33
16979,339730.000,window_accept,2,37
16979,339730.000,ifft_accept,0,34
16981,339770.000,window_accept,2,38
16981,339770.000,ifft_accept,0,35
16983,339810.000,window_accept,2,39
16983,339810.000,ifft_accept,0,36
16985,339850.000,window_accept,2,40
16985,339850.000,ifft_accept,0,37
16987,339890.000,window_accept,2,41
16987,339890.000,ifft_accept,0,38
16989,339930.000,window_accept,2,42
16989,339930.000,ifft_accept,0,39
16991,339970.000,window_accept,2,43
16991,339970.000,ifft_accept,0,40
16993,340010.000,window_accept,2,44
16993,340010.000,ifft_accept,0,41
16995,340050.000,window_accept,2,45
16995,340050.000,ifft_accept,0,42
16997,340090.000,window_accept,2,46
16997,340090.000,ifft_accept,0,43
16999,340130.000,window_accept,2,47
16999,340130.000,ifft_accept,0,44
17001,340170.000,window_accept,2,48
17001,340170.000,ifft_accept,0,45
17003,340210.000,window_accept,2,49
17003,340210.000,ifft_accept,0,46
17005,340250.000,window_accept,2,50
17005,340250.000,ifft_accept,0,47
17007,340290.000,window_accept,2,51
17007,340290.000,ifft_accept,0,48
17009,340330.000,window_accept,2,52
17009,340330.000,ifft_accept,0,49
17011,340370.000,window_accept,2,53
17011,340370.000,ifft_accept,0,50
17013,340410.000,window_accept,2,54
17013,340410.000,ifft_accept,0,51
17015,340450.000,window_accept,2,55
17015,340450.000,ifft_accept,0,52
17017,340490.000,window_accept,2,56
17017,340490.000,ifft_accept,0,53
17019,340530.000,window_accept,2,57
17019,340530.000,ifft_accept,0,54
17021,340570.000,window_accept,2,58
17021,340570.000,ifft_accept,0,55
17023,340610.000,window_accept,2,59
17023,340610.000,ifft_accept,0,56
17025,340650.000,window_accept,2,60
17025,340650.000,ifft_accept,0,57
17027,340690.000,window_accept,2,61
17027,340690.000,ifft_accept,0,58
17029,340730.000,window_accept,2,62
17029,340730.000,ifft_accept,0,59
17031,340770.000,window_accept,2,63
17031,340770.000,ifft_accept,0,60
17033,340810.000,window_accept,2,64
17033,340810.000,ifft_accept,0,61
17035,340850.000,window_accept,2,65
17035,340850.000,ifft_accept,0,62
17037,340890.000,window_accept,2,66
17037,340890.000,ifft_accept,0,63
17039,340930.000,window_accept,2,67
17039,340930.000,ifft_accept,0,64
17041,340970.000,window_accept,2,68
17041,340970.000,ifft_accept,0,65
17043,341010.000,window_accept,2,69
17043,341010.000,ifft_accept,0,66
17045,341050.000,window_accept,2,70
17045,341050.000,ifft_accept,0,67
17047,341090.000,window_accept,2,71
17047,341090.000,ifft_accept,0,68
17049,341130.000,window_accept,2,72
17049,341130.000,ifft_accept,0,69
17051,341170.000,window_accept,2,73
17051,341170.000,ifft_accept,0,70
17053,341210.000,window_accept,2,74
17053,341210.000,ifft_accept,0,71
17055,341250.000,window_accept,2,75
17055,341250.000,ifft_accept,0,72
17057,341290.000,window_accept,2,76
17057,341290.000,ifft_accept,0,73
17059,341330.000,window_accept,2,77
17059,341330.000,ifft_accept,0,74
17061,341370.000,window_accept,2,78
17061,341370.000,ifft_accept,0,75
17063,341410.000,window_accept,2,79
17063,341410.000,ifft_accept,0,76
17065,341450.000,window_accept,2,80
17065,341450.000,ifft_accept,0,77
17067,341490.000,window_accept,2,81
17067,341490.000,ifft_accept,0,78
17069,341530.000,window_accept,2,82
17069,341530.000,ifft_accept,0,79
17071,341570.000,window_accept,2,83
17071,341570.000,ifft_accept,0,80
17073,341610.000,window_accept,2,84
17073,341610.000,ifft_accept,0,81
17075,341650.000,window_accept,2,85
17075,341650.000,ifft_accept,0,82
17077,341690.000,window_accept,2,86
17077,341690.000,ifft_accept,0,83
17079,341730.000,window_accept,2,87
17079,341730.000,ifft_accept,0,84
17081,341770.000,window_accept,2,88
17081,341770.000,ifft_accept,0,85
17083,341810.000,window_accept,2,89
17083,341810.000,ifft_accept,0,86
17085,341850.000,window_accept,2,90
17085,341850.000,ifft_accept,0,87
17087,341890.000,window_accept,2,91
17087,341890.000,ifft_accept,0,88
17089,341930.000,window_accept,2,92
17089,341930.000,ifft_accept,0,89
17091,341970.000,window_accept,2,93
17091,341970.000,ifft_accept,0,90
17093,342010.000,window_accept,2,94
17093,342010.000,ifft_accept,0,91
17095,342050.000,window_accept,2,95
17095,342050.000,ifft_accept,0,92
17097,342090.000,window_accept,2,96
17097,342090.000,ifft_accept,0,93
17099,342130.000,window_accept,2,97
17099,342130.000,ifft_accept,0,94
17101,342170.000,window_accept,2,98
17101,342170.000,ifft_accept,0,95
17103,342210.000,window_accept,2,99
17103,342210.000,ifft_accept,0,96
17105,342250.000,window_accept,2,100
17105,342250.000,ifft_accept,0,97
17107,342290.000,window_accept,2,101
17107,342290.000,ifft_accept,0,98
17109,342330.000,window_accept,2,102
17109,342330.000,ifft_accept,0,99
17111,342370.000,window_accept,2,103
17111,342370.000,ifft_accept,0,100
17113,342410.000,window_accept,2,104
17113,342410.000,ifft_accept,0,101
17115,342450.000,window_accept,2,105
17115,342450.000,ifft_accept,0,102
17117,342490.000,window_accept,2,106
17117,342490.000,ifft_accept,0,103
17119,342530.000,window_accept,2,107
17119,342530.000,ifft_accept,0,104
17121,342570.000,window_accept,2,108
17121,342570.000,ifft_accept,0,105
17123,342610.000,window_accept,2,109
17123,342610.000,ifft_accept,0,106
17125,342650.000,window_accept,2,110
17125,342650.000,ifft_accept,0,107
17127,342690.000,window_accept,2,111
17127,342690.000,ifft_accept,0,108
17129,342730.000,window_accept,2,112
17129,342730.000,ifft_accept,0,109
17131,342770.000,window_accept,2,113
17131,342770.000,ifft_accept,0,110
17133,342810.000,window_accept,2,114
17133,342810.000,ifft_accept,0,111
17135,342850.000,window_accept,2,115
17135,342850.000,ifft_accept,0,112
17137,342890.000,window_accept,2,116
17137,342890.000,ifft_accept,0,113
17139,342930.000,window_accept,2,117
17139,342930.000,ifft_accept,0,114
17141,342970.000,window_accept,2,118
17141,342970.000,ifft_accept,0,115
17143,343010.000,window_accept,2,119
17143,343010.000,ifft_accept,0,116
17145,343050.000,window_accept,2,120
17145,343050.000,ifft_accept,0,117
17147,343090.000,window_accept,2,121
17147,343090.000,ifft_accept,0,118
17149,343130.000,window_accept,2,122
17149,343130.000,ifft_accept,0,119
17151,343170.000,window_accept,2,123
17151,343170.000,ifft_accept,0,120
17153,343210.000,window_accept,2,124
17153,343210.000,ifft_accept,0,121
17155,343250.000,window_accept,2,125
17155,343250.000,ifft_accept,0,122
17157,343290.000,window_accept,2,126
17157,343290.000,ifft_accept,0,123
17159,343330.000,window_accept,2,127
17159,343330.000,ifft_accept,0,124
17161,343370.000,window_accept,2,128
17161,343370.000,ifft_accept,0,125
17163,343410.000,window_accept,2,129
17163,343410.000,ifft_accept,0,126
17165,343450.000,window_accept,2,130
17165,343450.000,ifft_accept,0,127
17167,343490.000,window_accept,2,131
17167,343490.000,ifft_accept,0,128
17169,343530.000,window_accept,2,132
17169,343530.000,ifft_accept,0,129
17171,343570.000,window_accept,2,133
17171,343570.000,ifft_accept,0,130
17173,343610.000,window_accept,2,134
17173,343610.000,ifft_accept,0,131
17175,343650.000,window_accept,2,135
17175,343650.000,ifft_accept,0,132
17177,343690.000,window_accept,2,136
17177,343690.000,ifft_accept,0,133
17179,343730.000,window_accept,2,137
17179,343730.000,ifft_accept,0,134
17181,343770.000,window_accept,2,138
17181,343770.000,ifft_accept,0,135
17183,343810.000,window_accept,2,139
17183,343810.000,ifft_accept,0,136
17185,343850.000,window_accept,2,140
17185,343850.000,ifft_accept,0,137
17187,343890.000,window_accept,2,141
17187,343890.000,ifft_accept,0,138
17189,343930.000,window_accept,2,142
17189,343930.000,ifft_accept,0,139
17191,343970.000,window_accept,2,143
17191,343970.000,ifft_accept,0,140
17193,344010.000,window_accept,2,144
17193,344010.000,ifft_accept,0,141
17195,344050.000,window_accept,2,145
17195,344050.000,ifft_accept,0,142
17197,344090.000,window_accept,2,146
17197,344090.000,ifft_accept,0,143
17199,344130.000,window_accept,2,147
17199,344130.000,ifft_accept,0,144
17201,344170.000,window_accept,2,148
17201,344170.000,ifft_accept,0,145
17203,344210.000,window_accept,2,149
17203,344210.000,ifft_accept,0,146
17205,344250.000,window_accept,2,150
17205,344250.000,ifft_accept,0,147
17207,344290.000,window_accept,2,151
17207,344290.000,ifft_accept,0,148
17209,344330.000,window_accept,2,152
17209,344330.000,ifft_accept,0,149
17211,344370.000,window_accept,2,153
17211,344370.000,ifft_accept,0,150
17213,344410.000,window_accept,2,154
17213,344410.000,ifft_accept,0,151
17215,344450.000,window_accept,2,155
17215,344450.000,ifft_accept,0,152
17217,344490.000,window_accept,2,156
17217,344490.000,ifft_accept,0,153
17219,344530.000,window_accept,2,157
17219,344530.000,ifft_accept,0,154
17221,344570.000,window_accept,2,158
17221,344570.000,ifft_accept,0,155
17223,344610.000,window_accept,2,159
17223,344610.000,ifft_accept,0,156
17225,344650.000,window_accept,2,160
17225,344650.000,ifft_accept,0,157
17227,344690.000,window_accept,2,161
17227,344690.000,ifft_accept,0,158
17229,344730.000,window_accept,2,162
17229,344730.000,ifft_accept,0,159
17231,344770.000,window_accept,2,163
17231,344770.000,ifft_accept,0,160
17233,344810.000,window_accept,2,164
17233,344810.000,ifft_accept,0,161
17235,344850.000,window_accept,2,165
17235,344850.000,ifft_accept,0,162
17237,344890.000,window_accept,2,166
17237,344890.000,ifft_accept,0,163
17239,344930.000,window_accept,2,167
17239,344930.000,ifft_accept,0,164
17241,344970.000,window_accept,2,168
17241,344970.000,ifft_accept,0,165
17243,345010.000,window_accept,2,169
17243,345010.000,ifft_accept,0,166
17245,345050.000,window_accept,2,170
17245,345050.000,ifft_accept,0,167
17247,345090.000,window_accept,2,171
17247,345090.000,ifft_accept,0,168
17249,345130.000,window_accept,2,172
17249,345130.000,ifft_accept,0,169
17251,345170.000,window_accept,2,173
17251,345170.000,ifft_accept,0,170
17253,345210.000,window_accept,2,174
17253,345210.000,ifft_accept,0,171
17255,345250.000,window_accept,2,175
17255,345250.000,ifft_accept,0,172
17257,345290.000,window_accept,2,176
17257,345290.000,ifft_accept,0,173
17259,345330.000,window_accept,2,177
17259,345330.000,ifft_accept,0,174
17261,345370.000,window_accept,2,178
17261,345370.000,ifft_accept,0,175
17263,345410.000,window_accept,2,179
17263,345410.000,ifft_accept,0,176
17265,345450.000,window_accept,2,180
17265,345450.000,ifft_accept,0,177
17267,345490.000,window_accept,2,181
17267,345490.000,ifft_accept,0,178
17269,345530.000,window_accept,2,182
17269,345530.000,ifft_accept,0,179
17271,345570.000,window_accept,2,183
17271,345570.000,ifft_accept,0,180
17273,345610.000,window_accept,2,184
17273,345610.000,ifft_accept,0,181
17275,345650.000,window_accept,2,185
17275,345650.000,ifft_accept,0,182
17277,345690.000,window_accept,2,186
17277,345690.000,ifft_accept,0,183
17279,345730.000,window_accept,2,187
17279,345730.000,ifft_accept,0,184
17281,345770.000,window_accept,2,188
17281,345770.000,ifft_accept,0,185
17283,345810.000,window_accept,2,189
17283,345810.000,ifft_accept,0,186
17285,345850.000,window_accept,2,190
17285,345850.000,ifft_accept,0,187
17287,345890.000,window_accept,2,191
17287,345890.000,ifft_accept,0,188
17289,345930.000,window_accept,2,192
17289,345930.000,ifft_accept,0,189
17291,345970.000,window_accept,2,193
17291,345970.000,ifft_accept,0,190
17293,346010.000,window_accept,2,194
17293,346010.000,ifft_accept,0,191
17295,346050.000,window_accept,2,195
17295,346050.000,ifft_accept,0,192
17297,346090.000,window_accept,2,196
17297,346090.000,ifft_accept,0,193
17299,346130.000,window_accept,2,197
17299,346130.000,ifft_accept,0,194
17301,346170.000,window_accept,2,198
17301,346170.000,ifft_accept,0,195
17303,346210.000,window_accept,2,199
17303,346210.000,ifft_accept,0,196
17305,346250.000,window_accept,2,200
17305,346250.000,ifft_accept,0,197
17307,346290.000,window_accept,2,201
17307,346290.000,ifft_accept,0,198
17309,346330.000,window_accept,2,202
17309,346330.000,ifft_accept,0,199
17311,346370.000,window_accept,2,203
17311,346370.000,ifft_accept,0,200
17313,346410.000,window_accept,2,204
17313,346410.000,ifft_accept,0,201
17315,346450.000,window_accept,2,205
17315,346450.000,ifft_accept,0,202
17317,346490.000,window_accept,2,206
17317,346490.000,ifft_accept,0,203
17319,346530.000,window_accept,2,207
17319,346530.000,ifft_accept,0,204
17321,346570.000,window_accept,2,208
17321,346570.000,ifft_accept,0,205
17323,346610.000,window_accept,2,209
17323,346610.000,ifft_accept,0,206
17325,346650.000,window_accept,2,210
17325,346650.000,ifft_accept,0,207
17327,346690.000,window_accept,2,211
17327,346690.000,ifft_accept,0,208
17329,346730.000,window_accept,2,212
17329,346730.000,ifft_accept,0,209
17331,346770.000,window_accept,2,213
17331,346770.000,ifft_accept,0,210
17333,346810.000,window_accept,2,214
17333,346810.000,ifft_accept,0,211
17335,346850.000,window_accept,2,215
17335,346850.000,ifft_accept,0,212
17337,346890.000,window_accept,2,216
17337,346890.000,ifft_accept,0,213
17339,346930.000,window_accept,2,217
17339,346930.000,ifft_accept,0,214
17341,346970.000,window_accept,2,218
17341,346970.000,ifft_accept,0,215
17343,347010.000,window_accept,2,219
17343,347010.000,ifft_accept,0,216
17345,347050.000,window_accept,2,220
17345,347050.000,ifft_accept,0,217
17347,347090.000,window_accept,2,221
17347,347090.000,ifft_accept,0,218
17349,347130.000,window_accept,2,222
17349,347130.000,ifft_accept,0,219
17351,347170.000,window_accept,2,223
17351,347170.000,ifft_accept,0,220
17353,347210.000,window_accept,2,224
17353,347210.000,ifft_accept,0,221
17355,347250.000,window_accept,2,225
17355,347250.000,ifft_accept,0,222
17357,347290.000,window_accept,2,226
17357,347290.000,ifft_accept,0,223
17359,347330.000,window_accept,2,227
17359,347330.000,ifft_accept,0,224
17361,347370.000,window_accept,2,228
17361,347370.000,ifft_accept,0,225
17363,347410.000,window_accept,2,229
17363,347410.000,ifft_accept,0,226
17365,347450.000,window_accept,2,230
17365,347450.000,ifft_accept,0,227
17367,347490.000,window_accept,2,231
17367,347490.000,ifft_accept,0,228
17369,347530.000,window_accept,2,232
17369,347530.000,ifft_accept,0,229
17371,347570.000,window_accept,2,233
17371,347570.000,ifft_accept,0,230
17373,347610.000,window_accept,2,234
17373,347610.000,ifft_accept,0,231
17375,347650.000,window_accept,2,235
17375,347650.000,ifft_accept,0,232
17377,347690.000,window_accept,2,236
17377,347690.000,ifft_accept,0,233
17379,347730.000,window_accept,2,237
17379,347730.000,ifft_accept,0,234
17381,347770.000,window_accept,2,238
17381,347770.000,ifft_accept,0,235
17383,347810.000,window_accept,2,239
17383,347810.000,ifft_accept,0,236
17385,347850.000,window_accept,2,240
17385,347850.000,ifft_accept,0,237
17387,347890.000,window_accept,2,241
17387,347890.000,ifft_accept,0,238
17389,347930.000,window_accept,2,242
17389,347930.000,ifft_accept,0,239
17391,347970.000,window_accept,2,243
17391,347970.000,ifft_accept,0,240
17393,348010.000,window_accept,2,244
17393,348010.000,ifft_accept,0,241
17395,348050.000,window_accept,2,245
17395,348050.000,ifft_accept,0,242
17397,348090.000,window_accept,2,246
17397,348090.000,ifft_accept,0,243
17399,348130.000,window_accept,2,247
17399,348130.000,ifft_accept,0,244
17401,348170.000,window_accept,2,248
17401,348170.000,ifft_accept,0,245
17403,348210.000,window_accept,2,249
17403,348210.000,ifft_accept,0,246
17405,348250.000,window_accept,2,250
17405,348250.000,ifft_accept,0,247
17407,348290.000,window_accept,2,251
17407,348290.000,ifft_accept,0,248
17409,348330.000,window_accept,2,252
17409,348330.000,ifft_accept,0,249
17411,348370.000,window_accept,2,253
17411,348370.000,ifft_accept,0,250
17413,348410.000,window_accept,2,254
17413,348410.000,ifft_accept,0,251
17415,348450.000,source_accept,-1,385
17415,348450.000,window_accept,2,255
17415,348450.000,ifft_accept,0,252
17416,348470.000,source_accept,-1,386
17416,348470.000,fft_compute_start,2,1
17417,348490.000,source_accept,-1,387
17417,348490.000,ifft_accept,0,253
17418,348510.000,source_accept,-1,388
17419,348530.000,source_accept,-1,389
17419,348530.000,ifft_accept,0,254
17420,348550.000,source_accept,-1,390
17421,348570.000,source_accept,-1,391
17421,348570.000,ifft_accept,0,255
17422,348590.000,source_accept,-1,392
17422,348590.000,canon_accept,1,2
17422,348590.000,mask_accept,1,1
17422,348590.000,spec_accept,1,0
17423,348610.000,source_accept,-1,393
17423,348610.000,mask_accept,1,2
17423,348610.000,spec_accept,1,1
17424,348630.000,source_accept,-1,394
17424,348630.000,spec_accept,1,2
17425,348650.000,source_accept,-1,395
17426,348670.000,source_accept,-1,396
17426,348670.000,canon_accept,1,3
17426,348670.000,wola_accept,0,0
17427,348690.000,source_accept,-1,397
17427,348690.000,mask_accept,1,3
17428,348710.000,source_accept,-1,398
17428,348710.000,spec_accept,1,3
17428,348710.000,wola_accept,0,1
17428,348710.000,y_accept,-1,0
17429,348730.000,source_accept,-1,399
17430,348750.000,source_accept,-1,400
17430,348750.000,canon_accept,1,4
17430,348750.000,wola_accept,0,2
17430,348750.000,y_accept,-1,1
17431,348770.000,source_accept,-1,401
17431,348770.000,mask_accept,1,4
17432,348790.000,source_accept,-1,402
17432,348790.000,spec_accept,1,4
17432,348790.000,wola_accept,0,3
17432,348790.000,y_accept,-1,2
17433,348810.000,source_accept,-1,403
17434,348830.000,source_accept,-1,404
17434,348830.000,canon_accept,1,5
17434,348830.000,wola_accept,0,4
17434,348830.000,y_accept,-1,3
17435,348850.000,source_accept,-1,405
17435,348850.000,mask_accept,1,5
17436,348870.000,source_accept,-1,406
17436,348870.000,spec_accept,1,5
17436,348870.000,wola_accept,0,5
17436,348870.000,y_accept,-1,4
17437,348890.000,source_accept,-1,407
17438,348910.000,source_accept,-1,408
17438,348910.000,canon_accept,1,6
17438,348910.000,wola_accept,0,6
17438,348910.000,y_accept,-1,5
17439,348930.000,source_accept,-1,409
17439,348930.000,mask_accept,1,6
17440,348950.000,source_accept,-1,410
17440,348950.000,spec_accept,1,6
17440,348950.000,wola_accept,0,7
17440,348950.000,y_accept,-1,6
17441,348970.000,source_accept,-1,411
17442,348990.000,source_accept,-1,412
17442,348990.000,canon_accept,1,7
17442,348990.000,wola_accept,0,8
17442,348990.000,y_accept,-1,7
17443,349010.000,source_accept,-1,413
17443,349010.000,mask_accept,1,7
17444,349030.000,source_accept,-1,414
17444,349030.000,spec_accept,1,7
17444,349030.000,wola_accept,0,9
17444,349030.000,y_accept,-1,8
17445,349050.000,source_accept,-1,415
17446,349070.000,source_accept,-1,416
17446,349070.000,canon_accept,1,8
17446,349070.000,wola_accept,0,10
17446,349070.000,y_accept,-1,9
17447,349090.000,source_accept,-1,417
17447,349090.000,mask_accept,1,8
17448,349110.000,source_accept,-1,418
17448,349110.000,spec_accept,1,8
17448,349110.000,wola_accept,0,11
17448,349110.000,y_accept,-1,10
17449,349130.000,source_accept,-1,419
17450,349150.000,source_accept,-1,420
17450,349150.000,canon_accept,1,9
17450,349150.000,wola_accept,0,12
17450,349150.000,y_accept,-1,11
17451,349170.000,source_accept,-1,421
17451,349170.000,mask_accept,1,9
17452,349190.000,source_accept,-1,422
17452,349190.000,spec_accept,1,9
17452,349190.000,wola_accept,0,13
17452,349190.000,y_accept,-1,12
17453,349210.000,source_accept,-1,423
17454,349230.000,source_accept,-1,424
17454,349230.000,canon_accept,1,10
17454,349230.000,wola_accept,0,14
17454,349230.000,y_accept,-1,13
17455,349250.000,source_accept,-1,425
17455,349250.000,mask_accept,1,10
17456,349270.000,source_accept,-1,426
17456,349270.000,spec_accept,1,10
17456,349270.000,wola_accept,0,15
17456,349270.000,y_accept,-1,14
17457,349290.000,source_accept,-1,427
17458,349310.000,source_accept,-1,428
17458,349310.000,canon_accept,1,11
17458,349310.000,wola_accept,0,16
17458,349310.000,y_accept,-1,15
17459,349330.000,source_accept,-1,429
17459,349330.000,mask_accept,1,11
17460,349350.000,source_accept,-1,430
17460,349350.000,spec_accept,1,11
17460,349350.000,wola_accept,0,17
17460,349350.000,y_accept,-1,16
17461,349370.000,source_accept,-1,431
17462,349390.000,source_accept,-1,432
17462,349390.000,canon_accept,1,12
17462,349390.000,wola_accept,0,18
17462,349390.000,y_accept,-1,17
17463,349410.000,source_accept,-1,433
17463,349410.000,mask_accept,1,12
17464,349430.000,source_accept,-1,434
17464,349430.000,spec_accept,1,12
17464,349430.000,wola_accept,0,19
17464,349430.000,y_accept,-1,18
17465,349450.000,source_accept,-1,435
17466,349470.000,source_accept,-1,436
17466,349470.000,canon_accept,1,13
17466,349470.000,wola_accept,0,20
17466,349470.000,y_accept,-1,19
17467,349490.000,source_accept,-1,437
17467,349490.000,mask_accept,1,13
17468,349510.000,source_accept,-1,438
17468,349510.000,spec_accept,1,13
17468,349510.000,wola_accept,0,21
17468,349510.000,y_accept,-1,20
17469,349530.000,source_accept,-1,439
17470,349550.000,source_accept,-1,440
17470,349550.000,canon_accept,1,14
17470,349550.000,wola_accept,0,22
17470,349550.000,y_accept,-1,21
17471,349570.000,source_accept,-1,441
17471,349570.000,mask_accept,1,14
17472,349590.000,source_accept,-1,442
17472,349590.000,spec_accept,1,14
17472,349590.000,wola_accept,0,23
17472,349590.000,y_accept,-1,22
17473,349610.000,source_accept,-1,443
17474,349630.000,source_accept,-1,444
17474,349630.000,canon_accept,1,15
17474,349630.000,wola_accept,0,24
17474,349630.000,y_accept,-1,23
17475,349650.000,source_accept,-1,445
17475,349650.000,mask_accept,1,15
17476,349670.000,source_accept,-1,446
17476,349670.000,spec_accept,1,15
17476,349670.000,wola_accept,0,25
17476,349670.000,y_accept,-1,24
17477,349690.000,source_accept,-1,447
17478,349710.000,source_accept,-1,448
17478,349710.000,canon_accept,1,16
17478,349710.000,wola_accept,0,26
17478,349710.000,y_accept,-1,25
17479,349730.000,source_accept,-1,449
17479,349730.000,mask_accept,1,16
17480,349750.000,source_accept,-1,450
17480,349750.000,spec_accept,1,16
17480,349750.000,wola_accept,0,27
17480,349750.000,y_accept,-1,26
17481,349770.000,source_accept,-1,451
17482,349790.000,source_accept,-1,452
17482,349790.000,canon_accept,1,17
17482,349790.000,wola_accept,0,28
17482,349790.000,y_accept,-1,27
17483,349810.000,source_accept,-1,453
17483,349810.000,mask_accept,1,17
17484,349830.000,source_accept,-1,454
17484,349830.000,spec_accept,1,17
17484,349830.000,wola_accept,0,29
17484,349830.000,y_accept,-1,28
17485,349850.000,source_accept,-1,455
17486,349870.000,source_accept,-1,456
17486,349870.000,canon_accept,1,18
17486,349870.000,wola_accept,0,30
17486,349870.000,y_accept,-1,29
17487,349890.000,source_accept,-1,457
17487,349890.000,mask_accept,1,18
17488,349910.000,source_accept,-1,458
17488,349910.000,spec_accept,1,18
17488,349910.000,wola_accept,0,31
17488,349910.000,y_accept,-1,30
17489,349930.000,source_accept,-1,459
17490,349950.000,source_accept,-1,460
17490,349950.000,canon_accept,1,19
17490,349950.000,wola_accept,0,32
17490,349950.000,y_accept,-1,31
17491,349970.000,source_accept,-1,461
17491,349970.000,mask_accept,1,19
17492,349990.000,source_accept,-1,462
17492,349990.000,spec_accept,1,19
17492,349990.000,wola_accept,0,33
17492,349990.000,y_accept,-1,32
17493,350010.000,source_accept,-1,463
17494,350030.000,source_accept,-1,464
17494,350030.000,canon_accept,1,20
17494,350030.000,wola_accept,0,34
17494,350030.000,y_accept,-1,33
17495,350050.000,source_accept,-1,465
17495,350050.000,mask_accept,1,20
17496,350070.000,source_accept,-1,466
17496,350070.000,spec_accept,1,20
17496,350070.000,wola_accept,0,35
17496,350070.000,y_accept,-1,34
17497,350090.000,source_accept,-1,467
17498,350110.000,source_accept,-1,468
17498,350110.000,canon_accept,1,21
17498,350110.000,wola_accept,0,36
17498,350110.000,y_accept,-1,35
17499,350130.000,source_accept,-1,469
17499,350130.000,mask_accept,1,21
17500,350150.000,source_accept,-1,470
17500,350150.000,spec_accept,1,21
17500,350150.000,wola_accept,0,37
17500,350150.000,y_accept,-1,36
17501,350170.000,source_accept,-1,471
17502,350190.000,source_accept,-1,472
17502,350190.000,canon_accept,1,22
17502,350190.000,wola_accept,0,38
17502,350190.000,y_accept,-1,37
17503,350210.000,source_accept,-1,473
17503,350210.000,mask_accept,1,22
17504,350230.000,source_accept,-1,474
17504,350230.000,spec_accept,1,22
17504,350230.000,wola_accept,0,39
17504,350230.000,y_accept,-1,38
17505,350250.000,source_accept,-1,475
17506,350270.000,source_accept,-1,476
17506,350270.000,canon_accept,1,23
17506,350270.000,wola_accept,0,40
17506,350270.000,y_accept,-1,39
17507,350290.000,source_accept,-1,477
17507,350290.000,mask_accept,1,23
17508,350310.000,source_accept,-1,478
17508,350310.000,spec_accept,1,23
17508,350310.000,wola_accept,0,41
17508,350310.000,y_accept,-1,40
17509,350330.000,source_accept,-1,479
17510,350350.000,source_accept,-1,480
17510,350350.000,canon_accept,1,24
17510,350350.000,wola_accept,0,42
17510,350350.000,y_accept,-1,41
17511,350370.000,source_accept,-1,481
17511,350370.000,mask_accept,1,24
17512,350390.000,source_accept,-1,482
17512,350390.000,spec_accept,1,24
17512,350390.000,wola_accept,0,43
17512,350390.000,y_accept,-1,42
17513,350410.000,source_accept,-1,483
17514,350430.000,source_accept,-1,484
17514,350430.000,canon_accept,1,25
17514,350430.000,wola_accept,0,44
17514,350430.000,y_accept,-1,43
17515,350450.000,source_accept,-1,485
17515,350450.000,mask_accept,1,25
17516,350470.000,source_accept,-1,486
17516,350470.000,spec_accept,1,25
17516,350470.000,wola_accept,0,45
17516,350470.000,y_accept,-1,44
17517,350490.000,source_accept,-1,487
17518,350510.000,source_accept,-1,488
17518,350510.000,canon_accept,1,26
17518,350510.000,wola_accept,0,46
17518,350510.000,y_accept,-1,45
17519,350530.000,source_accept,-1,489
17519,350530.000,mask_accept,1,26
17520,350550.000,source_accept,-1,490
17520,350550.000,spec_accept,1,26
17520,350550.000,wola_accept,0,47
17520,350550.000,y_accept,-1,46
17521,350570.000,source_accept,-1,491
17522,350590.000,source_accept,-1,492
17522,350590.000,canon_accept,1,27
17522,350590.000,wola_accept,0,48
17522,350590.000,y_accept,-1,47
17523,350610.000,source_accept,-1,493
17523,350610.000,mask_accept,1,27
17524,350630.000,source_accept,-1,494
17524,350630.000,spec_accept,1,27
17524,350630.000,wola_accept,0,49
17524,350630.000,y_accept,-1,48
17525,350650.000,source_accept,-1,495
17526,350670.000,source_accept,-1,496
17526,350670.000,canon_accept,1,28
17526,350670.000,wola_accept,0,50
17526,350670.000,y_accept,-1,49
17527,350690.000,source_accept,-1,497
17527,350690.000,mask_accept,1,28
17528,350710.000,source_accept,-1,498
17528,350710.000,spec_accept,1,28
17528,350710.000,wola_accept,0,51
17528,350710.000,y_accept,-1,50
17529,350730.000,source_accept,-1,499
17530,350750.000,source_accept,-1,500
17530,350750.000,canon_accept,1,29
17530,350750.000,wola_accept,0,52
17530,350750.000,y_accept,-1,51
17531,350770.000,source_accept,-1,501
17531,350770.000,mask_accept,1,29
17532,350790.000,source_accept,-1,502
17532,350790.000,spec_accept,1,29
17532,350790.000,wola_accept,0,53
17532,350790.000,y_accept,-1,52
17533,350810.000,source_accept,-1,503
17534,350830.000,source_accept,-1,504
17534,350830.000,canon_accept,1,30
17534,350830.000,wola_accept,0,54
17534,350830.000,y_accept,-1,53
17535,350850.000,source_accept,-1,505
17535,350850.000,mask_accept,1,30
17536,350870.000,source_accept,-1,506
17536,350870.000,spec_accept,1,30
17536,350870.000,wola_accept,0,55
17536,350870.000,y_accept,-1,54
17537,350890.000,source_accept,-1,507
17538,350910.000,source_accept,-1,508
17538,350910.000,canon_accept,1,31
17538,350910.000,wola_accept,0,56
17538,350910.000,y_accept,-1,55
17539,350930.000,source_accept,-1,509
17539,350930.000,mask_accept,1,31
17540,350950.000,source_accept,-1,510
17540,350950.000,spec_accept,1,31
17540,350950.000,wola_accept,0,57
17540,350950.000,y_accept,-1,56
17541,350970.000,source_accept,-1,511
17542,350990.000,source_accept,-1,512
17542,350990.000,canon_accept,1,32
17542,350990.000,wola_accept,0,58
17542,350990.000,y_accept,-1,57
17543,351010.000,frame_request,3,-1
17543,351010.000,mask_accept,1,32
17544,351030.000,spec_accept,1,32
17544,351030.000,wola_accept,0,59
17544,351030.000,y_accept,-1,58
17546,351070.000,canon_accept,1,33
17546,351070.000,wola_accept,0,60
17546,351070.000,y_accept,-1,59
17547,351090.000,mask_accept,1,33
17548,351110.000,spec_accept,1,33
17548,351110.000,wola_accept,0,61
17548,351110.000,y_accept,-1,60
17550,351150.000,canon_accept,1,34
17550,351150.000,wola_accept,0,62
17550,351150.000,y_accept,-1,61
17551,351170.000,mask_accept,1,34
17552,351190.000,spec_accept,1,34
17552,351190.000,wola_accept,0,63
17552,351190.000,y_accept,-1,62
17554,351230.000,canon_accept,1,35
17554,351230.000,wola_accept,0,64
17554,351230.000,y_accept,-1,63
17555,351250.000,mask_accept,1,35
17556,351270.000,spec_accept,1,35
17556,351270.000,wola_accept,0,65
17556,351270.000,y_accept,-1,64
17558,351310.000,canon_accept,1,36
17558,351310.000,wola_accept,0,66
17558,351310.000,y_accept,-1,65
17559,351330.000,mask_accept,1,36
17560,351350.000,spec_accept,1,36
17560,351350.000,wola_accept,0,67
17560,351350.000,y_accept,-1,66
17562,351390.000,canon_accept,1,37
17562,351390.000,wola_accept,0,68
17562,351390.000,y_accept,-1,67
17563,351410.000,mask_accept,1,37
17564,351430.000,spec_accept,1,37
17564,351430.000,wola_accept,0,69
17564,351430.000,y_accept,-1,68
17566,351470.000,canon_accept,1,38
17566,351470.000,wola_accept,0,70
17566,351470.000,y_accept,-1,69
17567,351490.000,mask_accept,1,38
17568,351510.000,spec_accept,1,38
17568,351510.000,wola_accept,0,71
17568,351510.000,y_accept,-1,70
17570,351550.000,canon_accept,1,39
17570,351550.000,wola_accept,0,72
17570,351550.000,y_accept,-1,71
17571,351570.000,mask_accept,1,39
17572,351590.000,spec_accept,1,39
17572,351590.000,wola_accept,0,73
17572,351590.000,y_accept,-1,72
17574,351630.000,canon_accept,1,40
17574,351630.000,wola_accept,0,74
17574,351630.000,y_accept,-1,73
17575,351650.000,mask_accept,1,40
17576,351670.000,spec_accept,1,40
17576,351670.000,wola_accept,0,75
17576,351670.000,y_accept,-1,74
17578,351710.000,canon_accept,1,41
17578,351710.000,wola_accept,0,76
17578,351710.000,y_accept,-1,75
17579,351730.000,mask_accept,1,41
17580,351750.000,spec_accept,1,41
17580,351750.000,wola_accept,0,77
17580,351750.000,y_accept,-1,76
17582,351790.000,canon_accept,1,42
17582,351790.000,wola_accept,0,78
17582,351790.000,y_accept,-1,77
17583,351810.000,mask_accept,1,42
17584,351830.000,spec_accept,1,42
17584,351830.000,wola_accept,0,79
17584,351830.000,y_accept,-1,78
17586,351870.000,canon_accept,1,43
17586,351870.000,wola_accept,0,80
17586,351870.000,y_accept,-1,79
17587,351890.000,mask_accept,1,43
17588,351910.000,spec_accept,1,43
17588,351910.000,wola_accept,0,81
17588,351910.000,y_accept,-1,80
17590,351950.000,canon_accept,1,44
17590,351950.000,wola_accept,0,82
17590,351950.000,y_accept,-1,81
17591,351970.000,mask_accept,1,44
17592,351990.000,spec_accept,1,44
17592,351990.000,wola_accept,0,83
17592,351990.000,y_accept,-1,82
17594,352030.000,canon_accept,1,45
17594,352030.000,wola_accept,0,84
17594,352030.000,y_accept,-1,83
17595,352050.000,mask_accept,1,45
17596,352070.000,spec_accept,1,45
17596,352070.000,wola_accept,0,85
17596,352070.000,y_accept,-1,84
17598,352110.000,canon_accept,1,46
17598,352110.000,wola_accept,0,86
17598,352110.000,y_accept,-1,85
17599,352130.000,mask_accept,1,46
17600,352150.000,spec_accept,1,46
17600,352150.000,wola_accept,0,87
17600,352150.000,y_accept,-1,86
17602,352190.000,canon_accept,1,47
17602,352190.000,wola_accept,0,88
17602,352190.000,y_accept,-1,87
17603,352210.000,mask_accept,1,47
17604,352230.000,spec_accept,1,47
17604,352230.000,wola_accept,0,89
17604,352230.000,y_accept,-1,88
17606,352270.000,canon_accept,1,48
17606,352270.000,wola_accept,0,90
17606,352270.000,y_accept,-1,89
17607,352290.000,mask_accept,1,48
17608,352310.000,spec_accept,1,48
17608,352310.000,wola_accept,0,91
17608,352310.000,y_accept,-1,90
17610,352350.000,canon_accept,1,49
17610,352350.000,wola_accept,0,92
17610,352350.000,y_accept,-1,91
17611,352370.000,mask_accept,1,49
17612,352390.000,spec_accept,1,49
17612,352390.000,wola_accept,0,93
17612,352390.000,y_accept,-1,92
17614,352430.000,canon_accept,1,50
17614,352430.000,wola_accept,0,94
17614,352430.000,y_accept,-1,93
17615,352450.000,mask_accept,1,50
17616,352470.000,spec_accept,1,50
17616,352470.000,wola_accept,0,95
17616,352470.000,y_accept,-1,94
17618,352510.000,canon_accept,1,51
17618,352510.000,wola_accept,0,96
17618,352510.000,y_accept,-1,95
17619,352530.000,mask_accept,1,51
17620,352550.000,spec_accept,1,51
17620,352550.000,wola_accept,0,97
17620,352550.000,y_accept,-1,96
17622,352590.000,canon_accept,1,52
17622,352590.000,wola_accept,0,98
17622,352590.000,y_accept,-1,97
17623,352610.000,mask_accept,1,52
17624,352630.000,spec_accept,1,52
17624,352630.000,wola_accept,0,99
17624,352630.000,y_accept,-1,98
17626,352670.000,canon_accept,1,53
17626,352670.000,wola_accept,0,100
17626,352670.000,y_accept,-1,99
17627,352690.000,mask_accept,1,53
17628,352710.000,spec_accept,1,53
17628,352710.000,wola_accept,0,101
17628,352710.000,y_accept,-1,100
17630,352750.000,canon_accept,1,54
17630,352750.000,wola_accept,0,102
17630,352750.000,y_accept,-1,101
17631,352770.000,mask_accept,1,54
17632,352790.000,spec_accept,1,54
17632,352790.000,wola_accept,0,103
17632,352790.000,y_accept,-1,102
17634,352830.000,canon_accept,1,55
17634,352830.000,wola_accept,0,104
17634,352830.000,y_accept,-1,103
17635,352850.000,mask_accept,1,55
17636,352870.000,spec_accept,1,55
17636,352870.000,wola_accept,0,105
17636,352870.000,y_accept,-1,104
17638,352910.000,canon_accept,1,56
17638,352910.000,wola_accept,0,106
17638,352910.000,y_accept,-1,105
17639,352930.000,mask_accept,1,56
17640,352950.000,spec_accept,1,56
17640,352950.000,wola_accept,0,107
17640,352950.000,y_accept,-1,106
17642,352990.000,canon_accept,1,57
17642,352990.000,wola_accept,0,108
17642,352990.000,y_accept,-1,107
17643,353010.000,mask_accept,1,57
17644,353030.000,spec_accept,1,57
17644,353030.000,wola_accept,0,109
17644,353030.000,y_accept,-1,108
17646,353070.000,canon_accept,1,58
17646,353070.000,wola_accept,0,110
17646,353070.000,y_accept,-1,109
17647,353090.000,mask_accept,1,58
17648,353110.000,spec_accept,1,58
17648,353110.000,wola_accept,0,111
17648,353110.000,y_accept,-1,110
17650,353150.000,canon_accept,1,59
17650,353150.000,wola_accept,0,112
17650,353150.000,y_accept,-1,111
17651,353170.000,mask_accept,1,59
17652,353190.000,spec_accept,1,59
17652,353190.000,wola_accept,0,113
17652,353190.000,y_accept,-1,112
17654,353230.000,canon_accept,1,60
17654,353230.000,wola_accept,0,114
17654,353230.000,y_accept,-1,113
17655,353250.000,mask_accept,1,60
17656,353270.000,spec_accept,1,60
17656,353270.000,wola_accept,0,115
17656,353270.000,y_accept,-1,114
17658,353310.000,canon_accept,1,61
17658,353310.000,wola_accept,0,116
17658,353310.000,y_accept,-1,115
17659,353330.000,mask_accept,1,61
17660,353350.000,spec_accept,1,61
17660,353350.000,wola_accept,0,117
17660,353350.000,y_accept,-1,116
17662,353390.000,canon_accept,1,62
17662,353390.000,wola_accept,0,118
17662,353390.000,y_accept,-1,117
17663,353410.000,mask_accept,1,62
17664,353430.000,spec_accept,1,62
17664,353430.000,wola_accept,0,119
17664,353430.000,y_accept,-1,118
17666,353470.000,canon_accept,1,63
17666,353470.000,wola_accept,0,120
17666,353470.000,y_accept,-1,119
17667,353490.000,mask_accept,1,63
17668,353510.000,spec_accept,1,63
17668,353510.000,wola_accept,0,121
17668,353510.000,y_accept,-1,120
17670,353550.000,canon_accept,1,64
17670,353550.000,wola_accept,0,122
17670,353550.000,y_accept,-1,121
17671,353570.000,mask_accept,1,64
17672,353590.000,spec_accept,1,64
17672,353590.000,wola_accept,0,123
17672,353590.000,y_accept,-1,122
17674,353630.000,canon_accept,1,65
17674,353630.000,wola_accept,0,124
17674,353630.000,y_accept,-1,123
17675,353650.000,mask_accept,1,65
17676,353670.000,spec_accept,1,65
17676,353670.000,wola_accept,0,125
17676,353670.000,y_accept,-1,124
17678,353710.000,canon_accept,1,66
17678,353710.000,wola_accept,0,126
17678,353710.000,y_accept,-1,125
17679,353730.000,mask_accept,1,66
17680,353750.000,spec_accept,1,66
17680,353750.000,wola_accept,0,127
17680,353750.000,y_accept,-1,126
17682,353790.000,canon_accept,1,67
17682,353790.000,y_accept,-1,127
17683,353810.000,mask_accept,1,67
17684,353830.000,spec_accept,1,67
17686,353870.000,canon_accept,1,68
17687,353890.000,mask_accept,1,68
17688,353910.000,spec_accept,1,68
17690,353950.000,canon_accept,1,69
17691,353970.000,mask_accept,1,69
17692,353990.000,spec_accept,1,69
17694,354030.000,canon_accept,1,70
17695,354050.000,mask_accept,1,70
17696,354070.000,spec_accept,1,70
17698,354110.000,canon_accept,1,71
17699,354130.000,mask_accept,1,71
17700,354150.000,spec_accept,1,71
17702,354190.000,canon_accept,1,72
17703,354210.000,mask_accept,1,72
17704,354230.000,spec_accept,1,72
17706,354270.000,canon_accept,1,73
17707,354290.000,mask_accept,1,73
17708,354310.000,spec_accept,1,73
17710,354350.000,canon_accept,1,74
17711,354370.000,mask_accept,1,74
17712,354390.000,spec_accept,1,74
17714,354430.000,canon_accept,1,75
17715,354450.000,mask_accept,1,75
17716,354470.000,spec_accept,1,75
17718,354510.000,canon_accept,1,76
17719,354530.000,mask_accept,1,76
17720,354550.000,spec_accept,1,76
17722,354590.000,canon_accept,1,77
17723,354610.000,mask_accept,1,77
17724,354630.000,spec_accept,1,77
17726,354670.000,canon_accept,1,78
17727,354690.000,mask_accept,1,78
17728,354710.000,spec_accept,1,78
17730,354750.000,canon_accept,1,79
17731,354770.000,mask_accept,1,79
17732,354790.000,spec_accept,1,79
17734,354830.000,canon_accept,1,80
17735,354850.000,mask_accept,1,80
17736,354870.000,spec_accept,1,80
17738,354910.000,canon_accept,1,81
17739,354930.000,mask_accept,1,81
17740,354950.000,spec_accept,1,81
17742,354990.000,canon_accept,1,82
17743,355010.000,mask_accept,1,82
17744,355030.000,spec_accept,1,82
17746,355070.000,canon_accept,1,83
17747,355090.000,mask_accept,1,83
17748,355110.000,spec_accept,1,83
17750,355150.000,canon_accept,1,84
17751,355170.000,mask_accept,1,84
17752,355190.000,spec_accept,1,84
17754,355230.000,canon_accept,1,85
17755,355250.000,mask_accept,1,85
17756,355270.000,spec_accept,1,85
17758,355310.000,canon_accept,1,86
17759,355330.000,mask_accept,1,86
17760,355350.000,spec_accept,1,86
17762,355390.000,canon_accept,1,87
17763,355410.000,mask_accept,1,87
17764,355430.000,spec_accept,1,87
17766,355470.000,canon_accept,1,88
17767,355490.000,mask_accept,1,88
17768,355510.000,spec_accept,1,88
17770,355550.000,canon_accept,1,89
17771,355570.000,mask_accept,1,89
17772,355590.000,spec_accept,1,89
17774,355630.000,canon_accept,1,90
17775,355650.000,mask_accept,1,90
17776,355670.000,spec_accept,1,90
17778,355710.000,canon_accept,1,91
17779,355730.000,mask_accept,1,91
17780,355750.000,spec_accept,1,91
17782,355790.000,canon_accept,1,92
17783,355810.000,mask_accept,1,92
17784,355830.000,spec_accept,1,92
17786,355870.000,canon_accept,1,93
17787,355890.000,mask_accept,1,93
17788,355910.000,spec_accept,1,93
17790,355950.000,canon_accept,1,94
17791,355970.000,mask_accept,1,94
17792,355990.000,spec_accept,1,94
17794,356030.000,canon_accept,1,95
17795,356050.000,mask_accept,1,95
17796,356070.000,spec_accept,1,95
17798,356110.000,canon_accept,1,96
17799,356130.000,mask_accept,1,96
17800,356150.000,spec_accept,1,96
17802,356190.000,canon_accept,1,97
17803,356210.000,mask_accept,1,97
17804,356230.000,spec_accept,1,97
17806,356270.000,canon_accept,1,98
17807,356290.000,mask_accept,1,98
17808,356310.000,spec_accept,1,98
17810,356350.000,canon_accept,1,99
17811,356370.000,mask_accept,1,99
17812,356390.000,spec_accept,1,99
17814,356430.000,canon_accept,1,100
17815,356450.000,mask_accept,1,100
17816,356470.000,spec_accept,1,100
17818,356510.000,canon_accept,1,101
17819,356530.000,mask_accept,1,101
17820,356550.000,spec_accept,1,101
17822,356590.000,canon_accept,1,102
17823,356610.000,mask_accept,1,102
17824,356630.000,spec_accept,1,102
17826,356670.000,canon_accept,1,103
17827,356690.000,mask_accept,1,103
17828,356710.000,spec_accept,1,103
17830,356750.000,canon_accept,1,104
17831,356770.000,mask_accept,1,104
17832,356790.000,spec_accept,1,104
17834,356830.000,canon_accept,1,105
17835,356850.000,mask_accept,1,105
17836,356870.000,spec_accept,1,105
17838,356910.000,canon_accept,1,106
17839,356930.000,mask_accept,1,106
17840,356950.000,spec_accept,1,106
17842,356990.000,canon_accept,1,107
17843,357010.000,mask_accept,1,107
17844,357030.000,spec_accept,1,107
17846,357070.000,canon_accept,1,108
17847,357090.000,mask_accept,1,108
17848,357110.000,spec_accept,1,108
17850,357150.000,canon_accept,1,109
17851,357170.000,mask_accept,1,109
17852,357190.000,spec_accept,1,109
17854,357230.000,canon_accept,1,110
17855,357250.000,mask_accept,1,110
17856,357270.000,spec_accept,1,110
17858,357310.000,canon_accept,1,111
17859,357330.000,mask_accept,1,111
17860,357350.000,spec_accept,1,111
17862,357390.000,canon_accept,1,112
17863,357410.000,mask_accept,1,112
17864,357430.000,spec_accept,1,112
17866,357470.000,canon_accept,1,113
17867,357490.000,mask_accept,1,113
17868,357510.000,spec_accept,1,113
17870,357550.000,canon_accept,1,114
17871,357570.000,mask_accept,1,114
17872,357590.000,spec_accept,1,114
17874,357630.000,canon_accept,1,115
17875,357650.000,mask_accept,1,115
17876,357670.000,spec_accept,1,115
17878,357710.000,canon_accept,1,116
17879,357730.000,mask_accept,1,116
17880,357750.000,spec_accept,1,116
17882,357790.000,canon_accept,1,117
17883,357810.000,mask_accept,1,117
17884,357830.000,spec_accept,1,117
17886,357870.000,canon_accept,1,118
17887,357890.000,mask_accept,1,118
17888,357910.000,spec_accept,1,118
17890,357950.000,canon_accept,1,119
17891,357970.000,mask_accept,1,119
17892,357990.000,spec_accept,1,119
17894,358030.000,canon_accept,1,120
17895,358050.000,mask_accept,1,120
17896,358070.000,spec_accept,1,120
17898,358110.000,canon_accept,1,121
17899,358130.000,mask_accept,1,121
17900,358150.000,spec_accept,1,121
17902,358190.000,canon_accept,1,122
17903,358210.000,mask_accept,1,122
17904,358230.000,spec_accept,1,122
17906,358270.000,canon_accept,1,123
17907,358290.000,mask_accept,1,123
17908,358310.000,spec_accept,1,123
17910,358350.000,canon_accept,1,124
17911,358370.000,mask_accept,1,124
17912,358390.000,spec_accept,1,124
17914,358430.000,canon_accept,1,125
17915,358450.000,mask_accept,1,125
17916,358470.000,spec_accept,1,125
17918,358510.000,canon_accept,1,126
17919,358530.000,mask_accept,1,126
17920,358550.000,spec_accept,1,126
17922,358590.000,canon_accept,1,127
17923,358610.000,mask_accept,1,127
17924,358630.000,spec_accept,1,127
17926,358670.000,canon_accept,1,128
17927,358690.000,mask_accept,1,128
17928,358710.000,spec_accept,1,128
17930,358750.000,canon_accept,1,129
17931,358770.000,mask_accept,1,129
17932,358790.000,spec_accept,1,129
17934,358830.000,canon_accept,1,130
17935,358850.000,mask_accept,1,130
17936,358870.000,spec_accept,1,130
17938,358910.000,canon_accept,1,131
17939,358930.000,mask_accept,1,131
17940,358950.000,spec_accept,1,131
17942,358990.000,canon_accept,1,132
17943,359010.000,mask_accept,1,132
17944,359030.000,spec_accept,1,132
17946,359070.000,canon_accept,1,133
17947,359090.000,mask_accept,1,133
17948,359110.000,spec_accept,1,133
17950,359150.000,canon_accept,1,134
17951,359170.000,mask_accept,1,134
17952,359190.000,spec_accept,1,134
17954,359230.000,canon_accept,1,135
17955,359250.000,mask_accept,1,135
17956,359270.000,spec_accept,1,135
17958,359310.000,canon_accept,1,136
17959,359330.000,mask_accept,1,136
17960,359350.000,spec_accept,1,136
17962,359390.000,canon_accept,1,137
17963,359410.000,mask_accept,1,137
17964,359430.000,spec_accept,1,137
17966,359470.000,canon_accept,1,138
17967,359490.000,mask_accept,1,138
17968,359510.000,spec_accept,1,138
17970,359550.000,canon_accept,1,139
17971,359570.000,mask_accept,1,139
17972,359590.000,spec_accept,1,139
17974,359630.000,canon_accept,1,140
17975,359650.000,mask_accept,1,140
17976,359670.000,spec_accept,1,140
17978,359710.000,canon_accept,1,141
17979,359730.000,mask_accept,1,141
17980,359750.000,spec_accept,1,141
17982,359790.000,canon_accept,1,142
17983,359810.000,mask_accept,1,142
17984,359830.000,spec_accept,1,142
17986,359870.000,canon_accept,1,143
17987,359890.000,mask_accept,1,143
17988,359910.000,spec_accept,1,143
17990,359950.000,canon_accept,1,144
17991,359970.000,mask_accept,1,144
17992,359990.000,spec_accept,1,144
17994,360030.000,canon_accept,1,145
17995,360050.000,mask_accept,1,145
17996,360070.000,spec_accept,1,145
17998,360110.000,canon_accept,1,146
17999,360130.000,mask_accept,1,146
18000,360150.000,spec_accept,1,146
18002,360190.000,canon_accept,1,147
18003,360210.000,mask_accept,1,147
18004,360230.000,spec_accept,1,147
18006,360270.000,canon_accept,1,148
18007,360290.000,mask_accept,1,148
18008,360310.000,spec_accept,1,148
18010,360350.000,canon_accept,1,149
18011,360370.000,mask_accept,1,149
18012,360390.000,spec_accept,1,149
18014,360430.000,canon_accept,1,150
18015,360450.000,mask_accept,1,150
18016,360470.000,spec_accept,1,150
18018,360510.000,canon_accept,1,151
18019,360530.000,mask_accept,1,151
18020,360550.000,spec_accept,1,151
18022,360590.000,canon_accept,1,152
18023,360610.000,mask_accept,1,152
18024,360630.000,spec_accept,1,152
18026,360670.000,canon_accept,1,153
18027,360690.000,mask_accept,1,153
18028,360710.000,spec_accept,1,153
18030,360750.000,canon_accept,1,154
18031,360770.000,mask_accept,1,154
18032,360790.000,spec_accept,1,154
18034,360830.000,canon_accept,1,155
18035,360850.000,mask_accept,1,155
18036,360870.000,spec_accept,1,155
18038,360910.000,canon_accept,1,156
18039,360930.000,mask_accept,1,156
18040,360950.000,spec_accept,1,156
18042,360990.000,canon_accept,1,157
18043,361010.000,mask_accept,1,157
18044,361030.000,spec_accept,1,157
18046,361070.000,canon_accept,1,158
18047,361090.000,mask_accept,1,158
18048,361110.000,spec_accept,1,158
18050,361150.000,canon_accept,1,159
18051,361170.000,mask_accept,1,159
18052,361190.000,spec_accept,1,159
18054,361230.000,canon_accept,1,160
18055,361250.000,mask_accept,1,160
18056,361270.000,spec_accept,1,160
18058,361310.000,canon_accept,1,161
18059,361330.000,mask_accept,1,161
18060,361350.000,spec_accept,1,161
18062,361390.000,canon_accept,1,162
18063,361410.000,mask_accept,1,162
18064,361430.000,spec_accept,1,162
18066,361470.000,canon_accept,1,163
18067,361490.000,mask_accept,1,163
18068,361510.000,spec_accept,1,163
18070,361550.000,canon_accept,1,164
18071,361570.000,mask_accept,1,164
18072,361590.000,spec_accept,1,164
18074,361630.000,canon_accept,1,165
18075,361650.000,mask_accept,1,165
18076,361670.000,spec_accept,1,165
18078,361710.000,canon_accept,1,166
18079,361730.000,mask_accept,1,166
18080,361750.000,spec_accept,1,166
18082,361790.000,canon_accept,1,167
18083,361810.000,mask_accept,1,167
18084,361830.000,spec_accept,1,167
18086,361870.000,canon_accept,1,168
18087,361890.000,mask_accept,1,168
18088,361910.000,spec_accept,1,168
18090,361950.000,canon_accept,1,169
18091,361970.000,mask_accept,1,169
18092,361990.000,spec_accept,1,169
18094,362030.000,canon_accept,1,170
18095,362050.000,mask_accept,1,170
18096,362070.000,spec_accept,1,170
18098,362110.000,canon_accept,1,171
18099,362130.000,mask_accept,1,171
18100,362150.000,spec_accept,1,171
18102,362190.000,canon_accept,1,172
18103,362210.000,mask_accept,1,172
18104,362230.000,spec_accept,1,172
18106,362270.000,canon_accept,1,173
18107,362290.000,mask_accept,1,173
18108,362310.000,spec_accept,1,173
18110,362350.000,canon_accept,1,174
18111,362370.000,mask_accept,1,174
18112,362390.000,spec_accept,1,174
18114,362430.000,canon_accept,1,175
18115,362450.000,mask_accept,1,175
18116,362470.000,spec_accept,1,175
18118,362510.000,canon_accept,1,176
18119,362530.000,mask_accept,1,176
18120,362550.000,spec_accept,1,176
18122,362590.000,canon_accept,1,177
18123,362610.000,mask_accept,1,177
18124,362630.000,spec_accept,1,177
18126,362670.000,canon_accept,1,178
18127,362690.000,mask_accept,1,178
18128,362710.000,spec_accept,1,178
18130,362750.000,canon_accept,1,179
18131,362770.000,mask_accept,1,179
18132,362790.000,spec_accept,1,179
18134,362830.000,canon_accept,1,180
18135,362850.000,mask_accept,1,180
18136,362870.000,spec_accept,1,180
18138,362910.000,canon_accept,1,181
18139,362930.000,mask_accept,1,181
18140,362950.000,spec_accept,1,181
18142,362990.000,canon_accept,1,182
18143,363010.000,mask_accept,1,182
18144,363030.000,spec_accept,1,182
18146,363070.000,canon_accept,1,183
18147,363090.000,mask_accept,1,183
18148,363110.000,spec_accept,1,183
18150,363150.000,canon_accept,1,184
18151,363170.000,mask_accept,1,184
18152,363190.000,spec_accept,1,184
18154,363230.000,canon_accept,1,185
18155,363250.000,mask_accept,1,185
18156,363270.000,spec_accept,1,185
18158,363310.000,canon_accept,1,186
18159,363330.000,mask_accept,1,186
18160,363350.000,spec_accept,1,186
18162,363390.000,canon_accept,1,187
18163,363410.000,mask_accept,1,187
18164,363430.000,spec_accept,1,187
18166,363470.000,canon_accept,1,188
18167,363490.000,mask_accept,1,188
18168,363510.000,spec_accept,1,188
18170,363550.000,canon_accept,1,189
18171,363570.000,mask_accept,1,189
18172,363590.000,spec_accept,1,189
18174,363630.000,canon_accept,1,190
18175,363650.000,mask_accept,1,190
18176,363670.000,spec_accept,1,190
18178,363710.000,canon_accept,1,191
18179,363730.000,mask_accept,1,191
18180,363750.000,spec_accept,1,191
18182,363790.000,canon_accept,1,192
18183,363810.000,mask_accept,1,192
18184,363830.000,spec_accept,1,192
18186,363870.000,canon_accept,1,193
18187,363890.000,mask_accept,1,193
18188,363910.000,spec_accept,1,193
18190,363950.000,canon_accept,1,194
18191,363970.000,mask_accept,1,194
18192,363990.000,spec_accept,1,194
18194,364030.000,canon_accept,1,195
18195,364050.000,mask_accept,1,195
18196,364070.000,spec_accept,1,195
18198,364110.000,canon_accept,1,196
18199,364130.000,mask_accept,1,196
18200,364150.000,spec_accept,1,196
18202,364190.000,canon_accept,1,197
18203,364210.000,mask_accept,1,197
18204,364230.000,spec_accept,1,197
18206,364270.000,canon_accept,1,198
18207,364290.000,mask_accept,1,198
18208,364310.000,spec_accept,1,198
18210,364350.000,canon_accept,1,199
18211,364370.000,mask_accept,1,199
18212,364390.000,spec_accept,1,199
18214,364430.000,canon_accept,1,200
18215,364450.000,mask_accept,1,200
18216,364470.000,spec_accept,1,200
18218,364510.000,canon_accept,1,201
18219,364530.000,mask_accept,1,201
18220,364550.000,spec_accept,1,201
18222,364590.000,canon_accept,1,202
18223,364610.000,mask_accept,1,202
18224,364630.000,spec_accept,1,202
18226,364670.000,canon_accept,1,203
18227,364690.000,mask_accept,1,203
18228,364710.000,spec_accept,1,203
18230,364750.000,canon_accept,1,204
18231,364770.000,mask_accept,1,204
18232,364790.000,spec_accept,1,204
18234,364830.000,canon_accept,1,205
18235,364850.000,mask_accept,1,205
18236,364870.000,spec_accept,1,205
18238,364910.000,canon_accept,1,206
18239,364930.000,mask_accept,1,206
18240,364950.000,spec_accept,1,206
18242,364990.000,canon_accept,1,207
18243,365010.000,mask_accept,1,207
18244,365030.000,spec_accept,1,207
18246,365070.000,canon_accept,1,208
18247,365090.000,mask_accept,1,208
18248,365110.000,spec_accept,1,208
18250,365150.000,canon_accept,1,209
18251,365170.000,mask_accept,1,209
18252,365190.000,spec_accept,1,209
18254,365230.000,canon_accept,1,210
18255,365250.000,mask_accept,1,210
18256,365270.000,spec_accept,1,210
18258,365310.000,canon_accept,1,211
18259,365330.000,mask_accept,1,211
18260,365350.000,spec_accept,1,211
18262,365390.000,canon_accept,1,212
18263,365410.000,mask_accept,1,212
18264,365430.000,spec_accept,1,212
18266,365470.000,canon_accept,1,213
18267,365490.000,mask_accept,1,213
18268,365510.000,spec_accept,1,213
18270,365550.000,canon_accept,1,214
18271,365570.000,mask_accept,1,214
18272,365590.000,spec_accept,1,214
18274,365630.000,canon_accept,1,215
18275,365650.000,mask_accept,1,215
18276,365670.000,spec_accept,1,215
18278,365710.000,canon_accept,1,216
18279,365730.000,mask_accept,1,216
18280,365750.000,spec_accept,1,216
18282,365790.000,canon_accept,1,217
18283,365810.000,mask_accept,1,217
18284,365830.000,spec_accept,1,217
18286,365870.000,canon_accept,1,218
18287,365890.000,mask_accept,1,218
18288,365910.000,spec_accept,1,218
18290,365950.000,canon_accept,1,219
18291,365970.000,mask_accept,1,219
18292,365990.000,spec_accept,1,219
18294,366030.000,canon_accept,1,220
18295,366050.000,mask_accept,1,220
18296,366070.000,spec_accept,1,220
18298,366110.000,canon_accept,1,221
18299,366130.000,mask_accept,1,221
18300,366150.000,spec_accept,1,221
18302,366190.000,canon_accept,1,222
18303,366210.000,mask_accept,1,222
18304,366230.000,spec_accept,1,222
18306,366270.000,canon_accept,1,223
18307,366290.000,mask_accept,1,223
18308,366310.000,spec_accept,1,223
18310,366350.000,canon_accept,1,224
18311,366370.000,mask_accept,1,224
18312,366390.000,spec_accept,1,224
18314,366430.000,canon_accept,1,225
18315,366450.000,mask_accept,1,225
18316,366470.000,spec_accept,1,225
18318,366510.000,canon_accept,1,226
18319,366530.000,mask_accept,1,226
18320,366550.000,spec_accept,1,226
18322,366590.000,canon_accept,1,227
18323,366610.000,mask_accept,1,227
18324,366630.000,spec_accept,1,227
18326,366670.000,canon_accept,1,228
18327,366690.000,mask_accept,1,228
18328,366710.000,spec_accept,1,228
18330,366750.000,canon_accept,1,229
18331,366770.000,mask_accept,1,229
18332,366790.000,spec_accept,1,229
18334,366830.000,canon_accept,1,230
18335,366850.000,mask_accept,1,230
18336,366870.000,spec_accept,1,230
18338,366910.000,canon_accept,1,231
18339,366930.000,mask_accept,1,231
18340,366950.000,spec_accept,1,231
18342,366990.000,canon_accept,1,232
18343,367010.000,mask_accept,1,232
18344,367030.000,spec_accept,1,232
18346,367070.000,canon_accept,1,233
18347,367090.000,mask_accept,1,233
18348,367110.000,spec_accept,1,233
18350,367150.000,canon_accept,1,234
18351,367170.000,mask_accept,1,234
18352,367190.000,spec_accept,1,234
18354,367230.000,canon_accept,1,235
18355,367250.000,mask_accept,1,235
18356,367270.000,spec_accept,1,235
18358,367310.000,canon_accept,1,236
18359,367330.000,mask_accept,1,236
18360,367350.000,spec_accept,1,236
18362,367390.000,canon_accept,1,237
18363,367410.000,mask_accept,1,237
18364,367430.000,spec_accept,1,237
18366,367470.000,canon_accept,1,238
18367,367490.000,mask_accept,1,238
18368,367510.000,spec_accept,1,238
18370,367550.000,canon_accept,1,239
18371,367570.000,mask_accept,1,239
18372,367590.000,spec_accept,1,239
18374,367630.000,canon_accept,1,240
18375,367650.000,mask_accept,1,240
18376,367670.000,spec_accept,1,240
18378,367710.000,canon_accept,1,241
18379,367730.000,mask_accept,1,241
18380,367750.000,spec_accept,1,241
18382,367790.000,canon_accept,1,242
18383,367810.000,mask_accept,1,242
18384,367830.000,spec_accept,1,242
18386,367870.000,canon_accept,1,243
18387,367890.000,mask_accept,1,243
18388,367910.000,spec_accept,1,243
18390,367950.000,canon_accept,1,244
18391,367970.000,mask_accept,1,244
18392,367990.000,spec_accept,1,244
18394,368030.000,canon_accept,1,245
18395,368050.000,mask_accept,1,245
18396,368070.000,spec_accept,1,245
18398,368110.000,canon_accept,1,246
18399,368130.000,mask_accept,1,246
18400,368150.000,spec_accept,1,246
18402,368190.000,canon_accept,1,247
18403,368210.000,mask_accept,1,247
18404,368230.000,spec_accept,1,247
18406,368270.000,canon_accept,1,248
18407,368290.000,mask_accept,1,248
18408,368310.000,spec_accept,1,248
18410,368350.000,canon_accept,1,249
18411,368370.000,mask_accept,1,249
18412,368390.000,spec_accept,1,249
18414,368430.000,canon_accept,1,250
18415,368450.000,mask_accept,1,250
18416,368470.000,spec_accept,1,250
18418,368510.000,canon_accept,1,251
18419,368530.000,mask_accept,1,251
18420,368550.000,spec_accept,1,251
18422,368590.000,canon_accept,1,252
18423,368610.000,mask_accept,1,252
18424,368630.000,spec_accept,1,252
18426,368670.000,canon_accept,1,253
18427,368690.000,mask_accept,1,253
18428,368710.000,spec_accept,1,253
18430,368750.000,canon_accept,1,254
18431,368770.000,mask_accept,1,254
18432,368790.000,spec_accept,1,254
18434,368830.000,canon_accept,1,255
18435,368850.000,mask_accept,1,255
18436,368870.000,spec_accept,1,255
18437,368890.000,ifft_compute_start,1,1
24584,491830.000,fft_compute_end,2,-1
24585,491850.000,fft_accept,2,0
24587,491890.000,fft_accept,2,1
24589,491930.000,fft_accept,2,2
24591,491970.000,fft_accept,2,3
24593,492010.000,fft_accept,2,4
24595,492050.000,fft_accept,2,5
24597,492090.000,fft_accept,2,6
24599,492130.000,fft_accept,2,7
24601,492170.000,fft_accept,2,8
24603,492210.000,fft_accept,2,9
24605,492250.000,fft_accept,2,10
24607,492290.000,fft_accept,2,11
24609,492330.000,fft_accept,2,12
24611,492370.000,fft_accept,2,13
24613,492410.000,fft_accept,2,14
24615,492450.000,fft_accept,2,15
24617,492490.000,fft_accept,2,16
24619,492530.000,fft_accept,2,17
24621,492570.000,fft_accept,2,18
24623,492610.000,fft_accept,2,19
24625,492650.000,fft_accept,2,20
24627,492690.000,fft_accept,2,21
24629,492730.000,fft_accept,2,22
24631,492770.000,fft_accept,2,23
24633,492810.000,fft_accept,2,24
24635,492850.000,fft_accept,2,25
24637,492890.000,fft_accept,2,26
24639,492930.000,fft_accept,2,27
24641,492970.000,fft_accept,2,28
24643,493010.000,fft_accept,2,29
24645,493050.000,fft_accept,2,30
24647,493090.000,fft_accept,2,31
24649,493130.000,fft_accept,2,32
24651,493170.000,fft_accept,2,33
24653,493210.000,fft_accept,2,34
24655,493250.000,fft_accept,2,35
24657,493290.000,fft_accept,2,36
24659,493330.000,fft_accept,2,37
24661,493370.000,fft_accept,2,38
24663,493410.000,fft_accept,2,39
24665,493450.000,fft_accept,2,40
24667,493490.000,fft_accept,2,41
24669,493530.000,fft_accept,2,42
24671,493570.000,fft_accept,2,43
24673,493610.000,fft_accept,2,44
24675,493650.000,fft_accept,2,45
24677,493690.000,fft_accept,2,46
24679,493730.000,fft_accept,2,47
24681,493770.000,fft_accept,2,48
24683,493810.000,fft_accept,2,49
24685,493850.000,fft_accept,2,50
24687,493890.000,fft_accept,2,51
24689,493930.000,fft_accept,2,52
24691,493970.000,fft_accept,2,53
24693,494010.000,fft_accept,2,54
24695,494050.000,fft_accept,2,55
24697,494090.000,fft_accept,2,56
24699,494130.000,fft_accept,2,57
24701,494170.000,fft_accept,2,58
24703,494210.000,fft_accept,2,59
24705,494250.000,fft_accept,2,60
24707,494290.000,fft_accept,2,61
24709,494330.000,fft_accept,2,62
24711,494370.000,fft_accept,2,63
24713,494410.000,fft_accept,2,64
24715,494450.000,fft_accept,2,65
24717,494490.000,fft_accept,2,66
24719,494530.000,fft_accept,2,67
24721,494570.000,fft_accept,2,68
24723,494610.000,fft_accept,2,69
24725,494650.000,fft_accept,2,70
24727,494690.000,fft_accept,2,71
24729,494730.000,fft_accept,2,72
24731,494770.000,fft_accept,2,73
24733,494810.000,fft_accept,2,74
24735,494850.000,fft_accept,2,75
24737,494890.000,fft_accept,2,76
24739,494930.000,fft_accept,2,77
24741,494970.000,fft_accept,2,78
24743,495010.000,fft_accept,2,79
24745,495050.000,fft_accept,2,80
24747,495090.000,fft_accept,2,81
24749,495130.000,fft_accept,2,82
24751,495170.000,fft_accept,2,83
24753,495210.000,fft_accept,2,84
24755,495250.000,fft_accept,2,85
24757,495290.000,fft_accept,2,86
24759,495330.000,fft_accept,2,87
24761,495370.000,fft_accept,2,88
24763,495410.000,fft_accept,2,89
24765,495450.000,fft_accept,2,90
24767,495490.000,fft_accept,2,91
24769,495530.000,fft_accept,2,92
24771,495570.000,fft_accept,2,93
24773,495610.000,fft_accept,2,94
24775,495650.000,fft_accept,2,95
24777,495690.000,fft_accept,2,96
24779,495730.000,fft_accept,2,97
24781,495770.000,fft_accept,2,98
24783,495810.000,fft_accept,2,99
24785,495850.000,fft_accept,2,100
24787,495890.000,fft_accept,2,101
24789,495930.000,fft_accept,2,102
24791,495970.000,fft_accept,2,103
24793,496010.000,fft_accept,2,104
24795,496050.000,fft_accept,2,105
24797,496090.000,fft_accept,2,106
24799,496130.000,fft_accept,2,107
24801,496170.000,fft_accept,2,108
24803,496210.000,fft_accept,2,109
24805,496250.000,fft_accept,2,110
24807,496290.000,fft_accept,2,111
24809,496330.000,fft_accept,2,112
24811,496370.000,fft_accept,2,113
24813,496410.000,fft_accept,2,114
24815,496450.000,fft_accept,2,115
24817,496490.000,fft_accept,2,116
24819,496530.000,fft_accept,2,117
24821,496570.000,fft_accept,2,118
24823,496610.000,fft_accept,2,119
24825,496650.000,fft_accept,2,120
24827,496690.000,fft_accept,2,121
24829,496730.000,fft_accept,2,122
24831,496770.000,fft_accept,2,123
24833,496810.000,fft_accept,2,124
24835,496850.000,fft_accept,2,125
24837,496890.000,fft_accept,2,126
24839,496930.000,fft_accept,2,127
24841,496970.000,fft_accept,2,128
24843,497010.000,fft_accept,2,129
24845,497050.000,fft_accept,2,130
24847,497090.000,fft_accept,2,131
24849,497130.000,fft_accept,2,132
24851,497170.000,fft_accept,2,133
24853,497210.000,fft_accept,2,134
24855,497250.000,fft_accept,2,135
24857,497290.000,fft_accept,2,136
24859,497330.000,fft_accept,2,137
24861,497370.000,fft_accept,2,138
24863,497410.000,fft_accept,2,139
24865,497450.000,fft_accept,2,140
24867,497490.000,fft_accept,2,141
24869,497530.000,fft_accept,2,142
24871,497570.000,fft_accept,2,143
24873,497610.000,fft_accept,2,144
24875,497650.000,fft_accept,2,145
24877,497690.000,fft_accept,2,146
24879,497730.000,fft_accept,2,147
24881,497770.000,fft_accept,2,148
24883,497810.000,fft_accept,2,149
24885,497850.000,fft_accept,2,150
24887,497890.000,fft_accept,2,151
24889,497930.000,fft_accept,2,152
24891,497970.000,fft_accept,2,153
24893,498010.000,fft_accept,2,154
24895,498050.000,fft_accept,2,155
24897,498090.000,fft_accept,2,156
24899,498130.000,fft_accept,2,157
24901,498170.000,fft_accept,2,158
24903,498210.000,fft_accept,2,159
24905,498250.000,fft_accept,2,160
24907,498290.000,fft_accept,2,161
24909,498330.000,fft_accept,2,162
24911,498370.000,fft_accept,2,163
24913,498410.000,fft_accept,2,164
24915,498450.000,fft_accept,2,165
24917,498490.000,fft_accept,2,166
24919,498530.000,fft_accept,2,167
24921,498570.000,fft_accept,2,168
24923,498610.000,fft_accept,2,169
24925,498650.000,fft_accept,2,170
24927,498690.000,fft_accept,2,171
24929,498730.000,fft_accept,2,172
24931,498770.000,fft_accept,2,173
24933,498810.000,fft_accept,2,174
24935,498850.000,fft_accept,2,175
24937,498890.000,fft_accept,2,176
24939,498930.000,fft_accept,2,177
24941,498970.000,fft_accept,2,178
24943,499010.000,fft_accept,2,179
24945,499050.000,fft_accept,2,180
24947,499090.000,fft_accept,2,181
24949,499130.000,fft_accept,2,182
24951,499170.000,fft_accept,2,183
24953,499210.000,fft_accept,2,184
24955,499250.000,fft_accept,2,185
24957,499290.000,fft_accept,2,186
24959,499330.000,fft_accept,2,187
24961,499370.000,fft_accept,2,188
24963,499410.000,fft_accept,2,189
24965,499450.000,fft_accept,2,190
24967,499490.000,fft_accept,2,191
24969,499530.000,fft_accept,2,192
24971,499570.000,fft_accept,2,193
24973,499610.000,fft_accept,2,194
24975,499650.000,fft_accept,2,195
24977,499690.000,fft_accept,2,196
24979,499730.000,fft_accept,2,197
24981,499770.000,fft_accept,2,198
24983,499810.000,fft_accept,2,199
24985,499850.000,fft_accept,2,200
24987,499890.000,fft_accept,2,201
24989,499930.000,fft_accept,2,202
24991,499970.000,fft_accept,2,203
24993,500010.000,fft_accept,2,204
24995,500050.000,fft_accept,2,205
24997,500090.000,fft_accept,2,206
24999,500130.000,fft_accept,2,207
25001,500170.000,fft_accept,2,208
25003,500210.000,fft_accept,2,209
25005,500250.000,fft_accept,2,210
25007,500290.000,fft_accept,2,211
25009,500330.000,fft_accept,2,212
25011,500370.000,fft_accept,2,213
25013,500410.000,fft_accept,2,214
25015,500450.000,fft_accept,2,215
25017,500490.000,fft_accept,2,216
25019,500530.000,fft_accept,2,217
25021,500570.000,fft_accept,2,218
25023,500610.000,fft_accept,2,219
25025,500650.000,fft_accept,2,220
25027,500690.000,fft_accept,2,221
25029,500730.000,fft_accept,2,222
25031,500770.000,fft_accept,2,223
25033,500810.000,fft_accept,2,224
25035,500850.000,fft_accept,2,225
25037,500890.000,fft_accept,2,226
25039,500930.000,fft_accept,2,227
25041,500970.000,fft_accept,2,228
25043,501010.000,fft_accept,2,229
25045,501050.000,fft_accept,2,230
25047,501090.000,fft_accept,2,231
25049,501130.000,fft_accept,2,232
25051,501170.000,fft_accept,2,233
25053,501210.000,fft_accept,2,234
25055,501250.000,fft_accept,2,235
25057,501290.000,fft_accept,2,236
25059,501330.000,fft_accept,2,237
25061,501370.000,fft_accept,2,238
25063,501410.000,fft_accept,2,239
25065,501450.000,fft_accept,2,240
25067,501490.000,fft_accept,2,241
25069,501530.000,fft_accept,2,242
25071,501570.000,fft_accept,2,243
25073,501610.000,fft_accept,2,244
25075,501650.000,fft_accept,2,245
25077,501690.000,fft_accept,2,246
25079,501730.000,fft_accept,2,247
25081,501770.000,fft_accept,2,248
25083,501810.000,fft_accept,2,249
25085,501850.000,fft_accept,2,250
25087,501890.000,fft_accept,2,251
25089,501930.000,fft_accept,2,252
25091,501970.000,fft_accept,2,253
25093,502010.000,fft_accept,2,254
25095,502050.000,fft_accept,2,255
25096,502070.000,window_accept,3,0
25097,502090.000,window_accept,3,1
25099,502130.000,window_accept,3,2
25099,502130.000,canon_accept,2,0
25100,502150.000,mask_accept,2,0
25101,502170.000,window_accept,3,3
25103,502210.000,window_accept,3,4
25103,502210.000,canon_accept,2,1
25105,502250.000,window_accept,3,5
25107,502290.000,window_accept,3,6
25109,502330.000,window_accept,3,7
25111,502370.000,window_accept,3,8
25113,502410.000,window_accept,3,9
25115,502450.000,window_accept,3,10
25117,502490.000,window_accept,3,11
25119,502530.000,window_accept,3,12
25121,502570.000,window_accept,3,13
25123,502610.000,window_accept,3,14
25125,502650.000,window_accept,3,15
25127,502690.000,window_accept,3,16
25129,502730.000,window_accept,3,17
25131,502770.000,window_accept,3,18
25133,502810.000,window_accept,3,19
25135,502850.000,window_accept,3,20
25137,502890.000,window_accept,3,21
25139,502930.000,window_accept,3,22
25141,502970.000,window_accept,3,23
25143,503010.000,window_accept,3,24
25145,503050.000,window_accept,3,25
25147,503090.000,window_accept,3,26
25149,503130.000,window_accept,3,27
25151,503170.000,window_accept,3,28
25153,503210.000,window_accept,3,29
25155,503250.000,window_accept,3,30
25157,503290.000,window_accept,3,31
25159,503330.000,window_accept,3,32
25161,503370.000,window_accept,3,33
25163,503410.000,window_accept,3,34
25165,503450.000,window_accept,3,35
25167,503490.000,window_accept,3,36
25169,503530.000,window_accept,3,37
25171,503570.000,window_accept,3,38
25173,503610.000,window_accept,3,39
25175,503650.000,window_accept,3,40
25177,503690.000,window_accept,3,41
25179,503730.000,window_accept,3,42
25181,503770.000,window_accept,3,43
25183,503810.000,window_accept,3,44
25185,503850.000,window_accept,3,45
25187,503890.000,window_accept,3,46
25189,503930.000,window_accept,3,47
25191,503970.000,window_accept,3,48
25193,504010.000,window_accept,3,49
25195,504050.000,window_accept,3,50
25197,504090.000,window_accept,3,51
25199,504130.000,window_accept,3,52
25201,504170.000,window_accept,3,53
25203,504210.000,window_accept,3,54
25205,504250.000,window_accept,3,55
25207,504290.000,window_accept,3,56
25209,504330.000,window_accept,3,57
25211,504370.000,window_accept,3,58
25213,504410.000,window_accept,3,59
25215,504450.000,window_accept,3,60
25217,504490.000,window_accept,3,61
25219,504530.000,window_accept,3,62
25221,504570.000,window_accept,3,63
25223,504610.000,window_accept,3,64
25225,504650.000,window_accept,3,65
25227,504690.000,window_accept,3,66
25229,504730.000,window_accept,3,67
25231,504770.000,window_accept,3,68
25233,504810.000,window_accept,3,69
25235,504850.000,window_accept,3,70
25237,504890.000,window_accept,3,71
25239,504930.000,window_accept,3,72
25241,504970.000,window_accept,3,73
25243,505010.000,window_accept,3,74
25245,505050.000,window_accept,3,75
25247,505090.000,window_accept,3,76
25249,505130.000,window_accept,3,77
25251,505170.000,window_accept,3,78
25253,505210.000,window_accept,3,79
25255,505250.000,window_accept,3,80
25257,505290.000,window_accept,3,81
25259,505330.000,window_accept,3,82
25261,505370.000,window_accept,3,83
25263,505410.000,window_accept,3,84
25265,505450.000,window_accept,3,85
25267,505490.000,window_accept,3,86
25269,505530.000,window_accept,3,87
25271,505570.000,window_accept,3,88
25273,505610.000,window_accept,3,89
25275,505650.000,window_accept,3,90
25277,505690.000,window_accept,3,91
25279,505730.000,window_accept,3,92
25281,505770.000,window_accept,3,93
25283,505810.000,window_accept,3,94
25285,505850.000,window_accept,3,95
25287,505890.000,window_accept,3,96
25289,505930.000,window_accept,3,97
25291,505970.000,window_accept,3,98
25293,506010.000,window_accept,3,99
25295,506050.000,window_accept,3,100
25297,506090.000,window_accept,3,101
25299,506130.000,window_accept,3,102
25301,506170.000,window_accept,3,103
25303,506210.000,window_accept,3,104
25305,506250.000,window_accept,3,105
25307,506290.000,window_accept,3,106
25309,506330.000,window_accept,3,107
25311,506370.000,window_accept,3,108
25313,506410.000,window_accept,3,109
25315,506450.000,window_accept,3,110
25317,506490.000,window_accept,3,111
25319,506530.000,window_accept,3,112
25321,506570.000,window_accept,3,113
25323,506610.000,window_accept,3,114
25325,506650.000,window_accept,3,115
25327,506690.000,window_accept,3,116
25329,506730.000,window_accept,3,117
25331,506770.000,window_accept,3,118
25333,506810.000,window_accept,3,119
25335,506850.000,window_accept,3,120
25337,506890.000,window_accept,3,121
25339,506930.000,window_accept,3,122
25341,506970.000,window_accept,3,123
25343,507010.000,window_accept,3,124
25345,507050.000,window_accept,3,125
25347,507090.000,window_accept,3,126
25349,507130.000,window_accept,3,127
25351,507170.000,window_accept,3,128
25353,507210.000,window_accept,3,129
25355,507250.000,window_accept,3,130
25357,507290.000,window_accept,3,131
25359,507330.000,window_accept,3,132
25361,507370.000,window_accept,3,133
25363,507410.000,window_accept,3,134
25365,507450.000,window_accept,3,135
25367,507490.000,window_accept,3,136
25369,507530.000,window_accept,3,137
25371,507570.000,window_accept,3,138
25373,507610.000,window_accept,3,139
25375,507650.000,window_accept,3,140
25377,507690.000,window_accept,3,141
25379,507730.000,window_accept,3,142
25381,507770.000,window_accept,3,143
25383,507810.000,window_accept,3,144
25385,507850.000,window_accept,3,145
25387,507890.000,window_accept,3,146
25389,507930.000,window_accept,3,147
25391,507970.000,window_accept,3,148
25393,508010.000,window_accept,3,149
25395,508050.000,window_accept,3,150
25397,508090.000,window_accept,3,151
25399,508130.000,window_accept,3,152
25401,508170.000,window_accept,3,153
25403,508210.000,window_accept,3,154
25405,508250.000,window_accept,3,155
25407,508290.000,window_accept,3,156
25409,508330.000,window_accept,3,157
25411,508370.000,window_accept,3,158
25413,508410.000,window_accept,3,159
25415,508450.000,window_accept,3,160
25417,508490.000,window_accept,3,161
25419,508530.000,window_accept,3,162
25421,508570.000,window_accept,3,163
25423,508610.000,window_accept,3,164
25425,508650.000,window_accept,3,165
25427,508690.000,window_accept,3,166
25429,508730.000,window_accept,3,167
25431,508770.000,window_accept,3,168
25433,508810.000,window_accept,3,169
25435,508850.000,window_accept,3,170
25437,508890.000,window_accept,3,171
25439,508930.000,window_accept,3,172
25441,508970.000,window_accept,3,173
25443,509010.000,window_accept,3,174
25445,509050.000,window_accept,3,175
25447,509090.000,window_accept,3,176
25449,509130.000,window_accept,3,177
25451,509170.000,window_accept,3,178
25453,509210.000,window_accept,3,179
25455,509250.000,window_accept,3,180
25457,509290.000,window_accept,3,181
25459,509330.000,window_accept,3,182
25461,509370.000,window_accept,3,183
25463,509410.000,window_accept,3,184
25465,509450.000,window_accept,3,185
25467,509490.000,window_accept,3,186
25469,509530.000,window_accept,3,187
25471,509570.000,window_accept,3,188
25473,509610.000,window_accept,3,189
25475,509650.000,window_accept,3,190
25477,509690.000,window_accept,3,191
25479,509730.000,window_accept,3,192
25481,509770.000,window_accept,3,193
25483,509810.000,window_accept,3,194
25485,509850.000,window_accept,3,195
25487,509890.000,window_accept,3,196
25489,509930.000,window_accept,3,197
25491,509970.000,window_accept,3,198
25493,510010.000,window_accept,3,199
25495,510050.000,window_accept,3,200
25497,510090.000,window_accept,3,201
25499,510130.000,window_accept,3,202
25501,510170.000,window_accept,3,203
25503,510210.000,window_accept,3,204
25505,510250.000,window_accept,3,205
25507,510290.000,window_accept,3,206
25509,510330.000,window_accept,3,207
25511,510370.000,window_accept,3,208
25513,510410.000,window_accept,3,209
25515,510450.000,window_accept,3,210
25517,510490.000,window_accept,3,211
25519,510530.000,window_accept,3,212
25521,510570.000,window_accept,3,213
25523,510610.000,window_accept,3,214
25525,510650.000,window_accept,3,215
25527,510690.000,window_accept,3,216
25529,510730.000,window_accept,3,217
25531,510770.000,window_accept,3,218
25533,510810.000,window_accept,3,219
25535,510850.000,window_accept,3,220
25537,510890.000,window_accept,3,221
25539,510930.000,window_accept,3,222
25541,510970.000,window_accept,3,223
25543,511010.000,window_accept,3,224
25545,511050.000,window_accept,3,225
25547,511090.000,window_accept,3,226
25549,511130.000,window_accept,3,227
25551,511170.000,window_accept,3,228
25553,511210.000,window_accept,3,229
25555,511250.000,window_accept,3,230
25557,511290.000,window_accept,3,231
25559,511330.000,window_accept,3,232
25561,511370.000,window_accept,3,233
25563,511410.000,window_accept,3,234
25565,511450.000,window_accept,3,235
25567,511490.000,window_accept,3,236
25569,511530.000,window_accept,3,237
25571,511570.000,window_accept,3,238
25573,511610.000,window_accept,3,239
25575,511650.000,window_accept,3,240
25577,511690.000,window_accept,3,241
25579,511730.000,window_accept,3,242
25581,511770.000,window_accept,3,243
25583,511810.000,window_accept,3,244
25585,511850.000,window_accept,3,245
25587,511890.000,window_accept,3,246
25589,511930.000,window_accept,3,247
25591,511970.000,window_accept,3,248
25593,512010.000,window_accept,3,249
25595,512050.000,window_accept,3,250
25597,512090.000,window_accept,3,251
25599,512130.000,window_accept,3,252
25601,512170.000,window_accept,3,253
25603,512210.000,window_accept,3,254
25605,512250.000,source_accept,-1,513
25605,512250.000,window_accept,3,255
25605,512250.000,ifft_compute_end,1,-1
25606,512270.000,source_accept,-1,514
25606,512270.000,ifft_accept,1,0
25606,512270.000,fft_compute_start,3,1
25607,512290.000,source_accept,-1,515
25608,512310.000,source_accept,-1,516
25608,512310.000,ifft_accept,1,1
25609,512330.000,source_accept,-1,517
25610,512350.000,source_accept,-1,518
25610,512350.000,ifft_accept,1,2
25611,512370.000,source_accept,-1,519
25612,512390.000,source_accept,-1,520
25612,512390.000,ifft_accept,1,3
25613,512410.000,source_accept,-1,521
25614,512430.000,source_accept,-1,522
25614,512430.000,ifft_accept,1,4
25615,512450.000,source_accept,-1,523
25616,512470.000,source_accept,-1,524
25616,512470.000,ifft_accept,1,5
25617,512490.000,source_accept,-1,525
25618,512510.000,source_accept,-1,526
25618,512510.000,ifft_accept,1,6
25619,512530.000,source_accept,-1,527
25620,512550.000,source_accept,-1,528
25620,512550.000,ifft_accept,1,7
25621,512570.000,source_accept,-1,529
25622,512590.000,source_accept,-1,530
25622,512590.000,ifft_accept,1,8
25623,512610.000,source_accept,-1,531
25624,512630.000,source_accept,-1,532
25624,512630.000,ifft_accept,1,9
25625,512650.000,source_accept,-1,533
25626,512670.000,source_accept,-1,534
25626,512670.000,ifft_accept,1,10
25627,512690.000,source_accept,-1,535
25628,512710.000,source_accept,-1,536
25628,512710.000,ifft_accept,1,11
25629,512730.000,source_accept,-1,537
25630,512750.000,source_accept,-1,538
25630,512750.000,ifft_accept,1,12
25631,512770.000,source_accept,-1,539
25632,512790.000,source_accept,-1,540
25632,512790.000,ifft_accept,1,13
25633,512810.000,source_accept,-1,541
25634,512830.000,source_accept,-1,542
25634,512830.000,ifft_accept,1,14
25635,512850.000,source_accept,-1,543
25636,512870.000,source_accept,-1,544
25636,512870.000,ifft_accept,1,15
25637,512890.000,source_accept,-1,545
25638,512910.000,source_accept,-1,546
25638,512910.000,ifft_accept,1,16
25639,512930.000,source_accept,-1,547
25640,512950.000,source_accept,-1,548
25640,512950.000,ifft_accept,1,17
25641,512970.000,source_accept,-1,549
25642,512990.000,source_accept,-1,550
25642,512990.000,ifft_accept,1,18
25643,513010.000,source_accept,-1,551
25644,513030.000,source_accept,-1,552
25644,513030.000,ifft_accept,1,19
25645,513050.000,source_accept,-1,553
25646,513070.000,source_accept,-1,554
25646,513070.000,ifft_accept,1,20
25647,513090.000,source_accept,-1,555
25648,513110.000,source_accept,-1,556
25648,513110.000,ifft_accept,1,21
25649,513130.000,source_accept,-1,557
25650,513150.000,source_accept,-1,558
25650,513150.000,ifft_accept,1,22
25651,513170.000,source_accept,-1,559
25652,513190.000,source_accept,-1,560
25652,513190.000,ifft_accept,1,23
25653,513210.000,source_accept,-1,561
25654,513230.000,source_accept,-1,562
25654,513230.000,ifft_accept,1,24
25655,513250.000,source_accept,-1,563
25656,513270.000,source_accept,-1,564
25656,513270.000,ifft_accept,1,25
25657,513290.000,source_accept,-1,565
25658,513310.000,source_accept,-1,566
25658,513310.000,ifft_accept,1,26
25659,513330.000,source_accept,-1,567
25660,513350.000,source_accept,-1,568
25660,513350.000,ifft_accept,1,27
25661,513370.000,source_accept,-1,569
25662,513390.000,source_accept,-1,570
25662,513390.000,ifft_accept,1,28
25663,513410.000,source_accept,-1,571
25664,513430.000,source_accept,-1,572
25664,513430.000,ifft_accept,1,29
25665,513450.000,source_accept,-1,573
25666,513470.000,source_accept,-1,574
25666,513470.000,ifft_accept,1,30
25667,513490.000,source_accept,-1,575
25668,513510.000,source_accept,-1,576
25668,513510.000,ifft_accept,1,31
25669,513530.000,source_accept,-1,577
25670,513550.000,source_accept,-1,578
25670,513550.000,ifft_accept,1,32
25671,513570.000,source_accept,-1,579
25672,513590.000,source_accept,-1,580
25672,513590.000,ifft_accept,1,33
25673,513610.000,source_accept,-1,581
25674,513630.000,source_accept,-1,582
25674,513630.000,ifft_accept,1,34
25675,513650.000,source_accept,-1,583
25676,513670.000,source_accept,-1,584
25676,513670.000,ifft_accept,1,35
25677,513690.000,source_accept,-1,585
25678,513710.000,source_accept,-1,586
25678,513710.000,ifft_accept,1,36
25679,513730.000,source_accept,-1,587
25680,513750.000,source_accept,-1,588
25680,513750.000,ifft_accept,1,37
25681,513770.000,source_accept,-1,589
25682,513790.000,source_accept,-1,590
25682,513790.000,ifft_accept,1,38
25683,513810.000,source_accept,-1,591
25684,513830.000,source_accept,-1,592
25684,513830.000,ifft_accept,1,39
25685,513850.000,source_accept,-1,593
25686,513870.000,source_accept,-1,594
25686,513870.000,ifft_accept,1,40
25687,513890.000,source_accept,-1,595
25688,513910.000,source_accept,-1,596
25688,513910.000,ifft_accept,1,41
25689,513930.000,source_accept,-1,597
25690,513950.000,source_accept,-1,598
25690,513950.000,ifft_accept,1,42
25691,513970.000,source_accept,-1,599
25692,513990.000,source_accept,-1,600
25692,513990.000,ifft_accept,1,43
25693,514010.000,source_accept,-1,601
25694,514030.000,source_accept,-1,602
25694,514030.000,ifft_accept,1,44
25695,514050.000,source_accept,-1,603
25696,514070.000,source_accept,-1,604
25696,514070.000,ifft_accept,1,45
25697,514090.000,source_accept,-1,605
25698,514110.000,source_accept,-1,606
25698,514110.000,ifft_accept,1,46
25699,514130.000,source_accept,-1,607
25700,514150.000,source_accept,-1,608
25700,514150.000,ifft_accept,1,47
25701,514170.000,source_accept,-1,609
25702,514190.000,source_accept,-1,610
25702,514190.000,ifft_accept,1,48
25703,514210.000,source_accept,-1,611
25704,514230.000,source_accept,-1,612
25704,514230.000,ifft_accept,1,49
25705,514250.000,source_accept,-1,613
25706,514270.000,source_accept,-1,614
25706,514270.000,ifft_accept,1,50
25707,514290.000,source_accept,-1,615
25708,514310.000,source_accept,-1,616
25708,514310.000,ifft_accept,1,51
25709,514330.000,source_accept,-1,617
25710,514350.000,source_accept,-1,618
25710,514350.000,ifft_accept,1,52
25711,514370.000,source_accept,-1,619
25712,514390.000,source_accept,-1,620
25712,514390.000,ifft_accept,1,53
25713,514410.000,source_accept,-1,621
25714,514430.000,source_accept,-1,622
25714,514430.000,ifft_accept,1,54
25715,514450.000,source_accept,-1,623
25716,514470.000,source_accept,-1,624
25716,514470.000,ifft_accept,1,55
25717,514490.000,source_accept,-1,625
25718,514510.000,source_accept,-1,626
25718,514510.000,ifft_accept,1,56
25719,514530.000,source_accept,-1,627
25720,514550.000,source_accept,-1,628
25720,514550.000,ifft_accept,1,57
25721,514570.000,source_accept,-1,629
25722,514590.000,source_accept,-1,630
25722,514590.000,ifft_accept,1,58
25723,514610.000,source_accept,-1,631
25724,514630.000,source_accept,-1,632
25724,514630.000,ifft_accept,1,59
25725,514650.000,source_accept,-1,633
25726,514670.000,source_accept,-1,634
25726,514670.000,ifft_accept,1,60
25727,514690.000,source_accept,-1,635
25728,514710.000,source_accept,-1,636
25728,514710.000,ifft_accept,1,61
25729,514730.000,source_accept,-1,637
25730,514750.000,source_accept,-1,638
25730,514750.000,ifft_accept,1,62
25731,514770.000,source_accept,-1,639
25732,514790.000,source_accept,-1,640
25732,514790.000,ifft_accept,1,63
25733,514810.000,frame_request,4,-1
25734,514830.000,ifft_accept,1,64
25736,514870.000,ifft_accept,1,65
25738,514910.000,ifft_accept,1,66
25740,514950.000,ifft_accept,1,67
25742,514990.000,ifft_accept,1,68
25744,515030.000,ifft_accept,1,69
25746,515070.000,ifft_accept,1,70
25748,515110.000,ifft_accept,1,71
25750,515150.000,ifft_accept,1,72
25752,515190.000,ifft_accept,1,73
25754,515230.000,ifft_accept,1,74
25756,515270.000,ifft_accept,1,75
25758,515310.000,ifft_accept,1,76
25760,515350.000,ifft_accept,1,77
25762,515390.000,ifft_accept,1,78
25764,515430.000,ifft_accept,1,79
25766,515470.000,ifft_accept,1,80
25768,515510.000,ifft_accept,1,81
25770,515550.000,ifft_accept,1,82
25772,515590.000,ifft_accept,1,83
25774,515630.000,ifft_accept,1,84
25776,515670.000,ifft_accept,1,85
25778,515710.000,ifft_accept,1,86
25780,515750.000,ifft_accept,1,87
25782,515790.000,ifft_accept,1,88
25784,515830.000,ifft_accept,1,89
25786,515870.000,ifft_accept,1,90
25788,515910.000,ifft_accept,1,91
25790,515950.000,ifft_accept,1,92
25792,515990.000,ifft_accept,1,93
25794,516030.000,ifft_accept,1,94
25796,516070.000,ifft_accept,1,95
25798,516110.000,ifft_accept,1,96
25800,516150.000,ifft_accept,1,97
25802,516190.000,ifft_accept,1,98
25804,516230.000,ifft_accept,1,99
25806,516270.000,ifft_accept,1,100
25808,516310.000,ifft_accept,1,101
25810,516350.000,ifft_accept,1,102
25812,516390.000,ifft_accept,1,103
25814,516430.000,ifft_accept,1,104
25816,516470.000,ifft_accept,1,105
25818,516510.000,ifft_accept,1,106
25820,516550.000,ifft_accept,1,107
25822,516590.000,ifft_accept,1,108
25824,516630.000,ifft_accept,1,109
25826,516670.000,ifft_accept,1,110
25828,516710.000,ifft_accept,1,111
25830,516750.000,ifft_accept,1,112
25832,516790.000,ifft_accept,1,113
25834,516830.000,ifft_accept,1,114
25836,516870.000,ifft_accept,1,115
25838,516910.000,ifft_accept,1,116
25840,516950.000,ifft_accept,1,117
25842,516990.000,ifft_accept,1,118
25844,517030.000,ifft_accept,1,119
25846,517070.000,ifft_accept,1,120
25848,517110.000,ifft_accept,1,121
25850,517150.000,ifft_accept,1,122
25852,517190.000,ifft_accept,1,123
25854,517230.000,ifft_accept,1,124
25856,517270.000,ifft_accept,1,125
25858,517310.000,ifft_accept,1,126
25860,517350.000,ifft_accept,1,127
25862,517390.000,ifft_accept,1,128
25864,517430.000,ifft_accept,1,129
25866,517470.000,ifft_accept,1,130
25868,517510.000,ifft_accept,1,131
25870,517550.000,ifft_accept,1,132
25872,517590.000,ifft_accept,1,133
25874,517630.000,ifft_accept,1,134
25876,517670.000,ifft_accept,1,135
25878,517710.000,ifft_accept,1,136
25880,517750.000,ifft_accept,1,137
25882,517790.000,ifft_accept,1,138
25884,517830.000,ifft_accept,1,139
25886,517870.000,ifft_accept,1,140
25888,517910.000,ifft_accept,1,141
25890,517950.000,ifft_accept,1,142
25892,517990.000,ifft_accept,1,143
25894,518030.000,ifft_accept,1,144
25896,518070.000,ifft_accept,1,145
25898,518110.000,ifft_accept,1,146
25900,518150.000,ifft_accept,1,147
25902,518190.000,ifft_accept,1,148
25904,518230.000,ifft_accept,1,149
25906,518270.000,ifft_accept,1,150
25908,518310.000,ifft_accept,1,151
25910,518350.000,ifft_accept,1,152
25912,518390.000,ifft_accept,1,153
25914,518430.000,ifft_accept,1,154
25916,518470.000,ifft_accept,1,155
25918,518510.000,ifft_accept,1,156
25920,518550.000,ifft_accept,1,157
25922,518590.000,ifft_accept,1,158
25924,518630.000,ifft_accept,1,159
25926,518670.000,ifft_accept,1,160
25928,518710.000,ifft_accept,1,161
25930,518750.000,ifft_accept,1,162
25932,518790.000,ifft_accept,1,163
25934,518830.000,ifft_accept,1,164
25936,518870.000,ifft_accept,1,165
25938,518910.000,ifft_accept,1,166
25940,518950.000,ifft_accept,1,167
25942,518990.000,ifft_accept,1,168
25944,519030.000,ifft_accept,1,169
25946,519070.000,ifft_accept,1,170
25948,519110.000,ifft_accept,1,171
25950,519150.000,ifft_accept,1,172
25952,519190.000,ifft_accept,1,173
25954,519230.000,ifft_accept,1,174
25956,519270.000,ifft_accept,1,175
25958,519310.000,ifft_accept,1,176
25960,519350.000,ifft_accept,1,177
25962,519390.000,ifft_accept,1,178
25964,519430.000,ifft_accept,1,179
25966,519470.000,ifft_accept,1,180
25968,519510.000,ifft_accept,1,181
25970,519550.000,ifft_accept,1,182
25972,519590.000,ifft_accept,1,183
25974,519630.000,ifft_accept,1,184
25976,519670.000,ifft_accept,1,185
25978,519710.000,ifft_accept,1,186
25980,519750.000,ifft_accept,1,187
25982,519790.000,ifft_accept,1,188
25984,519830.000,ifft_accept,1,189
25986,519870.000,ifft_accept,1,190
25988,519910.000,ifft_accept,1,191
25990,519950.000,ifft_accept,1,192
25992,519990.000,ifft_accept,1,193
25994,520030.000,ifft_accept,1,194
25996,520070.000,ifft_accept,1,195
25998,520110.000,ifft_accept,1,196
26000,520150.000,ifft_accept,1,197
26002,520190.000,ifft_accept,1,198
26004,520230.000,ifft_accept,1,199
26006,520270.000,ifft_accept,1,200
26008,520310.000,ifft_accept,1,201
26010,520350.000,ifft_accept,1,202
26012,520390.000,ifft_accept,1,203
26014,520430.000,ifft_accept,1,204
26016,520470.000,ifft_accept,1,205
26018,520510.000,ifft_accept,1,206
26020,520550.000,ifft_accept,1,207
26022,520590.000,ifft_accept,1,208
26024,520630.000,ifft_accept,1,209
26026,520670.000,ifft_accept,1,210
26028,520710.000,ifft_accept,1,211
26030,520750.000,ifft_accept,1,212
26032,520790.000,ifft_accept,1,213
26034,520830.000,ifft_accept,1,214
26036,520870.000,ifft_accept,1,215
26038,520910.000,ifft_accept,1,216
26040,520950.000,ifft_accept,1,217
26042,520990.000,ifft_accept,1,218
26044,521030.000,ifft_accept,1,219
26046,521070.000,ifft_accept,1,220
26048,521110.000,ifft_accept,1,221
26050,521150.000,ifft_accept,1,222
26052,521190.000,ifft_accept,1,223
26054,521230.000,ifft_accept,1,224
26056,521270.000,ifft_accept,1,225
26058,521310.000,ifft_accept,1,226
26060,521350.000,ifft_accept,1,227
26062,521390.000,ifft_accept,1,228
26064,521430.000,ifft_accept,1,229
26066,521470.000,ifft_accept,1,230
26068,521510.000,ifft_accept,1,231
26070,521550.000,ifft_accept,1,232
26072,521590.000,ifft_accept,1,233
26074,521630.000,ifft_accept,1,234
26076,521670.000,ifft_accept,1,235
26078,521710.000,ifft_accept,1,236
26080,521750.000,ifft_accept,1,237
26082,521790.000,ifft_accept,1,238
26084,521830.000,ifft_accept,1,239
26086,521870.000,ifft_accept,1,240
26088,521910.000,ifft_accept,1,241
26090,521950.000,ifft_accept,1,242
26092,521990.000,ifft_accept,1,243
26094,522030.000,ifft_accept,1,244
26096,522070.000,ifft_accept,1,245
26098,522110.000,ifft_accept,1,246
26100,522150.000,ifft_accept,1,247
26102,522190.000,ifft_accept,1,248
26104,522230.000,ifft_accept,1,249
26106,522270.000,ifft_accept,1,250
26108,522310.000,ifft_accept,1,251
26110,522350.000,ifft_accept,1,252
26112,522390.000,ifft_accept,1,253
26114,522430.000,ifft_accept,1,254
26116,522470.000,ifft_accept,1,255
26117,522490.000,canon_accept,2,2
26117,522490.000,mask_accept,2,1
26117,522490.000,spec_accept,2,0
26118,522510.000,mask_accept,2,2
26118,522510.000,spec_accept,2,1
26119,522530.000,spec_accept,2,2
26121,522570.000,canon_accept,2,3
26121,522570.000,wola_accept,1,128
26122,522590.000,mask_accept,2,3
26123,522610.000,spec_accept,2,3
26123,522610.000,wola_accept,1,129
26123,522610.000,y_accept,-1,128
26125,522650.000,canon_accept,2,4
26125,522650.000,wola_accept,1,130
26125,522650.000,y_accept,-1,129
26126,522670.000,mask_accept,2,4
26127,522690.000,spec_accept,2,4
26127,522690.000,wola_accept,1,131
26127,522690.000,y_accept,-1,130
26129,522730.000,canon_accept,2,5
26129,522730.000,wola_accept,1,132
26129,522730.000,y_accept,-1,131
26130,522750.000,mask_accept,2,5
26131,522770.000,spec_accept,2,5
26131,522770.000,wola_accept,1,133
26131,522770.000,y_accept,-1,132
26133,522810.000,canon_accept,2,6
26133,522810.000,wola_accept,1,134
26133,522810.000,y_accept,-1,133
26134,522830.000,mask_accept,2,6
26135,522850.000,spec_accept,2,6
26135,522850.000,wola_accept,1,135
26135,522850.000,y_accept,-1,134
26137,522890.000,canon_accept,2,7
26137,522890.000,wola_accept,1,136
26137,522890.000,y_accept,-1,135
26138,522910.000,mask_accept,2,7
26139,522930.000,spec_accept,2,7
26139,522930.000,wola_accept,1,137
26139,522930.000,y_accept,-1,136
26141,522970.000,canon_accept,2,8
26141,522970.000,wola_accept,1,138
26141,522970.000,y_accept,-1,137
26142,522990.000,mask_accept,2,8
26143,523010.000,spec_accept,2,8
26143,523010.000,wola_accept,1,139
26143,523010.000,y_accept,-1,138
26145,523050.000,canon_accept,2,9
26145,523050.000,wola_accept,1,140
26145,523050.000,y_accept,-1,139
26146,523070.000,mask_accept,2,9
26147,523090.000,spec_accept,2,9
26147,523090.000,wola_accept,1,141
26147,523090.000,y_accept,-1,140
26149,523130.000,canon_accept,2,10
26149,523130.000,wola_accept,1,142
26149,523130.000,y_accept,-1,141
26150,523150.000,mask_accept,2,10
26151,523170.000,spec_accept,2,10
26151,523170.000,wola_accept,1,143
26151,523170.000,y_accept,-1,142
26153,523210.000,canon_accept,2,11
26153,523210.000,wola_accept,1,144
26153,523210.000,y_accept,-1,143
26154,523230.000,mask_accept,2,11
26155,523250.000,spec_accept,2,11
26155,523250.000,wola_accept,1,145
26155,523250.000,y_accept,-1,144
26157,523290.000,canon_accept,2,12
26157,523290.000,wola_accept,1,146
26157,523290.000,y_accept,-1,145
26158,523310.000,mask_accept,2,12
26159,523330.000,spec_accept,2,12
26159,523330.000,wola_accept,1,147
26159,523330.000,y_accept,-1,146
26161,523370.000,canon_accept,2,13
26161,523370.000,wola_accept,1,148
26161,523370.000,y_accept,-1,147
26162,523390.000,mask_accept,2,13
26163,523410.000,spec_accept,2,13
26163,523410.000,wola_accept,1,149
26163,523410.000,y_accept,-1,148
26165,523450.000,canon_accept,2,14
26165,523450.000,wola_accept,1,150
26165,523450.000,y_accept,-1,149
26166,523470.000,mask_accept,2,14
26167,523490.000,spec_accept,2,14
26167,523490.000,wola_accept,1,151
26167,523490.000,y_accept,-1,150
26169,523530.000,canon_accept,2,15
26169,523530.000,wola_accept,1,152
26169,523530.000,y_accept,-1,151
26170,523550.000,mask_accept,2,15
26171,523570.000,spec_accept,2,15
26171,523570.000,wola_accept,1,153
26171,523570.000,y_accept,-1,152
26173,523610.000,canon_accept,2,16
26173,523610.000,wola_accept,1,154
26173,523610.000,y_accept,-1,153
26174,523630.000,mask_accept,2,16
26175,523650.000,spec_accept,2,16
26175,523650.000,wola_accept,1,155
26175,523650.000,y_accept,-1,154
26177,523690.000,canon_accept,2,17
26177,523690.000,wola_accept,1,156
26177,523690.000,y_accept,-1,155
26178,523710.000,mask_accept,2,17
26179,523730.000,spec_accept,2,17
26179,523730.000,wola_accept,1,157
26179,523730.000,y_accept,-1,156
26181,523770.000,canon_accept,2,18
26181,523770.000,wola_accept,1,158
26181,523770.000,y_accept,-1,157
26182,523790.000,mask_accept,2,18
26183,523810.000,spec_accept,2,18
26183,523810.000,wola_accept,1,159
26183,523810.000,y_accept,-1,158
26185,523850.000,canon_accept,2,19
26185,523850.000,wola_accept,1,160
26185,523850.000,y_accept,-1,159
26186,523870.000,mask_accept,2,19
26187,523890.000,spec_accept,2,19
26187,523890.000,wola_accept,1,161
26187,523890.000,y_accept,-1,160
26189,523930.000,canon_accept,2,20
26189,523930.000,wola_accept,1,162
26189,523930.000,y_accept,-1,161
26190,523950.000,mask_accept,2,20
26191,523970.000,spec_accept,2,20
26191,523970.000,wola_accept,1,163
26191,523970.000,y_accept,-1,162
26193,524010.000,canon_accept,2,21
26193,524010.000,wola_accept,1,164
26193,524010.000,y_accept,-1,163
26194,524030.000,mask_accept,2,21
26195,524050.000,spec_accept,2,21
26195,524050.000,wola_accept,1,165
26195,524050.000,y_accept,-1,164
26197,524090.000,canon_accept,2,22
26197,524090.000,wola_accept,1,166
26197,524090.000,y_accept,-1,165
26198,524110.000,mask_accept,2,22
26199,524130.000,spec_accept,2,22
26199,524130.000,wola_accept,1,167
26199,524130.000,y_accept,-1,166
26201,524170.000,canon_accept,2,23
26201,524170.000,wola_accept,1,168
26201,524170.000,y_accept,-1,167
26202,524190.000,mask_accept,2,23
26203,524210.000,spec_accept,2,23
26203,524210.000,wola_accept,1,169
26203,524210.000,y_accept,-1,168
26205,524250.000,canon_accept,2,24
26205,524250.000,wola_accept,1,170
26205,524250.000,y_accept,-1,169
26206,524270.000,mask_accept,2,24
26207,524290.000,spec_accept,2,24
26207,524290.000,wola_accept,1,171
26207,524290.000,y_accept,-1,170
26209,524330.000,canon_accept,2,25
26209,524330.000,wola_accept,1,172
26209,524330.000,y_accept,-1,171
26210,524350.000,mask_accept,2,25
26211,524370.000,spec_accept,2,25
26211,524370.000,wola_accept,1,173
26211,524370.000,y_accept,-1,172
26213,524410.000,canon_accept,2,26
26213,524410.000,wola_accept,1,174
26213,524410.000,y_accept,-1,173
26214,524430.000,mask_accept,2,26
26215,524450.000,spec_accept,2,26
26215,524450.000,wola_accept,1,175
26215,524450.000,y_accept,-1,174
26217,524490.000,canon_accept,2,27
26217,524490.000,wola_accept,1,176
26217,524490.000,y_accept,-1,175
26218,524510.000,mask_accept,2,27
26219,524530.000,spec_accept,2,27
26219,524530.000,wola_accept,1,177
26219,524530.000,y_accept,-1,176
26221,524570.000,canon_accept,2,28
26221,524570.000,wola_accept,1,178
26221,524570.000,y_accept,-1,177
26222,524590.000,mask_accept,2,28
26223,524610.000,spec_accept,2,28
26223,524610.000,wola_accept,1,179
26223,524610.000,y_accept,-1,178
26225,524650.000,canon_accept,2,29
26225,524650.000,wola_accept,1,180
26225,524650.000,y_accept,-1,179
26226,524670.000,mask_accept,2,29
26227,524690.000,spec_accept,2,29
26227,524690.000,wola_accept,1,181
26227,524690.000,y_accept,-1,180
26229,524730.000,canon_accept,2,30
26229,524730.000,wola_accept,1,182
26229,524730.000,y_accept,-1,181
26230,524750.000,mask_accept,2,30
26231,524770.000,spec_accept,2,30
26231,524770.000,wola_accept,1,183
26231,524770.000,y_accept,-1,182
26233,524810.000,canon_accept,2,31
26233,524810.000,wola_accept,1,184
26233,524810.000,y_accept,-1,183
26234,524830.000,mask_accept,2,31
26235,524850.000,spec_accept,2,31
26235,524850.000,wola_accept,1,185
26235,524850.000,y_accept,-1,184
26237,524890.000,canon_accept,2,32
26237,524890.000,wola_accept,1,186
26237,524890.000,y_accept,-1,185
26238,524910.000,mask_accept,2,32
26239,524930.000,spec_accept,2,32
26239,524930.000,wola_accept,1,187
26239,524930.000,y_accept,-1,186
26241,524970.000,canon_accept,2,33
26241,524970.000,wola_accept,1,188
26241,524970.000,y_accept,-1,187
26242,524990.000,mask_accept,2,33
26243,525010.000,spec_accept,2,33
26243,525010.000,wola_accept,1,189
26243,525010.000,y_accept,-1,188
26245,525050.000,canon_accept,2,34
26245,525050.000,wola_accept,1,190
26245,525050.000,y_accept,-1,189
26246,525070.000,mask_accept,2,34
26247,525090.000,spec_accept,2,34
26247,525090.000,wola_accept,1,191
26247,525090.000,y_accept,-1,190
26249,525130.000,canon_accept,2,35
26249,525130.000,wola_accept,1,192
26249,525130.000,y_accept,-1,191
26250,525150.000,mask_accept,2,35
26251,525170.000,spec_accept,2,35
26251,525170.000,wola_accept,1,193
26251,525170.000,y_accept,-1,192
26253,525210.000,canon_accept,2,36
26253,525210.000,wola_accept,1,194
26253,525210.000,y_accept,-1,193
26254,525230.000,mask_accept,2,36
26255,525250.000,spec_accept,2,36
26255,525250.000,wola_accept,1,195
26255,525250.000,y_accept,-1,194
26257,525290.000,canon_accept,2,37
26257,525290.000,wola_accept,1,196
26257,525290.000,y_accept,-1,195
26258,525310.000,mask_accept,2,37
26259,525330.000,spec_accept,2,37
26259,525330.000,wola_accept,1,197
26259,525330.000,y_accept,-1,196
26261,525370.000,canon_accept,2,38
26261,525370.000,wola_accept,1,198
26261,525370.000,y_accept,-1,197
26262,525390.000,mask_accept,2,38
26263,525410.000,spec_accept,2,38
26263,525410.000,wola_accept,1,199
26263,525410.000,y_accept,-1,198
26265,525450.000,canon_accept,2,39
26265,525450.000,wola_accept,1,200
26265,525450.000,y_accept,-1,199
26266,525470.000,mask_accept,2,39
26267,525490.000,spec_accept,2,39
26267,525490.000,wola_accept,1,201
26267,525490.000,y_accept,-1,200
26269,525530.000,canon_accept,2,40
26269,525530.000,wola_accept,1,202
26269,525530.000,y_accept,-1,201
26270,525550.000,mask_accept,2,40
26271,525570.000,spec_accept,2,40
26271,525570.000,wola_accept,1,203
26271,525570.000,y_accept,-1,202
26273,525610.000,canon_accept,2,41
26273,525610.000,wola_accept,1,204
26273,525610.000,y_accept,-1,203
26274,525630.000,mask_accept,2,41
26275,525650.000,spec_accept,2,41
26275,525650.000,wola_accept,1,205
26275,525650.000,y_accept,-1,204
26277,525690.000,canon_accept,2,42
26277,525690.000,wola_accept,1,206
26277,525690.000,y_accept,-1,205
26278,525710.000,mask_accept,2,42
26279,525730.000,spec_accept,2,42
26279,525730.000,wola_accept,1,207
26279,525730.000,y_accept,-1,206
26281,525770.000,canon_accept,2,43
26281,525770.000,wola_accept,1,208
26281,525770.000,y_accept,-1,207
26282,525790.000,mask_accept,2,43
26283,525810.000,spec_accept,2,43
26283,525810.000,wola_accept,1,209
26283,525810.000,y_accept,-1,208
26285,525850.000,canon_accept,2,44
26285,525850.000,wola_accept,1,210
26285,525850.000,y_accept,-1,209
26286,525870.000,mask_accept,2,44
26287,525890.000,spec_accept,2,44
26287,525890.000,wola_accept,1,211
26287,525890.000,y_accept,-1,210
26289,525930.000,canon_accept,2,45
26289,525930.000,wola_accept,1,212
26289,525930.000,y_accept,-1,211
26290,525950.000,mask_accept,2,45
26291,525970.000,spec_accept,2,45
26291,525970.000,wola_accept,1,213
26291,525970.000,y_accept,-1,212
26293,526010.000,canon_accept,2,46
26293,526010.000,wola_accept,1,214
26293,526010.000,y_accept,-1,213
26294,526030.000,mask_accept,2,46
26295,526050.000,spec_accept,2,46
26295,526050.000,wola_accept,1,215
26295,526050.000,y_accept,-1,214
26297,526090.000,canon_accept,2,47
26297,526090.000,wola_accept,1,216
26297,526090.000,y_accept,-1,215
26298,526110.000,mask_accept,2,47
26299,526130.000,spec_accept,2,47
26299,526130.000,wola_accept,1,217
26299,526130.000,y_accept,-1,216
26301,526170.000,canon_accept,2,48
26301,526170.000,wola_accept,1,218
26301,526170.000,y_accept,-1,217
26302,526190.000,mask_accept,2,48
26303,526210.000,spec_accept,2,48
26303,526210.000,wola_accept,1,219
26303,526210.000,y_accept,-1,218
26305,526250.000,canon_accept,2,49
26305,526250.000,wola_accept,1,220
26305,526250.000,y_accept,-1,219
26306,526270.000,mask_accept,2,49
26307,526290.000,spec_accept,2,49
26307,526290.000,wola_accept,1,221
26307,526290.000,y_accept,-1,220
26309,526330.000,canon_accept,2,50
26309,526330.000,wola_accept,1,222
26309,526330.000,y_accept,-1,221
26310,526350.000,mask_accept,2,50
26311,526370.000,spec_accept,2,50
26311,526370.000,wola_accept,1,223
26311,526370.000,y_accept,-1,222
26313,526410.000,canon_accept,2,51
26313,526410.000,wola_accept,1,224
26313,526410.000,y_accept,-1,223
26314,526430.000,mask_accept,2,51
26315,526450.000,spec_accept,2,51
26315,526450.000,wola_accept,1,225
26315,526450.000,y_accept,-1,224
26317,526490.000,canon_accept,2,52
26317,526490.000,wola_accept,1,226
26317,526490.000,y_accept,-1,225
26318,526510.000,mask_accept,2,52
26319,526530.000,spec_accept,2,52
26319,526530.000,wola_accept,1,227
26319,526530.000,y_accept,-1,226
26321,526570.000,canon_accept,2,53
26321,526570.000,wola_accept,1,228
26321,526570.000,y_accept,-1,227
26322,526590.000,mask_accept,2,53
26323,526610.000,spec_accept,2,53
26323,526610.000,wola_accept,1,229
26323,526610.000,y_accept,-1,228
26325,526650.000,canon_accept,2,54
26325,526650.000,wola_accept,1,230
26325,526650.000,y_accept,-1,229
26326,526670.000,mask_accept,2,54
26327,526690.000,spec_accept,2,54
26327,526690.000,wola_accept,1,231
26327,526690.000,y_accept,-1,230
26329,526730.000,canon_accept,2,55
26329,526730.000,wola_accept,1,232
26329,526730.000,y_accept,-1,231
26330,526750.000,mask_accept,2,55
26331,526770.000,spec_accept,2,55
26331,526770.000,wola_accept,1,233
26331,526770.000,y_accept,-1,232
26333,526810.000,canon_accept,2,56
26333,526810.000,wola_accept,1,234
26333,526810.000,y_accept,-1,233
26334,526830.000,mask_accept,2,56
26335,526850.000,spec_accept,2,56
26335,526850.000,wola_accept,1,235
26335,526850.000,y_accept,-1,234
26337,526890.000,canon_accept,2,57
26337,526890.000,wola_accept,1,236
26337,526890.000,y_accept,-1,235
26338,526910.000,mask_accept,2,57
26339,526930.000,spec_accept,2,57
26339,526930.000,wola_accept,1,237
26339,526930.000,y_accept,-1,236
26341,526970.000,canon_accept,2,58
26341,526970.000,wola_accept,1,238
26341,526970.000,y_accept,-1,237
26342,526990.000,mask_accept,2,58
26343,527010.000,spec_accept,2,58
26343,527010.000,wola_accept,1,239
26343,527010.000,y_accept,-1,238
26345,527050.000,canon_accept,2,59
26345,527050.000,wola_accept,1,240
26345,527050.000,y_accept,-1,239
26346,527070.000,mask_accept,2,59
26347,527090.000,spec_accept,2,59
26347,527090.000,wola_accept,1,241
26347,527090.000,y_accept,-1,240
26349,527130.000,canon_accept,2,60
26349,527130.000,wola_accept,1,242
26349,527130.000,y_accept,-1,241
26350,527150.000,mask_accept,2,60
26351,527170.000,spec_accept,2,60
26351,527170.000,wola_accept,1,243
26351,527170.000,y_accept,-1,242
26353,527210.000,canon_accept,2,61
26353,527210.000,wola_accept,1,244
26353,527210.000,y_accept,-1,243
26354,527230.000,mask_accept,2,61
26355,527250.000,spec_accept,2,61
26355,527250.000,wola_accept,1,245
26355,527250.000,y_accept,-1,244
26357,527290.000,canon_accept,2,62
26357,527290.000,wola_accept,1,246
26357,527290.000,y_accept,-1,245
26358,527310.000,mask_accept,2,62
26359,527330.000,spec_accept,2,62
26359,527330.000,wola_accept,1,247
26359,527330.000,y_accept,-1,246
26361,527370.000,canon_accept,2,63
26361,527370.000,wola_accept,1,248
26361,527370.000,y_accept,-1,247
26362,527390.000,mask_accept,2,63
26363,527410.000,spec_accept,2,63
26363,527410.000,wola_accept,1,249
26363,527410.000,y_accept,-1,248
26365,527450.000,canon_accept,2,64
26365,527450.000,wola_accept,1,250
26365,527450.000,y_accept,-1,249
26366,527470.000,mask_accept,2,64
26367,527490.000,spec_accept,2,64
26367,527490.000,wola_accept,1,251
26367,527490.000,y_accept,-1,250
26369,527530.000,canon_accept,2,65
26369,527530.000,wola_accept,1,252
26369,527530.000,y_accept,-1,251
26370,527550.000,mask_accept,2,65
26371,527570.000,spec_accept,2,65
26371,527570.000,wola_accept,1,253
26371,527570.000,y_accept,-1,252
26373,527610.000,canon_accept,2,66
26373,527610.000,wola_accept,1,254
26373,527610.000,y_accept,-1,253
26374,527630.000,mask_accept,2,66
26375,527650.000,spec_accept,2,66
26375,527650.000,wola_accept,1,255
26375,527650.000,y_accept,-1,254
26377,527690.000,canon_accept,2,67
26377,527690.000,y_accept,-1,255
26378,527710.000,mask_accept,2,67
26379,527730.000,spec_accept,2,67
26381,527770.000,canon_accept,2,68
26382,527790.000,mask_accept,2,68
26383,527810.000,spec_accept,2,68
26385,527850.000,canon_accept,2,69
26386,527870.000,mask_accept,2,69
26387,527890.000,spec_accept,2,69
26389,527930.000,canon_accept,2,70
26390,527950.000,mask_accept,2,70
26391,527970.000,spec_accept,2,70
26393,528010.000,canon_accept,2,71
26394,528030.000,mask_accept,2,71
26395,528050.000,spec_accept,2,71
26397,528090.000,canon_accept,2,72
26398,528110.000,mask_accept,2,72
26399,528130.000,spec_accept,2,72
26401,528170.000,canon_accept,2,73
26402,528190.000,mask_accept,2,73
26403,528210.000,spec_accept,2,73
26405,528250.000,canon_accept,2,74
26406,528270.000,mask_accept,2,74
26407,528290.000,spec_accept,2,74
26409,528330.000,canon_accept,2,75
26410,528350.000,mask_accept,2,75
26411,528370.000,spec_accept,2,75
26413,528410.000,canon_accept,2,76
26414,528430.000,mask_accept,2,76
26415,528450.000,spec_accept,2,76
26417,528490.000,canon_accept,2,77
26418,528510.000,mask_accept,2,77
26419,528530.000,spec_accept,2,77
26421,528570.000,canon_accept,2,78
26422,528590.000,mask_accept,2,78
26423,528610.000,spec_accept,2,78
26425,528650.000,canon_accept,2,79
26426,528670.000,mask_accept,2,79
26427,528690.000,spec_accept,2,79
26429,528730.000,canon_accept,2,80
26430,528750.000,mask_accept,2,80
26431,528770.000,spec_accept,2,80
26433,528810.000,canon_accept,2,81
26434,528830.000,mask_accept,2,81
26435,528850.000,spec_accept,2,81
26437,528890.000,canon_accept,2,82
26438,528910.000,mask_accept,2,82
26439,528930.000,spec_accept,2,82
26441,528970.000,canon_accept,2,83
26442,528990.000,mask_accept,2,83
26443,529010.000,spec_accept,2,83
26445,529050.000,canon_accept,2,84
26446,529070.000,mask_accept,2,84
26447,529090.000,spec_accept,2,84
26449,529130.000,canon_accept,2,85
26450,529150.000,mask_accept,2,85
26451,529170.000,spec_accept,2,85
26453,529210.000,canon_accept,2,86
26454,529230.000,mask_accept,2,86
26455,529250.000,spec_accept,2,86
26457,529290.000,canon_accept,2,87
26458,529310.000,mask_accept,2,87
26459,529330.000,spec_accept,2,87
26461,529370.000,canon_accept,2,88
26462,529390.000,mask_accept,2,88
26463,529410.000,spec_accept,2,88
26465,529450.000,canon_accept,2,89
26466,529470.000,mask_accept,2,89
26467,529490.000,spec_accept,2,89
26469,529530.000,canon_accept,2,90
26470,529550.000,mask_accept,2,90
26471,529570.000,spec_accept,2,90
26473,529610.000,canon_accept,2,91
26474,529630.000,mask_accept,2,91
26475,529650.000,spec_accept,2,91
26477,529690.000,canon_accept,2,92
26478,529710.000,mask_accept,2,92
26479,529730.000,spec_accept,2,92
26481,529770.000,canon_accept,2,93
26482,529790.000,mask_accept,2,93
26483,529810.000,spec_accept,2,93
26485,529850.000,canon_accept,2,94
26486,529870.000,mask_accept,2,94
26487,529890.000,spec_accept,2,94
26489,529930.000,canon_accept,2,95
26490,529950.000,mask_accept,2,95
26491,529970.000,spec_accept,2,95
26493,530010.000,canon_accept,2,96
26494,530030.000,mask_accept,2,96
26495,530050.000,spec_accept,2,96
26497,530090.000,canon_accept,2,97
26498,530110.000,mask_accept,2,97
26499,530130.000,spec_accept,2,97
26501,530170.000,canon_accept,2,98
26502,530190.000,mask_accept,2,98
26503,530210.000,spec_accept,2,98
26505,530250.000,canon_accept,2,99
26506,530270.000,mask_accept,2,99
26507,530290.000,spec_accept,2,99
26509,530330.000,canon_accept,2,100
26510,530350.000,mask_accept,2,100
26511,530370.000,spec_accept,2,100
26513,530410.000,canon_accept,2,101
26514,530430.000,mask_accept,2,101
26515,530450.000,spec_accept,2,101
26517,530490.000,canon_accept,2,102
26518,530510.000,mask_accept,2,102
26519,530530.000,spec_accept,2,102
26521,530570.000,canon_accept,2,103
26522,530590.000,mask_accept,2,103
26523,530610.000,spec_accept,2,103
26525,530650.000,canon_accept,2,104
26526,530670.000,mask_accept,2,104
26527,530690.000,spec_accept,2,104
26529,530730.000,canon_accept,2,105
26530,530750.000,mask_accept,2,105
26531,530770.000,spec_accept,2,105
26533,530810.000,canon_accept,2,106
26534,530830.000,mask_accept,2,106
26535,530850.000,spec_accept,2,106
26537,530890.000,canon_accept,2,107
26538,530910.000,mask_accept,2,107
26539,530930.000,spec_accept,2,107
26541,530970.000,canon_accept,2,108
26542,530990.000,mask_accept,2,108
26543,531010.000,spec_accept,2,108
26545,531050.000,canon_accept,2,109
26546,531070.000,mask_accept,2,109
26547,531090.000,spec_accept,2,109
26549,531130.000,canon_accept,2,110
26550,531150.000,mask_accept,2,110
26551,531170.000,spec_accept,2,110
26553,531210.000,canon_accept,2,111
26554,531230.000,mask_accept,2,111
26555,531250.000,spec_accept,2,111
26557,531290.000,canon_accept,2,112
26558,531310.000,mask_accept,2,112
26559,531330.000,spec_accept,2,112
26561,531370.000,canon_accept,2,113
26562,531390.000,mask_accept,2,113
26563,531410.000,spec_accept,2,113
26565,531450.000,canon_accept,2,114
26566,531470.000,mask_accept,2,114
26567,531490.000,spec_accept,2,114
26569,531530.000,canon_accept,2,115
26570,531550.000,mask_accept,2,115
26571,531570.000,spec_accept,2,115
26573,531610.000,canon_accept,2,116
26574,531630.000,mask_accept,2,116
26575,531650.000,spec_accept,2,116
26577,531690.000,canon_accept,2,117
26578,531710.000,mask_accept,2,117
26579,531730.000,spec_accept,2,117
26581,531770.000,canon_accept,2,118
26582,531790.000,mask_accept,2,118
26583,531810.000,spec_accept,2,118
26585,531850.000,canon_accept,2,119
26586,531870.000,mask_accept,2,119
26587,531890.000,spec_accept,2,119
26589,531930.000,canon_accept,2,120
26590,531950.000,mask_accept,2,120
26591,531970.000,spec_accept,2,120
26593,532010.000,canon_accept,2,121
26594,532030.000,mask_accept,2,121
26595,532050.000,spec_accept,2,121
26597,532090.000,canon_accept,2,122
26598,532110.000,mask_accept,2,122
26599,532130.000,spec_accept,2,122
26601,532170.000,canon_accept,2,123
26602,532190.000,mask_accept,2,123
26603,532210.000,spec_accept,2,123
26605,532250.000,canon_accept,2,124
26606,532270.000,mask_accept,2,124
26607,532290.000,spec_accept,2,124
26609,532330.000,canon_accept,2,125
26610,532350.000,mask_accept,2,125
26611,532370.000,spec_accept,2,125
26613,532410.000,canon_accept,2,126
26614,532430.000,mask_accept,2,126
26615,532450.000,spec_accept,2,126
26617,532490.000,canon_accept,2,127
26618,532510.000,mask_accept,2,127
26619,532530.000,spec_accept,2,127
26621,532570.000,canon_accept,2,128
26622,532590.000,mask_accept,2,128
26623,532610.000,spec_accept,2,128
26625,532650.000,canon_accept,2,129
26626,532670.000,mask_accept,2,129
26627,532690.000,spec_accept,2,129
26629,532730.000,canon_accept,2,130
26630,532750.000,mask_accept,2,130
26631,532770.000,spec_accept,2,130
26633,532810.000,canon_accept,2,131
26634,532830.000,mask_accept,2,131
26635,532850.000,spec_accept,2,131
26637,532890.000,canon_accept,2,132
26638,532910.000,mask_accept,2,132
26639,532930.000,spec_accept,2,132
26641,532970.000,canon_accept,2,133
26642,532990.000,mask_accept,2,133
26643,533010.000,spec_accept,2,133
26645,533050.000,canon_accept,2,134
26646,533070.000,mask_accept,2,134
26647,533090.000,spec_accept,2,134
26649,533130.000,canon_accept,2,135
26650,533150.000,mask_accept,2,135
26651,533170.000,spec_accept,2,135
26653,533210.000,canon_accept,2,136
26654,533230.000,mask_accept,2,136
26655,533250.000,spec_accept,2,136
26657,533290.000,canon_accept,2,137
26658,533310.000,mask_accept,2,137
26659,533330.000,spec_accept,2,137
26661,533370.000,canon_accept,2,138
26662,533390.000,mask_accept,2,138
26663,533410.000,spec_accept,2,138
26665,533450.000,canon_accept,2,139
26666,533470.000,mask_accept,2,139
26667,533490.000,spec_accept,2,139
26669,533530.000,canon_accept,2,140
26670,533550.000,mask_accept,2,140
26671,533570.000,spec_accept,2,140
26673,533610.000,canon_accept,2,141
26674,533630.000,mask_accept,2,141
26675,533650.000,spec_accept,2,141
26677,533690.000,canon_accept,2,142
26678,533710.000,mask_accept,2,142
26679,533730.000,spec_accept,2,142
26681,533770.000,canon_accept,2,143
26682,533790.000,mask_accept,2,143
26683,533810.000,spec_accept,2,143
26685,533850.000,canon_accept,2,144
26686,533870.000,mask_accept,2,144
26687,533890.000,spec_accept,2,144
26689,533930.000,canon_accept,2,145
26690,533950.000,mask_accept,2,145
26691,533970.000,spec_accept,2,145
26693,534010.000,canon_accept,2,146
26694,534030.000,mask_accept,2,146
26695,534050.000,spec_accept,2,146
26697,534090.000,canon_accept,2,147
26698,534110.000,mask_accept,2,147
26699,534130.000,spec_accept,2,147
26701,534170.000,canon_accept,2,148
26702,534190.000,mask_accept,2,148
26703,534210.000,spec_accept,2,148
26705,534250.000,canon_accept,2,149
26706,534270.000,mask_accept,2,149
26707,534290.000,spec_accept,2,149
26709,534330.000,canon_accept,2,150
26710,534350.000,mask_accept,2,150
26711,534370.000,spec_accept,2,150
26713,534410.000,canon_accept,2,151
26714,534430.000,mask_accept,2,151
26715,534450.000,spec_accept,2,151
26717,534490.000,canon_accept,2,152
26718,534510.000,mask_accept,2,152
26719,534530.000,spec_accept,2,152
26721,534570.000,canon_accept,2,153
26722,534590.000,mask_accept,2,153
26723,534610.000,spec_accept,2,153
26725,534650.000,canon_accept,2,154
26726,534670.000,mask_accept,2,154
26727,534690.000,spec_accept,2,154
26729,534730.000,canon_accept,2,155
26730,534750.000,mask_accept,2,155
26731,534770.000,spec_accept,2,155
26733,534810.000,canon_accept,2,156
26734,534830.000,mask_accept,2,156
26735,534850.000,spec_accept,2,156
26737,534890.000,canon_accept,2,157
26738,534910.000,mask_accept,2,157
26739,534930.000,spec_accept,2,157
26741,534970.000,canon_accept,2,158
26742,534990.000,mask_accept,2,158
26743,535010.000,spec_accept,2,158
26745,535050.000,canon_accept,2,159
26746,535070.000,mask_accept,2,159
26747,535090.000,spec_accept,2,159
26749,535130.000,canon_accept,2,160
26750,535150.000,mask_accept,2,160
26751,535170.000,spec_accept,2,160
26753,535210.000,canon_accept,2,161
26754,535230.000,mask_accept,2,161
26755,535250.000,spec_accept,2,161
26757,535290.000,canon_accept,2,162
26758,535310.000,mask_accept,2,162
26759,535330.000,spec_accept,2,162
26761,535370.000,canon_accept,2,163
26762,535390.000,mask_accept,2,163
26763,535410.000,spec_accept,2,163
26765,535450.000,canon_accept,2,164
26766,535470.000,mask_accept,2,164
26767,535490.000,spec_accept,2,164
26769,535530.000,canon_accept,2,165
26770,535550.000,mask_accept,2,165
26771,535570.000,spec_accept,2,165
26773,535610.000,canon_accept,2,166
26774,535630.000,mask_accept,2,166
26775,535650.000,spec_accept,2,166
26777,535690.000,canon_accept,2,167
26778,535710.000,mask_accept,2,167
26779,535730.000,spec_accept,2,167
26781,535770.000,canon_accept,2,168
26782,535790.000,mask_accept,2,168
26783,535810.000,spec_accept,2,168
26785,535850.000,canon_accept,2,169
26786,535870.000,mask_accept,2,169
26787,535890.000,spec_accept,2,169
26789,535930.000,canon_accept,2,170
26790,535950.000,mask_accept,2,170
26791,535970.000,spec_accept,2,170
26793,536010.000,canon_accept,2,171
26794,536030.000,mask_accept,2,171
26795,536050.000,spec_accept,2,171
26797,536090.000,canon_accept,2,172
26798,536110.000,mask_accept,2,172
26799,536130.000,spec_accept,2,172
26801,536170.000,canon_accept,2,173
26802,536190.000,mask_accept,2,173
26803,536210.000,spec_accept,2,173
26805,536250.000,canon_accept,2,174
26806,536270.000,mask_accept,2,174
26807,536290.000,spec_accept,2,174
26809,536330.000,canon_accept,2,175
26810,536350.000,mask_accept,2,175
26811,536370.000,spec_accept,2,175
26813,536410.000,canon_accept,2,176
26814,536430.000,mask_accept,2,176
26815,536450.000,spec_accept,2,176
26817,536490.000,canon_accept,2,177
26818,536510.000,mask_accept,2,177
26819,536530.000,spec_accept,2,177
26821,536570.000,canon_accept,2,178
26822,536590.000,mask_accept,2,178
26823,536610.000,spec_accept,2,178
26825,536650.000,canon_accept,2,179
26826,536670.000,mask_accept,2,179
26827,536690.000,spec_accept,2,179
26829,536730.000,canon_accept,2,180
26830,536750.000,mask_accept,2,180
26831,536770.000,spec_accept,2,180
26833,536810.000,canon_accept,2,181
26834,536830.000,mask_accept,2,181
26835,536850.000,spec_accept,2,181
26837,536890.000,canon_accept,2,182
26838,536910.000,mask_accept,2,182
26839,536930.000,spec_accept,2,182
26841,536970.000,canon_accept,2,183
26842,536990.000,mask_accept,2,183
26843,537010.000,spec_accept,2,183
26845,537050.000,canon_accept,2,184
26846,537070.000,mask_accept,2,184
26847,537090.000,spec_accept,2,184
26849,537130.000,canon_accept,2,185
26850,537150.000,mask_accept,2,185
26851,537170.000,spec_accept,2,185
26853,537210.000,canon_accept,2,186
26854,537230.000,mask_accept,2,186
26855,537250.000,spec_accept,2,186
26857,537290.000,canon_accept,2,187
26858,537310.000,mask_accept,2,187
26859,537330.000,spec_accept,2,187
26861,537370.000,canon_accept,2,188
26862,537390.000,mask_accept,2,188
26863,537410.000,spec_accept,2,188
26865,537450.000,canon_accept,2,189
26866,537470.000,mask_accept,2,189
26867,537490.000,spec_accept,2,189
26869,537530.000,canon_accept,2,190
26870,537550.000,mask_accept,2,190
26871,537570.000,spec_accept,2,190
26873,537610.000,canon_accept,2,191
26874,537630.000,mask_accept,2,191
26875,537650.000,spec_accept,2,191
26877,537690.000,canon_accept,2,192
26878,537710.000,mask_accept,2,192
26879,537730.000,spec_accept,2,192
26881,537770.000,canon_accept,2,193
26882,537790.000,mask_accept,2,193
26883,537810.000,spec_accept,2,193
26885,537850.000,canon_accept,2,194
26886,537870.000,mask_accept,2,194
26887,537890.000,spec_accept,2,194
26889,537930.000,canon_accept,2,195
26890,537950.000,mask_accept,2,195
26891,537970.000,spec_accept,2,195
26893,538010.000,canon_accept,2,196
26894,538030.000,mask_accept,2,196
26895,538050.000,spec_accept,2,196
26897,538090.000,canon_accept,2,197
26898,538110.000,mask_accept,2,197
26899,538130.000,spec_accept,2,197
26901,538170.000,canon_accept,2,198
26902,538190.000,mask_accept,2,198
26903,538210.000,spec_accept,2,198
26905,538250.000,canon_accept,2,199
26906,538270.000,mask_accept,2,199
26907,538290.000,spec_accept,2,199
26909,538330.000,canon_accept,2,200
26910,538350.000,mask_accept,2,200
26911,538370.000,spec_accept,2,200
26913,538410.000,canon_accept,2,201
26914,538430.000,mask_accept,2,201
26915,538450.000,spec_accept,2,201
26917,538490.000,canon_accept,2,202
26918,538510.000,mask_accept,2,202
26919,538530.000,spec_accept,2,202
26921,538570.000,canon_accept,2,203
26922,538590.000,mask_accept,2,203
26923,538610.000,spec_accept,2,203
26925,538650.000,canon_accept,2,204
26926,538670.000,mask_accept,2,204
26927,538690.000,spec_accept,2,204
26929,538730.000,canon_accept,2,205
26930,538750.000,mask_accept,2,205
26931,538770.000,spec_accept,2,205
26933,538810.000,canon_accept,2,206
26934,538830.000,mask_accept,2,206
26935,538850.000,spec_accept,2,206
26937,538890.000,canon_accept,2,207
26938,538910.000,mask_accept,2,207
26939,538930.000,spec_accept,2,207
26941,538970.000,canon_accept,2,208
26942,538990.000,mask_accept,2,208
26943,539010.000,spec_accept,2,208
26945,539050.000,canon_accept,2,209
26946,539070.000,mask_accept,2,209
26947,539090.000,spec_accept,2,209
26949,539130.000,canon_accept,2,210
26950,539150.000,mask_accept,2,210
26951,539170.000,spec_accept,2,210
26953,539210.000,canon_accept,2,211
26954,539230.000,mask_accept,2,211
26955,539250.000,spec_accept,2,211
26957,539290.000,canon_accept,2,212
26958,539310.000,mask_accept,2,212
26959,539330.000,spec_accept,2,212
26961,539370.000,canon_accept,2,213
26962,539390.000,mask_accept,2,213
26963,539410.000,spec_accept,2,213
26965,539450.000,canon_accept,2,214
26966,539470.000,mask_accept,2,214
26967,539490.000,spec_accept,2,214
26969,539530.000,canon_accept,2,215
26970,539550.000,mask_accept,2,215
26971,539570.000,spec_accept,2,215
26973,539610.000,canon_accept,2,216
26974,539630.000,mask_accept,2,216
26975,539650.000,spec_accept,2,216
26977,539690.000,canon_accept,2,217
26978,539710.000,mask_accept,2,217
26979,539730.000,spec_accept,2,217
26981,539770.000,canon_accept,2,218
26982,539790.000,mask_accept,2,218
26983,539810.000,spec_accept,2,218
26985,539850.000,canon_accept,2,219
26986,539870.000,mask_accept,2,219
26987,539890.000,spec_accept,2,219
26989,539930.000,canon_accept,2,220
26990,539950.000,mask_accept,2,220
26991,539970.000,spec_accept,2,220
26993,540010.000,canon_accept,2,221
26994,540030.000,mask_accept,2,221
26995,540050.000,spec_accept,2,221
26997,540090.000,canon_accept,2,222
26998,540110.000,mask_accept,2,222
26999,540130.000,spec_accept,2,222
27001,540170.000,canon_accept,2,223
27002,540190.000,mask_accept,2,223
27003,540210.000,spec_accept,2,223
27005,540250.000,canon_accept,2,224
27006,540270.000,mask_accept,2,224
27007,540290.000,spec_accept,2,224
27009,540330.000,canon_accept,2,225
27010,540350.000,mask_accept,2,225
27011,540370.000,spec_accept,2,225
27013,540410.000,canon_accept,2,226
27014,540430.000,mask_accept,2,226
27015,540450.000,spec_accept,2,226
27017,540490.000,canon_accept,2,227
27018,540510.000,mask_accept,2,227
27019,540530.000,spec_accept,2,227
27021,540570.000,canon_accept,2,228
27022,540590.000,mask_accept,2,228
27023,540610.000,spec_accept,2,228
27025,540650.000,canon_accept,2,229
27026,540670.000,mask_accept,2,229
27027,540690.000,spec_accept,2,229
27029,540730.000,canon_accept,2,230
27030,540750.000,mask_accept,2,230
27031,540770.000,spec_accept,2,230
27033,540810.000,canon_accept,2,231
27034,540830.000,mask_accept,2,231
27035,540850.000,spec_accept,2,231
27037,540890.000,canon_accept,2,232
27038,540910.000,mask_accept,2,232
27039,540930.000,spec_accept,2,232
27041,540970.000,canon_accept,2,233
27042,540990.000,mask_accept,2,233
27043,541010.000,spec_accept,2,233
27045,541050.000,canon_accept,2,234
27046,541070.000,mask_accept,2,234
27047,541090.000,spec_accept,2,234
27049,541130.000,canon_accept,2,235
27050,541150.000,mask_accept,2,235
27051,541170.000,spec_accept,2,235
27053,541210.000,canon_accept,2,236
27054,541230.000,mask_accept,2,236
27055,541250.000,spec_accept,2,236
27057,541290.000,canon_accept,2,237
27058,541310.000,mask_accept,2,237
27059,541330.000,spec_accept,2,237
27061,541370.000,canon_accept,2,238
27062,541390.000,mask_accept,2,238
27063,541410.000,spec_accept,2,238
27065,541450.000,canon_accept,2,239
27066,541470.000,mask_accept,2,239
27067,541490.000,spec_accept,2,239
27069,541530.000,canon_accept,2,240
27070,541550.000,mask_accept,2,240
27071,541570.000,spec_accept,2,240
27073,541610.000,canon_accept,2,241
27074,541630.000,mask_accept,2,241
27075,541650.000,spec_accept,2,241
27077,541690.000,canon_accept,2,242
27078,541710.000,mask_accept,2,242
27079,541730.000,spec_accept,2,242
27081,541770.000,canon_accept,2,243
27082,541790.000,mask_accept,2,243
27083,541810.000,spec_accept,2,243
27085,541850.000,canon_accept,2,244
27086,541870.000,mask_accept,2,244
27087,541890.000,spec_accept,2,244
27089,541930.000,canon_accept,2,245
27090,541950.000,mask_accept,2,245
27091,541970.000,spec_accept,2,245
27093,542010.000,canon_accept,2,246
27094,542030.000,mask_accept,2,246
27095,542050.000,spec_accept,2,246
27097,542090.000,canon_accept,2,247
27098,542110.000,mask_accept,2,247
27099,542130.000,spec_accept,2,247
27101,542170.000,canon_accept,2,248
27102,542190.000,mask_accept,2,248
27103,542210.000,spec_accept,2,248
27105,542250.000,canon_accept,2,249
27106,542270.000,mask_accept,2,249
27107,542290.000,spec_accept,2,249
27109,542330.000,canon_accept,2,250
27110,542350.000,mask_accept,2,250
27111,542370.000,spec_accept,2,250
27113,542410.000,canon_accept,2,251
27114,542430.000,mask_accept,2,251
27115,542450.000,spec_accept,2,251
27117,542490.000,canon_accept,2,252
27118,542510.000,mask_accept,2,252
27119,542530.000,spec_accept,2,252
27121,542570.000,canon_accept,2,253
27122,542590.000,mask_accept,2,253
27123,542610.000,spec_accept,2,253
27125,542650.000,canon_accept,2,254
27126,542670.000,mask_accept,2,254
27127,542690.000,spec_accept,2,254
27129,542730.000,canon_accept,2,255
27130,542750.000,mask_accept,2,255
27131,542770.000,spec_accept,2,255
27132,542790.000,ifft_compute_start,2,1
32774,655630.000,fft_compute_end,3,-1
32775,655650.000,fft_accept,3,0
32777,655690.000,fft_accept,3,1
32779,655730.000,fft_accept,3,2
32781,655770.000,fft_accept,3,3
32783,655810.000,fft_accept,3,4
32785,655850.000,fft_accept,3,5
32787,655890.000,fft_accept,3,6
32789,655930.000,fft_accept,3,7
32791,655970.000,fft_accept,3,8
32793,656010.000,fft_accept,3,9
32795,656050.000,fft_accept,3,10
32797,656090.000,fft_accept,3,11
32799,656130.000,fft_accept,3,12
32801,656170.000,fft_accept,3,13
32803,656210.000,fft_accept,3,14
32805,656250.000,fft_accept,3,15
32807,656290.000,fft_accept,3,16
32809,656330.000,fft_accept,3,17
32811,656370.000,fft_accept,3,18
32813,656410.000,fft_accept,3,19
32815,656450.000,fft_accept,3,20
32817,656490.000,fft_accept,3,21
32819,656530.000,fft_accept,3,22
32821,656570.000,fft_accept,3,23
32823,656610.000,fft_accept,3,24
32825,656650.000,fft_accept,3,25
32827,656690.000,fft_accept,3,26
32829,656730.000,fft_accept,3,27
32831,656770.000,fft_accept,3,28
32833,656810.000,fft_accept,3,29
32835,656850.000,fft_accept,3,30
32837,656890.000,fft_accept,3,31
32839,656930.000,fft_accept,3,32
32841,656970.000,fft_accept,3,33
32843,657010.000,fft_accept,3,34
32845,657050.000,fft_accept,3,35
32847,657090.000,fft_accept,3,36
32849,657130.000,fft_accept,3,37
32851,657170.000,fft_accept,3,38
32853,657210.000,fft_accept,3,39
32855,657250.000,fft_accept,3,40
32857,657290.000,fft_accept,3,41
32859,657330.000,fft_accept,3,42
32861,657370.000,fft_accept,3,43
32863,657410.000,fft_accept,3,44
32865,657450.000,fft_accept,3,45
32867,657490.000,fft_accept,3,46
32869,657530.000,fft_accept,3,47
32871,657570.000,fft_accept,3,48
32873,657610.000,fft_accept,3,49
32875,657650.000,fft_accept,3,50
32877,657690.000,fft_accept,3,51
32879,657730.000,fft_accept,3,52
32881,657770.000,fft_accept,3,53
32883,657810.000,fft_accept,3,54
32885,657850.000,fft_accept,3,55
32887,657890.000,fft_accept,3,56
32889,657930.000,fft_accept,3,57
32891,657970.000,fft_accept,3,58
32893,658010.000,fft_accept,3,59
32895,658050.000,fft_accept,3,60
32897,658090.000,fft_accept,3,61
32899,658130.000,fft_accept,3,62
32901,658170.000,fft_accept,3,63
32903,658210.000,fft_accept,3,64
32905,658250.000,fft_accept,3,65
32907,658290.000,fft_accept,3,66
32909,658330.000,fft_accept,3,67
32911,658370.000,fft_accept,3,68
32913,658410.000,fft_accept,3,69
32915,658450.000,fft_accept,3,70
32917,658490.000,fft_accept,3,71
32919,658530.000,fft_accept,3,72
32921,658570.000,fft_accept,3,73
32923,658610.000,fft_accept,3,74
32925,658650.000,fft_accept,3,75
32927,658690.000,fft_accept,3,76
32929,658730.000,fft_accept,3,77
32931,658770.000,fft_accept,3,78
32933,658810.000,fft_accept,3,79
32935,658850.000,fft_accept,3,80
32937,658890.000,fft_accept,3,81
32939,658930.000,fft_accept,3,82
32941,658970.000,fft_accept,3,83
32943,659010.000,fft_accept,3,84
32945,659050.000,fft_accept,3,85
32947,659090.000,fft_accept,3,86
32949,659130.000,fft_accept,3,87
32951,659170.000,fft_accept,3,88
32953,659210.000,fft_accept,3,89
32955,659250.000,fft_accept,3,90
32957,659290.000,fft_accept,3,91
32959,659330.000,fft_accept,3,92
32961,659370.000,fft_accept,3,93
32963,659410.000,fft_accept,3,94
32965,659450.000,fft_accept,3,95
32967,659490.000,fft_accept,3,96
32969,659530.000,fft_accept,3,97
32971,659570.000,fft_accept,3,98
32973,659610.000,fft_accept,3,99
32975,659650.000,fft_accept,3,100
32977,659690.000,fft_accept,3,101
32979,659730.000,fft_accept,3,102
32981,659770.000,fft_accept,3,103
32983,659810.000,fft_accept,3,104
32985,659850.000,fft_accept,3,105
32987,659890.000,fft_accept,3,106
32989,659930.000,fft_accept,3,107
32991,659970.000,fft_accept,3,108
32993,660010.000,fft_accept,3,109
32995,660050.000,fft_accept,3,110
32997,660090.000,fft_accept,3,111
32999,660130.000,fft_accept,3,112
33001,660170.000,fft_accept,3,113
33003,660210.000,fft_accept,3,114
33005,660250.000,fft_accept,3,115
33007,660290.000,fft_accept,3,116
33009,660330.000,fft_accept,3,117
33011,660370.000,fft_accept,3,118
33013,660410.000,fft_accept,3,119
33015,660450.000,fft_accept,3,120
33017,660490.000,fft_accept,3,121
33019,660530.000,fft_accept,3,122
33021,660570.000,fft_accept,3,123
33023,660610.000,fft_accept,3,124
33025,660650.000,fft_accept,3,125
33027,660690.000,fft_accept,3,126
33029,660730.000,fft_accept,3,127
33031,660770.000,fft_accept,3,128
33033,660810.000,fft_accept,3,129
33035,660850.000,fft_accept,3,130
33037,660890.000,fft_accept,3,131
33039,660930.000,fft_accept,3,132
33041,660970.000,fft_accept,3,133
33043,661010.000,fft_accept,3,134
33045,661050.000,fft_accept,3,135
33047,661090.000,fft_accept,3,136
33049,661130.000,fft_accept,3,137
33051,661170.000,fft_accept,3,138
33053,661210.000,fft_accept,3,139
33055,661250.000,fft_accept,3,140
33057,661290.000,fft_accept,3,141
33059,661330.000,fft_accept,3,142
33061,661370.000,fft_accept,3,143
33063,661410.000,fft_accept,3,144
33065,661450.000,fft_accept,3,145
33067,661490.000,fft_accept,3,146
33069,661530.000,fft_accept,3,147
33071,661570.000,fft_accept,3,148
33073,661610.000,fft_accept,3,149
33075,661650.000,fft_accept,3,150
33077,661690.000,fft_accept,3,151
33079,661730.000,fft_accept,3,152
33081,661770.000,fft_accept,3,153
33083,661810.000,fft_accept,3,154
33085,661850.000,fft_accept,3,155
33087,661890.000,fft_accept,3,156
33089,661930.000,fft_accept,3,157
33091,661970.000,fft_accept,3,158
33093,662010.000,fft_accept,3,159
33095,662050.000,fft_accept,3,160
33097,662090.000,fft_accept,3,161
33099,662130.000,fft_accept,3,162
33101,662170.000,fft_accept,3,163
33103,662210.000,fft_accept,3,164
33105,662250.000,fft_accept,3,165
33107,662290.000,fft_accept,3,166
33109,662330.000,fft_accept,3,167
33111,662370.000,fft_accept,3,168
33113,662410.000,fft_accept,3,169
33115,662450.000,fft_accept,3,170
33117,662490.000,fft_accept,3,171
33119,662530.000,fft_accept,3,172
33121,662570.000,fft_accept,3,173
33123,662610.000,fft_accept,3,174
33125,662650.000,fft_accept,3,175
33127,662690.000,fft_accept,3,176
33129,662730.000,fft_accept,3,177
33131,662770.000,fft_accept,3,178
33133,662810.000,fft_accept,3,179
33135,662850.000,fft_accept,3,180
33137,662890.000,fft_accept,3,181
33139,662930.000,fft_accept,3,182
33141,662970.000,fft_accept,3,183
33143,663010.000,fft_accept,3,184
33145,663050.000,fft_accept,3,185
33147,663090.000,fft_accept,3,186
33149,663130.000,fft_accept,3,187
33151,663170.000,fft_accept,3,188
33153,663210.000,fft_accept,3,189
33155,663250.000,fft_accept,3,190
33157,663290.000,fft_accept,3,191
33159,663330.000,fft_accept,3,192
33161,663370.000,fft_accept,3,193
33163,663410.000,fft_accept,3,194
33165,663450.000,fft_accept,3,195
33167,663490.000,fft_accept,3,196
33169,663530.000,fft_accept,3,197
33171,663570.000,fft_accept,3,198
33173,663610.000,fft_accept,3,199
33175,663650.000,fft_accept,3,200
33177,663690.000,fft_accept,3,201
33179,663730.000,fft_accept,3,202
33181,663770.000,fft_accept,3,203
33183,663810.000,fft_accept,3,204
33185,663850.000,fft_accept,3,205
33187,663890.000,fft_accept,3,206
33189,663930.000,fft_accept,3,207
33191,663970.000,fft_accept,3,208
33193,664010.000,fft_accept,3,209
33195,664050.000,fft_accept,3,210
33197,664090.000,fft_accept,3,211
33199,664130.000,fft_accept,3,212
33201,664170.000,fft_accept,3,213
33203,664210.000,fft_accept,3,214
33205,664250.000,fft_accept,3,215
33207,664290.000,fft_accept,3,216
33209,664330.000,fft_accept,3,217
33211,664370.000,fft_accept,3,218
33213,664410.000,fft_accept,3,219
33215,664450.000,fft_accept,3,220
33217,664490.000,fft_accept,3,221
33219,664530.000,fft_accept,3,222
33221,664570.000,fft_accept,3,223
33223,664610.000,fft_accept,3,224
33225,664650.000,fft_accept,3,225
33227,664690.000,fft_accept,3,226
33229,664730.000,fft_accept,3,227
33231,664770.000,fft_accept,3,228
33233,664810.000,fft_accept,3,229
33235,664850.000,fft_accept,3,230
33237,664890.000,fft_accept,3,231
33239,664930.000,fft_accept,3,232
33241,664970.000,fft_accept,3,233
33243,665010.000,fft_accept,3,234
33245,665050.000,fft_accept,3,235
33247,665090.000,fft_accept,3,236
33249,665130.000,fft_accept,3,237
33251,665170.000,fft_accept,3,238
33253,665210.000,fft_accept,3,239
33255,665250.000,fft_accept,3,240
33257,665290.000,fft_accept,3,241
33259,665330.000,fft_accept,3,242
33261,665370.000,fft_accept,3,243
33263,665410.000,fft_accept,3,244
33265,665450.000,fft_accept,3,245
33267,665490.000,fft_accept,3,246
33269,665530.000,fft_accept,3,247
33271,665570.000,fft_accept,3,248
33273,665610.000,fft_accept,3,249
33275,665650.000,fft_accept,3,250
33277,665690.000,fft_accept,3,251
33279,665730.000,fft_accept,3,252
33281,665770.000,fft_accept,3,253
33283,665810.000,fft_accept,3,254
33285,665850.000,fft_accept,3,255
33286,665870.000,window_accept,4,0
33287,665890.000,window_accept,4,1
33289,665930.000,window_accept,4,2
33289,665930.000,canon_accept,3,0
33290,665950.000,mask_accept,3,0
33291,665970.000,window_accept,4,3
33293,666010.000,window_accept,4,4
33293,666010.000,canon_accept,3,1
33295,666050.000,window_accept,4,5
33297,666090.000,window_accept,4,6
33299,666130.000,window_accept,4,7
33301,666170.000,window_accept,4,8
33303,666210.000,window_accept,4,9
33305,666250.000,window_accept,4,10
33307,666290.000,window_accept,4,11
33309,666330.000,window_accept,4,12
33311,666370.000,window_accept,4,13
33313,666410.000,window_accept,4,14
33315,666450.000,window_accept,4,15
33317,666490.000,window_accept,4,16
33319,666530.000,window_accept,4,17
33321,666570.000,window_accept,4,18
33323,666610.000,window_accept,4,19
33325,666650.000,window_accept,4,20
33327,666690.000,window_accept,4,21
33329,666730.000,window_accept,4,22
33331,666770.000,window_accept,4,23
33333,666810.000,window_accept,4,24
33335,666850.000,window_accept,4,25
33337,666890.000,window_accept,4,26
33339,666930.000,window_accept,4,27
33341,666970.000,window_accept,4,28
33343,667010.000,window_accept,4,29
33345,667050.000,window_accept,4,30
33347,667090.000,window_accept,4,31
33349,667130.000,window_accept,4,32
33351,667170.000,window_accept,4,33
33353,667210.000,window_accept,4,34
33355,667250.000,window_accept,4,35
33357,667290.000,window_accept,4,36
33359,667330.000,window_accept,4,37
33361,667370.000,window_accept,4,38
33363,667410.000,window_accept,4,39
33365,667450.000,window_accept,4,40
33367,667490.000,window_accept,4,41
33369,667530.000,window_accept,4,42
33371,667570.000,window_accept,4,43
33373,667610.000,window_accept,4,44
33375,667650.000,window_accept,4,45
33377,667690.000,window_accept,4,46
33379,667730.000,window_accept,4,47
33381,667770.000,window_accept,4,48
33383,667810.000,window_accept,4,49
33385,667850.000,window_accept,4,50
33387,667890.000,window_accept,4,51
33389,667930.000,window_accept,4,52
33391,667970.000,window_accept,4,53
33393,668010.000,window_accept,4,54
33395,668050.000,window_accept,4,55
33397,668090.000,window_accept,4,56
33399,668130.000,window_accept,4,57
33401,668170.000,window_accept,4,58
33403,668210.000,window_accept,4,59
33405,668250.000,window_accept,4,60
33407,668290.000,window_accept,4,61
33409,668330.000,window_accept,4,62
33411,668370.000,window_accept,4,63
33413,668410.000,window_accept,4,64
33415,668450.000,window_accept,4,65
33417,668490.000,window_accept,4,66
33419,668530.000,window_accept,4,67
33421,668570.000,window_accept,4,68
33423,668610.000,window_accept,4,69
33425,668650.000,window_accept,4,70
33427,668690.000,window_accept,4,71
33429,668730.000,window_accept,4,72
33431,668770.000,window_accept,4,73
33433,668810.000,window_accept,4,74
33435,668850.000,window_accept,4,75
33437,668890.000,window_accept,4,76
33439,668930.000,window_accept,4,77
33441,668970.000,window_accept,4,78
33443,669010.000,window_accept,4,79
33445,669050.000,window_accept,4,80
33447,669090.000,window_accept,4,81
33449,669130.000,window_accept,4,82
33451,669170.000,window_accept,4,83
33453,669210.000,window_accept,4,84
33455,669250.000,window_accept,4,85
33457,669290.000,window_accept,4,86
33459,669330.000,window_accept,4,87
33461,669370.000,window_accept,4,88
33463,669410.000,window_accept,4,89
33465,669450.000,window_accept,4,90
33467,669490.000,window_accept,4,91
33469,669530.000,window_accept,4,92
33471,669570.000,window_accept,4,93
33473,669610.000,window_accept,4,94
33475,669650.000,window_accept,4,95
33477,669690.000,window_accept,4,96
33479,669730.000,window_accept,4,97
33481,669770.000,window_accept,4,98
33483,669810.000,window_accept,4,99
33485,669850.000,window_accept,4,100
33487,669890.000,window_accept,4,101
33489,669930.000,window_accept,4,102
33491,669970.000,window_accept,4,103
33493,670010.000,window_accept,4,104
33495,670050.000,window_accept,4,105
33497,670090.000,window_accept,4,106
33499,670130.000,window_accept,4,107
33501,670170.000,window_accept,4,108
33503,670210.000,window_accept,4,109
33505,670250.000,window_accept,4,110
33507,670290.000,window_accept,4,111
33509,670330.000,window_accept,4,112
33511,670370.000,window_accept,4,113
33513,670410.000,window_accept,4,114
33515,670450.000,window_accept,4,115
33517,670490.000,window_accept,4,116
33519,670530.000,window_accept,4,117
33521,670570.000,window_accept,4,118
33523,670610.000,window_accept,4,119
33525,670650.000,window_accept,4,120
33527,670690.000,window_accept,4,121
33529,670730.000,window_accept,4,122
33531,670770.000,window_accept,4,123
33533,670810.000,window_accept,4,124
33535,670850.000,window_accept,4,125
33537,670890.000,window_accept,4,126
33539,670930.000,window_accept,4,127
33541,670970.000,window_accept,4,128
33543,671010.000,window_accept,4,129
33545,671050.000,window_accept,4,130
33547,671090.000,window_accept,4,131
33549,671130.000,window_accept,4,132
33551,671170.000,window_accept,4,133
33553,671210.000,window_accept,4,134
33555,671250.000,window_accept,4,135
33557,671290.000,window_accept,4,136
33559,671330.000,window_accept,4,137
33561,671370.000,window_accept,4,138
33563,671410.000,window_accept,4,139
33565,671450.000,window_accept,4,140
33567,671490.000,window_accept,4,141
33569,671530.000,window_accept,4,142
33571,671570.000,window_accept,4,143
33573,671610.000,window_accept,4,144
33575,671650.000,window_accept,4,145
33577,671690.000,window_accept,4,146
33579,671730.000,window_accept,4,147
33581,671770.000,window_accept,4,148
33583,671810.000,window_accept,4,149
33585,671850.000,window_accept,4,150
33587,671890.000,window_accept,4,151
33589,671930.000,window_accept,4,152
33591,671970.000,window_accept,4,153
33593,672010.000,window_accept,4,154
33595,672050.000,window_accept,4,155
33597,672090.000,window_accept,4,156
33599,672130.000,window_accept,4,157
33601,672170.000,window_accept,4,158
33603,672210.000,window_accept,4,159
33605,672250.000,window_accept,4,160
33607,672290.000,window_accept,4,161
33609,672330.000,window_accept,4,162
33611,672370.000,window_accept,4,163
33613,672410.000,window_accept,4,164
33615,672450.000,window_accept,4,165
33617,672490.000,window_accept,4,166
33619,672530.000,window_accept,4,167
33621,672570.000,window_accept,4,168
33623,672610.000,window_accept,4,169
33625,672650.000,window_accept,4,170
33627,672690.000,window_accept,4,171
33629,672730.000,window_accept,4,172
33631,672770.000,window_accept,4,173
33633,672810.000,window_accept,4,174
33635,672850.000,window_accept,4,175
33637,672890.000,window_accept,4,176
33639,672930.000,window_accept,4,177
33641,672970.000,window_accept,4,178
33643,673010.000,window_accept,4,179
33645,673050.000,window_accept,4,180
33647,673090.000,window_accept,4,181
33649,673130.000,window_accept,4,182
33651,673170.000,window_accept,4,183
33653,673210.000,window_accept,4,184
33655,673250.000,window_accept,4,185
33657,673290.000,window_accept,4,186
33659,673330.000,window_accept,4,187
33661,673370.000,window_accept,4,188
33663,673410.000,window_accept,4,189
33665,673450.000,window_accept,4,190
33667,673490.000,window_accept,4,191
33669,673530.000,window_accept,4,192
33671,673570.000,window_accept,4,193
33673,673610.000,window_accept,4,194
33675,673650.000,window_accept,4,195
33677,673690.000,window_accept,4,196
33679,673730.000,window_accept,4,197
33681,673770.000,window_accept,4,198
33683,673810.000,window_accept,4,199
33685,673850.000,window_accept,4,200
33687,673890.000,window_accept,4,201
33689,673930.000,window_accept,4,202
33691,673970.000,window_accept,4,203
33693,674010.000,window_accept,4,204
33695,674050.000,window_accept,4,205
33697,674090.000,window_accept,4,206
33699,674130.000,window_accept,4,207
33701,674170.000,window_accept,4,208
33703,674210.000,window_accept,4,209
33705,674250.000,window_accept,4,210
33707,674290.000,window_accept,4,211
33709,674330.000,window_accept,4,212
33711,674370.000,window_accept,4,213
33713,674410.000,window_accept,4,214
33715,674450.000,window_accept,4,215
33717,674490.000,window_accept,4,216
33719,674530.000,window_accept,4,217
33721,674570.000,window_accept,4,218
33723,674610.000,window_accept,4,219
33725,674650.000,window_accept,4,220
33727,674690.000,window_accept,4,221
33729,674730.000,window_accept,4,222
33731,674770.000,window_accept,4,223
33733,674810.000,window_accept,4,224
33735,674850.000,window_accept,4,225
33737,674890.000,window_accept,4,226
33739,674930.000,window_accept,4,227
33741,674970.000,window_accept,4,228
33743,675010.000,window_accept,4,229
33745,675050.000,window_accept,4,230
33747,675090.000,window_accept,4,231
33749,675130.000,window_accept,4,232
33751,675170.000,window_accept,4,233
33753,675210.000,window_accept,4,234
33755,675250.000,window_accept,4,235
33757,675290.000,window_accept,4,236
33759,675330.000,window_accept,4,237
33761,675370.000,window_accept,4,238
33763,675410.000,window_accept,4,239
33765,675450.000,window_accept,4,240
33767,675490.000,window_accept,4,241
33769,675530.000,window_accept,4,242
33771,675570.000,window_accept,4,243
33773,675610.000,window_accept,4,244
33775,675650.000,window_accept,4,245
33777,675690.000,window_accept,4,246
33779,675730.000,window_accept,4,247
33781,675770.000,window_accept,4,248
33783,675810.000,window_accept,4,249
33785,675850.000,window_accept,4,250
33787,675890.000,window_accept,4,251
33789,675930.000,window_accept,4,252
33791,675970.000,window_accept,4,253
33793,676010.000,window_accept,4,254
33795,676050.000,source_accept,-1,641
33795,676050.000,window_accept,4,255
33796,676070.000,source_accept,-1,642
33796,676070.000,fft_compute_start,4,1
33797,676090.000,source_accept,-1,643
33798,676110.000,source_accept,-1,644
33799,676130.000,source_accept,-1,645
33800,676150.000,source_accept,-1,646
33801,676170.000,source_accept,-1,647
33802,676190.000,source_accept,-1,648
33803,676210.000,source_accept,-1,649
33804,676230.000,source_accept,-1,650
33805,676250.000,source_accept,-1,651
33806,676270.000,source_accept,-1,652
33807,676290.000,source_accept,-1,653
33808,676310.000,source_accept,-1,654
33809,676330.000,source_accept,-1,655
33810,676350.000,source_accept,-1,656
33811,676370.000,source_accept,-1,657
33812,676390.000,source_accept,-1,658
33813,676410.000,source_accept,-1,659
33814,676430.000,source_accept,-1,660
33815,676450.000,source_accept,-1,661
33816,676470.000,source_accept,-1,662
33817,676490.000,source_accept,-1,663
33818,676510.000,source_accept,-1,664
33819,676530.000,source_accept,-1,665
33820,676550.000,source_accept,-1,666
33821,676570.000,source_accept,-1,667
33822,676590.000,source_accept,-1,668
33823,676610.000,source_accept,-1,669
33824,676630.000,source_accept,-1,670
33825,676650.000,source_accept,-1,671
33826,676670.000,source_accept,-1,672
33827,676690.000,source_accept,-1,673
33828,676710.000,source_accept,-1,674
33829,676730.000,source_accept,-1,675
33830,676750.000,source_accept,-1,676
33831,676770.000,source_accept,-1,677
33832,676790.000,source_accept,-1,678
33833,676810.000,source_accept,-1,679
33834,676830.000,source_accept,-1,680
33835,676850.000,source_accept,-1,681
33836,676870.000,source_accept,-1,682
33837,676890.000,source_accept,-1,683
33838,676910.000,source_accept,-1,684
33839,676930.000,source_accept,-1,685
33840,676950.000,source_accept,-1,686
33841,676970.000,source_accept,-1,687
33842,676990.000,source_accept,-1,688
33843,677010.000,source_accept,-1,689
33844,677030.000,source_accept,-1,690
33845,677050.000,source_accept,-1,691
33846,677070.000,source_accept,-1,692
33847,677090.000,source_accept,-1,693
33848,677110.000,source_accept,-1,694
33849,677130.000,source_accept,-1,695
33850,677150.000,source_accept,-1,696
33851,677170.000,source_accept,-1,697
33852,677190.000,source_accept,-1,698
33853,677210.000,source_accept,-1,699
33854,677230.000,source_accept,-1,700
33855,677250.000,source_accept,-1,701
33856,677270.000,source_accept,-1,702
33857,677290.000,source_accept,-1,703
33858,677310.000,source_accept,-1,704
33859,677330.000,source_accept,-1,705
33860,677350.000,source_accept,-1,706
33861,677370.000,source_accept,-1,707
33862,677390.000,source_accept,-1,708
33863,677410.000,source_accept,-1,709
33864,677430.000,source_accept,-1,710
33865,677450.000,source_accept,-1,711
33866,677470.000,source_accept,-1,712
33867,677490.000,source_accept,-1,713
33868,677510.000,source_accept,-1,714
33869,677530.000,source_accept,-1,715
33870,677550.000,source_accept,-1,716
33871,677570.000,source_accept,-1,717
33872,677590.000,source_accept,-1,718
33873,677610.000,source_accept,-1,719
33874,677630.000,source_accept,-1,720
33875,677650.000,source_accept,-1,721
33876,677670.000,source_accept,-1,722
33877,677690.000,source_accept,-1,723
33878,677710.000,source_accept,-1,724
33879,677730.000,source_accept,-1,725
33880,677750.000,source_accept,-1,726
33881,677770.000,source_accept,-1,727
33882,677790.000,source_accept,-1,728
33883,677810.000,source_accept,-1,729
33884,677830.000,source_accept,-1,730
33885,677850.000,source_accept,-1,731
33886,677870.000,source_accept,-1,732
33887,677890.000,source_accept,-1,733
33888,677910.000,source_accept,-1,734
33889,677930.000,source_accept,-1,735
33890,677950.000,source_accept,-1,736
33891,677970.000,source_accept,-1,737
33892,677990.000,source_accept,-1,738
33893,678010.000,source_accept,-1,739
33894,678030.000,source_accept,-1,740
33895,678050.000,source_accept,-1,741
33896,678070.000,source_accept,-1,742
33897,678090.000,source_accept,-1,743
33898,678110.000,source_accept,-1,744
33899,678130.000,source_accept,-1,745
33900,678150.000,source_accept,-1,746
33901,678170.000,source_accept,-1,747
33902,678190.000,source_accept,-1,748
33903,678210.000,source_accept,-1,749
33904,678230.000,source_accept,-1,750
33905,678250.000,source_accept,-1,751
33906,678270.000,source_accept,-1,752
33907,678290.000,source_accept,-1,753
33908,678310.000,source_accept,-1,754
33909,678330.000,source_accept,-1,755
33910,678350.000,source_accept,-1,756
33911,678370.000,source_accept,-1,757
33912,678390.000,source_accept,-1,758
33913,678410.000,source_accept,-1,759
33914,678430.000,source_accept,-1,760
33915,678450.000,source_accept,-1,761
33916,678470.000,source_accept,-1,762
33917,678490.000,source_accept,-1,763
33918,678510.000,source_accept,-1,764
33919,678530.000,source_accept,-1,765
33920,678550.000,source_accept,-1,766
33921,678570.000,source_accept,-1,767
33922,678590.000,source_accept,-1,768
33923,678610.000,frame_request,5,-1
34300,686150.000,ifft_compute_end,2,-1
34301,686170.000,ifft_accept,2,0
34303,686210.000,ifft_accept,2,1
34305,686250.000,ifft_accept,2,2
34307,686290.000,ifft_accept,2,3
34309,686330.000,ifft_accept,2,4
34311,686370.000,ifft_accept,2,5
34313,686410.000,ifft_accept,2,6
34315,686450.000,ifft_accept,2,7
34317,686490.000,ifft_accept,2,8
34319,686530.000,ifft_accept,2,9
34321,686570.000,ifft_accept,2,10
34323,686610.000,ifft_accept,2,11
34325,686650.000,ifft_accept,2,12
34327,686690.000,ifft_accept,2,13
34329,686730.000,ifft_accept,2,14
34331,686770.000,ifft_accept,2,15
34333,686810.000,ifft_accept,2,16
34335,686850.000,ifft_accept,2,17
34337,686890.000,ifft_accept,2,18
34339,686930.000,ifft_accept,2,19
34341,686970.000,ifft_accept,2,20
34343,687010.000,ifft_accept,2,21
34345,687050.000,ifft_accept,2,22
34347,687090.000,ifft_accept,2,23
34349,687130.000,ifft_accept,2,24
34351,687170.000,ifft_accept,2,25
34353,687210.000,ifft_accept,2,26
34355,687250.000,ifft_accept,2,27
34357,687290.000,ifft_accept,2,28
34359,687330.000,ifft_accept,2,29
34361,687370.000,ifft_accept,2,30
34363,687410.000,ifft_accept,2,31
34365,687450.000,ifft_accept,2,32
34367,687490.000,ifft_accept,2,33
34369,687530.000,ifft_accept,2,34
34371,687570.000,ifft_accept,2,35
34373,687610.000,ifft_accept,2,36
34375,687650.000,ifft_accept,2,37
34377,687690.000,ifft_accept,2,38
34379,687730.000,ifft_accept,2,39
34381,687770.000,ifft_accept,2,40
34383,687810.000,ifft_accept,2,41
34385,687850.000,ifft_accept,2,42
34387,687890.000,ifft_accept,2,43
34389,687930.000,ifft_accept,2,44
34391,687970.000,ifft_accept,2,45
34393,688010.000,ifft_accept,2,46
34395,688050.000,ifft_accept,2,47
34397,688090.000,ifft_accept,2,48
34399,688130.000,ifft_accept,2,49
34401,688170.000,ifft_accept,2,50
34403,688210.000,ifft_accept,2,51
34405,688250.000,ifft_accept,2,52
34407,688290.000,ifft_accept,2,53
34409,688330.000,ifft_accept,2,54
34411,688370.000,ifft_accept,2,55
34413,688410.000,ifft_accept,2,56
34415,688450.000,ifft_accept,2,57
34417,688490.000,ifft_accept,2,58
34419,688530.000,ifft_accept,2,59
34421,688570.000,ifft_accept,2,60
34423,688610.000,ifft_accept,2,61
34425,688650.000,ifft_accept,2,62
34427,688690.000,ifft_accept,2,63
34429,688730.000,ifft_accept,2,64
34431,688770.000,ifft_accept,2,65
34433,688810.000,ifft_accept,2,66
34435,688850.000,ifft_accept,2,67
34437,688890.000,ifft_accept,2,68
34439,688930.000,ifft_accept,2,69
34441,688970.000,ifft_accept,2,70
34443,689010.000,ifft_accept,2,71
34445,689050.000,ifft_accept,2,72
34447,689090.000,ifft_accept,2,73
34449,689130.000,ifft_accept,2,74
34451,689170.000,ifft_accept,2,75
34453,689210.000,ifft_accept,2,76
34455,689250.000,ifft_accept,2,77
34457,689290.000,ifft_accept,2,78
34459,689330.000,ifft_accept,2,79
34461,689370.000,ifft_accept,2,80
34463,689410.000,ifft_accept,2,81
34465,689450.000,ifft_accept,2,82
34467,689490.000,ifft_accept,2,83
34469,689530.000,ifft_accept,2,84
34471,689570.000,ifft_accept,2,85
34473,689610.000,ifft_accept,2,86
34475,689650.000,ifft_accept,2,87
34477,689690.000,ifft_accept,2,88
34479,689730.000,ifft_accept,2,89
34481,689770.000,ifft_accept,2,90
34483,689810.000,ifft_accept,2,91
34485,689850.000,ifft_accept,2,92
34487,689890.000,ifft_accept,2,93
34489,689930.000,ifft_accept,2,94
34491,689970.000,ifft_accept,2,95
34493,690010.000,ifft_accept,2,96
34495,690050.000,ifft_accept,2,97
34497,690090.000,ifft_accept,2,98
34499,690130.000,ifft_accept,2,99
34501,690170.000,ifft_accept,2,100
34503,690210.000,ifft_accept,2,101
34505,690250.000,ifft_accept,2,102
34507,690290.000,ifft_accept,2,103
34509,690330.000,ifft_accept,2,104
34511,690370.000,ifft_accept,2,105
34513,690410.000,ifft_accept,2,106
34515,690450.000,ifft_accept,2,107
34517,690490.000,ifft_accept,2,108
34519,690530.000,ifft_accept,2,109
34521,690570.000,ifft_accept,2,110
34523,690610.000,ifft_accept,2,111
34525,690650.000,ifft_accept,2,112
34527,690690.000,ifft_accept,2,113
34529,690730.000,ifft_accept,2,114
34531,690770.000,ifft_accept,2,115
34533,690810.000,ifft_accept,2,116
34535,690850.000,ifft_accept,2,117
34537,690890.000,ifft_accept,2,118
34539,690930.000,ifft_accept,2,119
34541,690970.000,ifft_accept,2,120
34543,691010.000,ifft_accept,2,121
34545,691050.000,ifft_accept,2,122
34547,691090.000,ifft_accept,2,123
34549,691130.000,ifft_accept,2,124
34551,691170.000,ifft_accept,2,125
34553,691210.000,ifft_accept,2,126
34555,691250.000,ifft_accept,2,127
34557,691290.000,ifft_accept,2,128
34559,691330.000,ifft_accept,2,129
34561,691370.000,ifft_accept,2,130
34563,691410.000,ifft_accept,2,131
34565,691450.000,ifft_accept,2,132
34567,691490.000,ifft_accept,2,133
34569,691530.000,ifft_accept,2,134
34571,691570.000,ifft_accept,2,135
34573,691610.000,ifft_accept,2,136
34575,691650.000,ifft_accept,2,137
34577,691690.000,ifft_accept,2,138
34579,691730.000,ifft_accept,2,139
34581,691770.000,ifft_accept,2,140
34583,691810.000,ifft_accept,2,141
34585,691850.000,ifft_accept,2,142
34587,691890.000,ifft_accept,2,143
34589,691930.000,ifft_accept,2,144
34591,691970.000,ifft_accept,2,145
34593,692010.000,ifft_accept,2,146
34595,692050.000,ifft_accept,2,147
34597,692090.000,ifft_accept,2,148
34599,692130.000,ifft_accept,2,149
34601,692170.000,ifft_accept,2,150
34603,692210.000,ifft_accept,2,151
34605,692250.000,ifft_accept,2,152
34607,692290.000,ifft_accept,2,153
34609,692330.000,ifft_accept,2,154
34611,692370.000,ifft_accept,2,155
34613,692410.000,ifft_accept,2,156
34615,692450.000,ifft_accept,2,157
34617,692490.000,ifft_accept,2,158
34619,692530.000,ifft_accept,2,159
34621,692570.000,ifft_accept,2,160
34623,692610.000,ifft_accept,2,161
34625,692650.000,ifft_accept,2,162
34627,692690.000,ifft_accept,2,163
34629,692730.000,ifft_accept,2,164
34631,692770.000,ifft_accept,2,165
34633,692810.000,ifft_accept,2,166
34635,692850.000,ifft_accept,2,167
34637,692890.000,ifft_accept,2,168
34639,692930.000,ifft_accept,2,169
34641,692970.000,ifft_accept,2,170
34643,693010.000,ifft_accept,2,171
34645,693050.000,ifft_accept,2,172
34647,693090.000,ifft_accept,2,173
34649,693130.000,ifft_accept,2,174
34651,693170.000,ifft_accept,2,175
34653,693210.000,ifft_accept,2,176
34655,693250.000,ifft_accept,2,177
34657,693290.000,ifft_accept,2,178
34659,693330.000,ifft_accept,2,179
34661,693370.000,ifft_accept,2,180
34663,693410.000,ifft_accept,2,181
34665,693450.000,ifft_accept,2,182
34667,693490.000,ifft_accept,2,183
34669,693530.000,ifft_accept,2,184
34671,693570.000,ifft_accept,2,185
34673,693610.000,ifft_accept,2,186
34675,693650.000,ifft_accept,2,187
34677,693690.000,ifft_accept,2,188
34679,693730.000,ifft_accept,2,189
34681,693770.000,ifft_accept,2,190
34683,693810.000,ifft_accept,2,191
34685,693850.000,ifft_accept,2,192
34687,693890.000,ifft_accept,2,193
34689,693930.000,ifft_accept,2,194
34691,693970.000,ifft_accept,2,195
34693,694010.000,ifft_accept,2,196
34695,694050.000,ifft_accept,2,197
34697,694090.000,ifft_accept,2,198
34699,694130.000,ifft_accept,2,199
34701,694170.000,ifft_accept,2,200
34703,694210.000,ifft_accept,2,201
34705,694250.000,ifft_accept,2,202
34707,694290.000,ifft_accept,2,203
34709,694330.000,ifft_accept,2,204
34711,694370.000,ifft_accept,2,205
34713,694410.000,ifft_accept,2,206
34715,694450.000,ifft_accept,2,207
34717,694490.000,ifft_accept,2,208
34719,694530.000,ifft_accept,2,209
34721,694570.000,ifft_accept,2,210
34723,694610.000,ifft_accept,2,211
34725,694650.000,ifft_accept,2,212
34727,694690.000,ifft_accept,2,213
34729,694730.000,ifft_accept,2,214
34731,694770.000,ifft_accept,2,215
34733,694810.000,ifft_accept,2,216
34735,694850.000,ifft_accept,2,217
34737,694890.000,ifft_accept,2,218
34739,694930.000,ifft_accept,2,219
34741,694970.000,ifft_accept,2,220
34743,695010.000,ifft_accept,2,221
34745,695050.000,ifft_accept,2,222
34747,695090.000,ifft_accept,2,223
34749,695130.000,ifft_accept,2,224
34751,695170.000,ifft_accept,2,225
34753,695210.000,ifft_accept,2,226
34755,695250.000,ifft_accept,2,227
34757,695290.000,ifft_accept,2,228
34759,695330.000,ifft_accept,2,229
34761,695370.000,ifft_accept,2,230
34763,695410.000,ifft_accept,2,231
34765,695450.000,ifft_accept,2,232
34767,695490.000,ifft_accept,2,233
34769,695530.000,ifft_accept,2,234
34771,695570.000,ifft_accept,2,235
34773,695610.000,ifft_accept,2,236
34775,695650.000,ifft_accept,2,237
34777,695690.000,ifft_accept,2,238
34779,695730.000,ifft_accept,2,239
34781,695770.000,ifft_accept,2,240
34783,695810.000,ifft_accept,2,241
34785,695850.000,ifft_accept,2,242
34787,695890.000,ifft_accept,2,243
34789,695930.000,ifft_accept,2,244
34791,695970.000,ifft_accept,2,245
34793,696010.000,ifft_accept,2,246
34795,696050.000,ifft_accept,2,247
34797,696090.000,ifft_accept,2,248
34799,696130.000,ifft_accept,2,249
34801,696170.000,ifft_accept,2,250
34803,696210.000,ifft_accept,2,251
34805,696250.000,ifft_accept,2,252
34807,696290.000,ifft_accept,2,253
34809,696330.000,ifft_accept,2,254
34811,696370.000,ifft_accept,2,255
34812,696390.000,canon_accept,3,2
34812,696390.000,mask_accept,3,1
34812,696390.000,spec_accept,3,0
34813,696410.000,mask_accept,3,2
34813,696410.000,spec_accept,3,1
34814,696430.000,spec_accept,3,2
34816,696470.000,canon_accept,3,3
34816,696470.000,wola_accept,2,256
34817,696490.000,mask_accept,3,3
34818,696510.000,spec_accept,3,3
34818,696510.000,wola_accept,2,257
34818,696510.000,y_accept,-1,256
34820,696550.000,canon_accept,3,4
34820,696550.000,wola_accept,2,258
34820,696550.000,y_accept,-1,257
34821,696570.000,mask_accept,3,4
34822,696590.000,spec_accept,3,4
34822,696590.000,wola_accept,2,259
34822,696590.000,y_accept,-1,258
34824,696630.000,canon_accept,3,5
34824,696630.000,wola_accept,2,260
34824,696630.000,y_accept,-1,259
34825,696650.000,mask_accept,3,5
34826,696670.000,spec_accept,3,5
34826,696670.000,wola_accept,2,261
34826,696670.000,y_accept,-1,260
34828,696710.000,canon_accept,3,6
34828,696710.000,wola_accept,2,262
34828,696710.000,y_accept,-1,261
34829,696730.000,mask_accept,3,6
34830,696750.000,spec_accept,3,6
34830,696750.000,wola_accept,2,263
34830,696750.000,y_accept,-1,262
34832,696790.000,canon_accept,3,7
34832,696790.000,wola_accept,2,264
34832,696790.000,y_accept,-1,263
34833,696810.000,mask_accept,3,7
34834,696830.000,spec_accept,3,7
34834,696830.000,wola_accept,2,265
34834,696830.000,y_accept,-1,264
34836,696870.000,canon_accept,3,8
34836,696870.000,wola_accept,2,266
34836,696870.000,y_accept,-1,265
34837,696890.000,mask_accept,3,8
34838,696910.000,spec_accept,3,8
34838,696910.000,wola_accept,2,267
34838,696910.000,y_accept,-1,266
34840,696950.000,canon_accept,3,9
34840,696950.000,wola_accept,2,268
34840,696950.000,y_accept,-1,267
34841,696970.000,mask_accept,3,9
34842,696990.000,spec_accept,3,9
34842,696990.000,wola_accept,2,269
34842,696990.000,y_accept,-1,268
34844,697030.000,canon_accept,3,10
34844,697030.000,wola_accept,2,270
34844,697030.000,y_accept,-1,269
34845,697050.000,mask_accept,3,10
34846,697070.000,spec_accept,3,10
34846,697070.000,wola_accept,2,271
34846,697070.000,y_accept,-1,270
34848,697110.000,canon_accept,3,11
34848,697110.000,wola_accept,2,272
34848,697110.000,y_accept,-1,271
34849,697130.000,mask_accept,3,11
34850,697150.000,spec_accept,3,11
34850,697150.000,wola_accept,2,273
34850,697150.000,y_accept,-1,272
34852,697190.000,canon_accept,3,12
34852,697190.000,wola_accept,2,274
34852,697190.000,y_accept,-1,273
34853,697210.000,mask_accept,3,12
34854,697230.000,spec_accept,3,12
34854,697230.000,wola_accept,2,275
34854,697230.000,y_accept,-1,274
34856,697270.000,canon_accept,3,13
34856,697270.000,wola_accept,2,276
34856,697270.000,y_accept,-1,275
34857,697290.000,mask_accept,3,13
34858,697310.000,spec_accept,3,13
34858,697310.000,wola_accept,2,277
34858,697310.000,y_accept,-1,276
34860,697350.000,canon_accept,3,14
34860,697350.000,wola_accept,2,278
34860,697350.000,y_accept,-1,277
34861,697370.000,mask_accept,3,14
34862,697390.000,spec_accept,3,14
34862,697390.000,wola_accept,2,279
34862,697390.000,y_accept,-1,278
34864,697430.000,canon_accept,3,15
34864,697430.000,wola_accept,2,280
34864,697430.000,y_accept,-1,279
34865,697450.000,mask_accept,3,15
34866,697470.000,spec_accept,3,15
34866,697470.000,wola_accept,2,281
34866,697470.000,y_accept,-1,280
34868,697510.000,canon_accept,3,16
34868,697510.000,wola_accept,2,282
34868,697510.000,y_accept,-1,281
34869,697530.000,mask_accept,3,16
34870,697550.000,spec_accept,3,16
34870,697550.000,wola_accept,2,283
34870,697550.000,y_accept,-1,282
34872,697590.000,canon_accept,3,17
34872,697590.000,wola_accept,2,284
34872,697590.000,y_accept,-1,283
34873,697610.000,mask_accept,3,17
34874,697630.000,spec_accept,3,17
34874,697630.000,wola_accept,2,285
34874,697630.000,y_accept,-1,284
34876,697670.000,canon_accept,3,18
34876,697670.000,wola_accept,2,286
34876,697670.000,y_accept,-1,285
34877,697690.000,mask_accept,3,18
34878,697710.000,spec_accept,3,18
34878,697710.000,wola_accept,2,287
34878,697710.000,y_accept,-1,286
34880,697750.000,canon_accept,3,19
34880,697750.000,wola_accept,2,288
34880,697750.000,y_accept,-1,287
34881,697770.000,mask_accept,3,19
34882,697790.000,spec_accept,3,19
34882,697790.000,wola_accept,2,289
34882,697790.000,y_accept,-1,288
34884,697830.000,canon_accept,3,20
34884,697830.000,wola_accept,2,290
34884,697830.000,y_accept,-1,289
34885,697850.000,mask_accept,3,20
34886,697870.000,spec_accept,3,20
34886,697870.000,wola_accept,2,291
34886,697870.000,y_accept,-1,290
34888,697910.000,canon_accept,3,21
34888,697910.000,wola_accept,2,292
34888,697910.000,y_accept,-1,291
34889,697930.000,mask_accept,3,21
34890,697950.000,spec_accept,3,21
34890,697950.000,wola_accept,2,293
34890,697950.000,y_accept,-1,292
34892,697990.000,canon_accept,3,22
34892,697990.000,wola_accept,2,294
34892,697990.000,y_accept,-1,293
34893,698010.000,mask_accept,3,22
34894,698030.000,spec_accept,3,22
34894,698030.000,wola_accept,2,295
34894,698030.000,y_accept,-1,294
34896,698070.000,canon_accept,3,23
34896,698070.000,wola_accept,2,296
34896,698070.000,y_accept,-1,295
34897,698090.000,mask_accept,3,23
34898,698110.000,spec_accept,3,23
34898,698110.000,wola_accept,2,297
34898,698110.000,y_accept,-1,296
34900,698150.000,canon_accept,3,24
34900,698150.000,wola_accept,2,298
34900,698150.000,y_accept,-1,297
34901,698170.000,mask_accept,3,24
34902,698190.000,spec_accept,3,24
34902,698190.000,wola_accept,2,299
34902,698190.000,y_accept,-1,298
34904,698230.000,canon_accept,3,25
34904,698230.000,wola_accept,2,300
34904,698230.000,y_accept,-1,299
34905,698250.000,mask_accept,3,25
34906,698270.000,spec_accept,3,25
34906,698270.000,wola_accept,2,301
34906,698270.000,y_accept,-1,300
34908,698310.000,canon_accept,3,26
34908,698310.000,wola_accept,2,302
34908,698310.000,y_accept,-1,301
34909,698330.000,mask_accept,3,26
34910,698350.000,spec_accept,3,26
34910,698350.000,wola_accept,2,303
34910,698350.000,y_accept,-1,302
34912,698390.000,canon_accept,3,27
34912,698390.000,wola_accept,2,304
34912,698390.000,y_accept,-1,303
34913,698410.000,mask_accept,3,27
34914,698430.000,spec_accept,3,27
34914,698430.000,wola_accept,2,305
34914,698430.000,y_accept,-1,304
34916,698470.000,canon_accept,3,28
34916,698470.000,wola_accept,2,306
34916,698470.000,y_accept,-1,305
34917,698490.000,mask_accept,3,28
34918,698510.000,spec_accept,3,28
34918,698510.000,wola_accept,2,307
34918,698510.000,y_accept,-1,306
34920,698550.000,canon_accept,3,29
34920,698550.000,wola_accept,2,308
34920,698550.000,y_accept,-1,307
34921,698570.000,mask_accept,3,29
34922,698590.000,spec_accept,3,29
34922,698590.000,wola_accept,2,309
34922,698590.000,y_accept,-1,308
34924,698630.000,canon_accept,3,30
34924,698630.000,wola_accept,2,310
34924,698630.000,y_accept,-1,309
34925,698650.000,mask_accept,3,30
34926,698670.000,spec_accept,3,30
34926,698670.000,wola_accept,2,311
34926,698670.000,y_accept,-1,310
34928,698710.000,canon_accept,3,31
34928,698710.000,wola_accept,2,312
34928,698710.000,y_accept,-1,311
34929,698730.000,mask_accept,3,31
34930,698750.000,spec_accept,3,31
34930,698750.000,wola_accept,2,313
34930,698750.000,y_accept,-1,312
34932,698790.000,canon_accept,3,32
34932,698790.000,wola_accept,2,314
34932,698790.000,y_accept,-1,313
34933,698810.000,mask_accept,3,32
34934,698830.000,spec_accept,3,32
34934,698830.000,wola_accept,2,315
34934,698830.000,y_accept,-1,314
34936,698870.000,canon_accept,3,33
34936,698870.000,wola_accept,2,316
34936,698870.000,y_accept,-1,315
34937,698890.000,mask_accept,3,33
34938,698910.000,spec_accept,3,33
34938,698910.000,wola_accept,2,317
34938,698910.000,y_accept,-1,316
34940,698950.000,canon_accept,3,34
34940,698950.000,wola_accept,2,318
34940,698950.000,y_accept,-1,317
34941,698970.000,mask_accept,3,34
34942,698990.000,spec_accept,3,34
34942,698990.000,wola_accept,2,319
34942,698990.000,y_accept,-1,318
34944,699030.000,canon_accept,3,35
34944,699030.000,wola_accept,2,320
34944,699030.000,y_accept,-1,319
34945,699050.000,mask_accept,3,35
34946,699070.000,spec_accept,3,35
34946,699070.000,wola_accept,2,321
34946,699070.000,y_accept,-1,320
34948,699110.000,canon_accept,3,36
34948,699110.000,wola_accept,2,322
34948,699110.000,y_accept,-1,321
34949,699130.000,mask_accept,3,36
34950,699150.000,spec_accept,3,36
34950,699150.000,wola_accept,2,323
34950,699150.000,y_accept,-1,322
34952,699190.000,canon_accept,3,37
34952,699190.000,wola_accept,2,324
34952,699190.000,y_accept,-1,323
34953,699210.000,mask_accept,3,37
34954,699230.000,spec_accept,3,37
34954,699230.000,wola_accept,2,325
34954,699230.000,y_accept,-1,324
34956,699270.000,canon_accept,3,38
34956,699270.000,wola_accept,2,326
34956,699270.000,y_accept,-1,325
34957,699290.000,mask_accept,3,38
34958,699310.000,spec_accept,3,38
34958,699310.000,wola_accept,2,327
34958,699310.000,y_accept,-1,326
34960,699350.000,canon_accept,3,39
34960,699350.000,wola_accept,2,328
34960,699350.000,y_accept,-1,327
34961,699370.000,mask_accept,3,39
34962,699390.000,spec_accept,3,39
34962,699390.000,wola_accept,2,329
34962,699390.000,y_accept,-1,328
34964,699430.000,canon_accept,3,40
34964,699430.000,wola_accept,2,330
34964,699430.000,y_accept,-1,329
34965,699450.000,mask_accept,3,40
34966,699470.000,spec_accept,3,40
34966,699470.000,wola_accept,2,331
34966,699470.000,y_accept,-1,330
34968,699510.000,canon_accept,3,41
34968,699510.000,wola_accept,2,332
34968,699510.000,y_accept,-1,331
34969,699530.000,mask_accept,3,41
34970,699550.000,spec_accept,3,41
34970,699550.000,wola_accept,2,333
34970,699550.000,y_accept,-1,332
34972,699590.000,canon_accept,3,42
34972,699590.000,wola_accept,2,334
34972,699590.000,y_accept,-1,333
34973,699610.000,mask_accept,3,42
34974,699630.000,spec_accept,3,42
34974,699630.000,wola_accept,2,335
34974,699630.000,y_accept,-1,334
34976,699670.000,canon_accept,3,43
34976,699670.000,wola_accept,2,336
34976,699670.000,y_accept,-1,335
34977,699690.000,mask_accept,3,43
34978,699710.000,spec_accept,3,43
34978,699710.000,wola_accept,2,337
34978,699710.000,y_accept,-1,336
34980,699750.000,canon_accept,3,44
34980,699750.000,wola_accept,2,338
34980,699750.000,y_accept,-1,337
34981,699770.000,mask_accept,3,44
34982,699790.000,spec_accept,3,44
34982,699790.000,wola_accept,2,339
34982,699790.000,y_accept,-1,338
34984,699830.000,canon_accept,3,45
34984,699830.000,wola_accept,2,340
34984,699830.000,y_accept,-1,339
34985,699850.000,mask_accept,3,45
34986,699870.000,spec_accept,3,45
34986,699870.000,wola_accept,2,341
34986,699870.000,y_accept,-1,340
34988,699910.000,canon_accept,3,46
34988,699910.000,wola_accept,2,342
34988,699910.000,y_accept,-1,341
34989,699930.000,mask_accept,3,46
34990,699950.000,spec_accept,3,46
34990,699950.000,wola_accept,2,343
34990,699950.000,y_accept,-1,342
34992,699990.000,canon_accept,3,47
34992,699990.000,wola_accept,2,344
34992,699990.000,y_accept,-1,343
34993,700010.000,mask_accept,3,47
34994,700030.000,spec_accept,3,47
34994,700030.000,wola_accept,2,345
34994,700030.000,y_accept,-1,344
34996,700070.000,canon_accept,3,48
34996,700070.000,wola_accept,2,346
34996,700070.000,y_accept,-1,345
34997,700090.000,mask_accept,3,48
34998,700110.000,spec_accept,3,48
34998,700110.000,wola_accept,2,347
34998,700110.000,y_accept,-1,346
35000,700150.000,canon_accept,3,49
35000,700150.000,wola_accept,2,348
35000,700150.000,y_accept,-1,347
35001,700170.000,mask_accept,3,49
35002,700190.000,spec_accept,3,49
35002,700190.000,wola_accept,2,349
35002,700190.000,y_accept,-1,348
35004,700230.000,canon_accept,3,50
35004,700230.000,wola_accept,2,350
35004,700230.000,y_accept,-1,349
35005,700250.000,mask_accept,3,50
35006,700270.000,spec_accept,3,50
35006,700270.000,wola_accept,2,351
35006,700270.000,y_accept,-1,350
35008,700310.000,canon_accept,3,51
35008,700310.000,wola_accept,2,352
35008,700310.000,y_accept,-1,351
35009,700330.000,mask_accept,3,51
35010,700350.000,spec_accept,3,51
35010,700350.000,wola_accept,2,353
35010,700350.000,y_accept,-1,352
35012,700390.000,canon_accept,3,52
35012,700390.000,wola_accept,2,354
35012,700390.000,y_accept,-1,353
35013,700410.000,mask_accept,3,52
35014,700430.000,spec_accept,3,52
35014,700430.000,wola_accept,2,355
35014,700430.000,y_accept,-1,354
35016,700470.000,canon_accept,3,53
35016,700470.000,wola_accept,2,356
35016,700470.000,y_accept,-1,355
35017,700490.000,mask_accept,3,53
35018,700510.000,spec_accept,3,53
35018,700510.000,wola_accept,2,357
35018,700510.000,y_accept,-1,356
35020,700550.000,canon_accept,3,54
35020,700550.000,wola_accept,2,358
35020,700550.000,y_accept,-1,357
35021,700570.000,mask_accept,3,54
35022,700590.000,spec_accept,3,54
35022,700590.000,wola_accept,2,359
35022,700590.000,y_accept,-1,358
35024,700630.000,canon_accept,3,55
35024,700630.000,wola_accept,2,360
35024,700630.000,y_accept,-1,359
35025,700650.000,mask_accept,3,55
35026,700670.000,spec_accept,3,55
35026,700670.000,wola_accept,2,361
35026,700670.000,y_accept,-1,360
35028,700710.000,canon_accept,3,56
35028,700710.000,wola_accept,2,362
35028,700710.000,y_accept,-1,361
35029,700730.000,mask_accept,3,56
35030,700750.000,spec_accept,3,56
35030,700750.000,wola_accept,2,363
35030,700750.000,y_accept,-1,362
35032,700790.000,canon_accept,3,57
35032,700790.000,wola_accept,2,364
35032,700790.000,y_accept,-1,363
35033,700810.000,mask_accept,3,57
35034,700830.000,spec_accept,3,57
35034,700830.000,wola_accept,2,365
35034,700830.000,y_accept,-1,364
35036,700870.000,canon_accept,3,58
35036,700870.000,wola_accept,2,366
35036,700870.000,y_accept,-1,365
35037,700890.000,mask_accept,3,58
35038,700910.000,spec_accept,3,58
35038,700910.000,wola_accept,2,367
35038,700910.000,y_accept,-1,366
35040,700950.000,canon_accept,3,59
35040,700950.000,wola_accept,2,368
35040,700950.000,y_accept,-1,367
35041,700970.000,mask_accept,3,59
35042,700990.000,spec_accept,3,59
35042,700990.000,wola_accept,2,369
35042,700990.000,y_accept,-1,368
35044,701030.000,canon_accept,3,60
35044,701030.000,wola_accept,2,370
35044,701030.000,y_accept,-1,369
35045,701050.000,mask_accept,3,60
35046,701070.000,spec_accept,3,60
35046,701070.000,wola_accept,2,371
35046,701070.000,y_accept,-1,370
35048,701110.000,canon_accept,3,61
35048,701110.000,wola_accept,2,372
35048,701110.000,y_accept,-1,371
35049,701130.000,mask_accept,3,61
35050,701150.000,spec_accept,3,61
35050,701150.000,wola_accept,2,373
35050,701150.000,y_accept,-1,372
35052,701190.000,canon_accept,3,62
35052,701190.000,wola_accept,2,374
35052,701190.000,y_accept,-1,373
35053,701210.000,mask_accept,3,62
35054,701230.000,spec_accept,3,62
35054,701230.000,wola_accept,2,375
35054,701230.000,y_accept,-1,374
35056,701270.000,canon_accept,3,63
35056,701270.000,wola_accept,2,376
35056,701270.000,y_accept,-1,375
35057,701290.000,mask_accept,3,63
35058,701310.000,spec_accept,3,63
35058,701310.000,wola_accept,2,377
35058,701310.000,y_accept,-1,376
35060,701350.000,canon_accept,3,64
35060,701350.000,wola_accept,2,378
35060,701350.000,y_accept,-1,377
35061,701370.000,mask_accept,3,64
35062,701390.000,spec_accept,3,64
35062,701390.000,wola_accept,2,379
35062,701390.000,y_accept,-1,378
35064,701430.000,canon_accept,3,65
35064,701430.000,wola_accept,2,380
35064,701430.000,y_accept,-1,379
35065,701450.000,mask_accept,3,65
35066,701470.000,spec_accept,3,65
35066,701470.000,wola_accept,2,381
35066,701470.000,y_accept,-1,380
35068,701510.000,canon_accept,3,66
35068,701510.000,wola_accept,2,382
35068,701510.000,y_accept,-1,381
35069,701530.000,mask_accept,3,66
35070,701550.000,spec_accept,3,66
35070,701550.000,wola_accept,2,383
35070,701550.000,y_accept,-1,382
35072,701590.000,canon_accept,3,67
35072,701590.000,y_accept,-1,383
35073,701610.000,mask_accept,3,67
35074,701630.000,spec_accept,3,67
35076,701670.000,canon_accept,3,68
35077,701690.000,mask_accept,3,68
35078,701710.000,spec_accept,3,68
35080,701750.000,canon_accept,3,69
35081,701770.000,mask_accept,3,69
35082,701790.000,spec_accept,3,69
35084,701830.000,canon_accept,3,70
35085,701850.000,mask_accept,3,70
35086,701870.000,spec_accept,3,70
35088,701910.000,canon_accept,3,71
35089,701930.000,mask_accept,3,71
35090,701950.000,spec_accept,3,71
35092,701990.000,canon_accept,3,72
35093,702010.000,mask_accept,3,72
35094,702030.000,spec_accept,3,72
35096,702070.000,canon_accept,3,73
35097,702090.000,mask_accept,3,73
35098,702110.000,spec_accept,3,73
35100,702150.000,canon_accept,3,74
35101,702170.000,mask_accept,3,74
35102,702190.000,spec_accept,3,74
35104,702230.000,canon_accept,3,75
35105,702250.000,mask_accept,3,75
35106,702270.000,spec_accept,3,75
35108,702310.000,canon_accept,3,76
35109,702330.000,mask_accept,3,76
35110,702350.000,spec_accept,3,76
35112,702390.000,canon_accept,3,77
35113,702410.000,mask_accept,3,77
35114,702430.000,spec_accept,3,77
35116,702470.000,canon_accept,3,78
35117,702490.000,mask_accept,3,78
35118,702510.000,spec_accept,3,78
35120,702550.000,canon_accept,3,79
35121,702570.000,mask_accept,3,79
35122,702590.000,spec_accept,3,79
35124,702630.000,canon_accept,3,80
35125,702650.000,mask_accept,3,80
35126,702670.000,spec_accept,3,80
35128,702710.000,canon_accept,3,81
35129,702730.000,mask_accept,3,81
35130,702750.000,spec_accept,3,81
35132,702790.000,canon_accept,3,82
35133,702810.000,mask_accept,3,82
35134,702830.000,spec_accept,3,82
35136,702870.000,canon_accept,3,83
35137,702890.000,mask_accept,3,83
35138,702910.000,spec_accept,3,83
35140,702950.000,canon_accept,3,84
35141,702970.000,mask_accept,3,84
35142,702990.000,spec_accept,3,84
35144,703030.000,canon_accept,3,85
35145,703050.000,mask_accept,3,85
35146,703070.000,spec_accept,3,85
35148,703110.000,canon_accept,3,86
35149,703130.000,mask_accept,3,86
35150,703150.000,spec_accept,3,86
35152,703190.000,canon_accept,3,87
35153,703210.000,mask_accept,3,87
35154,703230.000,spec_accept,3,87
35156,703270.000,canon_accept,3,88
35157,703290.000,mask_accept,3,88
35158,703310.000,spec_accept,3,88
35160,703350.000,canon_accept,3,89
35161,703370.000,mask_accept,3,89
35162,703390.000,spec_accept,3,89
35164,703430.000,canon_accept,3,90
35165,703450.000,mask_accept,3,90
35166,703470.000,spec_accept,3,90
35168,703510.000,canon_accept,3,91
35169,703530.000,mask_accept,3,91
35170,703550.000,spec_accept,3,91
35172,703590.000,canon_accept,3,92
35173,703610.000,mask_accept,3,92
35174,703630.000,spec_accept,3,92
35176,703670.000,canon_accept,3,93
35177,703690.000,mask_accept,3,93
35178,703710.000,spec_accept,3,93
35180,703750.000,canon_accept,3,94
35181,703770.000,mask_accept,3,94
35182,703790.000,spec_accept,3,94
35184,703830.000,canon_accept,3,95
35185,703850.000,mask_accept,3,95
35186,703870.000,spec_accept,3,95
35188,703910.000,canon_accept,3,96
35189,703930.000,mask_accept,3,96
35190,703950.000,spec_accept,3,96
35192,703990.000,canon_accept,3,97
35193,704010.000,mask_accept,3,97
35194,704030.000,spec_accept,3,97
35196,704070.000,canon_accept,3,98
35197,704090.000,mask_accept,3,98
35198,704110.000,spec_accept,3,98
35200,704150.000,canon_accept,3,99
35201,704170.000,mask_accept,3,99
35202,704190.000,spec_accept,3,99
35204,704230.000,canon_accept,3,100
35205,704250.000,mask_accept,3,100
35206,704270.000,spec_accept,3,100
35208,704310.000,canon_accept,3,101
35209,704330.000,mask_accept,3,101
35210,704350.000,spec_accept,3,101
35212,704390.000,canon_accept,3,102
35213,704410.000,mask_accept,3,102
35214,704430.000,spec_accept,3,102
35216,704470.000,canon_accept,3,103
35217,704490.000,mask_accept,3,103
35218,704510.000,spec_accept,3,103
35220,704550.000,canon_accept,3,104
35221,704570.000,mask_accept,3,104
35222,704590.000,spec_accept,3,104
35224,704630.000,canon_accept,3,105
35225,704650.000,mask_accept,3,105
35226,704670.000,spec_accept,3,105
35228,704710.000,canon_accept,3,106
35229,704730.000,mask_accept,3,106
35230,704750.000,spec_accept,3,106
35232,704790.000,canon_accept,3,107
35233,704810.000,mask_accept,3,107
35234,704830.000,spec_accept,3,107
35236,704870.000,canon_accept,3,108
35237,704890.000,mask_accept,3,108
35238,704910.000,spec_accept,3,108
35240,704950.000,canon_accept,3,109
35241,704970.000,mask_accept,3,109
35242,704990.000,spec_accept,3,109
35244,705030.000,canon_accept,3,110
35245,705050.000,mask_accept,3,110
35246,705070.000,spec_accept,3,110
35248,705110.000,canon_accept,3,111
35249,705130.000,mask_accept,3,111
35250,705150.000,spec_accept,3,111
35252,705190.000,canon_accept,3,112
35253,705210.000,mask_accept,3,112
35254,705230.000,spec_accept,3,112
35256,705270.000,canon_accept,3,113
35257,705290.000,mask_accept,3,113
35258,705310.000,spec_accept,3,113
35260,705350.000,canon_accept,3,114
35261,705370.000,mask_accept,3,114
35262,705390.000,spec_accept,3,114
35264,705430.000,canon_accept,3,115
35265,705450.000,mask_accept,3,115
35266,705470.000,spec_accept,3,115
35268,705510.000,canon_accept,3,116
35269,705530.000,mask_accept,3,116
35270,705550.000,spec_accept,3,116
35272,705590.000,canon_accept,3,117
35273,705610.000,mask_accept,3,117
35274,705630.000,spec_accept,3,117
35276,705670.000,canon_accept,3,118
35277,705690.000,mask_accept,3,118
35278,705710.000,spec_accept,3,118
35280,705750.000,canon_accept,3,119
35281,705770.000,mask_accept,3,119
35282,705790.000,spec_accept,3,119
35284,705830.000,canon_accept,3,120
35285,705850.000,mask_accept,3,120
35286,705870.000,spec_accept,3,120
35288,705910.000,canon_accept,3,121
35289,705930.000,mask_accept,3,121
35290,705950.000,spec_accept,3,121
35292,705990.000,canon_accept,3,122
35293,706010.000,mask_accept,3,122
35294,706030.000,spec_accept,3,122
35296,706070.000,canon_accept,3,123
35297,706090.000,mask_accept,3,123
35298,706110.000,spec_accept,3,123
35300,706150.000,canon_accept,3,124
35301,706170.000,mask_accept,3,124
35302,706190.000,spec_accept,3,124
35304,706230.000,canon_accept,3,125
35305,706250.000,mask_accept,3,125
35306,706270.000,spec_accept,3,125
35308,706310.000,canon_accept,3,126
35309,706330.000,mask_accept,3,126
35310,706350.000,spec_accept,3,126
35312,706390.000,canon_accept,3,127
35313,706410.000,mask_accept,3,127
35314,706430.000,spec_accept,3,127
35316,706470.000,canon_accept,3,128
35317,706490.000,mask_accept,3,128
35318,706510.000,spec_accept,3,128
35320,706550.000,canon_accept,3,129
35321,706570.000,mask_accept,3,129
35322,706590.000,spec_accept,3,129
35324,706630.000,canon_accept,3,130
35325,706650.000,mask_accept,3,130
35326,706670.000,spec_accept,3,130
35328,706710.000,canon_accept,3,131
35329,706730.000,mask_accept,3,131
35330,706750.000,spec_accept,3,131
35332,706790.000,canon_accept,3,132
35333,706810.000,mask_accept,3,132
35334,706830.000,spec_accept,3,132
35336,706870.000,canon_accept,3,133
35337,706890.000,mask_accept,3,133
35338,706910.000,spec_accept,3,133
35340,706950.000,canon_accept,3,134
35341,706970.000,mask_accept,3,134
35342,706990.000,spec_accept,3,134
35344,707030.000,canon_accept,3,135
35345,707050.000,mask_accept,3,135
35346,707070.000,spec_accept,3,135
35348,707110.000,canon_accept,3,136
35349,707130.000,mask_accept,3,136
35350,707150.000,spec_accept,3,136
35352,707190.000,canon_accept,3,137
35353,707210.000,mask_accept,3,137
35354,707230.000,spec_accept,3,137
35356,707270.000,canon_accept,3,138
35357,707290.000,mask_accept,3,138
35358,707310.000,spec_accept,3,138
35360,707350.000,canon_accept,3,139
35361,707370.000,mask_accept,3,139
35362,707390.000,spec_accept,3,139
35364,707430.000,canon_accept,3,140
35365,707450.000,mask_accept,3,140
35366,707470.000,spec_accept,3,140
35368,707510.000,canon_accept,3,141
35369,707530.000,mask_accept,3,141
35370,707550.000,spec_accept,3,141
35372,707590.000,canon_accept,3,142
35373,707610.000,mask_accept,3,142
35374,707630.000,spec_accept,3,142
35376,707670.000,canon_accept,3,143
35377,707690.000,mask_accept,3,143
35378,707710.000,spec_accept,3,143
35380,707750.000,canon_accept,3,144
35381,707770.000,mask_accept,3,144
35382,707790.000,spec_accept,3,144
35384,707830.000,canon_accept,3,145
35385,707850.000,mask_accept,3,145
35386,707870.000,spec_accept,3,145
35388,707910.000,canon_accept,3,146
35389,707930.000,mask_accept,3,146
35390,707950.000,spec_accept,3,146
35392,707990.000,canon_accept,3,147
35393,708010.000,mask_accept,3,147
35394,708030.000,spec_accept,3,147
35396,708070.000,canon_accept,3,148
35397,708090.000,mask_accept,3,148
35398,708110.000,spec_accept,3,148
35400,708150.000,canon_accept,3,149
35401,708170.000,mask_accept,3,149
35402,708190.000,spec_accept,3,149
35404,708230.000,canon_accept,3,150
35405,708250.000,mask_accept,3,150
35406,708270.000,spec_accept,3,150
35408,708310.000,canon_accept,3,151
35409,708330.000,mask_accept,3,151
35410,708350.000,spec_accept,3,151
35412,708390.000,canon_accept,3,152
35413,708410.000,mask_accept,3,152
35414,708430.000,spec_accept,3,152
35416,708470.000,canon_accept,3,153
35417,708490.000,mask_accept,3,153
35418,708510.000,spec_accept,3,153
35420,708550.000,canon_accept,3,154
35421,708570.000,mask_accept,3,154
35422,708590.000,spec_accept,3,154
35424,708630.000,canon_accept,3,155
35425,708650.000,mask_accept,3,155
35426,708670.000,spec_accept,3,155
35428,708710.000,canon_accept,3,156
35429,708730.000,mask_accept,3,156
35430,708750.000,spec_accept,3,156
35432,708790.000,canon_accept,3,157
35433,708810.000,mask_accept,3,157
35434,708830.000,spec_accept,3,157
35436,708870.000,canon_accept,3,158
35437,708890.000,mask_accept,3,158
35438,708910.000,spec_accept,3,158
35440,708950.000,canon_accept,3,159
35441,708970.000,mask_accept,3,159
35442,708990.000,spec_accept,3,159
35444,709030.000,canon_accept,3,160
35445,709050.000,mask_accept,3,160
35446,709070.000,spec_accept,3,160
35448,709110.000,canon_accept,3,161
35449,709130.000,mask_accept,3,161
35450,709150.000,spec_accept,3,161
35452,709190.000,canon_accept,3,162
35453,709210.000,mask_accept,3,162
35454,709230.000,spec_accept,3,162
35456,709270.000,canon_accept,3,163
35457,709290.000,mask_accept,3,163
35458,709310.000,spec_accept,3,163
35460,709350.000,canon_accept,3,164
35461,709370.000,mask_accept,3,164
35462,709390.000,spec_accept,3,164
35464,709430.000,canon_accept,3,165
35465,709450.000,mask_accept,3,165
35466,709470.000,spec_accept,3,165
35468,709510.000,canon_accept,3,166
35469,709530.000,mask_accept,3,166
35470,709550.000,spec_accept,3,166
35472,709590.000,canon_accept,3,167
35473,709610.000,mask_accept,3,167
35474,709630.000,spec_accept,3,167
35476,709670.000,canon_accept,3,168
35477,709690.000,mask_accept,3,168
35478,709710.000,spec_accept,3,168
35480,709750.000,canon_accept,3,169
35481,709770.000,mask_accept,3,169
35482,709790.000,spec_accept,3,169
35484,709830.000,canon_accept,3,170
35485,709850.000,mask_accept,3,170
35486,709870.000,spec_accept,3,170
35488,709910.000,canon_accept,3,171
35489,709930.000,mask_accept,3,171
35490,709950.000,spec_accept,3,171
35492,709990.000,canon_accept,3,172
35493,710010.000,mask_accept,3,172
35494,710030.000,spec_accept,3,172
35496,710070.000,canon_accept,3,173
35497,710090.000,mask_accept,3,173
35498,710110.000,spec_accept,3,173
35500,710150.000,canon_accept,3,174
35501,710170.000,mask_accept,3,174
35502,710190.000,spec_accept,3,174
35504,710230.000,canon_accept,3,175
35505,710250.000,mask_accept,3,175
35506,710270.000,spec_accept,3,175
35508,710310.000,canon_accept,3,176
35509,710330.000,mask_accept,3,176
35510,710350.000,spec_accept,3,176
35512,710390.000,canon_accept,3,177
35513,710410.000,mask_accept,3,177
35514,710430.000,spec_accept,3,177
35516,710470.000,canon_accept,3,178
35517,710490.000,mask_accept,3,178
35518,710510.000,spec_accept,3,178
35520,710550.000,canon_accept,3,179
35521,710570.000,mask_accept,3,179
35522,710590.000,spec_accept,3,179
35524,710630.000,canon_accept,3,180
35525,710650.000,mask_accept,3,180
35526,710670.000,spec_accept,3,180
35528,710710.000,canon_accept,3,181
35529,710730.000,mask_accept,3,181
35530,710750.000,spec_accept,3,181
35532,710790.000,canon_accept,3,182
35533,710810.000,mask_accept,3,182
35534,710830.000,spec_accept,3,182
35536,710870.000,canon_accept,3,183
35537,710890.000,mask_accept,3,183
35538,710910.000,spec_accept,3,183
35540,710950.000,canon_accept,3,184
35541,710970.000,mask_accept,3,184
35542,710990.000,spec_accept,3,184
35544,711030.000,canon_accept,3,185
35545,711050.000,mask_accept,3,185
35546,711070.000,spec_accept,3,185
35548,711110.000,canon_accept,3,186
35549,711130.000,mask_accept,3,186
35550,711150.000,spec_accept,3,186
35552,711190.000,canon_accept,3,187
35553,711210.000,mask_accept,3,187
35554,711230.000,spec_accept,3,187
35556,711270.000,canon_accept,3,188
35557,711290.000,mask_accept,3,188
35558,711310.000,spec_accept,3,188
35560,711350.000,canon_accept,3,189
35561,711370.000,mask_accept,3,189
35562,711390.000,spec_accept,3,189
35564,711430.000,canon_accept,3,190
35565,711450.000,mask_accept,3,190
35566,711470.000,spec_accept,3,190
35568,711510.000,canon_accept,3,191
35569,711530.000,mask_accept,3,191
35570,711550.000,spec_accept,3,191
35572,711590.000,canon_accept,3,192
35573,711610.000,mask_accept,3,192
35574,711630.000,spec_accept,3,192
35576,711670.000,canon_accept,3,193
35577,711690.000,mask_accept,3,193
35578,711710.000,spec_accept,3,193
35580,711750.000,canon_accept,3,194
35581,711770.000,mask_accept,3,194
35582,711790.000,spec_accept,3,194
35584,711830.000,canon_accept,3,195
35585,711850.000,mask_accept,3,195
35586,711870.000,spec_accept,3,195
35588,711910.000,canon_accept,3,196
35589,711930.000,mask_accept,3,196
35590,711950.000,spec_accept,3,196
35592,711990.000,canon_accept,3,197
35593,712010.000,mask_accept,3,197
35594,712030.000,spec_accept,3,197
35596,712070.000,canon_accept,3,198
35597,712090.000,mask_accept,3,198
35598,712110.000,spec_accept,3,198
35600,712150.000,canon_accept,3,199
35601,712170.000,mask_accept,3,199
35602,712190.000,spec_accept,3,199
35604,712230.000,canon_accept,3,200
35605,712250.000,mask_accept,3,200
35606,712270.000,spec_accept,3,200
35608,712310.000,canon_accept,3,201
35609,712330.000,mask_accept,3,201
35610,712350.000,spec_accept,3,201
35612,712390.000,canon_accept,3,202
35613,712410.000,mask_accept,3,202
35614,712430.000,spec_accept,3,202
35616,712470.000,canon_accept,3,203
35617,712490.000,mask_accept,3,203
35618,712510.000,spec_accept,3,203
35620,712550.000,canon_accept,3,204
35621,712570.000,mask_accept,3,204
35622,712590.000,spec_accept,3,204
35624,712630.000,canon_accept,3,205
35625,712650.000,mask_accept,3,205
35626,712670.000,spec_accept,3,205
35628,712710.000,canon_accept,3,206
35629,712730.000,mask_accept,3,206
35630,712750.000,spec_accept,3,206
35632,712790.000,canon_accept,3,207
35633,712810.000,mask_accept,3,207
35634,712830.000,spec_accept,3,207
35636,712870.000,canon_accept,3,208
35637,712890.000,mask_accept,3,208
35638,712910.000,spec_accept,3,208
35640,712950.000,canon_accept,3,209
35641,712970.000,mask_accept,3,209
35642,712990.000,spec_accept,3,209
35644,713030.000,canon_accept,3,210
35645,713050.000,mask_accept,3,210
35646,713070.000,spec_accept,3,210
35648,713110.000,canon_accept,3,211
35649,713130.000,mask_accept,3,211
35650,713150.000,spec_accept,3,211
35652,713190.000,canon_accept,3,212
35653,713210.000,mask_accept,3,212
35654,713230.000,spec_accept,3,212
35656,713270.000,canon_accept,3,213
35657,713290.000,mask_accept,3,213
35658,713310.000,spec_accept,3,213
35660,713350.000,canon_accept,3,214
35661,713370.000,mask_accept,3,214
35662,713390.000,spec_accept,3,214
35664,713430.000,canon_accept,3,215
35665,713450.000,mask_accept,3,215
35666,713470.000,spec_accept,3,215
35668,713510.000,canon_accept,3,216
35669,713530.000,mask_accept,3,216
35670,713550.000,spec_accept,3,216
35672,713590.000,canon_accept,3,217
35673,713610.000,mask_accept,3,217
35674,713630.000,spec_accept,3,217
35676,713670.000,canon_accept,3,218
35677,713690.000,mask_accept,3,218
35678,713710.000,spec_accept,3,218
35680,713750.000,canon_accept,3,219
35681,713770.000,mask_accept,3,219
35682,713790.000,spec_accept,3,219
35684,713830.000,canon_accept,3,220
35685,713850.000,mask_accept,3,220
35686,713870.000,spec_accept,3,220
35688,713910.000,canon_accept,3,221
35689,713930.000,mask_accept,3,221
35690,713950.000,spec_accept,3,221
35692,713990.000,canon_accept,3,222
35693,714010.000,mask_accept,3,222
35694,714030.000,spec_accept,3,222
35696,714070.000,canon_accept,3,223
35697,714090.000,mask_accept,3,223
35698,714110.000,spec_accept,3,223
35700,714150.000,canon_accept,3,224
35701,714170.000,mask_accept,3,224
35702,714190.000,spec_accept,3,224
35704,714230.000,canon_accept,3,225
35705,714250.000,mask_accept,3,225
35706,714270.000,spec_accept,3,225
35708,714310.000,canon_accept,3,226
35709,714330.000,mask_accept,3,226
35710,714350.000,spec_accept,3,226
35712,714390.000,canon_accept,3,227
35713,714410.000,mask_accept,3,227
35714,714430.000,spec_accept,3,227
35716,714470.000,canon_accept,3,228
35717,714490.000,mask_accept,3,228
35718,714510.000,spec_accept,3,228
35720,714550.000,canon_accept,3,229
35721,714570.000,mask_accept,3,229
35722,714590.000,spec_accept,3,229
35724,714630.000,canon_accept,3,230
35725,714650.000,mask_accept,3,230
35726,714670.000,spec_accept,3,230
35728,714710.000,canon_accept,3,231
35729,714730.000,mask_accept,3,231
35730,714750.000,spec_accept,3,231
35732,714790.000,canon_accept,3,232
35733,714810.000,mask_accept,3,232
35734,714830.000,spec_accept,3,232
35736,714870.000,canon_accept,3,233
35737,714890.000,mask_accept,3,233
35738,714910.000,spec_accept,3,233
35740,714950.000,canon_accept,3,234
35741,714970.000,mask_accept,3,234
35742,714990.000,spec_accept,3,234
35744,715030.000,canon_accept,3,235
35745,715050.000,mask_accept,3,235
35746,715070.000,spec_accept,3,235
35748,715110.000,canon_accept,3,236
35749,715130.000,mask_accept,3,236
35750,715150.000,spec_accept,3,236
35752,715190.000,canon_accept,3,237
35753,715210.000,mask_accept,3,237
35754,715230.000,spec_accept,3,237
35756,715270.000,canon_accept,3,238
35757,715290.000,mask_accept,3,238
35758,715310.000,spec_accept,3,238
35760,715350.000,canon_accept,3,239
35761,715370.000,mask_accept,3,239
35762,715390.000,spec_accept,3,239
35764,715430.000,canon_accept,3,240
35765,715450.000,mask_accept,3,240
35766,715470.000,spec_accept,3,240
35768,715510.000,canon_accept,3,241
35769,715530.000,mask_accept,3,241
35770,715550.000,spec_accept,3,241
35772,715590.000,canon_accept,3,242
35773,715610.000,mask_accept,3,242
35774,715630.000,spec_accept,3,242
35776,715670.000,canon_accept,3,243
35777,715690.000,mask_accept,3,243
35778,715710.000,spec_accept,3,243
35780,715750.000,canon_accept,3,244
35781,715770.000,mask_accept,3,244
35782,715790.000,spec_accept,3,244
35784,715830.000,canon_accept,3,245
35785,715850.000,mask_accept,3,245
35786,715870.000,spec_accept,3,245
35788,715910.000,canon_accept,3,246
35789,715930.000,mask_accept,3,246
35790,715950.000,spec_accept,3,246
35792,715990.000,canon_accept,3,247
35793,716010.000,mask_accept,3,247
35794,716030.000,spec_accept,3,247
35796,716070.000,canon_accept,3,248
35797,716090.000,mask_accept,3,248
35798,716110.000,spec_accept,3,248
35800,716150.000,canon_accept,3,249
35801,716170.000,mask_accept,3,249
35802,716190.000,spec_accept,3,249
35804,716230.000,canon_accept,3,250
35805,716250.000,mask_accept,3,250
35806,716270.000,spec_accept,3,250
35808,716310.000,canon_accept,3,251
35809,716330.000,mask_accept,3,251
35810,716350.000,spec_accept,3,251
35812,716390.000,canon_accept,3,252
35813,716410.000,mask_accept,3,252
35814,716430.000,spec_accept,3,252
35816,716470.000,canon_accept,3,253
35817,716490.000,mask_accept,3,253
35818,716510.000,spec_accept,3,253
35820,716550.000,canon_accept,3,254
35821,716570.000,mask_accept,3,254
35822,716590.000,spec_accept,3,254
35824,716630.000,canon_accept,3,255
35825,716650.000,mask_accept,3,255
35826,716670.000,spec_accept,3,255
35827,716690.000,ifft_compute_start,3,1
40964,819430.000,fft_compute_end,4,-1
40965,819450.000,fft_accept,4,0
40967,819490.000,fft_accept,4,1
40969,819530.000,fft_accept,4,2
40971,819570.000,fft_accept,4,3
40973,819610.000,fft_accept,4,4
40975,819650.000,fft_accept,4,5
40977,819690.000,fft_accept,4,6
40979,819730.000,fft_accept,4,7
40981,819770.000,fft_accept,4,8
40983,819810.000,fft_accept,4,9
40985,819850.000,fft_accept,4,10
40987,819890.000,fft_accept,4,11
40989,819930.000,fft_accept,4,12
40991,819970.000,fft_accept,4,13
40993,820010.000,fft_accept,4,14
40995,820050.000,fft_accept,4,15
40997,820090.000,fft_accept,4,16
40999,820130.000,fft_accept,4,17
41001,820170.000,fft_accept,4,18
41003,820210.000,fft_accept,4,19
41005,820250.000,fft_accept,4,20
41007,820290.000,fft_accept,4,21
41009,820330.000,fft_accept,4,22
41011,820370.000,fft_accept,4,23
41013,820410.000,fft_accept,4,24
41015,820450.000,fft_accept,4,25
41017,820490.000,fft_accept,4,26
41019,820530.000,fft_accept,4,27
41021,820570.000,fft_accept,4,28
41023,820610.000,fft_accept,4,29
41025,820650.000,fft_accept,4,30
41027,820690.000,fft_accept,4,31
41029,820730.000,fft_accept,4,32
41031,820770.000,fft_accept,4,33
41033,820810.000,fft_accept,4,34
41035,820850.000,fft_accept,4,35
41037,820890.000,fft_accept,4,36
41039,820930.000,fft_accept,4,37
41041,820970.000,fft_accept,4,38
41043,821010.000,fft_accept,4,39
41045,821050.000,fft_accept,4,40
41047,821090.000,fft_accept,4,41
41049,821130.000,fft_accept,4,42
41051,821170.000,fft_accept,4,43
41053,821210.000,fft_accept,4,44
41055,821250.000,fft_accept,4,45
41057,821290.000,fft_accept,4,46
41059,821330.000,fft_accept,4,47
41061,821370.000,fft_accept,4,48
41063,821410.000,fft_accept,4,49
41065,821450.000,fft_accept,4,50
41067,821490.000,fft_accept,4,51
41069,821530.000,fft_accept,4,52
41071,821570.000,fft_accept,4,53
41073,821610.000,fft_accept,4,54
41075,821650.000,fft_accept,4,55
41077,821690.000,fft_accept,4,56
41079,821730.000,fft_accept,4,57
41081,821770.000,fft_accept,4,58
41083,821810.000,fft_accept,4,59
41085,821850.000,fft_accept,4,60
41087,821890.000,fft_accept,4,61
41089,821930.000,fft_accept,4,62
41091,821970.000,fft_accept,4,63
41093,822010.000,fft_accept,4,64
41095,822050.000,fft_accept,4,65
41097,822090.000,fft_accept,4,66
41099,822130.000,fft_accept,4,67
41101,822170.000,fft_accept,4,68
41103,822210.000,fft_accept,4,69
41105,822250.000,fft_accept,4,70
41107,822290.000,fft_accept,4,71
41109,822330.000,fft_accept,4,72
41111,822370.000,fft_accept,4,73
41113,822410.000,fft_accept,4,74
41115,822450.000,fft_accept,4,75
41117,822490.000,fft_accept,4,76
41119,822530.000,fft_accept,4,77
41121,822570.000,fft_accept,4,78
41123,822610.000,fft_accept,4,79
41125,822650.000,fft_accept,4,80
41127,822690.000,fft_accept,4,81
41129,822730.000,fft_accept,4,82
41131,822770.000,fft_accept,4,83
41133,822810.000,fft_accept,4,84
41135,822850.000,fft_accept,4,85
41137,822890.000,fft_accept,4,86
41139,822930.000,fft_accept,4,87
41141,822970.000,fft_accept,4,88
41143,823010.000,fft_accept,4,89
41145,823050.000,fft_accept,4,90
41147,823090.000,fft_accept,4,91
41149,823130.000,fft_accept,4,92
41151,823170.000,fft_accept,4,93
41153,823210.000,fft_accept,4,94
41155,823250.000,fft_accept,4,95
41157,823290.000,fft_accept,4,96
41159,823330.000,fft_accept,4,97
41161,823370.000,fft_accept,4,98
41163,823410.000,fft_accept,4,99
41165,823450.000,fft_accept,4,100
41167,823490.000,fft_accept,4,101
41169,823530.000,fft_accept,4,102
41171,823570.000,fft_accept,4,103
41173,823610.000,fft_accept,4,104
41175,823650.000,fft_accept,4,105
41177,823690.000,fft_accept,4,106
41179,823730.000,fft_accept,4,107
41181,823770.000,fft_accept,4,108
41183,823810.000,fft_accept,4,109
41185,823850.000,fft_accept,4,110
41187,823890.000,fft_accept,4,111
41189,823930.000,fft_accept,4,112
41191,823970.000,fft_accept,4,113
41193,824010.000,fft_accept,4,114
41195,824050.000,fft_accept,4,115
41197,824090.000,fft_accept,4,116
41199,824130.000,fft_accept,4,117
41201,824170.000,fft_accept,4,118
41203,824210.000,fft_accept,4,119
41205,824250.000,fft_accept,4,120
41207,824290.000,fft_accept,4,121
41209,824330.000,fft_accept,4,122
41211,824370.000,fft_accept,4,123
41213,824410.000,fft_accept,4,124
41215,824450.000,fft_accept,4,125
41217,824490.000,fft_accept,4,126
41219,824530.000,fft_accept,4,127
41221,824570.000,fft_accept,4,128
41223,824610.000,fft_accept,4,129
41225,824650.000,fft_accept,4,130
41227,824690.000,fft_accept,4,131
41229,824730.000,fft_accept,4,132
41231,824770.000,fft_accept,4,133
41233,824810.000,fft_accept,4,134
41235,824850.000,fft_accept,4,135
41237,824890.000,fft_accept,4,136
41239,824930.000,fft_accept,4,137
41241,824970.000,fft_accept,4,138
41243,825010.000,fft_accept,4,139
41245,825050.000,fft_accept,4,140
41247,825090.000,fft_accept,4,141
41249,825130.000,fft_accept,4,142
41251,825170.000,fft_accept,4,143
41253,825210.000,fft_accept,4,144
41255,825250.000,fft_accept,4,145
41257,825290.000,fft_accept,4,146
41259,825330.000,fft_accept,4,147
41261,825370.000,fft_accept,4,148
41263,825410.000,fft_accept,4,149
41265,825450.000,fft_accept,4,150
41267,825490.000,fft_accept,4,151
41269,825530.000,fft_accept,4,152
41271,825570.000,fft_accept,4,153
41273,825610.000,fft_accept,4,154
41275,825650.000,fft_accept,4,155
41277,825690.000,fft_accept,4,156
41279,825730.000,fft_accept,4,157
41281,825770.000,fft_accept,4,158
41283,825810.000,fft_accept,4,159
41285,825850.000,fft_accept,4,160
41287,825890.000,fft_accept,4,161
41289,825930.000,fft_accept,4,162
41291,825970.000,fft_accept,4,163
41293,826010.000,fft_accept,4,164
41295,826050.000,fft_accept,4,165
41297,826090.000,fft_accept,4,166
41299,826130.000,fft_accept,4,167
41301,826170.000,fft_accept,4,168
41303,826210.000,fft_accept,4,169
41305,826250.000,fft_accept,4,170
41307,826290.000,fft_accept,4,171
41309,826330.000,fft_accept,4,172
41311,826370.000,fft_accept,4,173
41313,826410.000,fft_accept,4,174
41315,826450.000,fft_accept,4,175
41317,826490.000,fft_accept,4,176
41319,826530.000,fft_accept,4,177
41321,826570.000,fft_accept,4,178
41323,826610.000,fft_accept,4,179
41325,826650.000,fft_accept,4,180
41327,826690.000,fft_accept,4,181
41329,826730.000,fft_accept,4,182
41331,826770.000,fft_accept,4,183
41333,826810.000,fft_accept,4,184
41335,826850.000,fft_accept,4,185
41337,826890.000,fft_accept,4,186
41339,826930.000,fft_accept,4,187
41341,826970.000,fft_accept,4,188
41343,827010.000,fft_accept,4,189
41345,827050.000,fft_accept,4,190
41347,827090.000,fft_accept,4,191
41349,827130.000,fft_accept,4,192
41351,827170.000,fft_accept,4,193
41353,827210.000,fft_accept,4,194
41355,827250.000,fft_accept,4,195
41357,827290.000,fft_accept,4,196
41359,827330.000,fft_accept,4,197
41361,827370.000,fft_accept,4,198
41363,827410.000,fft_accept,4,199
41365,827450.000,fft_accept,4,200
41367,827490.000,fft_accept,4,201
41369,827530.000,fft_accept,4,202
41371,827570.000,fft_accept,4,203
41373,827610.000,fft_accept,4,204
41375,827650.000,fft_accept,4,205
41377,827690.000,fft_accept,4,206
41379,827730.000,fft_accept,4,207
41381,827770.000,fft_accept,4,208
41383,827810.000,fft_accept,4,209
41385,827850.000,fft_accept,4,210
41387,827890.000,fft_accept,4,211
41389,827930.000,fft_accept,4,212
41391,827970.000,fft_accept,4,213
41393,828010.000,fft_accept,4,214
41395,828050.000,fft_accept,4,215
41397,828090.000,fft_accept,4,216
41399,828130.000,fft_accept,4,217
41401,828170.000,fft_accept,4,218
41403,828210.000,fft_accept,4,219
41405,828250.000,fft_accept,4,220
41407,828290.000,fft_accept,4,221
41409,828330.000,fft_accept,4,222
41411,828370.000,fft_accept,4,223
41413,828410.000,fft_accept,4,224
41415,828450.000,fft_accept,4,225
41417,828490.000,fft_accept,4,226
41419,828530.000,fft_accept,4,227
41421,828570.000,fft_accept,4,228
41423,828610.000,fft_accept,4,229
41425,828650.000,fft_accept,4,230
41427,828690.000,fft_accept,4,231
41429,828730.000,fft_accept,4,232
41431,828770.000,fft_accept,4,233
41433,828810.000,fft_accept,4,234
41435,828850.000,fft_accept,4,235
41437,828890.000,fft_accept,4,236
41439,828930.000,fft_accept,4,237
41441,828970.000,fft_accept,4,238
41443,829010.000,fft_accept,4,239
41445,829050.000,fft_accept,4,240
41447,829090.000,fft_accept,4,241
41449,829130.000,fft_accept,4,242
41451,829170.000,fft_accept,4,243
41453,829210.000,fft_accept,4,244
41455,829250.000,fft_accept,4,245
41457,829290.000,fft_accept,4,246
41459,829330.000,fft_accept,4,247
41461,829370.000,fft_accept,4,248
41463,829410.000,fft_accept,4,249
41465,829450.000,fft_accept,4,250
41467,829490.000,fft_accept,4,251
41469,829530.000,fft_accept,4,252
41471,829570.000,fft_accept,4,253
41473,829610.000,fft_accept,4,254
41475,829650.000,fft_accept,4,255
41476,829670.000,window_accept,5,0
41477,829690.000,window_accept,5,1
41479,829730.000,window_accept,5,2
41479,829730.000,canon_accept,4,0
41480,829750.000,mask_accept,4,0
41481,829770.000,window_accept,5,3
41483,829810.000,window_accept,5,4
41483,829810.000,canon_accept,4,1
41485,829850.000,window_accept,5,5
41487,829890.000,window_accept,5,6
41489,829930.000,window_accept,5,7
41491,829970.000,window_accept,5,8
41493,830010.000,window_accept,5,9
41495,830050.000,window_accept,5,10
41497,830090.000,window_accept,5,11
41499,830130.000,window_accept,5,12
41501,830170.000,window_accept,5,13
41503,830210.000,window_accept,5,14
41505,830250.000,window_accept,5,15
41507,830290.000,window_accept,5,16
41509,830330.000,window_accept,5,17
41511,830370.000,window_accept,5,18
41513,830410.000,window_accept,5,19
41515,830450.000,window_accept,5,20
41517,830490.000,window_accept,5,21
41519,830530.000,window_accept,5,22
41521,830570.000,window_accept,5,23
41523,830610.000,window_accept,5,24
41525,830650.000,window_accept,5,25
41527,830690.000,window_accept,5,26
41529,830730.000,window_accept,5,27
41531,830770.000,window_accept,5,28
41533,830810.000,window_accept,5,29
41535,830850.000,window_accept,5,30
41537,830890.000,window_accept,5,31
41539,830930.000,window_accept,5,32
41541,830970.000,window_accept,5,33
41543,831010.000,window_accept,5,34
41545,831050.000,window_accept,5,35
41547,831090.000,window_accept,5,36
41549,831130.000,window_accept,5,37
41551,831170.000,window_accept,5,38
41553,831210.000,window_accept,5,39
41555,831250.000,window_accept,5,40
41557,831290.000,window_accept,5,41
41559,831330.000,window_accept,5,42
41561,831370.000,window_accept,5,43
41563,831410.000,window_accept,5,44
41565,831450.000,window_accept,5,45
41567,831490.000,window_accept,5,46
41569,831530.000,window_accept,5,47
41571,831570.000,window_accept,5,48
41573,831610.000,window_accept,5,49
41575,831650.000,window_accept,5,50
41577,831690.000,window_accept,5,51
41579,831730.000,window_accept,5,52
41581,831770.000,window_accept,5,53
41583,831810.000,window_accept,5,54
41585,831850.000,window_accept,5,55
41587,831890.000,window_accept,5,56
41589,831930.000,window_accept,5,57
41591,831970.000,window_accept,5,58
41593,832010.000,window_accept,5,59
41595,832050.000,window_accept,5,60
41597,832090.000,window_accept,5,61
41599,832130.000,window_accept,5,62
41601,832170.000,window_accept,5,63
41603,832210.000,window_accept,5,64
41605,832250.000,window_accept,5,65
41607,832290.000,window_accept,5,66
41609,832330.000,window_accept,5,67
41611,832370.000,window_accept,5,68
41613,832410.000,window_accept,5,69
41615,832450.000,window_accept,5,70
41617,832490.000,window_accept,5,71
41619,832530.000,window_accept,5,72
41621,832570.000,window_accept,5,73
41623,832610.000,window_accept,5,74
41625,832650.000,window_accept,5,75
41627,832690.000,window_accept,5,76
41629,832730.000,window_accept,5,77
41631,832770.000,window_accept,5,78
41633,832810.000,window_accept,5,79
41635,832850.000,window_accept,5,80
41637,832890.000,window_accept,5,81
41639,832930.000,window_accept,5,82
41641,832970.000,window_accept,5,83
41643,833010.000,window_accept,5,84
41645,833050.000,window_accept,5,85
41647,833090.000,window_accept,5,86
41649,833130.000,window_accept,5,87
41651,833170.000,window_accept,5,88
41653,833210.000,window_accept,5,89
41655,833250.000,window_accept,5,90
41657,833290.000,window_accept,5,91
41659,833330.000,window_accept,5,92
41661,833370.000,window_accept,5,93
41663,833410.000,window_accept,5,94
41665,833450.000,window_accept,5,95
41667,833490.000,window_accept,5,96
41669,833530.000,window_accept,5,97
41671,833570.000,window_accept,5,98
41673,833610.000,window_accept,5,99
41675,833650.000,window_accept,5,100
41677,833690.000,window_accept,5,101
41679,833730.000,window_accept,5,102
41681,833770.000,window_accept,5,103
41683,833810.000,window_accept,5,104
41685,833850.000,window_accept,5,105
41687,833890.000,window_accept,5,106
41689,833930.000,window_accept,5,107
41691,833970.000,window_accept,5,108
41693,834010.000,window_accept,5,109
41695,834050.000,window_accept,5,110
41697,834090.000,window_accept,5,111
41699,834130.000,window_accept,5,112
41701,834170.000,window_accept,5,113
41703,834210.000,window_accept,5,114
41705,834250.000,window_accept,5,115
41707,834290.000,window_accept,5,116
41709,834330.000,window_accept,5,117
41711,834370.000,window_accept,5,118
41713,834410.000,window_accept,5,119
41715,834450.000,window_accept,5,120
41717,834490.000,window_accept,5,121
41719,834530.000,window_accept,5,122
41721,834570.000,window_accept,5,123
41723,834610.000,window_accept,5,124
41725,834650.000,window_accept,5,125
41727,834690.000,window_accept,5,126
41729,834730.000,window_accept,5,127
41731,834770.000,window_accept,5,128
41733,834810.000,window_accept,5,129
41735,834850.000,window_accept,5,130
41737,834890.000,window_accept,5,131
41739,834930.000,window_accept,5,132
41741,834970.000,window_accept,5,133
41743,835010.000,window_accept,5,134
41745,835050.000,window_accept,5,135
41747,835090.000,window_accept,5,136
41749,835130.000,window_accept,5,137
41751,835170.000,window_accept,5,138
41753,835210.000,window_accept,5,139
41755,835250.000,window_accept,5,140
41757,835290.000,window_accept,5,141
41759,835330.000,window_accept,5,142
41761,835370.000,window_accept,5,143
41763,835410.000,window_accept,5,144
41765,835450.000,window_accept,5,145
41767,835490.000,window_accept,5,146
41769,835530.000,window_accept,5,147
41771,835570.000,window_accept,5,148
41773,835610.000,window_accept,5,149
41775,835650.000,window_accept,5,150
41777,835690.000,window_accept,5,151
41779,835730.000,window_accept,5,152
41781,835770.000,window_accept,5,153
41783,835810.000,window_accept,5,154
41785,835850.000,window_accept,5,155
41787,835890.000,window_accept,5,156
41789,835930.000,window_accept,5,157
41791,835970.000,window_accept,5,158
41793,836010.000,window_accept,5,159
41795,836050.000,window_accept,5,160
41797,836090.000,window_accept,5,161
41799,836130.000,window_accept,5,162
41801,836170.000,window_accept,5,163
41803,836210.000,window_accept,5,164
41805,836250.000,window_accept,5,165
41807,836290.000,window_accept,5,166
41809,836330.000,window_accept,5,167
41811,836370.000,window_accept,5,168
41813,836410.000,window_accept,5,169
41815,836450.000,window_accept,5,170
41817,836490.000,window_accept,5,171
41819,836530.000,window_accept,5,172
41821,836570.000,window_accept,5,173
41823,836610.000,window_accept,5,174
41825,836650.000,window_accept,5,175
41827,836690.000,window_accept,5,176
41829,836730.000,window_accept,5,177
41831,836770.000,window_accept,5,178
41833,836810.000,window_accept,5,179
41835,836850.000,window_accept,5,180
41837,836890.000,window_accept,5,181
41839,836930.000,window_accept,5,182
41841,836970.000,window_accept,5,183
41843,837010.000,window_accept,5,184
41845,837050.000,window_accept,5,185
41847,837090.000,window_accept,5,186
41849,837130.000,window_accept,5,187
41851,837170.000,window_accept,5,188
41853,837210.000,window_accept,5,189
41855,837250.000,window_accept,5,190
41857,837290.000,window_accept,5,191
41859,837330.000,window_accept,5,192
41861,837370.000,window_accept,5,193
41863,837410.000,window_accept,5,194
41865,837450.000,window_accept,5,195
41867,837490.000,window_accept,5,196
41869,837530.000,window_accept,5,197
41871,837570.000,window_accept,5,198
41873,837610.000,window_accept,5,199
41875,837650.000,window_accept,5,200
41877,837690.000,window_accept,5,201
41879,837730.000,window_accept,5,202
41881,837770.000,window_accept,5,203
41883,837810.000,window_accept,5,204
41885,837850.000,window_accept,5,205
41887,837890.000,window_accept,5,206
41889,837930.000,window_accept,5,207
41891,837970.000,window_accept,5,208
41893,838010.000,window_accept,5,209
41895,838050.000,window_accept,5,210
41897,838090.000,window_accept,5,211
41899,838130.000,window_accept,5,212
41901,838170.000,window_accept,5,213
41903,838210.000,window_accept,5,214
41905,838250.000,window_accept,5,215
41907,838290.000,window_accept,5,216
41909,838330.000,window_accept,5,217
41911,838370.000,window_accept,5,218
41913,838410.000,window_accept,5,219
41915,838450.000,window_accept,5,220
41917,838490.000,window_accept,5,221
41919,838530.000,window_accept,5,222
41921,838570.000,window_accept,5,223
41923,838610.000,window_accept,5,224
41925,838650.000,window_accept,5,225
41927,838690.000,window_accept,5,226
41929,838730.000,window_accept,5,227
41931,838770.000,window_accept,5,228
41933,838810.000,window_accept,5,229
41935,838850.000,window_accept,5,230
41937,838890.000,window_accept,5,231
41939,838930.000,window_accept,5,232
41941,838970.000,window_accept,5,233
41943,839010.000,window_accept,5,234
41945,839050.000,window_accept,5,235
41947,839090.000,window_accept,5,236
41949,839130.000,window_accept,5,237
41951,839170.000,window_accept,5,238
41953,839210.000,window_accept,5,239
41955,839250.000,window_accept,5,240
41957,839290.000,window_accept,5,241
41959,839330.000,window_accept,5,242
41961,839370.000,window_accept,5,243
41963,839410.000,window_accept,5,244
41965,839450.000,window_accept,5,245
41967,839490.000,window_accept,5,246
41969,839530.000,window_accept,5,247
41971,839570.000,window_accept,5,248
41973,839610.000,window_accept,5,249
41975,839650.000,window_accept,5,250
41977,839690.000,window_accept,5,251
41979,839730.000,window_accept,5,252
41981,839770.000,window_accept,5,253
41983,839810.000,window_accept,5,254
41985,839850.000,source_accept,-1,769
41985,839850.000,window_accept,5,255
41986,839870.000,source_accept,-1,770
41986,839870.000,fft_compute_start,5,1
41987,839890.000,source_accept,-1,771
41988,839910.000,source_accept,-1,772
41989,839930.000,source_accept,-1,773
41990,839950.000,source_accept,-1,774
41991,839970.000,source_accept,-1,775
41992,839990.000,source_accept,-1,776
41993,840010.000,source_accept,-1,777
41994,840030.000,source_accept,-1,778
41995,840050.000,source_accept,-1,779
41996,840070.000,source_accept,-1,780
41997,840090.000,source_accept,-1,781
41998,840110.000,source_accept,-1,782
41999,840130.000,source_accept,-1,783
42000,840150.000,source_accept,-1,784
42001,840170.000,source_accept,-1,785
42002,840190.000,source_accept,-1,786
42003,840210.000,source_accept,-1,787
42004,840230.000,source_accept,-1,788
42005,840250.000,source_accept,-1,789
42006,840270.000,source_accept,-1,790
42007,840290.000,source_accept,-1,791
42008,840310.000,source_accept,-1,792
42009,840330.000,source_accept,-1,793
42010,840350.000,source_accept,-1,794
42011,840370.000,source_accept,-1,795
42012,840390.000,source_accept,-1,796
42013,840410.000,source_accept,-1,797
42014,840430.000,source_accept,-1,798
42015,840450.000,source_accept,-1,799
42016,840470.000,source_accept,-1,800
42017,840490.000,source_accept,-1,801
42018,840510.000,source_accept,-1,802
42019,840530.000,source_accept,-1,803
42020,840550.000,source_accept,-1,804
42021,840570.000,source_accept,-1,805
42022,840590.000,source_accept,-1,806
42023,840610.000,source_accept,-1,807
42024,840630.000,source_accept,-1,808
42025,840650.000,source_accept,-1,809
42026,840670.000,source_accept,-1,810
42027,840690.000,source_accept,-1,811
42028,840710.000,source_accept,-1,812
42029,840730.000,source_accept,-1,813
42030,840750.000,source_accept,-1,814
42031,840770.000,source_accept,-1,815
42032,840790.000,source_accept,-1,816
42033,840810.000,source_accept,-1,817
42034,840830.000,source_accept,-1,818
42035,840850.000,source_accept,-1,819
42036,840870.000,source_accept,-1,820
42037,840890.000,source_accept,-1,821
42038,840910.000,source_accept,-1,822
42039,840930.000,source_accept,-1,823
42040,840950.000,source_accept,-1,824
42041,840970.000,source_accept,-1,825
42042,840990.000,source_accept,-1,826
42043,841010.000,source_accept,-1,827
42044,841030.000,source_accept,-1,828
42045,841050.000,source_accept,-1,829
42046,841070.000,source_accept,-1,830
42047,841090.000,source_accept,-1,831
42048,841110.000,source_accept,-1,832
42049,841130.000,source_accept,-1,833
42050,841150.000,source_accept,-1,834
42051,841170.000,source_accept,-1,835
42052,841190.000,source_accept,-1,836
42053,841210.000,source_accept,-1,837
42054,841230.000,source_accept,-1,838
42055,841250.000,source_accept,-1,839
42056,841270.000,source_accept,-1,840
42057,841290.000,source_accept,-1,841
42058,841310.000,source_accept,-1,842
42059,841330.000,source_accept,-1,843
42060,841350.000,source_accept,-1,844
42061,841370.000,source_accept,-1,845
42062,841390.000,source_accept,-1,846
42063,841410.000,source_accept,-1,847
42064,841430.000,source_accept,-1,848
42065,841450.000,source_accept,-1,849
42066,841470.000,source_accept,-1,850
42067,841490.000,source_accept,-1,851
42068,841510.000,source_accept,-1,852
42069,841530.000,source_accept,-1,853
42070,841550.000,source_accept,-1,854
42071,841570.000,source_accept,-1,855
42072,841590.000,source_accept,-1,856
42073,841610.000,source_accept,-1,857
42074,841630.000,source_accept,-1,858
42075,841650.000,source_accept,-1,859
42076,841670.000,source_accept,-1,860
42077,841690.000,source_accept,-1,861
42078,841710.000,source_accept,-1,862
42079,841730.000,source_accept,-1,863
42080,841750.000,source_accept,-1,864
42081,841770.000,source_accept,-1,865
42082,841790.000,source_accept,-1,866
42083,841810.000,source_accept,-1,867
42084,841830.000,source_accept,-1,868
42085,841850.000,source_accept,-1,869
42086,841870.000,source_accept,-1,870
42087,841890.000,source_accept,-1,871
42088,841910.000,source_accept,-1,872
42089,841930.000,source_accept,-1,873
42090,841950.000,source_accept,-1,874
42091,841970.000,source_accept,-1,875
42092,841990.000,source_accept,-1,876
42093,842010.000,source_accept,-1,877
42094,842030.000,source_accept,-1,878
42095,842050.000,source_accept,-1,879
42096,842070.000,source_accept,-1,880
42097,842090.000,source_accept,-1,881
42098,842110.000,source_accept,-1,882
42099,842130.000,source_accept,-1,883
42100,842150.000,source_accept,-1,884
42101,842170.000,source_accept,-1,885
42102,842190.000,source_accept,-1,886
42103,842210.000,source_accept,-1,887
42104,842230.000,source_accept,-1,888
42105,842250.000,source_accept,-1,889
42106,842270.000,source_accept,-1,890
42107,842290.000,source_accept,-1,891
42108,842310.000,source_accept,-1,892
42109,842330.000,source_accept,-1,893
42110,842350.000,source_accept,-1,894
42111,842370.000,source_accept,-1,895
42112,842390.000,source_accept,-1,896
42113,842410.000,frame_request,6,-1
42995,860050.000,ifft_compute_end,3,-1
42996,860070.000,ifft_accept,3,0
42998,860110.000,ifft_accept,3,1
43000,860150.000,ifft_accept,3,2
43002,860190.000,ifft_accept,3,3
43004,860230.000,ifft_accept,3,4
43006,860270.000,ifft_accept,3,5
43008,860310.000,ifft_accept,3,6
43010,860350.000,ifft_accept,3,7
43012,860390.000,ifft_accept,3,8
43014,860430.000,ifft_accept,3,9
43016,860470.000,ifft_accept,3,10
43018,860510.000,ifft_accept,3,11
43020,860550.000,ifft_accept,3,12
43022,860590.000,ifft_accept,3,13
43024,860630.000,ifft_accept,3,14
43026,860670.000,ifft_accept,3,15
43028,860710.000,ifft_accept,3,16
43030,860750.000,ifft_accept,3,17
43032,860790.000,ifft_accept,3,18
43034,860830.000,ifft_accept,3,19
43036,860870.000,ifft_accept,3,20
43038,860910.000,ifft_accept,3,21
43040,860950.000,ifft_accept,3,22
43042,860990.000,ifft_accept,3,23
43044,861030.000,ifft_accept,3,24
43046,861070.000,ifft_accept,3,25
43048,861110.000,ifft_accept,3,26
43050,861150.000,ifft_accept,3,27
43052,861190.000,ifft_accept,3,28
43054,861230.000,ifft_accept,3,29
43056,861270.000,ifft_accept,3,30
43058,861310.000,ifft_accept,3,31
43060,861350.000,ifft_accept,3,32
43062,861390.000,ifft_accept,3,33
43064,861430.000,ifft_accept,3,34
43066,861470.000,ifft_accept,3,35
43068,861510.000,ifft_accept,3,36
43070,861550.000,ifft_accept,3,37
43072,861590.000,ifft_accept,3,38
43074,861630.000,ifft_accept,3,39
43076,861670.000,ifft_accept,3,40
43078,861710.000,ifft_accept,3,41
43080,861750.000,ifft_accept,3,42
43082,861790.000,ifft_accept,3,43
43084,861830.000,ifft_accept,3,44
43086,861870.000,ifft_accept,3,45
43088,861910.000,ifft_accept,3,46
43090,861950.000,ifft_accept,3,47
43092,861990.000,ifft_accept,3,48
43094,862030.000,ifft_accept,3,49
43096,862070.000,ifft_accept,3,50
43098,862110.000,ifft_accept,3,51
43100,862150.000,ifft_accept,3,52
43102,862190.000,ifft_accept,3,53
43104,862230.000,ifft_accept,3,54
43106,862270.000,ifft_accept,3,55
43108,862310.000,ifft_accept,3,56
43110,862350.000,ifft_accept,3,57
43112,862390.000,ifft_accept,3,58
43114,862430.000,ifft_accept,3,59
43116,862470.000,ifft_accept,3,60
43118,862510.000,ifft_accept,3,61
43120,862550.000,ifft_accept,3,62
43122,862590.000,ifft_accept,3,63
43124,862630.000,ifft_accept,3,64
43126,862670.000,ifft_accept,3,65
43128,862710.000,ifft_accept,3,66
43130,862750.000,ifft_accept,3,67
43132,862790.000,ifft_accept,3,68
43134,862830.000,ifft_accept,3,69
43136,862870.000,ifft_accept,3,70
43138,862910.000,ifft_accept,3,71
43140,862950.000,ifft_accept,3,72
43142,862990.000,ifft_accept,3,73
43144,863030.000,ifft_accept,3,74
43146,863070.000,ifft_accept,3,75
43148,863110.000,ifft_accept,3,76
43150,863150.000,ifft_accept,3,77
43152,863190.000,ifft_accept,3,78
43154,863230.000,ifft_accept,3,79
43156,863270.000,ifft_accept,3,80
43158,863310.000,ifft_accept,3,81
43160,863350.000,ifft_accept,3,82
43162,863390.000,ifft_accept,3,83
43164,863430.000,ifft_accept,3,84
43166,863470.000,ifft_accept,3,85
43168,863510.000,ifft_accept,3,86
43170,863550.000,ifft_accept,3,87
43172,863590.000,ifft_accept,3,88
43174,863630.000,ifft_accept,3,89
43176,863670.000,ifft_accept,3,90
43178,863710.000,ifft_accept,3,91
43180,863750.000,ifft_accept,3,92
43182,863790.000,ifft_accept,3,93
43184,863830.000,ifft_accept,3,94
43186,863870.000,ifft_accept,3,95
43188,863910.000,ifft_accept,3,96
43190,863950.000,ifft_accept,3,97
43192,863990.000,ifft_accept,3,98
43194,864030.000,ifft_accept,3,99
43196,864070.000,ifft_accept,3,100
43198,864110.000,ifft_accept,3,101
43200,864150.000,ifft_accept,3,102
43202,864190.000,ifft_accept,3,103
43204,864230.000,ifft_accept,3,104
43206,864270.000,ifft_accept,3,105
43208,864310.000,ifft_accept,3,106
43210,864350.000,ifft_accept,3,107
43212,864390.000,ifft_accept,3,108
43214,864430.000,ifft_accept,3,109
43216,864470.000,ifft_accept,3,110
43218,864510.000,ifft_accept,3,111
43220,864550.000,ifft_accept,3,112
43222,864590.000,ifft_accept,3,113
43224,864630.000,ifft_accept,3,114
43226,864670.000,ifft_accept,3,115
43228,864710.000,ifft_accept,3,116
43230,864750.000,ifft_accept,3,117
43232,864790.000,ifft_accept,3,118
43234,864830.000,ifft_accept,3,119
43236,864870.000,ifft_accept,3,120
43238,864910.000,ifft_accept,3,121
43240,864950.000,ifft_accept,3,122
43242,864990.000,ifft_accept,3,123
43244,865030.000,ifft_accept,3,124
43246,865070.000,ifft_accept,3,125
43248,865110.000,ifft_accept,3,126
43250,865150.000,ifft_accept,3,127
43252,865190.000,ifft_accept,3,128
43254,865230.000,ifft_accept,3,129
43256,865270.000,ifft_accept,3,130
43258,865310.000,ifft_accept,3,131
43260,865350.000,ifft_accept,3,132
43262,865390.000,ifft_accept,3,133
43264,865430.000,ifft_accept,3,134
43266,865470.000,ifft_accept,3,135
43268,865510.000,ifft_accept,3,136
43270,865550.000,ifft_accept,3,137
43272,865590.000,ifft_accept,3,138
43274,865630.000,ifft_accept,3,139
43276,865670.000,ifft_accept,3,140
43278,865710.000,ifft_accept,3,141
43280,865750.000,ifft_accept,3,142
43282,865790.000,ifft_accept,3,143
43284,865830.000,ifft_accept,3,144
43286,865870.000,ifft_accept,3,145
43288,865910.000,ifft_accept,3,146
43290,865950.000,ifft_accept,3,147
43292,865990.000,ifft_accept,3,148
43294,866030.000,ifft_accept,3,149
43296,866070.000,ifft_accept,3,150
43298,866110.000,ifft_accept,3,151
43300,866150.000,ifft_accept,3,152
43302,866190.000,ifft_accept,3,153
43304,866230.000,ifft_accept,3,154
43306,866270.000,ifft_accept,3,155
43308,866310.000,ifft_accept,3,156
43310,866350.000,ifft_accept,3,157
43312,866390.000,ifft_accept,3,158
43314,866430.000,ifft_accept,3,159
43316,866470.000,ifft_accept,3,160
43318,866510.000,ifft_accept,3,161
43320,866550.000,ifft_accept,3,162
43322,866590.000,ifft_accept,3,163
43324,866630.000,ifft_accept,3,164
43326,866670.000,ifft_accept,3,165
43328,866710.000,ifft_accept,3,166
43330,866750.000,ifft_accept,3,167
43332,866790.000,ifft_accept,3,168
43334,866830.000,ifft_accept,3,169
43336,866870.000,ifft_accept,3,170
43338,866910.000,ifft_accept,3,171
43340,866950.000,ifft_accept,3,172
43342,866990.000,ifft_accept,3,173
43344,867030.000,ifft_accept,3,174
43346,867070.000,ifft_accept,3,175
43348,867110.000,ifft_accept,3,176
43350,867150.000,ifft_accept,3,177
43352,867190.000,ifft_accept,3,178
43354,867230.000,ifft_accept,3,179
43356,867270.000,ifft_accept,3,180
43358,867310.000,ifft_accept,3,181
43360,867350.000,ifft_accept,3,182
43362,867390.000,ifft_accept,3,183
43364,867430.000,ifft_accept,3,184
43366,867470.000,ifft_accept,3,185
43368,867510.000,ifft_accept,3,186
43370,867550.000,ifft_accept,3,187
43372,867590.000,ifft_accept,3,188
43374,867630.000,ifft_accept,3,189
43376,867670.000,ifft_accept,3,190
43378,867710.000,ifft_accept,3,191
43380,867750.000,ifft_accept,3,192
43382,867790.000,ifft_accept,3,193
43384,867830.000,ifft_accept,3,194
43386,867870.000,ifft_accept,3,195
43388,867910.000,ifft_accept,3,196
43390,867950.000,ifft_accept,3,197
43392,867990.000,ifft_accept,3,198
43394,868030.000,ifft_accept,3,199
43396,868070.000,ifft_accept,3,200
43398,868110.000,ifft_accept,3,201
43400,868150.000,ifft_accept,3,202
43402,868190.000,ifft_accept,3,203
43404,868230.000,ifft_accept,3,204
43406,868270.000,ifft_accept,3,205
43408,868310.000,ifft_accept,3,206
43410,868350.000,ifft_accept,3,207
43412,868390.000,ifft_accept,3,208
43414,868430.000,ifft_accept,3,209
43416,868470.000,ifft_accept,3,210
43418,868510.000,ifft_accept,3,211
43420,868550.000,ifft_accept,3,212
43422,868590.000,ifft_accept,3,213
43424,868630.000,ifft_accept,3,214
43426,868670.000,ifft_accept,3,215
43428,868710.000,ifft_accept,3,216
43430,868750.000,ifft_accept,3,217
43432,868790.000,ifft_accept,3,218
43434,868830.000,ifft_accept,3,219
43436,868870.000,ifft_accept,3,220
43438,868910.000,ifft_accept,3,221
43440,868950.000,ifft_accept,3,222
43442,868990.000,ifft_accept,3,223
43444,869030.000,ifft_accept,3,224
43446,869070.000,ifft_accept,3,225
43448,869110.000,ifft_accept,3,226
43450,869150.000,ifft_accept,3,227
43452,869190.000,ifft_accept,3,228
43454,869230.000,ifft_accept,3,229
43456,869270.000,ifft_accept,3,230
43458,869310.000,ifft_accept,3,231
43460,869350.000,ifft_accept,3,232
43462,869390.000,ifft_accept,3,233
43464,869430.000,ifft_accept,3,234
43466,869470.000,ifft_accept,3,235
43468,869510.000,ifft_accept,3,236
43470,869550.000,ifft_accept,3,237
43472,869590.000,ifft_accept,3,238
43474,869630.000,ifft_accept,3,239
43476,869670.000,ifft_accept,3,240
43478,869710.000,ifft_accept,3,241
43480,869750.000,ifft_accept,3,242
43482,869790.000,ifft_accept,3,243
43484,869830.000,ifft_accept,3,244
43486,869870.000,ifft_accept,3,245
43488,869910.000,ifft_accept,3,246
43490,869950.000,ifft_accept,3,247
43492,869990.000,ifft_accept,3,248
43494,870030.000,ifft_accept,3,249
43496,870070.000,ifft_accept,3,250
43498,870110.000,ifft_accept,3,251
43500,870150.000,ifft_accept,3,252
43502,870190.000,ifft_accept,3,253
43504,870230.000,ifft_accept,3,254
43506,870270.000,ifft_accept,3,255
43507,870290.000,canon_accept,4,2
43507,870290.000,mask_accept,4,1
43507,870290.000,spec_accept,4,0
43508,870310.000,mask_accept,4,2
43508,870310.000,spec_accept,4,1
43509,870330.000,spec_accept,4,2
43511,870370.000,canon_accept,4,3
43511,870370.000,wola_accept,3,384
43512,870390.000,mask_accept,4,3
43513,870410.000,spec_accept,4,3
43513,870410.000,wola_accept,3,385
43513,870410.000,y_accept,-1,384
43515,870450.000,canon_accept,4,4
43515,870450.000,wola_accept,3,386
43515,870450.000,y_accept,-1,385
43516,870470.000,mask_accept,4,4
43517,870490.000,spec_accept,4,4
43517,870490.000,wola_accept,3,387
43517,870490.000,y_accept,-1,386
43519,870530.000,canon_accept,4,5
43519,870530.000,wola_accept,3,388
43519,870530.000,y_accept,-1,387
43520,870550.000,mask_accept,4,5
43521,870570.000,spec_accept,4,5
43521,870570.000,wola_accept,3,389
43521,870570.000,y_accept,-1,388
43523,870610.000,canon_accept,4,6
43523,870610.000,wola_accept,3,390
43523,870610.000,y_accept,-1,389
43524,870630.000,mask_accept,4,6
43525,870650.000,spec_accept,4,6
43525,870650.000,wola_accept,3,391
43525,870650.000,y_accept,-1,390
43527,870690.000,canon_accept,4,7
43527,870690.000,wola_accept,3,392
43527,870690.000,y_accept,-1,391
43528,870710.000,mask_accept,4,7
43529,870730.000,spec_accept,4,7
43529,870730.000,wola_accept,3,393
43529,870730.000,y_accept,-1,392
43531,870770.000,canon_accept,4,8
43531,870770.000,wola_accept,3,394
43531,870770.000,y_accept,-1,393
43532,870790.000,mask_accept,4,8
43533,870810.000,spec_accept,4,8
43533,870810.000,wola_accept,3,395
43533,870810.000,y_accept,-1,394
43535,870850.000,canon_accept,4,9
43535,870850.000,wola_accept,3,396
43535,870850.000,y_accept,-1,395
43536,870870.000,mask_accept,4,9
43537,870890.000,spec_accept,4,9
43537,870890.000,wola_accept,3,397
43537,870890.000,y_accept,-1,396
43539,870930.000,canon_accept,4,10
43539,870930.000,wola_accept,3,398
43539,870930.000,y_accept,-1,397
43540,870950.000,mask_accept,4,10
43541,870970.000,spec_accept,4,10
43541,870970.000,wola_accept,3,399
43541,870970.000,y_accept,-1,398
43543,871010.000,canon_accept,4,11
43543,871010.000,wola_accept,3,400
43543,871010.000,y_accept,-1,399
43544,871030.000,mask_accept,4,11
43545,871050.000,spec_accept,4,11
43545,871050.000,wola_accept,3,401
43545,871050.000,y_accept,-1,400
43547,871090.000,canon_accept,4,12
43547,871090.000,wola_accept,3,402
43547,871090.000,y_accept,-1,401
43548,871110.000,mask_accept,4,12
43549,871130.000,spec_accept,4,12
43549,871130.000,wola_accept,3,403
43549,871130.000,y_accept,-1,402
43551,871170.000,canon_accept,4,13
43551,871170.000,wola_accept,3,404
43551,871170.000,y_accept,-1,403
43552,871190.000,mask_accept,4,13
43553,871210.000,spec_accept,4,13
43553,871210.000,wola_accept,3,405
43553,871210.000,y_accept,-1,404
43555,871250.000,canon_accept,4,14
43555,871250.000,wola_accept,3,406
43555,871250.000,y_accept,-1,405
43556,871270.000,mask_accept,4,14
43557,871290.000,spec_accept,4,14
43557,871290.000,wola_accept,3,407
43557,871290.000,y_accept,-1,406
43559,871330.000,canon_accept,4,15
43559,871330.000,wola_accept,3,408
43559,871330.000,y_accept,-1,407
43560,871350.000,mask_accept,4,15
43561,871370.000,spec_accept,4,15
43561,871370.000,wola_accept,3,409
43561,871370.000,y_accept,-1,408
43563,871410.000,canon_accept,4,16
43563,871410.000,wola_accept,3,410
43563,871410.000,y_accept,-1,409
43564,871430.000,mask_accept,4,16
43565,871450.000,spec_accept,4,16
43565,871450.000,wola_accept,3,411
43565,871450.000,y_accept,-1,410
43567,871490.000,canon_accept,4,17
43567,871490.000,wola_accept,3,412
43567,871490.000,y_accept,-1,411
43568,871510.000,mask_accept,4,17
43569,871530.000,spec_accept,4,17
43569,871530.000,wola_accept,3,413
43569,871530.000,y_accept,-1,412
43571,871570.000,canon_accept,4,18
43571,871570.000,wola_accept,3,414
43571,871570.000,y_accept,-1,413
43572,871590.000,mask_accept,4,18
43573,871610.000,spec_accept,4,18
43573,871610.000,wola_accept,3,415
43573,871610.000,y_accept,-1,414
43575,871650.000,canon_accept,4,19
43575,871650.000,wola_accept,3,416
43575,871650.000,y_accept,-1,415
43576,871670.000,mask_accept,4,19
43577,871690.000,spec_accept,4,19
43577,871690.000,wola_accept,3,417
43577,871690.000,y_accept,-1,416
43579,871730.000,canon_accept,4,20
43579,871730.000,wola_accept,3,418
43579,871730.000,y_accept,-1,417
43580,871750.000,mask_accept,4,20
43581,871770.000,spec_accept,4,20
43581,871770.000,wola_accept,3,419
43581,871770.000,y_accept,-1,418
43583,871810.000,canon_accept,4,21
43583,871810.000,wola_accept,3,420
43583,871810.000,y_accept,-1,419
43584,871830.000,mask_accept,4,21
43585,871850.000,spec_accept,4,21
43585,871850.000,wola_accept,3,421
43585,871850.000,y_accept,-1,420
43587,871890.000,canon_accept,4,22
43587,871890.000,wola_accept,3,422
43587,871890.000,y_accept,-1,421
43588,871910.000,mask_accept,4,22
43589,871930.000,spec_accept,4,22
43589,871930.000,wola_accept,3,423
43589,871930.000,y_accept,-1,422
43591,871970.000,canon_accept,4,23
43591,871970.000,wola_accept,3,424
43591,871970.000,y_accept,-1,423
43592,871990.000,mask_accept,4,23
43593,872010.000,spec_accept,4,23
43593,872010.000,wola_accept,3,425
43593,872010.000,y_accept,-1,424
43595,872050.000,canon_accept,4,24
43595,872050.000,wola_accept,3,426
43595,872050.000,y_accept,-1,425
43596,872070.000,mask_accept,4,24
43597,872090.000,spec_accept,4,24
43597,872090.000,wola_accept,3,427
43597,872090.000,y_accept,-1,426
43599,872130.000,canon_accept,4,25
43599,872130.000,wola_accept,3,428
43599,872130.000,y_accept,-1,427
43600,872150.000,mask_accept,4,25
43601,872170.000,spec_accept,4,25
43601,872170.000,wola_accept,3,429
43601,872170.000,y_accept,-1,428
43603,872210.000,canon_accept,4,26
43603,872210.000,wola_accept,3,430
43603,872210.000,y_accept,-1,429
43604,872230.000,mask_accept,4,26
43605,872250.000,spec_accept,4,26
43605,872250.000,wola_accept,3,431
43605,872250.000,y_accept,-1,430
43607,872290.000,canon_accept,4,27
43607,872290.000,wola_accept,3,432
43607,872290.000,y_accept,-1,431
43608,872310.000,mask_accept,4,27
43609,872330.000,spec_accept,4,27
43609,872330.000,wola_accept,3,433
43609,872330.000,y_accept,-1,432
43611,872370.000,canon_accept,4,28
43611,872370.000,wola_accept,3,434
43611,872370.000,y_accept,-1,433
43612,872390.000,mask_accept,4,28
43613,872410.000,spec_accept,4,28
43613,872410.000,wola_accept,3,435
43613,872410.000,y_accept,-1,434
43615,872450.000,canon_accept,4,29
43615,872450.000,wola_accept,3,436
43615,872450.000,y_accept,-1,435
43616,872470.000,mask_accept,4,29
43617,872490.000,spec_accept,4,29
43617,872490.000,wola_accept,3,437
43617,872490.000,y_accept,-1,436
43619,872530.000,canon_accept,4,30
43619,872530.000,wola_accept,3,438
43619,872530.000,y_accept,-1,437
43620,872550.000,mask_accept,4,30
43621,872570.000,spec_accept,4,30
43621,872570.000,wola_accept,3,439
43621,872570.000,y_accept,-1,438
43623,872610.000,canon_accept,4,31
43623,872610.000,wola_accept,3,440
43623,872610.000,y_accept,-1,439
43624,872630.000,mask_accept,4,31
43625,872650.000,spec_accept,4,31
43625,872650.000,wola_accept,3,441
43625,872650.000,y_accept,-1,440
43627,872690.000,canon_accept,4,32
43627,872690.000,wola_accept,3,442
43627,872690.000,y_accept,-1,441
43628,872710.000,mask_accept,4,32
43629,872730.000,spec_accept,4,32
43629,872730.000,wola_accept,3,443
43629,872730.000,y_accept,-1,442
43631,872770.000,canon_accept,4,33
43631,872770.000,wola_accept,3,444
43631,872770.000,y_accept,-1,443
43632,872790.000,mask_accept,4,33
43633,872810.000,spec_accept,4,33
43633,872810.000,wola_accept,3,445
43633,872810.000,y_accept,-1,444
43635,872850.000,canon_accept,4,34
43635,872850.000,wola_accept,3,446
43635,872850.000,y_accept,-1,445
43636,872870.000,mask_accept,4,34
43637,872890.000,spec_accept,4,34
43637,872890.000,wola_accept,3,447
43637,872890.000,y_accept,-1,446
43639,872930.000,canon_accept,4,35
43639,872930.000,wola_accept,3,448
43639,872930.000,y_accept,-1,447
43640,872950.000,mask_accept,4,35
43641,872970.000,spec_accept,4,35
43641,872970.000,wola_accept,3,449
43641,872970.000,y_accept,-1,448
43643,873010.000,canon_accept,4,36
43643,873010.000,wola_accept,3,450
43643,873010.000,y_accept,-1,449
43644,873030.000,mask_accept,4,36
43645,873050.000,spec_accept,4,36
43645,873050.000,wola_accept,3,451
43645,873050.000,y_accept,-1,450
43647,873090.000,canon_accept,4,37
43647,873090.000,wola_accept,3,452
43647,873090.000,y_accept,-1,451
43648,873110.000,mask_accept,4,37
43649,873130.000,spec_accept,4,37
43649,873130.000,wola_accept,3,453
43649,873130.000,y_accept,-1,452
43651,873170.000,canon_accept,4,38
43651,873170.000,wola_accept,3,454
43651,873170.000,y_accept,-1,453
43652,873190.000,mask_accept,4,38
43653,873210.000,spec_accept,4,38
43653,873210.000,wola_accept,3,455
43653,873210.000,y_accept,-1,454
43655,873250.000,canon_accept,4,39
43655,873250.000,wola_accept,3,456
43655,873250.000,y_accept,-1,455
43656,873270.000,mask_accept,4,39
43657,873290.000,spec_accept,4,39
43657,873290.000,wola_accept,3,457
43657,873290.000,y_accept,-1,456
43659,873330.000,canon_accept,4,40
43659,873330.000,wola_accept,3,458
43659,873330.000,y_accept,-1,457
43660,873350.000,mask_accept,4,40
43661,873370.000,spec_accept,4,40
43661,873370.000,wola_accept,3,459
43661,873370.000,y_accept,-1,458
43663,873410.000,canon_accept,4,41
43663,873410.000,wola_accept,3,460
43663,873410.000,y_accept,-1,459
43664,873430.000,mask_accept,4,41
43665,873450.000,spec_accept,4,41
43665,873450.000,wola_accept,3,461
43665,873450.000,y_accept,-1,460
43667,873490.000,canon_accept,4,42
43667,873490.000,wola_accept,3,462
43667,873490.000,y_accept,-1,461
43668,873510.000,mask_accept,4,42
43669,873530.000,spec_accept,4,42
43669,873530.000,wola_accept,3,463
43669,873530.000,y_accept,-1,462
43671,873570.000,canon_accept,4,43
43671,873570.000,wola_accept,3,464
43671,873570.000,y_accept,-1,463
43672,873590.000,mask_accept,4,43
43673,873610.000,spec_accept,4,43
43673,873610.000,wola_accept,3,465
43673,873610.000,y_accept,-1,464
43675,873650.000,canon_accept,4,44
43675,873650.000,wola_accept,3,466
43675,873650.000,y_accept,-1,465
43676,873670.000,mask_accept,4,44
43677,873690.000,spec_accept,4,44
43677,873690.000,wola_accept,3,467
43677,873690.000,y_accept,-1,466
43679,873730.000,canon_accept,4,45
43679,873730.000,wola_accept,3,468
43679,873730.000,y_accept,-1,467
43680,873750.000,mask_accept,4,45
43681,873770.000,spec_accept,4,45
43681,873770.000,wola_accept,3,469
43681,873770.000,y_accept,-1,468
43683,873810.000,canon_accept,4,46
43683,873810.000,wola_accept,3,470
43683,873810.000,y_accept,-1,469
43684,873830.000,mask_accept,4,46
43685,873850.000,spec_accept,4,46
43685,873850.000,wola_accept,3,471
43685,873850.000,y_accept,-1,470
43687,873890.000,canon_accept,4,47
43687,873890.000,wola_accept,3,472
43687,873890.000,y_accept,-1,471
43688,873910.000,mask_accept,4,47
43689,873930.000,spec_accept,4,47
43689,873930.000,wola_accept,3,473
43689,873930.000,y_accept,-1,472
43691,873970.000,canon_accept,4,48
43691,873970.000,wola_accept,3,474
43691,873970.000,y_accept,-1,473
43692,873990.000,mask_accept,4,48
43693,874010.000,spec_accept,4,48
43693,874010.000,wola_accept,3,475
43693,874010.000,y_accept,-1,474
43695,874050.000,canon_accept,4,49
43695,874050.000,wola_accept,3,476
43695,874050.000,y_accept,-1,475
43696,874070.000,mask_accept,4,49
43697,874090.000,spec_accept,4,49
43697,874090.000,wola_accept,3,477
43697,874090.000,y_accept,-1,476
43699,874130.000,canon_accept,4,50
43699,874130.000,wola_accept,3,478
43699,874130.000,y_accept,-1,477
43700,874150.000,mask_accept,4,50
43701,874170.000,spec_accept,4,50
43701,874170.000,wola_accept,3,479
43701,874170.000,y_accept,-1,478
43703,874210.000,canon_accept,4,51
43703,874210.000,wola_accept,3,480
43703,874210.000,y_accept,-1,479
43704,874230.000,mask_accept,4,51
43705,874250.000,spec_accept,4,51
43705,874250.000,wola_accept,3,481
43705,874250.000,y_accept,-1,480
43707,874290.000,canon_accept,4,52
43707,874290.000,wola_accept,3,482
43707,874290.000,y_accept,-1,481
43708,874310.000,mask_accept,4,52
43709,874330.000,spec_accept,4,52
43709,874330.000,wola_accept,3,483
43709,874330.000,y_accept,-1,482
43711,874370.000,canon_accept,4,53
43711,874370.000,wola_accept,3,484
43711,874370.000,y_accept,-1,483
43712,874390.000,mask_accept,4,53
43713,874410.000,spec_accept,4,53
43713,874410.000,wola_accept,3,485
43713,874410.000,y_accept,-1,484
43715,874450.000,canon_accept,4,54
43715,874450.000,wola_accept,3,486
43715,874450.000,y_accept,-1,485
43716,874470.000,mask_accept,4,54
43717,874490.000,spec_accept,4,54
43717,874490.000,wola_accept,3,487
43717,874490.000,y_accept,-1,486
43719,874530.000,canon_accept,4,55
43719,874530.000,wola_accept,3,488
43719,874530.000,y_accept,-1,487
43720,874550.000,mask_accept,4,55
43721,874570.000,spec_accept,4,55
43721,874570.000,wola_accept,3,489
43721,874570.000,y_accept,-1,488
43723,874610.000,canon_accept,4,56
43723,874610.000,wola_accept,3,490
43723,874610.000,y_accept,-1,489
43724,874630.000,mask_accept,4,56
43725,874650.000,spec_accept,4,56
43725,874650.000,wola_accept,3,491
43725,874650.000,y_accept,-1,490
43727,874690.000,canon_accept,4,57
43727,874690.000,wola_accept,3,492
43727,874690.000,y_accept,-1,491
43728,874710.000,mask_accept,4,57
43729,874730.000,spec_accept,4,57
43729,874730.000,wola_accept,3,493
43729,874730.000,y_accept,-1,492
43731,874770.000,canon_accept,4,58
43731,874770.000,wola_accept,3,494
43731,874770.000,y_accept,-1,493
43732,874790.000,mask_accept,4,58
43733,874810.000,spec_accept,4,58
43733,874810.000,wola_accept,3,495
43733,874810.000,y_accept,-1,494
43735,874850.000,canon_accept,4,59
43735,874850.000,wola_accept,3,496
43735,874850.000,y_accept,-1,495
43736,874870.000,mask_accept,4,59
43737,874890.000,spec_accept,4,59
43737,874890.000,wola_accept,3,497
43737,874890.000,y_accept,-1,496
43739,874930.000,canon_accept,4,60
43739,874930.000,wola_accept,3,498
43739,874930.000,y_accept,-1,497
43740,874950.000,mask_accept,4,60
43741,874970.000,spec_accept,4,60
43741,874970.000,wola_accept,3,499
43741,874970.000,y_accept,-1,498
43743,875010.000,canon_accept,4,61
43743,875010.000,wola_accept,3,500
43743,875010.000,y_accept,-1,499
43744,875030.000,mask_accept,4,61
43745,875050.000,spec_accept,4,61
43745,875050.000,wola_accept,3,501
43745,875050.000,y_accept,-1,500
43747,875090.000,canon_accept,4,62
43747,875090.000,wola_accept,3,502
43747,875090.000,y_accept,-1,501
43748,875110.000,mask_accept,4,62
43749,875130.000,spec_accept,4,62
43749,875130.000,wola_accept,3,503
43749,875130.000,y_accept,-1,502
43751,875170.000,canon_accept,4,63
43751,875170.000,wola_accept,3,504
43751,875170.000,y_accept,-1,503
43752,875190.000,mask_accept,4,63
43753,875210.000,spec_accept,4,63
43753,875210.000,wola_accept,3,505
43753,875210.000,y_accept,-1,504
43755,875250.000,canon_accept,4,64
43755,875250.000,wola_accept,3,506
43755,875250.000,y_accept,-1,505
43756,875270.000,mask_accept,4,64
43757,875290.000,spec_accept,4,64
43757,875290.000,wola_accept,3,507
43757,875290.000,y_accept,-1,506
43759,875330.000,canon_accept,4,65
43759,875330.000,wola_accept,3,508
43759,875330.000,y_accept,-1,507
43760,875350.000,mask_accept,4,65
43761,875370.000,spec_accept,4,65
43761,875370.000,wola_accept,3,509
43761,875370.000,y_accept,-1,508
43763,875410.000,canon_accept,4,66
43763,875410.000,wola_accept,3,510
43763,875410.000,y_accept,-1,509
43764,875430.000,mask_accept,4,66
43765,875450.000,spec_accept,4,66
43765,875450.000,wola_accept,3,511
43765,875450.000,y_accept,-1,510
43767,875490.000,canon_accept,4,67
43767,875490.000,y_accept,-1,511
43768,875510.000,mask_accept,4,67
43769,875530.000,spec_accept,4,67
43771,875570.000,canon_accept,4,68
43772,875590.000,mask_accept,4,68
43773,875610.000,spec_accept,4,68
43775,875650.000,canon_accept,4,69
43776,875670.000,mask_accept,4,69
43777,875690.000,spec_accept,4,69
43779,875730.000,canon_accept,4,70
43780,875750.000,mask_accept,4,70
43781,875770.000,spec_accept,4,70
43783,875810.000,canon_accept,4,71
43784,875830.000,mask_accept,4,71
43785,875850.000,spec_accept,4,71
43787,875890.000,canon_accept,4,72
43788,875910.000,mask_accept,4,72
43789,875930.000,spec_accept,4,72
43791,875970.000,canon_accept,4,73
43792,875990.000,mask_accept,4,73
43793,876010.000,spec_accept,4,73
43795,876050.000,canon_accept,4,74
43796,876070.000,mask_accept,4,74
43797,876090.000,spec_accept,4,74
43799,876130.000,canon_accept,4,75
43800,876150.000,mask_accept,4,75
43801,876170.000,spec_accept,4,75
43803,876210.000,canon_accept,4,76
43804,876230.000,mask_accept,4,76
43805,876250.000,spec_accept,4,76
43807,876290.000,canon_accept,4,77
43808,876310.000,mask_accept,4,77
43809,876330.000,spec_accept,4,77
43811,876370.000,canon_accept,4,78
43812,876390.000,mask_accept,4,78
43813,876410.000,spec_accept,4,78
43815,876450.000,canon_accept,4,79
43816,876470.000,mask_accept,4,79
43817,876490.000,spec_accept,4,79
43819,876530.000,canon_accept,4,80
43820,876550.000,mask_accept,4,80
43821,876570.000,spec_accept,4,80
43823,876610.000,canon_accept,4,81
43824,876630.000,mask_accept,4,81
43825,876650.000,spec_accept,4,81
43827,876690.000,canon_accept,4,82
43828,876710.000,mask_accept,4,82
43829,876730.000,spec_accept,4,82
43831,876770.000,canon_accept,4,83
43832,876790.000,mask_accept,4,83
43833,876810.000,spec_accept,4,83
43835,876850.000,canon_accept,4,84
43836,876870.000,mask_accept,4,84
43837,876890.000,spec_accept,4,84
43839,876930.000,canon_accept,4,85
43840,876950.000,mask_accept,4,85
43841,876970.000,spec_accept,4,85
43843,877010.000,canon_accept,4,86
43844,877030.000,mask_accept,4,86
43845,877050.000,spec_accept,4,86
43847,877090.000,canon_accept,4,87
43848,877110.000,mask_accept,4,87
43849,877130.000,spec_accept,4,87
43851,877170.000,canon_accept,4,88
43852,877190.000,mask_accept,4,88
43853,877210.000,spec_accept,4,88
43855,877250.000,canon_accept,4,89
43856,877270.000,mask_accept,4,89
43857,877290.000,spec_accept,4,89
43859,877330.000,canon_accept,4,90
43860,877350.000,mask_accept,4,90
43861,877370.000,spec_accept,4,90
43863,877410.000,canon_accept,4,91
43864,877430.000,mask_accept,4,91
43865,877450.000,spec_accept,4,91
43867,877490.000,canon_accept,4,92
43868,877510.000,mask_accept,4,92
43869,877530.000,spec_accept,4,92
43871,877570.000,canon_accept,4,93
43872,877590.000,mask_accept,4,93
43873,877610.000,spec_accept,4,93
43875,877650.000,canon_accept,4,94
43876,877670.000,mask_accept,4,94
43877,877690.000,spec_accept,4,94
43879,877730.000,canon_accept,4,95
43880,877750.000,mask_accept,4,95
43881,877770.000,spec_accept,4,95
43883,877810.000,canon_accept,4,96
43884,877830.000,mask_accept,4,96
43885,877850.000,spec_accept,4,96
43887,877890.000,canon_accept,4,97
43888,877910.000,mask_accept,4,97
43889,877930.000,spec_accept,4,97
43891,877970.000,canon_accept,4,98
43892,877990.000,mask_accept,4,98
43893,878010.000,spec_accept,4,98
43895,878050.000,canon_accept,4,99
43896,878070.000,mask_accept,4,99
43897,878090.000,spec_accept,4,99
43899,878130.000,canon_accept,4,100
43900,878150.000,mask_accept,4,100
43901,878170.000,spec_accept,4,100
43903,878210.000,canon_accept,4,101
43904,878230.000,mask_accept,4,101
43905,878250.000,spec_accept,4,101
43907,878290.000,canon_accept,4,102
43908,878310.000,mask_accept,4,102
43909,878330.000,spec_accept,4,102
43911,878370.000,canon_accept,4,103
43912,878390.000,mask_accept,4,103
43913,878410.000,spec_accept,4,103
43915,878450.000,canon_accept,4,104
43916,878470.000,mask_accept,4,104
43917,878490.000,spec_accept,4,104
43919,878530.000,canon_accept,4,105
43920,878550.000,mask_accept,4,105
43921,878570.000,spec_accept,4,105
43923,878610.000,canon_accept,4,106
43924,878630.000,mask_accept,4,106
43925,878650.000,spec_accept,4,106
43927,878690.000,canon_accept,4,107
43928,878710.000,mask_accept,4,107
43929,878730.000,spec_accept,4,107
43931,878770.000,canon_accept,4,108
43932,878790.000,mask_accept,4,108
43933,878810.000,spec_accept,4,108
43935,878850.000,canon_accept,4,109
43936,878870.000,mask_accept,4,109
43937,878890.000,spec_accept,4,109
43939,878930.000,canon_accept,4,110
43940,878950.000,mask_accept,4,110
43941,878970.000,spec_accept,4,110
43943,879010.000,canon_accept,4,111
43944,879030.000,mask_accept,4,111
43945,879050.000,spec_accept,4,111
43947,879090.000,canon_accept,4,112
43948,879110.000,mask_accept,4,112
43949,879130.000,spec_accept,4,112
43951,879170.000,canon_accept,4,113
43952,879190.000,mask_accept,4,113
43953,879210.000,spec_accept,4,113
43955,879250.000,canon_accept,4,114
43956,879270.000,mask_accept,4,114
43957,879290.000,spec_accept,4,114
43959,879330.000,canon_accept,4,115
43960,879350.000,mask_accept,4,115
43961,879370.000,spec_accept,4,115
43963,879410.000,canon_accept,4,116
43964,879430.000,mask_accept,4,116
43965,879450.000,spec_accept,4,116
43967,879490.000,canon_accept,4,117
43968,879510.000,mask_accept,4,117
43969,879530.000,spec_accept,4,117
43971,879570.000,canon_accept,4,118
43972,879590.000,mask_accept,4,118
43973,879610.000,spec_accept,4,118
43975,879650.000,canon_accept,4,119
43976,879670.000,mask_accept,4,119
43977,879690.000,spec_accept,4,119
43979,879730.000,canon_accept,4,120
43980,879750.000,mask_accept,4,120
43981,879770.000,spec_accept,4,120
43983,879810.000,canon_accept,4,121
43984,879830.000,mask_accept,4,121
43985,879850.000,spec_accept,4,121
43987,879890.000,canon_accept,4,122
43988,879910.000,mask_accept,4,122
43989,879930.000,spec_accept,4,122
43991,879970.000,canon_accept,4,123
43992,879990.000,mask_accept,4,123
43993,880010.000,spec_accept,4,123
43995,880050.000,canon_accept,4,124
43996,880070.000,mask_accept,4,124
43997,880090.000,spec_accept,4,124
43999,880130.000,canon_accept,4,125
44000,880150.000,mask_accept,4,125
44001,880170.000,spec_accept,4,125
44003,880210.000,canon_accept,4,126
44004,880230.000,mask_accept,4,126
44005,880250.000,spec_accept,4,126
44007,880290.000,canon_accept,4,127
44008,880310.000,mask_accept,4,127
44009,880330.000,spec_accept,4,127
44011,880370.000,canon_accept,4,128
44012,880390.000,mask_accept,4,128
44013,880410.000,spec_accept,4,128
44015,880450.000,canon_accept,4,129
44016,880470.000,mask_accept,4,129
44017,880490.000,spec_accept,4,129
44019,880530.000,canon_accept,4,130
44020,880550.000,mask_accept,4,130
44021,880570.000,spec_accept,4,130
44023,880610.000,canon_accept,4,131
44024,880630.000,mask_accept,4,131
44025,880650.000,spec_accept,4,131
44027,880690.000,canon_accept,4,132
44028,880710.000,mask_accept,4,132
44029,880730.000,spec_accept,4,132
44031,880770.000,canon_accept,4,133
44032,880790.000,mask_accept,4,133
44033,880810.000,spec_accept,4,133
44035,880850.000,canon_accept,4,134
44036,880870.000,mask_accept,4,134
44037,880890.000,spec_accept,4,134
44039,880930.000,canon_accept,4,135
44040,880950.000,mask_accept,4,135
44041,880970.000,spec_accept,4,135
44043,881010.000,canon_accept,4,136
44044,881030.000,mask_accept,4,136
44045,881050.000,spec_accept,4,136
44047,881090.000,canon_accept,4,137
44048,881110.000,mask_accept,4,137
44049,881130.000,spec_accept,4,137
44051,881170.000,canon_accept,4,138
44052,881190.000,mask_accept,4,138
44053,881210.000,spec_accept,4,138
44055,881250.000,canon_accept,4,139
44056,881270.000,mask_accept,4,139
44057,881290.000,spec_accept,4,139
44059,881330.000,canon_accept,4,140
44060,881350.000,mask_accept,4,140
44061,881370.000,spec_accept,4,140
44063,881410.000,canon_accept,4,141
44064,881430.000,mask_accept,4,141
44065,881450.000,spec_accept,4,141
44067,881490.000,canon_accept,4,142
44068,881510.000,mask_accept,4,142
44069,881530.000,spec_accept,4,142
44071,881570.000,canon_accept,4,143
44072,881590.000,mask_accept,4,143
44073,881610.000,spec_accept,4,143
44075,881650.000,canon_accept,4,144
44076,881670.000,mask_accept,4,144
44077,881690.000,spec_accept,4,144
44079,881730.000,canon_accept,4,145
44080,881750.000,mask_accept,4,145
44081,881770.000,spec_accept,4,145
44083,881810.000,canon_accept,4,146
44084,881830.000,mask_accept,4,146
44085,881850.000,spec_accept,4,146
44087,881890.000,canon_accept,4,147
44088,881910.000,mask_accept,4,147
44089,881930.000,spec_accept,4,147
44091,881970.000,canon_accept,4,148
44092,881990.000,mask_accept,4,148
44093,882010.000,spec_accept,4,148
44095,882050.000,canon_accept,4,149
44096,882070.000,mask_accept,4,149
44097,882090.000,spec_accept,4,149
44099,882130.000,canon_accept,4,150
44100,882150.000,mask_accept,4,150
44101,882170.000,spec_accept,4,150
44103,882210.000,canon_accept,4,151
44104,882230.000,mask_accept,4,151
44105,882250.000,spec_accept,4,151
44107,882290.000,canon_accept,4,152
44108,882310.000,mask_accept,4,152
44109,882330.000,spec_accept,4,152
44111,882370.000,canon_accept,4,153
44112,882390.000,mask_accept,4,153
44113,882410.000,spec_accept,4,153
44115,882450.000,canon_accept,4,154
44116,882470.000,mask_accept,4,154
44117,882490.000,spec_accept,4,154
44119,882530.000,canon_accept,4,155
44120,882550.000,mask_accept,4,155
44121,882570.000,spec_accept,4,155
44123,882610.000,canon_accept,4,156
44124,882630.000,mask_accept,4,156
44125,882650.000,spec_accept,4,156
44127,882690.000,canon_accept,4,157
44128,882710.000,mask_accept,4,157
44129,882730.000,spec_accept,4,157
44131,882770.000,canon_accept,4,158
44132,882790.000,mask_accept,4,158
44133,882810.000,spec_accept,4,158
44135,882850.000,canon_accept,4,159
44136,882870.000,mask_accept,4,159
44137,882890.000,spec_accept,4,159
44139,882930.000,canon_accept,4,160
44140,882950.000,mask_accept,4,160
44141,882970.000,spec_accept,4,160
44143,883010.000,canon_accept,4,161
44144,883030.000,mask_accept,4,161
44145,883050.000,spec_accept,4,161
44147,883090.000,canon_accept,4,162
44148,883110.000,mask_accept,4,162
44149,883130.000,spec_accept,4,162
44151,883170.000,canon_accept,4,163
44152,883190.000,mask_accept,4,163
44153,883210.000,spec_accept,4,163
44155,883250.000,canon_accept,4,164
44156,883270.000,mask_accept,4,164
44157,883290.000,spec_accept,4,164
44159,883330.000,canon_accept,4,165
44160,883350.000,mask_accept,4,165
44161,883370.000,spec_accept,4,165
44163,883410.000,canon_accept,4,166
44164,883430.000,mask_accept,4,166
44165,883450.000,spec_accept,4,166
44167,883490.000,canon_accept,4,167
44168,883510.000,mask_accept,4,167
44169,883530.000,spec_accept,4,167
44171,883570.000,canon_accept,4,168
44172,883590.000,mask_accept,4,168
44173,883610.000,spec_accept,4,168
44175,883650.000,canon_accept,4,169
44176,883670.000,mask_accept,4,169
44177,883690.000,spec_accept,4,169
44179,883730.000,canon_accept,4,170
44180,883750.000,mask_accept,4,170
44181,883770.000,spec_accept,4,170
44183,883810.000,canon_accept,4,171
44184,883830.000,mask_accept,4,171
44185,883850.000,spec_accept,4,171
44187,883890.000,canon_accept,4,172
44188,883910.000,mask_accept,4,172
44189,883930.000,spec_accept,4,172
44191,883970.000,canon_accept,4,173
44192,883990.000,mask_accept,4,173
44193,884010.000,spec_accept,4,173
44195,884050.000,canon_accept,4,174
44196,884070.000,mask_accept,4,174
44197,884090.000,spec_accept,4,174
44199,884130.000,canon_accept,4,175
44200,884150.000,mask_accept,4,175
44201,884170.000,spec_accept,4,175
44203,884210.000,canon_accept,4,176
44204,884230.000,mask_accept,4,176
44205,884250.000,spec_accept,4,176
44207,884290.000,canon_accept,4,177
44208,884310.000,mask_accept,4,177
44209,884330.000,spec_accept,4,177
44211,884370.000,canon_accept,4,178
44212,884390.000,mask_accept,4,178
44213,884410.000,spec_accept,4,178
44215,884450.000,canon_accept,4,179
44216,884470.000,mask_accept,4,179
44217,884490.000,spec_accept,4,179
44219,884530.000,canon_accept,4,180
44220,884550.000,mask_accept,4,180
44221,884570.000,spec_accept,4,180
44223,884610.000,canon_accept,4,181
44224,884630.000,mask_accept,4,181
44225,884650.000,spec_accept,4,181
44227,884690.000,canon_accept,4,182
44228,884710.000,mask_accept,4,182
44229,884730.000,spec_accept,4,182
44231,884770.000,canon_accept,4,183
44232,884790.000,mask_accept,4,183
44233,884810.000,spec_accept,4,183
44235,884850.000,canon_accept,4,184
44236,884870.000,mask_accept,4,184
44237,884890.000,spec_accept,4,184
44239,884930.000,canon_accept,4,185
44240,884950.000,mask_accept,4,185
44241,884970.000,spec_accept,4,185
44243,885010.000,canon_accept,4,186
44244,885030.000,mask_accept,4,186
44245,885050.000,spec_accept,4,186
44247,885090.000,canon_accept,4,187
44248,885110.000,mask_accept,4,187
44249,885130.000,spec_accept,4,187
44251,885170.000,canon_accept,4,188
44252,885190.000,mask_accept,4,188
44253,885210.000,spec_accept,4,188
44255,885250.000,canon_accept,4,189
44256,885270.000,mask_accept,4,189
44257,885290.000,spec_accept,4,189
44259,885330.000,canon_accept,4,190
44260,885350.000,mask_accept,4,190
44261,885370.000,spec_accept,4,190
44263,885410.000,canon_accept,4,191
44264,885430.000,mask_accept,4,191
44265,885450.000,spec_accept,4,191
44267,885490.000,canon_accept,4,192
44268,885510.000,mask_accept,4,192
44269,885530.000,spec_accept,4,192
44271,885570.000,canon_accept,4,193
44272,885590.000,mask_accept,4,193
44273,885610.000,spec_accept,4,193
44275,885650.000,canon_accept,4,194
44276,885670.000,mask_accept,4,194
44277,885690.000,spec_accept,4,194
44279,885730.000,canon_accept,4,195
44280,885750.000,mask_accept,4,195
44281,885770.000,spec_accept,4,195
44283,885810.000,canon_accept,4,196
44284,885830.000,mask_accept,4,196
44285,885850.000,spec_accept,4,196
44287,885890.000,canon_accept,4,197
44288,885910.000,mask_accept,4,197
44289,885930.000,spec_accept,4,197
44291,885970.000,canon_accept,4,198
44292,885990.000,mask_accept,4,198
44293,886010.000,spec_accept,4,198
44295,886050.000,canon_accept,4,199
44296,886070.000,mask_accept,4,199
44297,886090.000,spec_accept,4,199
44299,886130.000,canon_accept,4,200
44300,886150.000,mask_accept,4,200
44301,886170.000,spec_accept,4,200
44303,886210.000,canon_accept,4,201
44304,886230.000,mask_accept,4,201
44305,886250.000,spec_accept,4,201
44307,886290.000,canon_accept,4,202
44308,886310.000,mask_accept,4,202
44309,886330.000,spec_accept,4,202
44311,886370.000,canon_accept,4,203
44312,886390.000,mask_accept,4,203
44313,886410.000,spec_accept,4,203
44315,886450.000,canon_accept,4,204
44316,886470.000,mask_accept,4,204
44317,886490.000,spec_accept,4,204
44319,886530.000,canon_accept,4,205
44320,886550.000,mask_accept,4,205
44321,886570.000,spec_accept,4,205
44323,886610.000,canon_accept,4,206
44324,886630.000,mask_accept,4,206
44325,886650.000,spec_accept,4,206
44327,886690.000,canon_accept,4,207
44328,886710.000,mask_accept,4,207
44329,886730.000,spec_accept,4,207
44331,886770.000,canon_accept,4,208
44332,886790.000,mask_accept,4,208
44333,886810.000,spec_accept,4,208
44335,886850.000,canon_accept,4,209
44336,886870.000,mask_accept,4,209
44337,886890.000,spec_accept,4,209
44339,886930.000,canon_accept,4,210
44340,886950.000,mask_accept,4,210
44341,886970.000,spec_accept,4,210
44343,887010.000,canon_accept,4,211
44344,887030.000,mask_accept,4,211
44345,887050.000,spec_accept,4,211
44347,887090.000,canon_accept,4,212
44348,887110.000,mask_accept,4,212
44349,887130.000,spec_accept,4,212
44351,887170.000,canon_accept,4,213
44352,887190.000,mask_accept,4,213
44353,887210.000,spec_accept,4,213
44355,887250.000,canon_accept,4,214
44356,887270.000,mask_accept,4,214
44357,887290.000,spec_accept,4,214
44359,887330.000,canon_accept,4,215
44360,887350.000,mask_accept,4,215
44361,887370.000,spec_accept,4,215
44363,887410.000,canon_accept,4,216
44364,887430.000,mask_accept,4,216
44365,887450.000,spec_accept,4,216
44367,887490.000,canon_accept,4,217
44368,887510.000,mask_accept,4,217
44369,887530.000,spec_accept,4,217
44371,887570.000,canon_accept,4,218
44372,887590.000,mask_accept,4,218
44373,887610.000,spec_accept,4,218
44375,887650.000,canon_accept,4,219
44376,887670.000,mask_accept,4,219
44377,887690.000,spec_accept,4,219
44379,887730.000,canon_accept,4,220
44380,887750.000,mask_accept,4,220
44381,887770.000,spec_accept,4,220
44383,887810.000,canon_accept,4,221
44384,887830.000,mask_accept,4,221
44385,887850.000,spec_accept,4,221
44387,887890.000,canon_accept,4,222
44388,887910.000,mask_accept,4,222
44389,887930.000,spec_accept,4,222
44391,887970.000,canon_accept,4,223
44392,887990.000,mask_accept,4,223
44393,888010.000,spec_accept,4,223
44395,888050.000,canon_accept,4,224
44396,888070.000,mask_accept,4,224
44397,888090.000,spec_accept,4,224
44399,888130.000,canon_accept,4,225
44400,888150.000,mask_accept,4,225
44401,888170.000,spec_accept,4,225
44403,888210.000,canon_accept,4,226
44404,888230.000,mask_accept,4,226
44405,888250.000,spec_accept,4,226
44407,888290.000,canon_accept,4,227
44408,888310.000,mask_accept,4,227
44409,888330.000,spec_accept,4,227
44411,888370.000,canon_accept,4,228
44412,888390.000,mask_accept,4,228
44413,888410.000,spec_accept,4,228
44415,888450.000,canon_accept,4,229
44416,888470.000,mask_accept,4,229
44417,888490.000,spec_accept,4,229
44419,888530.000,canon_accept,4,230
44420,888550.000,mask_accept,4,230
44421,888570.000,spec_accept,4,230
44423,888610.000,canon_accept,4,231
44424,888630.000,mask_accept,4,231
44425,888650.000,spec_accept,4,231
44427,888690.000,canon_accept,4,232
44428,888710.000,mask_accept,4,232
44429,888730.000,spec_accept,4,232
44431,888770.000,canon_accept,4,233
44432,888790.000,mask_accept,4,233
44433,888810.000,spec_accept,4,233
44435,888850.000,canon_accept,4,234
44436,888870.000,mask_accept,4,234
44437,888890.000,spec_accept,4,234
44439,888930.000,canon_accept,4,235
44440,888950.000,mask_accept,4,235
44441,888970.000,spec_accept,4,235
44443,889010.000,canon_accept,4,236
44444,889030.000,mask_accept,4,236
44445,889050.000,spec_accept,4,236
44447,889090.000,canon_accept,4,237
44448,889110.000,mask_accept,4,237
44449,889130.000,spec_accept,4,237
44451,889170.000,canon_accept,4,238
44452,889190.000,mask_accept,4,238
44453,889210.000,spec_accept,4,238
44455,889250.000,canon_accept,4,239
44456,889270.000,mask_accept,4,239
44457,889290.000,spec_accept,4,239
44459,889330.000,canon_accept,4,240
44460,889350.000,mask_accept,4,240
44461,889370.000,spec_accept,4,240
44463,889410.000,canon_accept,4,241
44464,889430.000,mask_accept,4,241
44465,889450.000,spec_accept,4,241
44467,889490.000,canon_accept,4,242
44468,889510.000,mask_accept,4,242
44469,889530.000,spec_accept,4,242
44471,889570.000,canon_accept,4,243
44472,889590.000,mask_accept,4,243
44473,889610.000,spec_accept,4,243
44475,889650.000,canon_accept,4,244
44476,889670.000,mask_accept,4,244
44477,889690.000,spec_accept,4,244
44479,889730.000,canon_accept,4,245
44480,889750.000,mask_accept,4,245
44481,889770.000,spec_accept,4,245
44483,889810.000,canon_accept,4,246
44484,889830.000,mask_accept,4,246
44485,889850.000,spec_accept,4,246
44487,889890.000,canon_accept,4,247
44488,889910.000,mask_accept,4,247
44489,889930.000,spec_accept,4,247
44491,889970.000,canon_accept,4,248
44492,889990.000,mask_accept,4,248
44493,890010.000,spec_accept,4,248
44495,890050.000,canon_accept,4,249
44496,890070.000,mask_accept,4,249
44497,890090.000,spec_accept,4,249
44499,890130.000,canon_accept,4,250
44500,890150.000,mask_accept,4,250
44501,890170.000,spec_accept,4,250
44503,890210.000,canon_accept,4,251
44504,890230.000,mask_accept,4,251
44505,890250.000,spec_accept,4,251
44507,890290.000,canon_accept,4,252
44508,890310.000,mask_accept,4,252
44509,890330.000,spec_accept,4,252
44511,890370.000,canon_accept,4,253
44512,890390.000,mask_accept,4,253
44513,890410.000,spec_accept,4,253
44515,890450.000,canon_accept,4,254
44516,890470.000,mask_accept,4,254
44517,890490.000,spec_accept,4,254
44519,890530.000,canon_accept,4,255
44520,890550.000,mask_accept,4,255
44521,890570.000,spec_accept,4,255
44522,890590.000,ifft_compute_start,4,1
49154,983230.000,fft_compute_end,5,-1
49155,983250.000,fft_accept,5,0
49157,983290.000,fft_accept,5,1
49159,983330.000,fft_accept,5,2
49161,983370.000,fft_accept,5,3
49163,983410.000,fft_accept,5,4
49165,983450.000,fft_accept,5,5
49167,983490.000,fft_accept,5,6
49169,983530.000,fft_accept,5,7
49171,983570.000,fft_accept,5,8
49173,983610.000,fft_accept,5,9
49175,983650.000,fft_accept,5,10
49177,983690.000,fft_accept,5,11
49179,983730.000,fft_accept,5,12
49181,983770.000,fft_accept,5,13
49183,983810.000,fft_accept,5,14
49185,983850.000,fft_accept,5,15
49187,983890.000,fft_accept,5,16
49189,983930.000,fft_accept,5,17
49191,983970.000,fft_accept,5,18
49193,984010.000,fft_accept,5,19
49195,984050.000,fft_accept,5,20
49197,984090.000,fft_accept,5,21
49199,984130.000,fft_accept,5,22
49201,984170.000,fft_accept,5,23
49203,984210.000,fft_accept,5,24
49205,984250.000,fft_accept,5,25
49207,984290.000,fft_accept,5,26
49209,984330.000,fft_accept,5,27
49211,984370.000,fft_accept,5,28
49213,984410.000,fft_accept,5,29
49215,984450.000,fft_accept,5,30
49217,984490.000,fft_accept,5,31
49219,984530.000,fft_accept,5,32
49221,984570.000,fft_accept,5,33
49223,984610.000,fft_accept,5,34
49225,984650.000,fft_accept,5,35
49227,984690.000,fft_accept,5,36
49229,984730.000,fft_accept,5,37
49231,984770.000,fft_accept,5,38
49233,984810.000,fft_accept,5,39
49235,984850.000,fft_accept,5,40
49237,984890.000,fft_accept,5,41
49239,984930.000,fft_accept,5,42
49241,984970.000,fft_accept,5,43
49243,985010.000,fft_accept,5,44
49245,985050.000,fft_accept,5,45
49247,985090.000,fft_accept,5,46
49249,985130.000,fft_accept,5,47
49251,985170.000,fft_accept,5,48
49253,985210.000,fft_accept,5,49
49255,985250.000,fft_accept,5,50
49257,985290.000,fft_accept,5,51
49259,985330.000,fft_accept,5,52
49261,985370.000,fft_accept,5,53
49263,985410.000,fft_accept,5,54
49265,985450.000,fft_accept,5,55
49267,985490.000,fft_accept,5,56
49269,985530.000,fft_accept,5,57
49271,985570.000,fft_accept,5,58
49273,985610.000,fft_accept,5,59
49275,985650.000,fft_accept,5,60
49277,985690.000,fft_accept,5,61
49279,985730.000,fft_accept,5,62
49281,985770.000,fft_accept,5,63
49283,985810.000,fft_accept,5,64
49285,985850.000,fft_accept,5,65
49287,985890.000,fft_accept,5,66
49289,985930.000,fft_accept,5,67
49291,985970.000,fft_accept,5,68
49293,986010.000,fft_accept,5,69
49295,986050.000,fft_accept,5,70
49297,986090.000,fft_accept,5,71
49299,986130.000,fft_accept,5,72
49301,986170.000,fft_accept,5,73
49303,986210.000,fft_accept,5,74
49305,986250.000,fft_accept,5,75
49307,986290.000,fft_accept,5,76
49309,986330.000,fft_accept,5,77
49311,986370.000,fft_accept,5,78
49313,986410.000,fft_accept,5,79
49315,986450.000,fft_accept,5,80
49317,986490.000,fft_accept,5,81
49319,986530.000,fft_accept,5,82
49321,986570.000,fft_accept,5,83
49323,986610.000,fft_accept,5,84
49325,986650.000,fft_accept,5,85
49327,986690.000,fft_accept,5,86
49329,986730.000,fft_accept,5,87
49331,986770.000,fft_accept,5,88
49333,986810.000,fft_accept,5,89
49335,986850.000,fft_accept,5,90
49337,986890.000,fft_accept,5,91
49339,986930.000,fft_accept,5,92
49341,986970.000,fft_accept,5,93
49343,987010.000,fft_accept,5,94
49345,987050.000,fft_accept,5,95
49347,987090.000,fft_accept,5,96
49349,987130.000,fft_accept,5,97
49351,987170.000,fft_accept,5,98
49353,987210.000,fft_accept,5,99
49355,987250.000,fft_accept,5,100
49357,987290.000,fft_accept,5,101
49359,987330.000,fft_accept,5,102
49361,987370.000,fft_accept,5,103
49363,987410.000,fft_accept,5,104
49365,987450.000,fft_accept,5,105
49367,987490.000,fft_accept,5,106
49369,987530.000,fft_accept,5,107
49371,987570.000,fft_accept,5,108
49373,987610.000,fft_accept,5,109
49375,987650.000,fft_accept,5,110
49377,987690.000,fft_accept,5,111
49379,987730.000,fft_accept,5,112
49381,987770.000,fft_accept,5,113
49383,987810.000,fft_accept,5,114
49385,987850.000,fft_accept,5,115
49387,987890.000,fft_accept,5,116
49389,987930.000,fft_accept,5,117
49391,987970.000,fft_accept,5,118
49393,988010.000,fft_accept,5,119
49395,988050.000,fft_accept,5,120
49397,988090.000,fft_accept,5,121
49399,988130.000,fft_accept,5,122
49401,988170.000,fft_accept,5,123
49403,988210.000,fft_accept,5,124
49405,988250.000,fft_accept,5,125
49407,988290.000,fft_accept,5,126
49409,988330.000,fft_accept,5,127
49411,988370.000,fft_accept,5,128
49413,988410.000,fft_accept,5,129
49415,988450.000,fft_accept,5,130
49417,988490.000,fft_accept,5,131
49419,988530.000,fft_accept,5,132
49421,988570.000,fft_accept,5,133
49423,988610.000,fft_accept,5,134
49425,988650.000,fft_accept,5,135
49427,988690.000,fft_accept,5,136
49429,988730.000,fft_accept,5,137
49431,988770.000,fft_accept,5,138
49433,988810.000,fft_accept,5,139
49435,988850.000,fft_accept,5,140
49437,988890.000,fft_accept,5,141
49439,988930.000,fft_accept,5,142
49441,988970.000,fft_accept,5,143
49443,989010.000,fft_accept,5,144
49445,989050.000,fft_accept,5,145
49447,989090.000,fft_accept,5,146
49449,989130.000,fft_accept,5,147
49451,989170.000,fft_accept,5,148
49453,989210.000,fft_accept,5,149
49455,989250.000,fft_accept,5,150
49457,989290.000,fft_accept,5,151
49459,989330.000,fft_accept,5,152
49461,989370.000,fft_accept,5,153
49463,989410.000,fft_accept,5,154
49465,989450.000,fft_accept,5,155
49467,989490.000,fft_accept,5,156
49469,989530.000,fft_accept,5,157
49471,989570.000,fft_accept,5,158
49473,989610.000,fft_accept,5,159
49475,989650.000,fft_accept,5,160
49477,989690.000,fft_accept,5,161
49479,989730.000,fft_accept,5,162
49481,989770.000,fft_accept,5,163
49483,989810.000,fft_accept,5,164
49485,989850.000,fft_accept,5,165
49487,989890.000,fft_accept,5,166
49489,989930.000,fft_accept,5,167
49491,989970.000,fft_accept,5,168
49493,990010.000,fft_accept,5,169
49495,990050.000,fft_accept,5,170
49497,990090.000,fft_accept,5,171
49499,990130.000,fft_accept,5,172
49501,990170.000,fft_accept,5,173
49503,990210.000,fft_accept,5,174
49505,990250.000,fft_accept,5,175
49507,990290.000,fft_accept,5,176
49509,990330.000,fft_accept,5,177
49511,990370.000,fft_accept,5,178
49513,990410.000,fft_accept,5,179
49515,990450.000,fft_accept,5,180
49517,990490.000,fft_accept,5,181
49519,990530.000,fft_accept,5,182
49521,990570.000,fft_accept,5,183
49523,990610.000,fft_accept,5,184
49525,990650.000,fft_accept,5,185
49527,990690.000,fft_accept,5,186
49529,990730.000,fft_accept,5,187
49531,990770.000,fft_accept,5,188
49533,990810.000,fft_accept,5,189
49535,990850.000,fft_accept,5,190
49537,990890.000,fft_accept,5,191
49539,990930.000,fft_accept,5,192
49541,990970.000,fft_accept,5,193
49543,991010.000,fft_accept,5,194
49545,991050.000,fft_accept,5,195
49547,991090.000,fft_accept,5,196
49549,991130.000,fft_accept,5,197
49551,991170.000,fft_accept,5,198
49553,991210.000,fft_accept,5,199
49555,991250.000,fft_accept,5,200
49557,991290.000,fft_accept,5,201
49559,991330.000,fft_accept,5,202
49561,991370.000,fft_accept,5,203
49563,991410.000,fft_accept,5,204
49565,991450.000,fft_accept,5,205
49567,991490.000,fft_accept,5,206
49569,991530.000,fft_accept,5,207
49571,991570.000,fft_accept,5,208
49573,991610.000,fft_accept,5,209
49575,991650.000,fft_accept,5,210
49577,991690.000,fft_accept,5,211
49579,991730.000,fft_accept,5,212
49581,991770.000,fft_accept,5,213
49583,991810.000,fft_accept,5,214
49585,991850.000,fft_accept,5,215
49587,991890.000,fft_accept,5,216
49589,991930.000,fft_accept,5,217
49591,991970.000,fft_accept,5,218
49593,992010.000,fft_accept,5,219
49595,992050.000,fft_accept,5,220
49597,992090.000,fft_accept,5,221
49599,992130.000,fft_accept,5,222
49601,992170.000,fft_accept,5,223
49603,992210.000,fft_accept,5,224
49605,992250.000,fft_accept,5,225
49607,992290.000,fft_accept,5,226
49609,992330.000,fft_accept,5,227
49611,992370.000,fft_accept,5,228
49613,992410.000,fft_accept,5,229
49615,992450.000,fft_accept,5,230
49617,992490.000,fft_accept,5,231
49619,992530.000,fft_accept,5,232
49621,992570.000,fft_accept,5,233
49623,992610.000,fft_accept,5,234
49625,992650.000,fft_accept,5,235
49627,992690.000,fft_accept,5,236
49629,992730.000,fft_accept,5,237
49631,992770.000,fft_accept,5,238
49633,992810.000,fft_accept,5,239
49635,992850.000,fft_accept,5,240
49637,992890.000,fft_accept,5,241
49639,992930.000,fft_accept,5,242
49641,992970.000,fft_accept,5,243
49643,993010.000,fft_accept,5,244
49645,993050.000,fft_accept,5,245
49647,993090.000,fft_accept,5,246
49649,993130.000,fft_accept,5,247
49651,993170.000,fft_accept,5,248
49653,993210.000,fft_accept,5,249
49655,993250.000,fft_accept,5,250
49657,993290.000,fft_accept,5,251
49659,993330.000,fft_accept,5,252
49661,993370.000,fft_accept,5,253
49663,993410.000,fft_accept,5,254
49665,993450.000,fft_accept,5,255
49666,993470.000,window_accept,6,0
49667,993490.000,window_accept,6,1
49669,993530.000,window_accept,6,2
49669,993530.000,canon_accept,5,0
49670,993550.000,mask_accept,5,0
49671,993570.000,window_accept,6,3
49673,993610.000,window_accept,6,4
49673,993610.000,canon_accept,5,1
49675,993650.000,window_accept,6,5
49677,993690.000,window_accept,6,6
49679,993730.000,window_accept,6,7
49681,993770.000,window_accept,6,8
49683,993810.000,window_accept,6,9
49685,993850.000,window_accept,6,10
49687,993890.000,window_accept,6,11
49689,993930.000,window_accept,6,12
49691,993970.000,window_accept,6,13
49693,994010.000,window_accept,6,14
49695,994050.000,window_accept,6,15
49697,994090.000,window_accept,6,16
49699,994130.000,window_accept,6,17
49701,994170.000,window_accept,6,18
49703,994210.000,window_accept,6,19
49705,994250.000,window_accept,6,20
49707,994290.000,window_accept,6,21
49709,994330.000,window_accept,6,22
49711,994370.000,window_accept,6,23
49713,994410.000,window_accept,6,24
49715,994450.000,window_accept,6,25
49717,994490.000,window_accept,6,26
49719,994530.000,window_accept,6,27
49721,994570.000,window_accept,6,28
49723,994610.000,window_accept,6,29
49725,994650.000,window_accept,6,30
49727,994690.000,window_accept,6,31
49729,994730.000,window_accept,6,32
49731,994770.000,window_accept,6,33
49733,994810.000,window_accept,6,34
49735,994850.000,window_accept,6,35
49737,994890.000,window_accept,6,36
49739,994930.000,window_accept,6,37
49741,994970.000,window_accept,6,38
49743,995010.000,window_accept,6,39
49745,995050.000,window_accept,6,40
49747,995090.000,window_accept,6,41
49749,995130.000,window_accept,6,42
49751,995170.000,window_accept,6,43
49753,995210.000,window_accept,6,44
49755,995250.000,window_accept,6,45
49757,995290.000,window_accept,6,46
49759,995330.000,window_accept,6,47
49761,995370.000,window_accept,6,48
49763,995410.000,window_accept,6,49
49765,995450.000,window_accept,6,50
49767,995490.000,window_accept,6,51
49769,995530.000,window_accept,6,52
49771,995570.000,window_accept,6,53
49773,995610.000,window_accept,6,54
49775,995650.000,window_accept,6,55
49777,995690.000,window_accept,6,56
49779,995730.000,window_accept,6,57
49781,995770.000,window_accept,6,58
49783,995810.000,window_accept,6,59
49785,995850.000,window_accept,6,60
49787,995890.000,window_accept,6,61
49789,995930.000,window_accept,6,62
49791,995970.000,window_accept,6,63
49793,996010.000,window_accept,6,64
49795,996050.000,window_accept,6,65
49797,996090.000,window_accept,6,66
49799,996130.000,window_accept,6,67
49801,996170.000,window_accept,6,68
49803,996210.000,window_accept,6,69
49805,996250.000,window_accept,6,70
49807,996290.000,window_accept,6,71
49809,996330.000,window_accept,6,72
49811,996370.000,window_accept,6,73
49813,996410.000,window_accept,6,74
49815,996450.000,window_accept,6,75
49817,996490.000,window_accept,6,76
49819,996530.000,window_accept,6,77
49821,996570.000,window_accept,6,78
49823,996610.000,window_accept,6,79
49825,996650.000,window_accept,6,80
49827,996690.000,window_accept,6,81
49829,996730.000,window_accept,6,82
49831,996770.000,window_accept,6,83
49833,996810.000,window_accept,6,84
49835,996850.000,window_accept,6,85
49837,996890.000,window_accept,6,86
49839,996930.000,window_accept,6,87
49841,996970.000,window_accept,6,88
49843,997010.000,window_accept,6,89
49845,997050.000,window_accept,6,90
49847,997090.000,window_accept,6,91
49849,997130.000,window_accept,6,92
49851,997170.000,window_accept,6,93
49853,997210.000,window_accept,6,94
49855,997250.000,window_accept,6,95
49857,997290.000,window_accept,6,96
49859,997330.000,window_accept,6,97
49861,997370.000,window_accept,6,98
49863,997410.000,window_accept,6,99
49865,997450.000,window_accept,6,100
49867,997490.000,window_accept,6,101
49869,997530.000,window_accept,6,102
49871,997570.000,window_accept,6,103
49873,997610.000,window_accept,6,104
49875,997650.000,window_accept,6,105
49877,997690.000,window_accept,6,106
49879,997730.000,window_accept,6,107
49881,997770.000,window_accept,6,108
49883,997810.000,window_accept,6,109
49885,997850.000,window_accept,6,110
49887,997890.000,window_accept,6,111
49889,997930.000,window_accept,6,112
49891,997970.000,window_accept,6,113
49893,998010.000,window_accept,6,114
49895,998050.000,window_accept,6,115
49897,998090.000,window_accept,6,116
49899,998130.000,window_accept,6,117
49901,998170.000,window_accept,6,118
49903,998210.000,window_accept,6,119
49905,998250.000,window_accept,6,120
49907,998290.000,window_accept,6,121
49909,998330.000,window_accept,6,122
49911,998370.000,window_accept,6,123
49913,998410.000,window_accept,6,124
49915,998450.000,window_accept,6,125
49917,998490.000,window_accept,6,126
49919,998530.000,window_accept,6,127
49921,998570.000,window_accept,6,128
49923,998610.000,window_accept,6,129
49925,998650.000,window_accept,6,130
49927,998690.000,window_accept,6,131
49929,998730.000,window_accept,6,132
49931,998770.000,window_accept,6,133
49933,998810.000,window_accept,6,134
49935,998850.000,window_accept,6,135
49937,998890.000,window_accept,6,136
49939,998930.000,window_accept,6,137
49941,998970.000,window_accept,6,138
49943,999010.000,window_accept,6,139
49945,999050.000,window_accept,6,140
49947,999090.000,window_accept,6,141
49949,999130.000,window_accept,6,142
49951,999170.000,window_accept,6,143
49953,999210.000,window_accept,6,144
49955,999250.000,window_accept,6,145
49957,999290.000,window_accept,6,146
49959,999330.000,window_accept,6,147
49961,999370.000,window_accept,6,148
49963,999410.000,window_accept,6,149
49965,999450.000,window_accept,6,150
49967,999490.000,window_accept,6,151
49969,999530.000,window_accept,6,152
49971,999570.000,window_accept,6,153
49973,999610.000,window_accept,6,154
49975,999650.000,window_accept,6,155
49977,999690.000,window_accept,6,156
49979,999730.000,window_accept,6,157
49981,999770.000,window_accept,6,158
49983,999810.000,window_accept,6,159
49985,999850.000,window_accept,6,160
49987,999890.000,window_accept,6,161
49989,999930.000,window_accept,6,162
49991,999970.000,window_accept,6,163
49993,1000010.000,window_accept,6,164
49995,1000050.000,window_accept,6,165
49997,1000090.000,window_accept,6,166
49999,1000130.000,window_accept,6,167
50001,1000170.000,window_accept,6,168
50003,1000210.000,window_accept,6,169
50005,1000250.000,window_accept,6,170
50007,1000290.000,window_accept,6,171
50009,1000330.000,window_accept,6,172
50011,1000370.000,window_accept,6,173
50013,1000410.000,window_accept,6,174
50015,1000450.000,window_accept,6,175
50017,1000490.000,window_accept,6,176
50019,1000530.000,window_accept,6,177
50021,1000570.000,window_accept,6,178
50023,1000610.000,window_accept,6,179
50025,1000650.000,window_accept,6,180
50027,1000690.000,window_accept,6,181
50029,1000730.000,window_accept,6,182
50031,1000770.000,window_accept,6,183
50033,1000810.000,window_accept,6,184
50035,1000850.000,window_accept,6,185
50037,1000890.000,window_accept,6,186
50039,1000930.000,window_accept,6,187
50041,1000970.000,window_accept,6,188
50043,1001010.000,window_accept,6,189
50045,1001050.000,window_accept,6,190
50047,1001090.000,window_accept,6,191
50049,1001130.000,window_accept,6,192
50051,1001170.000,window_accept,6,193
50053,1001210.000,window_accept,6,194
50055,1001250.000,window_accept,6,195
50057,1001290.000,window_accept,6,196
50059,1001330.000,window_accept,6,197
50061,1001370.000,window_accept,6,198
50063,1001410.000,window_accept,6,199
50065,1001450.000,window_accept,6,200
50067,1001490.000,window_accept,6,201
50069,1001530.000,window_accept,6,202
50071,1001570.000,window_accept,6,203
50073,1001610.000,window_accept,6,204
50075,1001650.000,window_accept,6,205
50077,1001690.000,window_accept,6,206
50079,1001730.000,window_accept,6,207
50081,1001770.000,window_accept,6,208
50083,1001810.000,window_accept,6,209
50085,1001850.000,window_accept,6,210
50087,1001890.000,window_accept,6,211
50089,1001930.000,window_accept,6,212
50091,1001970.000,window_accept,6,213
50093,1002010.000,window_accept,6,214
50095,1002050.000,window_accept,6,215
50097,1002090.000,window_accept,6,216
50099,1002130.000,window_accept,6,217
50101,1002170.000,window_accept,6,218
50103,1002210.000,window_accept,6,219
50105,1002250.000,window_accept,6,220
50107,1002290.000,window_accept,6,221
50109,1002330.000,window_accept,6,222
50111,1002370.000,window_accept,6,223
50113,1002410.000,window_accept,6,224
50115,1002450.000,window_accept,6,225
50117,1002490.000,window_accept,6,226
50119,1002530.000,window_accept,6,227
50121,1002570.000,window_accept,6,228
50123,1002610.000,window_accept,6,229
50125,1002650.000,window_accept,6,230
50127,1002690.000,window_accept,6,231
50129,1002730.000,window_accept,6,232
50131,1002770.000,window_accept,6,233
50133,1002810.000,window_accept,6,234
50135,1002850.000,window_accept,6,235
50137,1002890.000,window_accept,6,236
50139,1002930.000,window_accept,6,237
50141,1002970.000,window_accept,6,238
50143,1003010.000,window_accept,6,239
50145,1003050.000,window_accept,6,240
50147,1003090.000,window_accept,6,241
50149,1003130.000,window_accept,6,242
50151,1003170.000,window_accept,6,243
50153,1003210.000,window_accept,6,244
50155,1003250.000,window_accept,6,245
50157,1003290.000,window_accept,6,246
50159,1003330.000,window_accept,6,247
50161,1003370.000,window_accept,6,248
50163,1003410.000,window_accept,6,249
50165,1003450.000,window_accept,6,250
50167,1003490.000,window_accept,6,251
50169,1003530.000,window_accept,6,252
50171,1003570.000,window_accept,6,253
50173,1003610.000,window_accept,6,254
50175,1003650.000,source_accept,-1,897
50175,1003650.000,window_accept,6,255
50176,1003670.000,source_accept,-1,898
50176,1003670.000,fft_compute_start,6,1
50177,1003690.000,source_accept,-1,899
50178,1003710.000,source_accept,-1,900
50179,1003730.000,source_accept,-1,901
50180,1003750.000,source_accept,-1,902
50181,1003770.000,source_accept,-1,903
50182,1003790.000,source_accept,-1,904
50183,1003810.000,source_accept,-1,905
50184,1003830.000,source_accept,-1,906
50185,1003850.000,source_accept,-1,907
50186,1003870.000,source_accept,-1,908
50187,1003890.000,source_accept,-1,909
50188,1003910.000,source_accept,-1,910
50189,1003930.000,source_accept,-1,911
50190,1003950.000,source_accept,-1,912
50191,1003970.000,source_accept,-1,913
50192,1003990.000,source_accept,-1,914
50193,1004010.000,source_accept,-1,915
50194,1004030.000,source_accept,-1,916
50195,1004050.000,source_accept,-1,917
50196,1004070.000,source_accept,-1,918
50197,1004090.000,source_accept,-1,919
50198,1004110.000,source_accept,-1,920
50199,1004130.000,source_accept,-1,921
50200,1004150.000,source_accept,-1,922
50201,1004170.000,source_accept,-1,923
50202,1004190.000,source_accept,-1,924
50203,1004210.000,source_accept,-1,925
50204,1004230.000,source_accept,-1,926
50205,1004250.000,source_accept,-1,927
50206,1004270.000,source_accept,-1,928
50207,1004290.000,source_accept,-1,929
50208,1004310.000,source_accept,-1,930
50209,1004330.000,source_accept,-1,931
50210,1004350.000,source_accept,-1,932
50211,1004370.000,source_accept,-1,933
50212,1004390.000,source_accept,-1,934
50213,1004410.000,source_accept,-1,935
50214,1004430.000,source_accept,-1,936
50215,1004450.000,source_accept,-1,937
50216,1004470.000,source_accept,-1,938
50217,1004490.000,source_accept,-1,939
50218,1004510.000,source_accept,-1,940
50219,1004530.000,source_accept,-1,941
50220,1004550.000,source_accept,-1,942
50221,1004570.000,source_accept,-1,943
50222,1004590.000,source_accept,-1,944
50223,1004610.000,source_accept,-1,945
50224,1004630.000,source_accept,-1,946
50225,1004650.000,source_accept,-1,947
50226,1004670.000,source_accept,-1,948
50227,1004690.000,source_accept,-1,949
50228,1004710.000,source_accept,-1,950
50229,1004730.000,source_accept,-1,951
50230,1004750.000,source_accept,-1,952
50231,1004770.000,source_accept,-1,953
50232,1004790.000,source_accept,-1,954
50233,1004810.000,source_accept,-1,955
50234,1004830.000,source_accept,-1,956
50235,1004850.000,source_accept,-1,957
50236,1004870.000,source_accept,-1,958
50237,1004890.000,source_accept,-1,959
50238,1004910.000,source_accept,-1,960
50239,1004930.000,source_accept,-1,961
50240,1004950.000,source_accept,-1,962
50241,1004970.000,source_accept,-1,963
50242,1004990.000,source_accept,-1,964
50243,1005010.000,source_accept,-1,965
50244,1005030.000,source_accept,-1,966
50245,1005050.000,source_accept,-1,967
50246,1005070.000,source_accept,-1,968
50247,1005090.000,source_accept,-1,969
50248,1005110.000,source_accept,-1,970
50249,1005130.000,source_accept,-1,971
50250,1005150.000,source_accept,-1,972
50251,1005170.000,source_accept,-1,973
50252,1005190.000,source_accept,-1,974
50253,1005210.000,source_accept,-1,975
50254,1005230.000,source_accept,-1,976
50255,1005250.000,source_accept,-1,977
50256,1005270.000,source_accept,-1,978
50257,1005290.000,source_accept,-1,979
50258,1005310.000,source_accept,-1,980
50259,1005330.000,source_accept,-1,981
50260,1005350.000,source_accept,-1,982
50261,1005370.000,source_accept,-1,983
50262,1005390.000,source_accept,-1,984
50263,1005410.000,source_accept,-1,985
50264,1005430.000,source_accept,-1,986
50265,1005450.000,source_accept,-1,987
50266,1005470.000,source_accept,-1,988
50267,1005490.000,source_accept,-1,989
50268,1005510.000,source_accept,-1,990
50269,1005530.000,source_accept,-1,991
50270,1005550.000,source_accept,-1,992
50271,1005570.000,source_accept,-1,993
50272,1005590.000,source_accept,-1,994
50273,1005610.000,source_accept,-1,995
50274,1005630.000,source_accept,-1,996
50275,1005650.000,source_accept,-1,997
50276,1005670.000,source_accept,-1,998
50277,1005690.000,source_accept,-1,999
50278,1005710.000,source_accept,-1,1000
50279,1005730.000,source_accept,-1,1001
50280,1005750.000,source_accept,-1,1002
50281,1005770.000,source_accept,-1,1003
50282,1005790.000,source_accept,-1,1004
50283,1005810.000,source_accept,-1,1005
50284,1005830.000,source_accept,-1,1006
50285,1005850.000,source_accept,-1,1007
50286,1005870.000,source_accept,-1,1008
50287,1005890.000,source_accept,-1,1009
50288,1005910.000,source_accept,-1,1010
50289,1005930.000,source_accept,-1,1011
50290,1005950.000,source_accept,-1,1012
50291,1005970.000,source_accept,-1,1013
50292,1005990.000,source_accept,-1,1014
50293,1006010.000,source_accept,-1,1015
50294,1006030.000,source_accept,-1,1016
50295,1006050.000,source_accept,-1,1017
50296,1006070.000,source_accept,-1,1018
50297,1006090.000,source_accept,-1,1019
50298,1006110.000,source_accept,-1,1020
50299,1006130.000,source_accept,-1,1021
50300,1006150.000,source_accept,-1,1022
50301,1006170.000,source_accept,-1,1023
50302,1006190.000,source_accept,-1,1024
50303,1006210.000,frame_request,7,-1
51690,1033950.000,ifft_compute_end,4,-1
51691,1033970.000,ifft_accept,4,0
51693,1034010.000,ifft_accept,4,1
51695,1034050.000,ifft_accept,4,2
51697,1034090.000,ifft_accept,4,3
51699,1034130.000,ifft_accept,4,4
51701,1034170.000,ifft_accept,4,5
51703,1034210.000,ifft_accept,4,6
51705,1034250.000,ifft_accept,4,7
51707,1034290.000,ifft_accept,4,8
51709,1034330.000,ifft_accept,4,9
51711,1034370.000,ifft_accept,4,10
51713,1034410.000,ifft_accept,4,11
51715,1034450.000,ifft_accept,4,12
51717,1034490.000,ifft_accept,4,13
51719,1034530.000,ifft_accept,4,14
51721,1034570.000,ifft_accept,4,15
51723,1034610.000,ifft_accept,4,16
51725,1034650.000,ifft_accept,4,17
51727,1034690.000,ifft_accept,4,18
51729,1034730.000,ifft_accept,4,19
51731,1034770.000,ifft_accept,4,20
51733,1034810.000,ifft_accept,4,21
51735,1034850.000,ifft_accept,4,22
51737,1034890.000,ifft_accept,4,23
51739,1034930.000,ifft_accept,4,24
51741,1034970.000,ifft_accept,4,25
51743,1035010.000,ifft_accept,4,26
51745,1035050.000,ifft_accept,4,27
51747,1035090.000,ifft_accept,4,28
51749,1035130.000,ifft_accept,4,29
51751,1035170.000,ifft_accept,4,30
51753,1035210.000,ifft_accept,4,31
51755,1035250.000,ifft_accept,4,32
51757,1035290.000,ifft_accept,4,33
51759,1035330.000,ifft_accept,4,34
51761,1035370.000,ifft_accept,4,35
51763,1035410.000,ifft_accept,4,36
51765,1035450.000,ifft_accept,4,37
51767,1035490.000,ifft_accept,4,38
51769,1035530.000,ifft_accept,4,39
51771,1035570.000,ifft_accept,4,40
51773,1035610.000,ifft_accept,4,41
51775,1035650.000,ifft_accept,4,42
51777,1035690.000,ifft_accept,4,43
51779,1035730.000,ifft_accept,4,44
51781,1035770.000,ifft_accept,4,45
51783,1035810.000,ifft_accept,4,46
51785,1035850.000,ifft_accept,4,47
51787,1035890.000,ifft_accept,4,48
51789,1035930.000,ifft_accept,4,49
51791,1035970.000,ifft_accept,4,50
51793,1036010.000,ifft_accept,4,51
51795,1036050.000,ifft_accept,4,52
51797,1036090.000,ifft_accept,4,53
51799,1036130.000,ifft_accept,4,54
51801,1036170.000,ifft_accept,4,55
51803,1036210.000,ifft_accept,4,56
51805,1036250.000,ifft_accept,4,57
51807,1036290.000,ifft_accept,4,58
51809,1036330.000,ifft_accept,4,59
51811,1036370.000,ifft_accept,4,60
51813,1036410.000,ifft_accept,4,61
51815,1036450.000,ifft_accept,4,62
51817,1036490.000,ifft_accept,4,63
51819,1036530.000,ifft_accept,4,64
51821,1036570.000,ifft_accept,4,65
51823,1036610.000,ifft_accept,4,66
51825,1036650.000,ifft_accept,4,67
51827,1036690.000,ifft_accept,4,68
51829,1036730.000,ifft_accept,4,69
51831,1036770.000,ifft_accept,4,70
51833,1036810.000,ifft_accept,4,71
51835,1036850.000,ifft_accept,4,72
51837,1036890.000,ifft_accept,4,73
51839,1036930.000,ifft_accept,4,74
51841,1036970.000,ifft_accept,4,75
51843,1037010.000,ifft_accept,4,76
51845,1037050.000,ifft_accept,4,77
51847,1037090.000,ifft_accept,4,78
51849,1037130.000,ifft_accept,4,79
51851,1037170.000,ifft_accept,4,80
51853,1037210.000,ifft_accept,4,81
51855,1037250.000,ifft_accept,4,82
51857,1037290.000,ifft_accept,4,83
51859,1037330.000,ifft_accept,4,84
51861,1037370.000,ifft_accept,4,85
51863,1037410.000,ifft_accept,4,86
51865,1037450.000,ifft_accept,4,87
51867,1037490.000,ifft_accept,4,88
51869,1037530.000,ifft_accept,4,89
51871,1037570.000,ifft_accept,4,90
51873,1037610.000,ifft_accept,4,91
51875,1037650.000,ifft_accept,4,92
51877,1037690.000,ifft_accept,4,93
51879,1037730.000,ifft_accept,4,94
51881,1037770.000,ifft_accept,4,95
51883,1037810.000,ifft_accept,4,96
51885,1037850.000,ifft_accept,4,97
51887,1037890.000,ifft_accept,4,98
51889,1037930.000,ifft_accept,4,99
51891,1037970.000,ifft_accept,4,100
51893,1038010.000,ifft_accept,4,101
51895,1038050.000,ifft_accept,4,102
51897,1038090.000,ifft_accept,4,103
51899,1038130.000,ifft_accept,4,104
51901,1038170.000,ifft_accept,4,105
51903,1038210.000,ifft_accept,4,106
51905,1038250.000,ifft_accept,4,107
51907,1038290.000,ifft_accept,4,108
51909,1038330.000,ifft_accept,4,109
51911,1038370.000,ifft_accept,4,110
51913,1038410.000,ifft_accept,4,111
51915,1038450.000,ifft_accept,4,112
51917,1038490.000,ifft_accept,4,113
51919,1038530.000,ifft_accept,4,114
51921,1038570.000,ifft_accept,4,115
51923,1038610.000,ifft_accept,4,116
51925,1038650.000,ifft_accept,4,117
51927,1038690.000,ifft_accept,4,118
51929,1038730.000,ifft_accept,4,119
51931,1038770.000,ifft_accept,4,120
51933,1038810.000,ifft_accept,4,121
51935,1038850.000,ifft_accept,4,122
51937,1038890.000,ifft_accept,4,123
51939,1038930.000,ifft_accept,4,124
51941,1038970.000,ifft_accept,4,125
51943,1039010.000,ifft_accept,4,126
51945,1039050.000,ifft_accept,4,127
51947,1039090.000,ifft_accept,4,128
51949,1039130.000,ifft_accept,4,129
51951,1039170.000,ifft_accept,4,130
51953,1039210.000,ifft_accept,4,131
51955,1039250.000,ifft_accept,4,132
51957,1039290.000,ifft_accept,4,133
51959,1039330.000,ifft_accept,4,134
51961,1039370.000,ifft_accept,4,135
51963,1039410.000,ifft_accept,4,136
51965,1039450.000,ifft_accept,4,137
51967,1039490.000,ifft_accept,4,138
51969,1039530.000,ifft_accept,4,139
51971,1039570.000,ifft_accept,4,140
51973,1039610.000,ifft_accept,4,141
51975,1039650.000,ifft_accept,4,142
51977,1039690.000,ifft_accept,4,143
51979,1039730.000,ifft_accept,4,144
51981,1039770.000,ifft_accept,4,145
51983,1039810.000,ifft_accept,4,146
51985,1039850.000,ifft_accept,4,147
51987,1039890.000,ifft_accept,4,148
51989,1039930.000,ifft_accept,4,149
51991,1039970.000,ifft_accept,4,150
51993,1040010.000,ifft_accept,4,151
51995,1040050.000,ifft_accept,4,152
51997,1040090.000,ifft_accept,4,153
51999,1040130.000,ifft_accept,4,154
52001,1040170.000,ifft_accept,4,155
52003,1040210.000,ifft_accept,4,156
52005,1040250.000,ifft_accept,4,157
52007,1040290.000,ifft_accept,4,158
52009,1040330.000,ifft_accept,4,159
52011,1040370.000,ifft_accept,4,160
52013,1040410.000,ifft_accept,4,161
52015,1040450.000,ifft_accept,4,162
52017,1040490.000,ifft_accept,4,163
52019,1040530.000,ifft_accept,4,164
52021,1040570.000,ifft_accept,4,165
52023,1040610.000,ifft_accept,4,166
52025,1040650.000,ifft_accept,4,167
52027,1040690.000,ifft_accept,4,168
52029,1040730.000,ifft_accept,4,169
52031,1040770.000,ifft_accept,4,170
52033,1040810.000,ifft_accept,4,171
52035,1040850.000,ifft_accept,4,172
52037,1040890.000,ifft_accept,4,173
52039,1040930.000,ifft_accept,4,174
52041,1040970.000,ifft_accept,4,175
52043,1041010.000,ifft_accept,4,176
52045,1041050.000,ifft_accept,4,177
52047,1041090.000,ifft_accept,4,178
52049,1041130.000,ifft_accept,4,179
52051,1041170.000,ifft_accept,4,180
52053,1041210.000,ifft_accept,4,181
52055,1041250.000,ifft_accept,4,182
52057,1041290.000,ifft_accept,4,183
52059,1041330.000,ifft_accept,4,184
52061,1041370.000,ifft_accept,4,185
52063,1041410.000,ifft_accept,4,186
52065,1041450.000,ifft_accept,4,187
52067,1041490.000,ifft_accept,4,188
52069,1041530.000,ifft_accept,4,189
52071,1041570.000,ifft_accept,4,190
52073,1041610.000,ifft_accept,4,191
52075,1041650.000,ifft_accept,4,192
52077,1041690.000,ifft_accept,4,193
52079,1041730.000,ifft_accept,4,194
52081,1041770.000,ifft_accept,4,195
52083,1041810.000,ifft_accept,4,196
52085,1041850.000,ifft_accept,4,197
52087,1041890.000,ifft_accept,4,198
52089,1041930.000,ifft_accept,4,199
52091,1041970.000,ifft_accept,4,200
52093,1042010.000,ifft_accept,4,201
52095,1042050.000,ifft_accept,4,202
52097,1042090.000,ifft_accept,4,203
52099,1042130.000,ifft_accept,4,204
52101,1042170.000,ifft_accept,4,205
52103,1042210.000,ifft_accept,4,206
52105,1042250.000,ifft_accept,4,207
52107,1042290.000,ifft_accept,4,208
52109,1042330.000,ifft_accept,4,209
52111,1042370.000,ifft_accept,4,210
52113,1042410.000,ifft_accept,4,211
52115,1042450.000,ifft_accept,4,212
52117,1042490.000,ifft_accept,4,213
52119,1042530.000,ifft_accept,4,214
52121,1042570.000,ifft_accept,4,215
52123,1042610.000,ifft_accept,4,216
52125,1042650.000,ifft_accept,4,217
52127,1042690.000,ifft_accept,4,218
52129,1042730.000,ifft_accept,4,219
52131,1042770.000,ifft_accept,4,220
52133,1042810.000,ifft_accept,4,221
52135,1042850.000,ifft_accept,4,222
52137,1042890.000,ifft_accept,4,223
52139,1042930.000,ifft_accept,4,224
52141,1042970.000,ifft_accept,4,225
52143,1043010.000,ifft_accept,4,226
52145,1043050.000,ifft_accept,4,227
52147,1043090.000,ifft_accept,4,228
52149,1043130.000,ifft_accept,4,229
52151,1043170.000,ifft_accept,4,230
52153,1043210.000,ifft_accept,4,231
52155,1043250.000,ifft_accept,4,232
52157,1043290.000,ifft_accept,4,233
52159,1043330.000,ifft_accept,4,234
52161,1043370.000,ifft_accept,4,235
52163,1043410.000,ifft_accept,4,236
52165,1043450.000,ifft_accept,4,237
52167,1043490.000,ifft_accept,4,238
52169,1043530.000,ifft_accept,4,239
52171,1043570.000,ifft_accept,4,240
52173,1043610.000,ifft_accept,4,241
52175,1043650.000,ifft_accept,4,242
52177,1043690.000,ifft_accept,4,243
52179,1043730.000,ifft_accept,4,244
52181,1043770.000,ifft_accept,4,245
52183,1043810.000,ifft_accept,4,246
52185,1043850.000,ifft_accept,4,247
52187,1043890.000,ifft_accept,4,248
52189,1043930.000,ifft_accept,4,249
52191,1043970.000,ifft_accept,4,250
52193,1044010.000,ifft_accept,4,251
52195,1044050.000,ifft_accept,4,252
52197,1044090.000,ifft_accept,4,253
52199,1044130.000,ifft_accept,4,254
52201,1044170.000,ifft_accept,4,255
52202,1044190.000,canon_accept,5,2
52202,1044190.000,mask_accept,5,1
52202,1044190.000,spec_accept,5,0
52203,1044210.000,mask_accept,5,2
52203,1044210.000,spec_accept,5,1
52204,1044230.000,spec_accept,5,2
52206,1044270.000,canon_accept,5,3
52206,1044270.000,wola_accept,4,512
52207,1044290.000,mask_accept,5,3
52208,1044310.000,spec_accept,5,3
52208,1044310.000,wola_accept,4,513
52208,1044310.000,y_accept,-1,512
52210,1044350.000,canon_accept,5,4
52210,1044350.000,wola_accept,4,514
52210,1044350.000,y_accept,-1,513
52211,1044370.000,mask_accept,5,4
52212,1044390.000,spec_accept,5,4
52212,1044390.000,wola_accept,4,515
52212,1044390.000,y_accept,-1,514
52214,1044430.000,canon_accept,5,5
52214,1044430.000,wola_accept,4,516
52214,1044430.000,y_accept,-1,515
52215,1044450.000,mask_accept,5,5
52216,1044470.000,spec_accept,5,5
52216,1044470.000,wola_accept,4,517
52216,1044470.000,y_accept,-1,516
52218,1044510.000,canon_accept,5,6
52218,1044510.000,wola_accept,4,518
52218,1044510.000,y_accept,-1,517
52219,1044530.000,mask_accept,5,6
52220,1044550.000,spec_accept,5,6
52220,1044550.000,wola_accept,4,519
52220,1044550.000,y_accept,-1,518
52222,1044590.000,canon_accept,5,7
52222,1044590.000,wola_accept,4,520
52222,1044590.000,y_accept,-1,519
52223,1044610.000,mask_accept,5,7
52224,1044630.000,spec_accept,5,7
52224,1044630.000,wola_accept,4,521
52224,1044630.000,y_accept,-1,520
52226,1044670.000,canon_accept,5,8
52226,1044670.000,wola_accept,4,522
52226,1044670.000,y_accept,-1,521
52227,1044690.000,mask_accept,5,8
52228,1044710.000,spec_accept,5,8
52228,1044710.000,wola_accept,4,523
52228,1044710.000,y_accept,-1,522
52230,1044750.000,canon_accept,5,9
52230,1044750.000,wola_accept,4,524
52230,1044750.000,y_accept,-1,523
52231,1044770.000,mask_accept,5,9
52232,1044790.000,spec_accept,5,9
52232,1044790.000,wola_accept,4,525
52232,1044790.000,y_accept,-1,524
52234,1044830.000,canon_accept,5,10
52234,1044830.000,wola_accept,4,526
52234,1044830.000,y_accept,-1,525
52235,1044850.000,mask_accept,5,10
52236,1044870.000,spec_accept,5,10
52236,1044870.000,wola_accept,4,527
52236,1044870.000,y_accept,-1,526
52238,1044910.000,canon_accept,5,11
52238,1044910.000,wola_accept,4,528
52238,1044910.000,y_accept,-1,527
52239,1044930.000,mask_accept,5,11
52240,1044950.000,spec_accept,5,11
52240,1044950.000,wola_accept,4,529
52240,1044950.000,y_accept,-1,528
52242,1044990.000,canon_accept,5,12
52242,1044990.000,wola_accept,4,530
52242,1044990.000,y_accept,-1,529
52243,1045010.000,mask_accept,5,12
52244,1045030.000,spec_accept,5,12
52244,1045030.000,wola_accept,4,531
52244,1045030.000,y_accept,-1,530
52246,1045070.000,canon_accept,5,13
52246,1045070.000,wola_accept,4,532
52246,1045070.000,y_accept,-1,531
52247,1045090.000,mask_accept,5,13
52248,1045110.000,spec_accept,5,13
52248,1045110.000,wola_accept,4,533
52248,1045110.000,y_accept,-1,532
52250,1045150.000,canon_accept,5,14
52250,1045150.000,wola_accept,4,534
52250,1045150.000,y_accept,-1,533
52251,1045170.000,mask_accept,5,14
52252,1045190.000,spec_accept,5,14
52252,1045190.000,wola_accept,4,535
52252,1045190.000,y_accept,-1,534
52254,1045230.000,canon_accept,5,15
52254,1045230.000,wola_accept,4,536
52254,1045230.000,y_accept,-1,535
52255,1045250.000,mask_accept,5,15
52256,1045270.000,spec_accept,5,15
52256,1045270.000,wola_accept,4,537
52256,1045270.000,y_accept,-1,536
52258,1045310.000,canon_accept,5,16
52258,1045310.000,wola_accept,4,538
52258,1045310.000,y_accept,-1,537
52259,1045330.000,mask_accept,5,16
52260,1045350.000,spec_accept,5,16
52260,1045350.000,wola_accept,4,539
52260,1045350.000,y_accept,-1,538
52262,1045390.000,canon_accept,5,17
52262,1045390.000,wola_accept,4,540
52262,1045390.000,y_accept,-1,539
52263,1045410.000,mask_accept,5,17
52264,1045430.000,spec_accept,5,17
52264,1045430.000,wola_accept,4,541
52264,1045430.000,y_accept,-1,540
52266,1045470.000,canon_accept,5,18
52266,1045470.000,wola_accept,4,542
52266,1045470.000,y_accept,-1,541
52267,1045490.000,mask_accept,5,18
52268,1045510.000,spec_accept,5,18
52268,1045510.000,wola_accept,4,543
52268,1045510.000,y_accept,-1,542
52270,1045550.000,canon_accept,5,19
52270,1045550.000,wola_accept,4,544
52270,1045550.000,y_accept,-1,543
52271,1045570.000,mask_accept,5,19
52272,1045590.000,spec_accept,5,19
52272,1045590.000,wola_accept,4,545
52272,1045590.000,y_accept,-1,544
52274,1045630.000,canon_accept,5,20
52274,1045630.000,wola_accept,4,546
52274,1045630.000,y_accept,-1,545
52275,1045650.000,mask_accept,5,20
52276,1045670.000,spec_accept,5,20
52276,1045670.000,wola_accept,4,547
52276,1045670.000,y_accept,-1,546
52278,1045710.000,canon_accept,5,21
52278,1045710.000,wola_accept,4,548
52278,1045710.000,y_accept,-1,547
52279,1045730.000,mask_accept,5,21
52280,1045750.000,spec_accept,5,21
52280,1045750.000,wola_accept,4,549
52280,1045750.000,y_accept,-1,548
52282,1045790.000,canon_accept,5,22
52282,1045790.000,wola_accept,4,550
52282,1045790.000,y_accept,-1,549
52283,1045810.000,mask_accept,5,22
52284,1045830.000,spec_accept,5,22
52284,1045830.000,wola_accept,4,551
52284,1045830.000,y_accept,-1,550
52286,1045870.000,canon_accept,5,23
52286,1045870.000,wola_accept,4,552
52286,1045870.000,y_accept,-1,551
52287,1045890.000,mask_accept,5,23
52288,1045910.000,spec_accept,5,23
52288,1045910.000,wola_accept,4,553
52288,1045910.000,y_accept,-1,552
52290,1045950.000,canon_accept,5,24
52290,1045950.000,wola_accept,4,554
52290,1045950.000,y_accept,-1,553
52291,1045970.000,mask_accept,5,24
52292,1045990.000,spec_accept,5,24
52292,1045990.000,wola_accept,4,555
52292,1045990.000,y_accept,-1,554
52294,1046030.000,canon_accept,5,25
52294,1046030.000,wola_accept,4,556
52294,1046030.000,y_accept,-1,555
52295,1046050.000,mask_accept,5,25
52296,1046070.000,spec_accept,5,25
52296,1046070.000,wola_accept,4,557
52296,1046070.000,y_accept,-1,556
52298,1046110.000,canon_accept,5,26
52298,1046110.000,wola_accept,4,558
52298,1046110.000,y_accept,-1,557
52299,1046130.000,mask_accept,5,26
52300,1046150.000,spec_accept,5,26
52300,1046150.000,wola_accept,4,559
52300,1046150.000,y_accept,-1,558
52302,1046190.000,canon_accept,5,27
52302,1046190.000,wola_accept,4,560
52302,1046190.000,y_accept,-1,559
52303,1046210.000,mask_accept,5,27
52304,1046230.000,spec_accept,5,27
52304,1046230.000,wola_accept,4,561
52304,1046230.000,y_accept,-1,560
52306,1046270.000,canon_accept,5,28
52306,1046270.000,wola_accept,4,562
52306,1046270.000,y_accept,-1,561
52307,1046290.000,mask_accept,5,28
52308,1046310.000,spec_accept,5,28
52308,1046310.000,wola_accept,4,563
52308,1046310.000,y_accept,-1,562
52310,1046350.000,canon_accept,5,29
52310,1046350.000,wola_accept,4,564
52310,1046350.000,y_accept,-1,563
52311,1046370.000,mask_accept,5,29
52312,1046390.000,spec_accept,5,29
52312,1046390.000,wola_accept,4,565
52312,1046390.000,y_accept,-1,564
52314,1046430.000,canon_accept,5,30
52314,1046430.000,wola_accept,4,566
52314,1046430.000,y_accept,-1,565
52315,1046450.000,mask_accept,5,30
52316,1046470.000,spec_accept,5,30
52316,1046470.000,wola_accept,4,567
52316,1046470.000,y_accept,-1,566
52318,1046510.000,canon_accept,5,31
52318,1046510.000,wola_accept,4,568
52318,1046510.000,y_accept,-1,567
52319,1046530.000,mask_accept,5,31
52320,1046550.000,spec_accept,5,31
52320,1046550.000,wola_accept,4,569
52320,1046550.000,y_accept,-1,568
52322,1046590.000,canon_accept,5,32
52322,1046590.000,wola_accept,4,570
52322,1046590.000,y_accept,-1,569
52323,1046610.000,mask_accept,5,32
52324,1046630.000,spec_accept,5,32
52324,1046630.000,wola_accept,4,571
52324,1046630.000,y_accept,-1,570
52326,1046670.000,canon_accept,5,33
52326,1046670.000,wola_accept,4,572
52326,1046670.000,y_accept,-1,571
52327,1046690.000,mask_accept,5,33
52328,1046710.000,spec_accept,5,33
52328,1046710.000,wola_accept,4,573
52328,1046710.000,y_accept,-1,572
52330,1046750.000,canon_accept,5,34
52330,1046750.000,wola_accept,4,574
52330,1046750.000,y_accept,-1,573
52331,1046770.000,mask_accept,5,34
52332,1046790.000,spec_accept,5,34
52332,1046790.000,wola_accept,4,575
52332,1046790.000,y_accept,-1,574
52334,1046830.000,canon_accept,5,35
52334,1046830.000,wola_accept,4,576
52334,1046830.000,y_accept,-1,575
52335,1046850.000,mask_accept,5,35
52336,1046870.000,spec_accept,5,35
52336,1046870.000,wola_accept,4,577
52336,1046870.000,y_accept,-1,576
52338,1046910.000,canon_accept,5,36
52338,1046910.000,wola_accept,4,578
52338,1046910.000,y_accept,-1,577
52339,1046930.000,mask_accept,5,36
52340,1046950.000,spec_accept,5,36
52340,1046950.000,wola_accept,4,579
52340,1046950.000,y_accept,-1,578
52342,1046990.000,canon_accept,5,37
52342,1046990.000,wola_accept,4,580
52342,1046990.000,y_accept,-1,579
52343,1047010.000,mask_accept,5,37
52344,1047030.000,spec_accept,5,37
52344,1047030.000,wola_accept,4,581
52344,1047030.000,y_accept,-1,580
52346,1047070.000,canon_accept,5,38
52346,1047070.000,wola_accept,4,582
52346,1047070.000,y_accept,-1,581
52347,1047090.000,mask_accept,5,38
52348,1047110.000,spec_accept,5,38
52348,1047110.000,wola_accept,4,583
52348,1047110.000,y_accept,-1,582
52350,1047150.000,canon_accept,5,39
52350,1047150.000,wola_accept,4,584
52350,1047150.000,y_accept,-1,583
52351,1047170.000,mask_accept,5,39
52352,1047190.000,spec_accept,5,39
52352,1047190.000,wola_accept,4,585
52352,1047190.000,y_accept,-1,584
52354,1047230.000,canon_accept,5,40
52354,1047230.000,wola_accept,4,586
52354,1047230.000,y_accept,-1,585
52355,1047250.000,mask_accept,5,40
52356,1047270.000,spec_accept,5,40
52356,1047270.000,wola_accept,4,587
52356,1047270.000,y_accept,-1,586
52358,1047310.000,canon_accept,5,41
52358,1047310.000,wola_accept,4,588
52358,1047310.000,y_accept,-1,587
52359,1047330.000,mask_accept,5,41
52360,1047350.000,spec_accept,5,41
52360,1047350.000,wola_accept,4,589
52360,1047350.000,y_accept,-1,588
52362,1047390.000,canon_accept,5,42
52362,1047390.000,wola_accept,4,590
52362,1047390.000,y_accept,-1,589
52363,1047410.000,mask_accept,5,42
52364,1047430.000,spec_accept,5,42
52364,1047430.000,wola_accept,4,591
52364,1047430.000,y_accept,-1,590
52366,1047470.000,canon_accept,5,43
52366,1047470.000,wola_accept,4,592
52366,1047470.000,y_accept,-1,591
52367,1047490.000,mask_accept,5,43
52368,1047510.000,spec_accept,5,43
52368,1047510.000,wola_accept,4,593
52368,1047510.000,y_accept,-1,592
52370,1047550.000,canon_accept,5,44
52370,1047550.000,wola_accept,4,594
52370,1047550.000,y_accept,-1,593
52371,1047570.000,mask_accept,5,44
52372,1047590.000,spec_accept,5,44
52372,1047590.000,wola_accept,4,595
52372,1047590.000,y_accept,-1,594
52374,1047630.000,canon_accept,5,45
52374,1047630.000,wola_accept,4,596
52374,1047630.000,y_accept,-1,595
52375,1047650.000,mask_accept,5,45
52376,1047670.000,spec_accept,5,45
52376,1047670.000,wola_accept,4,597
52376,1047670.000,y_accept,-1,596
52378,1047710.000,canon_accept,5,46
52378,1047710.000,wola_accept,4,598
52378,1047710.000,y_accept,-1,597
52379,1047730.000,mask_accept,5,46
52380,1047750.000,spec_accept,5,46
52380,1047750.000,wola_accept,4,599
52380,1047750.000,y_accept,-1,598
52382,1047790.000,canon_accept,5,47
52382,1047790.000,wola_accept,4,600
52382,1047790.000,y_accept,-1,599
52383,1047810.000,mask_accept,5,47
52384,1047830.000,spec_accept,5,47
52384,1047830.000,wola_accept,4,601
52384,1047830.000,y_accept,-1,600
52386,1047870.000,canon_accept,5,48
52386,1047870.000,wola_accept,4,602
52386,1047870.000,y_accept,-1,601
52387,1047890.000,mask_accept,5,48
52388,1047910.000,spec_accept,5,48
52388,1047910.000,wola_accept,4,603
52388,1047910.000,y_accept,-1,602
52390,1047950.000,canon_accept,5,49
52390,1047950.000,wola_accept,4,604
52390,1047950.000,y_accept,-1,603
52391,1047970.000,mask_accept,5,49
52392,1047990.000,spec_accept,5,49
52392,1047990.000,wola_accept,4,605
52392,1047990.000,y_accept,-1,604
52394,1048030.000,canon_accept,5,50
52394,1048030.000,wola_accept,4,606
52394,1048030.000,y_accept,-1,605
52395,1048050.000,mask_accept,5,50
52396,1048070.000,spec_accept,5,50
52396,1048070.000,wola_accept,4,607
52396,1048070.000,y_accept,-1,606
52398,1048110.000,canon_accept,5,51
52398,1048110.000,wola_accept,4,608
52398,1048110.000,y_accept,-1,607
52399,1048130.000,mask_accept,5,51
52400,1048150.000,spec_accept,5,51
52400,1048150.000,wola_accept,4,609
52400,1048150.000,y_accept,-1,608
52402,1048190.000,canon_accept,5,52
52402,1048190.000,wola_accept,4,610
52402,1048190.000,y_accept,-1,609
52403,1048210.000,mask_accept,5,52
52404,1048230.000,spec_accept,5,52
52404,1048230.000,wola_accept,4,611
52404,1048230.000,y_accept,-1,610
52406,1048270.000,canon_accept,5,53
52406,1048270.000,wola_accept,4,612
52406,1048270.000,y_accept,-1,611
52407,1048290.000,mask_accept,5,53
52408,1048310.000,spec_accept,5,53
52408,1048310.000,wola_accept,4,613
52408,1048310.000,y_accept,-1,612
52410,1048350.000,canon_accept,5,54
52410,1048350.000,wola_accept,4,614
52410,1048350.000,y_accept,-1,613
52411,1048370.000,mask_accept,5,54
52412,1048390.000,spec_accept,5,54
52412,1048390.000,wola_accept,4,615
52412,1048390.000,y_accept,-1,614
52414,1048430.000,canon_accept,5,55
52414,1048430.000,wola_accept,4,616
52414,1048430.000,y_accept,-1,615
52415,1048450.000,mask_accept,5,55
52416,1048470.000,spec_accept,5,55
52416,1048470.000,wola_accept,4,617
52416,1048470.000,y_accept,-1,616
52418,1048510.000,canon_accept,5,56
52418,1048510.000,wola_accept,4,618
52418,1048510.000,y_accept,-1,617
52419,1048530.000,mask_accept,5,56
52420,1048550.000,spec_accept,5,56
52420,1048550.000,wola_accept,4,619
52420,1048550.000,y_accept,-1,618
52422,1048590.000,canon_accept,5,57
52422,1048590.000,wola_accept,4,620
52422,1048590.000,y_accept,-1,619
52423,1048610.000,mask_accept,5,57
52424,1048630.000,spec_accept,5,57
52424,1048630.000,wola_accept,4,621
52424,1048630.000,y_accept,-1,620
52426,1048670.000,canon_accept,5,58
52426,1048670.000,wola_accept,4,622
52426,1048670.000,y_accept,-1,621
52427,1048690.000,mask_accept,5,58
52428,1048710.000,spec_accept,5,58
52428,1048710.000,wola_accept,4,623
52428,1048710.000,y_accept,-1,622
52430,1048750.000,canon_accept,5,59
52430,1048750.000,wola_accept,4,624
52430,1048750.000,y_accept,-1,623
52431,1048770.000,mask_accept,5,59
52432,1048790.000,spec_accept,5,59
52432,1048790.000,wola_accept,4,625
52432,1048790.000,y_accept,-1,624
52434,1048830.000,canon_accept,5,60
52434,1048830.000,wola_accept,4,626
52434,1048830.000,y_accept,-1,625
52435,1048850.000,mask_accept,5,60
52436,1048870.000,spec_accept,5,60
52436,1048870.000,wola_accept,4,627
52436,1048870.000,y_accept,-1,626
52438,1048910.000,canon_accept,5,61
52438,1048910.000,wola_accept,4,628
52438,1048910.000,y_accept,-1,627
52439,1048930.000,mask_accept,5,61
52440,1048950.000,spec_accept,5,61
52440,1048950.000,wola_accept,4,629
52440,1048950.000,y_accept,-1,628
52442,1048990.000,canon_accept,5,62
52442,1048990.000,wola_accept,4,630
52442,1048990.000,y_accept,-1,629
52443,1049010.000,mask_accept,5,62
52444,1049030.000,spec_accept,5,62
52444,1049030.000,wola_accept,4,631
52444,1049030.000,y_accept,-1,630
52446,1049070.000,canon_accept,5,63
52446,1049070.000,wola_accept,4,632
52446,1049070.000,y_accept,-1,631
52447,1049090.000,mask_accept,5,63
52448,1049110.000,spec_accept,5,63
52448,1049110.000,wola_accept,4,633
52448,1049110.000,y_accept,-1,632
52450,1049150.000,canon_accept,5,64
52450,1049150.000,wola_accept,4,634
52450,1049150.000,y_accept,-1,633
52451,1049170.000,mask_accept,5,64
52452,1049190.000,spec_accept,5,64
52452,1049190.000,wola_accept,4,635
52452,1049190.000,y_accept,-1,634
52454,1049230.000,canon_accept,5,65
52454,1049230.000,wola_accept,4,636
52454,1049230.000,y_accept,-1,635
52455,1049250.000,mask_accept,5,65
52456,1049270.000,spec_accept,5,65
52456,1049270.000,wola_accept,4,637
52456,1049270.000,y_accept,-1,636
52458,1049310.000,canon_accept,5,66
52458,1049310.000,wola_accept,4,638
52458,1049310.000,y_accept,-1,637
52459,1049330.000,mask_accept,5,66
52460,1049350.000,spec_accept,5,66
52460,1049350.000,wola_accept,4,639
52460,1049350.000,y_accept,-1,638
52462,1049390.000,canon_accept,5,67
52462,1049390.000,y_accept,-1,639
52463,1049410.000,mask_accept,5,67
52464,1049430.000,spec_accept,5,67
52466,1049470.000,canon_accept,5,68
52467,1049490.000,mask_accept,5,68
52468,1049510.000,spec_accept,5,68
52470,1049550.000,canon_accept,5,69
52471,1049570.000,mask_accept,5,69
52472,1049590.000,spec_accept,5,69
52474,1049630.000,canon_accept,5,70
52475,1049650.000,mask_accept,5,70
52476,1049670.000,spec_accept,5,70
52478,1049710.000,canon_accept,5,71
52479,1049730.000,mask_accept,5,71
52480,1049750.000,spec_accept,5,71
52482,1049790.000,canon_accept,5,72
52483,1049810.000,mask_accept,5,72
52484,1049830.000,spec_accept,5,72
52486,1049870.000,canon_accept,5,73
52487,1049890.000,mask_accept,5,73
52488,1049910.000,spec_accept,5,73
52490,1049950.000,canon_accept,5,74
52491,1049970.000,mask_accept,5,74
52492,1049990.000,spec_accept,5,74
52494,1050030.000,canon_accept,5,75
52495,1050050.000,mask_accept,5,75
52496,1050070.000,spec_accept,5,75
52498,1050110.000,canon_accept,5,76
52499,1050130.000,mask_accept,5,76
52500,1050150.000,spec_accept,5,76
52502,1050190.000,canon_accept,5,77
52503,1050210.000,mask_accept,5,77
52504,1050230.000,spec_accept,5,77
52506,1050270.000,canon_accept,5,78
52507,1050290.000,mask_accept,5,78
52508,1050310.000,spec_accept,5,78
52510,1050350.000,canon_accept,5,79
52511,1050370.000,mask_accept,5,79
52512,1050390.000,spec_accept,5,79
52514,1050430.000,canon_accept,5,80
52515,1050450.000,mask_accept,5,80
52516,1050470.000,spec_accept,5,80
52518,1050510.000,canon_accept,5,81
52519,1050530.000,mask_accept,5,81
52520,1050550.000,spec_accept,5,81
52522,1050590.000,canon_accept,5,82
52523,1050610.000,mask_accept,5,82
52524,1050630.000,spec_accept,5,82
52526,1050670.000,canon_accept,5,83
52527,1050690.000,mask_accept,5,83
52528,1050710.000,spec_accept,5,83
52530,1050750.000,canon_accept,5,84
52531,1050770.000,mask_accept,5,84
52532,1050790.000,spec_accept,5,84
52534,1050830.000,canon_accept,5,85
52535,1050850.000,mask_accept,5,85
52536,1050870.000,spec_accept,5,85
52538,1050910.000,canon_accept,5,86
52539,1050930.000,mask_accept,5,86
52540,1050950.000,spec_accept,5,86
52542,1050990.000,canon_accept,5,87
52543,1051010.000,mask_accept,5,87
52544,1051030.000,spec_accept,5,87
52546,1051070.000,canon_accept,5,88
52547,1051090.000,mask_accept,5,88
52548,1051110.000,spec_accept,5,88
52550,1051150.000,canon_accept,5,89
52551,1051170.000,mask_accept,5,89
52552,1051190.000,spec_accept,5,89
52554,1051230.000,canon_accept,5,90
52555,1051250.000,mask_accept,5,90
52556,1051270.000,spec_accept,5,90
52558,1051310.000,canon_accept,5,91
52559,1051330.000,mask_accept,5,91
52560,1051350.000,spec_accept,5,91
52562,1051390.000,canon_accept,5,92
52563,1051410.000,mask_accept,5,92
52564,1051430.000,spec_accept,5,92
52566,1051470.000,canon_accept,5,93
52567,1051490.000,mask_accept,5,93
52568,1051510.000,spec_accept,5,93
52570,1051550.000,canon_accept,5,94
52571,1051570.000,mask_accept,5,94
52572,1051590.000,spec_accept,5,94
52574,1051630.000,canon_accept,5,95
52575,1051650.000,mask_accept,5,95
52576,1051670.000,spec_accept,5,95
52578,1051710.000,canon_accept,5,96
52579,1051730.000,mask_accept,5,96
52580,1051750.000,spec_accept,5,96
52582,1051790.000,canon_accept,5,97
52583,1051810.000,mask_accept,5,97
52584,1051830.000,spec_accept,5,97
52586,1051870.000,canon_accept,5,98
52587,1051890.000,mask_accept,5,98
52588,1051910.000,spec_accept,5,98
52590,1051950.000,canon_accept,5,99
52591,1051970.000,mask_accept,5,99
52592,1051990.000,spec_accept,5,99
52594,1052030.000,canon_accept,5,100
52595,1052050.000,mask_accept,5,100
52596,1052070.000,spec_accept,5,100
52598,1052110.000,canon_accept,5,101
52599,1052130.000,mask_accept,5,101
52600,1052150.000,spec_accept,5,101
52602,1052190.000,canon_accept,5,102
52603,1052210.000,mask_accept,5,102
52604,1052230.000,spec_accept,5,102
52606,1052270.000,canon_accept,5,103
52607,1052290.000,mask_accept,5,103
52608,1052310.000,spec_accept,5,103
52610,1052350.000,canon_accept,5,104
52611,1052370.000,mask_accept,5,104
52612,1052390.000,spec_accept,5,104
52614,1052430.000,canon_accept,5,105
52615,1052450.000,mask_accept,5,105
52616,1052470.000,spec_accept,5,105
52618,1052510.000,canon_accept,5,106
52619,1052530.000,mask_accept,5,106
52620,1052550.000,spec_accept,5,106
52622,1052590.000,canon_accept,5,107
52623,1052610.000,mask_accept,5,107
52624,1052630.000,spec_accept,5,107
52626,1052670.000,canon_accept,5,108
52627,1052690.000,mask_accept,5,108
52628,1052710.000,spec_accept,5,108
52630,1052750.000,canon_accept,5,109
52631,1052770.000,mask_accept,5,109
52632,1052790.000,spec_accept,5,109
52634,1052830.000,canon_accept,5,110
52635,1052850.000,mask_accept,5,110
52636,1052870.000,spec_accept,5,110
52638,1052910.000,canon_accept,5,111
52639,1052930.000,mask_accept,5,111
52640,1052950.000,spec_accept,5,111
52642,1052990.000,canon_accept,5,112
52643,1053010.000,mask_accept,5,112
52644,1053030.000,spec_accept,5,112
52646,1053070.000,canon_accept,5,113
52647,1053090.000,mask_accept,5,113
52648,1053110.000,spec_accept,5,113
52650,1053150.000,canon_accept,5,114
52651,1053170.000,mask_accept,5,114
52652,1053190.000,spec_accept,5,114
52654,1053230.000,canon_accept,5,115
52655,1053250.000,mask_accept,5,115
52656,1053270.000,spec_accept,5,115
52658,1053310.000,canon_accept,5,116
52659,1053330.000,mask_accept,5,116
52660,1053350.000,spec_accept,5,116
52662,1053390.000,canon_accept,5,117
52663,1053410.000,mask_accept,5,117
52664,1053430.000,spec_accept,5,117
52666,1053470.000,canon_accept,5,118
52667,1053490.000,mask_accept,5,118
52668,1053510.000,spec_accept,5,118
52670,1053550.000,canon_accept,5,119
52671,1053570.000,mask_accept,5,119
52672,1053590.000,spec_accept,5,119
52674,1053630.000,canon_accept,5,120
52675,1053650.000,mask_accept,5,120
52676,1053670.000,spec_accept,5,120
52678,1053710.000,canon_accept,5,121
52679,1053730.000,mask_accept,5,121
52680,1053750.000,spec_accept,5,121
52682,1053790.000,canon_accept,5,122
52683,1053810.000,mask_accept,5,122
52684,1053830.000,spec_accept,5,122
52686,1053870.000,canon_accept,5,123
52687,1053890.000,mask_accept,5,123
52688,1053910.000,spec_accept,5,123
52690,1053950.000,canon_accept,5,124
52691,1053970.000,mask_accept,5,124
52692,1053990.000,spec_accept,5,124
52694,1054030.000,canon_accept,5,125
52695,1054050.000,mask_accept,5,125
52696,1054070.000,spec_accept,5,125
52698,1054110.000,canon_accept,5,126
52699,1054130.000,mask_accept,5,126
52700,1054150.000,spec_accept,5,126
52702,1054190.000,canon_accept,5,127
52703,1054210.000,mask_accept,5,127
52704,1054230.000,spec_accept,5,127
52706,1054270.000,canon_accept,5,128
52707,1054290.000,mask_accept,5,128
52708,1054310.000,spec_accept,5,128
52710,1054350.000,canon_accept,5,129
52711,1054370.000,mask_accept,5,129
52712,1054390.000,spec_accept,5,129
52714,1054430.000,canon_accept,5,130
52715,1054450.000,mask_accept,5,130
52716,1054470.000,spec_accept,5,130
52718,1054510.000,canon_accept,5,131
52719,1054530.000,mask_accept,5,131
52720,1054550.000,spec_accept,5,131
52722,1054590.000,canon_accept,5,132
52723,1054610.000,mask_accept,5,132
52724,1054630.000,spec_accept,5,132
52726,1054670.000,canon_accept,5,133
52727,1054690.000,mask_accept,5,133
52728,1054710.000,spec_accept,5,133
52730,1054750.000,canon_accept,5,134
52731,1054770.000,mask_accept,5,134
52732,1054790.000,spec_accept,5,134
52734,1054830.000,canon_accept,5,135
52735,1054850.000,mask_accept,5,135
52736,1054870.000,spec_accept,5,135
52738,1054910.000,canon_accept,5,136
52739,1054930.000,mask_accept,5,136
52740,1054950.000,spec_accept,5,136
52742,1054990.000,canon_accept,5,137
52743,1055010.000,mask_accept,5,137
52744,1055030.000,spec_accept,5,137
52746,1055070.000,canon_accept,5,138
52747,1055090.000,mask_accept,5,138
52748,1055110.000,spec_accept,5,138
52750,1055150.000,canon_accept,5,139
52751,1055170.000,mask_accept,5,139
52752,1055190.000,spec_accept,5,139
52754,1055230.000,canon_accept,5,140
52755,1055250.000,mask_accept,5,140
52756,1055270.000,spec_accept,5,140
52758,1055310.000,canon_accept,5,141
52759,1055330.000,mask_accept,5,141
52760,1055350.000,spec_accept,5,141
52762,1055390.000,canon_accept,5,142
52763,1055410.000,mask_accept,5,142
52764,1055430.000,spec_accept,5,142
52766,1055470.000,canon_accept,5,143
52767,1055490.000,mask_accept,5,143
52768,1055510.000,spec_accept,5,143
52770,1055550.000,canon_accept,5,144
52771,1055570.000,mask_accept,5,144
52772,1055590.000,spec_accept,5,144
52774,1055630.000,canon_accept,5,145
52775,1055650.000,mask_accept,5,145
52776,1055670.000,spec_accept,5,145
52778,1055710.000,canon_accept,5,146
52779,1055730.000,mask_accept,5,146
52780,1055750.000,spec_accept,5,146
52782,1055790.000,canon_accept,5,147
52783,1055810.000,mask_accept,5,147
52784,1055830.000,spec_accept,5,147
52786,1055870.000,canon_accept,5,148
52787,1055890.000,mask_accept,5,148
52788,1055910.000,spec_accept,5,148
52790,1055950.000,canon_accept,5,149
52791,1055970.000,mask_accept,5,149
52792,1055990.000,spec_accept,5,149
52794,1056030.000,canon_accept,5,150
52795,1056050.000,mask_accept,5,150
52796,1056070.000,spec_accept,5,150
52798,1056110.000,canon_accept,5,151
52799,1056130.000,mask_accept,5,151
52800,1056150.000,spec_accept,5,151
52802,1056190.000,canon_accept,5,152
52803,1056210.000,mask_accept,5,152
52804,1056230.000,spec_accept,5,152
52806,1056270.000,canon_accept,5,153
52807,1056290.000,mask_accept,5,153
52808,1056310.000,spec_accept,5,153
52810,1056350.000,canon_accept,5,154
52811,1056370.000,mask_accept,5,154
52812,1056390.000,spec_accept,5,154
52814,1056430.000,canon_accept,5,155
52815,1056450.000,mask_accept,5,155
52816,1056470.000,spec_accept,5,155
52818,1056510.000,canon_accept,5,156
52819,1056530.000,mask_accept,5,156
52820,1056550.000,spec_accept,5,156
52822,1056590.000,canon_accept,5,157
52823,1056610.000,mask_accept,5,157
52824,1056630.000,spec_accept,5,157
52826,1056670.000,canon_accept,5,158
52827,1056690.000,mask_accept,5,158
52828,1056710.000,spec_accept,5,158
52830,1056750.000,canon_accept,5,159
52831,1056770.000,mask_accept,5,159
52832,1056790.000,spec_accept,5,159
52834,1056830.000,canon_accept,5,160
52835,1056850.000,mask_accept,5,160
52836,1056870.000,spec_accept,5,160
52838,1056910.000,canon_accept,5,161
52839,1056930.000,mask_accept,5,161
52840,1056950.000,spec_accept,5,161
52842,1056990.000,canon_accept,5,162
52843,1057010.000,mask_accept,5,162
52844,1057030.000,spec_accept,5,162
52846,1057070.000,canon_accept,5,163
52847,1057090.000,mask_accept,5,163
52848,1057110.000,spec_accept,5,163
52850,1057150.000,canon_accept,5,164
52851,1057170.000,mask_accept,5,164
52852,1057190.000,spec_accept,5,164
52854,1057230.000,canon_accept,5,165
52855,1057250.000,mask_accept,5,165
52856,1057270.000,spec_accept,5,165
52858,1057310.000,canon_accept,5,166
52859,1057330.000,mask_accept,5,166
52860,1057350.000,spec_accept,5,166
52862,1057390.000,canon_accept,5,167
52863,1057410.000,mask_accept,5,167
52864,1057430.000,spec_accept,5,167
52866,1057470.000,canon_accept,5,168
52867,1057490.000,mask_accept,5,168
52868,1057510.000,spec_accept,5,168
52870,1057550.000,canon_accept,5,169
52871,1057570.000,mask_accept,5,169
52872,1057590.000,spec_accept,5,169
52874,1057630.000,canon_accept,5,170
52875,1057650.000,mask_accept,5,170
52876,1057670.000,spec_accept,5,170
52878,1057710.000,canon_accept,5,171
52879,1057730.000,mask_accept,5,171
52880,1057750.000,spec_accept,5,171
52882,1057790.000,canon_accept,5,172
52883,1057810.000,mask_accept,5,172
52884,1057830.000,spec_accept,5,172
52886,1057870.000,canon_accept,5,173
52887,1057890.000,mask_accept,5,173
52888,1057910.000,spec_accept,5,173
52890,1057950.000,canon_accept,5,174
52891,1057970.000,mask_accept,5,174
52892,1057990.000,spec_accept,5,174
52894,1058030.000,canon_accept,5,175
52895,1058050.000,mask_accept,5,175
52896,1058070.000,spec_accept,5,175
52898,1058110.000,canon_accept,5,176
52899,1058130.000,mask_accept,5,176
52900,1058150.000,spec_accept,5,176
52902,1058190.000,canon_accept,5,177
52903,1058210.000,mask_accept,5,177
52904,1058230.000,spec_accept,5,177
52906,1058270.000,canon_accept,5,178
52907,1058290.000,mask_accept,5,178
52908,1058310.000,spec_accept,5,178
52910,1058350.000,canon_accept,5,179
52911,1058370.000,mask_accept,5,179
52912,1058390.000,spec_accept,5,179
52914,1058430.000,canon_accept,5,180
52915,1058450.000,mask_accept,5,180
52916,1058470.000,spec_accept,5,180
52918,1058510.000,canon_accept,5,181
52919,1058530.000,mask_accept,5,181
52920,1058550.000,spec_accept,5,181
52922,1058590.000,canon_accept,5,182
52923,1058610.000,mask_accept,5,182
52924,1058630.000,spec_accept,5,182
52926,1058670.000,canon_accept,5,183
52927,1058690.000,mask_accept,5,183
52928,1058710.000,spec_accept,5,183
52930,1058750.000,canon_accept,5,184
52931,1058770.000,mask_accept,5,184
52932,1058790.000,spec_accept,5,184
52934,1058830.000,canon_accept,5,185
52935,1058850.000,mask_accept,5,185
52936,1058870.000,spec_accept,5,185
52938,1058910.000,canon_accept,5,186
52939,1058930.000,mask_accept,5,186
52940,1058950.000,spec_accept,5,186
52942,1058990.000,canon_accept,5,187
52943,1059010.000,mask_accept,5,187
52944,1059030.000,spec_accept,5,187
52946,1059070.000,canon_accept,5,188
52947,1059090.000,mask_accept,5,188
52948,1059110.000,spec_accept,5,188
52950,1059150.000,canon_accept,5,189
52951,1059170.000,mask_accept,5,189
52952,1059190.000,spec_accept,5,189
52954,1059230.000,canon_accept,5,190
52955,1059250.000,mask_accept,5,190
52956,1059270.000,spec_accept,5,190
52958,1059310.000,canon_accept,5,191
52959,1059330.000,mask_accept,5,191
52960,1059350.000,spec_accept,5,191
52962,1059390.000,canon_accept,5,192
52963,1059410.000,mask_accept,5,192
52964,1059430.000,spec_accept,5,192
52966,1059470.000,canon_accept,5,193
52967,1059490.000,mask_accept,5,193
52968,1059510.000,spec_accept,5,193
52970,1059550.000,canon_accept,5,194
52971,1059570.000,mask_accept,5,194
52972,1059590.000,spec_accept,5,194
52974,1059630.000,canon_accept,5,195
52975,1059650.000,mask_accept,5,195
52976,1059670.000,spec_accept,5,195
52978,1059710.000,canon_accept,5,196
52979,1059730.000,mask_accept,5,196
52980,1059750.000,spec_accept,5,196
52982,1059790.000,canon_accept,5,197
52983,1059810.000,mask_accept,5,197
52984,1059830.000,spec_accept,5,197
52986,1059870.000,canon_accept,5,198
52987,1059890.000,mask_accept,5,198
52988,1059910.000,spec_accept,5,198
52990,1059950.000,canon_accept,5,199
52991,1059970.000,mask_accept,5,199
52992,1059990.000,spec_accept,5,199
52994,1060030.000,canon_accept,5,200
52995,1060050.000,mask_accept,5,200
52996,1060070.000,spec_accept,5,200
52998,1060110.000,canon_accept,5,201
52999,1060130.000,mask_accept,5,201
53000,1060150.000,spec_accept,5,201
53002,1060190.000,canon_accept,5,202
53003,1060210.000,mask_accept,5,202
53004,1060230.000,spec_accept,5,202
53006,1060270.000,canon_accept,5,203
53007,1060290.000,mask_accept,5,203
53008,1060310.000,spec_accept,5,203
53010,1060350.000,canon_accept,5,204
53011,1060370.000,mask_accept,5,204
53012,1060390.000,spec_accept,5,204
53014,1060430.000,canon_accept,5,205
53015,1060450.000,mask_accept,5,205
53016,1060470.000,spec_accept,5,205
53018,1060510.000,canon_accept,5,206
53019,1060530.000,mask_accept,5,206
53020,1060550.000,spec_accept,5,206
53022,1060590.000,canon_accept,5,207
53023,1060610.000,mask_accept,5,207
53024,1060630.000,spec_accept,5,207
53026,1060670.000,canon_accept,5,208
53027,1060690.000,mask_accept,5,208
53028,1060710.000,spec_accept,5,208
53030,1060750.000,canon_accept,5,209
53031,1060770.000,mask_accept,5,209
53032,1060790.000,spec_accept,5,209
53034,1060830.000,canon_accept,5,210
53035,1060850.000,mask_accept,5,210
53036,1060870.000,spec_accept,5,210
53038,1060910.000,canon_accept,5,211
53039,1060930.000,mask_accept,5,211
53040,1060950.000,spec_accept,5,211
53042,1060990.000,canon_accept,5,212
53043,1061010.000,mask_accept,5,212
53044,1061030.000,spec_accept,5,212
53046,1061070.000,canon_accept,5,213
53047,1061090.000,mask_accept,5,213
53048,1061110.000,spec_accept,5,213
53050,1061150.000,canon_accept,5,214
53051,1061170.000,mask_accept,5,214
53052,1061190.000,spec_accept,5,214
53054,1061230.000,canon_accept,5,215
53055,1061250.000,mask_accept,5,215
53056,1061270.000,spec_accept,5,215
53058,1061310.000,canon_accept,5,216
53059,1061330.000,mask_accept,5,216
53060,1061350.000,spec_accept,5,216
53062,1061390.000,canon_accept,5,217
53063,1061410.000,mask_accept,5,217
53064,1061430.000,spec_accept,5,217
53066,1061470.000,canon_accept,5,218
53067,1061490.000,mask_accept,5,218
53068,1061510.000,spec_accept,5,218
53070,1061550.000,canon_accept,5,219
53071,1061570.000,mask_accept,5,219
53072,1061590.000,spec_accept,5,219
53074,1061630.000,canon_accept,5,220
53075,1061650.000,mask_accept,5,220
53076,1061670.000,spec_accept,5,220
53078,1061710.000,canon_accept,5,221
53079,1061730.000,mask_accept,5,221
53080,1061750.000,spec_accept,5,221
53082,1061790.000,canon_accept,5,222
53083,1061810.000,mask_accept,5,222
53084,1061830.000,spec_accept,5,222
53086,1061870.000,canon_accept,5,223
53087,1061890.000,mask_accept,5,223
53088,1061910.000,spec_accept,5,223
53090,1061950.000,canon_accept,5,224
53091,1061970.000,mask_accept,5,224
53092,1061990.000,spec_accept,5,224
53094,1062030.000,canon_accept,5,225
53095,1062050.000,mask_accept,5,225
53096,1062070.000,spec_accept,5,225
53098,1062110.000,canon_accept,5,226
53099,1062130.000,mask_accept,5,226
53100,1062150.000,spec_accept,5,226
53102,1062190.000,canon_accept,5,227
53103,1062210.000,mask_accept,5,227
53104,1062230.000,spec_accept,5,227
53106,1062270.000,canon_accept,5,228
53107,1062290.000,mask_accept,5,228
53108,1062310.000,spec_accept,5,228
53110,1062350.000,canon_accept,5,229
53111,1062370.000,mask_accept,5,229
53112,1062390.000,spec_accept,5,229
53114,1062430.000,canon_accept,5,230
53115,1062450.000,mask_accept,5,230
53116,1062470.000,spec_accept,5,230
53118,1062510.000,canon_accept,5,231
53119,1062530.000,mask_accept,5,231
53120,1062550.000,spec_accept,5,231
53122,1062590.000,canon_accept,5,232
53123,1062610.000,mask_accept,5,232
53124,1062630.000,spec_accept,5,232
53126,1062670.000,canon_accept,5,233
53127,1062690.000,mask_accept,5,233
53128,1062710.000,spec_accept,5,233
53130,1062750.000,canon_accept,5,234
53131,1062770.000,mask_accept,5,234
53132,1062790.000,spec_accept,5,234
53134,1062830.000,canon_accept,5,235
53135,1062850.000,mask_accept,5,235
53136,1062870.000,spec_accept,5,235
53138,1062910.000,canon_accept,5,236
53139,1062930.000,mask_accept,5,236
53140,1062950.000,spec_accept,5,236
53142,1062990.000,canon_accept,5,237
53143,1063010.000,mask_accept,5,237
53144,1063030.000,spec_accept,5,237
53146,1063070.000,canon_accept,5,238
53147,1063090.000,mask_accept,5,238
53148,1063110.000,spec_accept,5,238
53150,1063150.000,canon_accept,5,239
53151,1063170.000,mask_accept,5,239
53152,1063190.000,spec_accept,5,239
53154,1063230.000,canon_accept,5,240
53155,1063250.000,mask_accept,5,240
53156,1063270.000,spec_accept,5,240
53158,1063310.000,canon_accept,5,241
53159,1063330.000,mask_accept,5,241
53160,1063350.000,spec_accept,5,241
53162,1063390.000,canon_accept,5,242
53163,1063410.000,mask_accept,5,242
53164,1063430.000,spec_accept,5,242
53166,1063470.000,canon_accept,5,243
53167,1063490.000,mask_accept,5,243
53168,1063510.000,spec_accept,5,243
53170,1063550.000,canon_accept,5,244
53171,1063570.000,mask_accept,5,244
53172,1063590.000,spec_accept,5,244
53174,1063630.000,canon_accept,5,245
53175,1063650.000,mask_accept,5,245
53176,1063670.000,spec_accept,5,245
53178,1063710.000,canon_accept,5,246
53179,1063730.000,mask_accept,5,246
53180,1063750.000,spec_accept,5,246
53182,1063790.000,canon_accept,5,247
53183,1063810.000,mask_accept,5,247
53184,1063830.000,spec_accept,5,247
53186,1063870.000,canon_accept,5,248
53187,1063890.000,mask_accept,5,248
53188,1063910.000,spec_accept,5,248
53190,1063950.000,canon_accept,5,249
53191,1063970.000,mask_accept,5,249
53192,1063990.000,spec_accept,5,249
53194,1064030.000,canon_accept,5,250
53195,1064050.000,mask_accept,5,250
53196,1064070.000,spec_accept,5,250
53198,1064110.000,canon_accept,5,251
53199,1064130.000,mask_accept,5,251
53200,1064150.000,spec_accept,5,251
53202,1064190.000,canon_accept,5,252
53203,1064210.000,mask_accept,5,252
53204,1064230.000,spec_accept,5,252
53206,1064270.000,canon_accept,5,253
53207,1064290.000,mask_accept,5,253
53208,1064310.000,spec_accept,5,253
53210,1064350.000,canon_accept,5,254
53211,1064370.000,mask_accept,5,254
53212,1064390.000,spec_accept,5,254
53214,1064430.000,canon_accept,5,255
53215,1064450.000,mask_accept,5,255
53216,1064470.000,spec_accept,5,255
53217,1064490.000,ifft_compute_start,5,1
57344,1147030.000,fft_compute_end,6,-1
57345,1147050.000,fft_accept,6,0
57347,1147090.000,fft_accept,6,1
57349,1147130.000,fft_accept,6,2
57351,1147170.000,fft_accept,6,3
57353,1147210.000,fft_accept,6,4
57355,1147250.000,fft_accept,6,5
57357,1147290.000,fft_accept,6,6
57359,1147330.000,fft_accept,6,7
57361,1147370.000,fft_accept,6,8
57363,1147410.000,fft_accept,6,9
57365,1147450.000,fft_accept,6,10
57367,1147490.000,fft_accept,6,11
57369,1147530.000,fft_accept,6,12
57371,1147570.000,fft_accept,6,13
57373,1147610.000,fft_accept,6,14
57375,1147650.000,fft_accept,6,15
57377,1147690.000,fft_accept,6,16
57379,1147730.000,fft_accept,6,17
57381,1147770.000,fft_accept,6,18
57383,1147810.000,fft_accept,6,19
57385,1147850.000,fft_accept,6,20
57387,1147890.000,fft_accept,6,21
57389,1147930.000,fft_accept,6,22
57391,1147970.000,fft_accept,6,23
57393,1148010.000,fft_accept,6,24
57395,1148050.000,fft_accept,6,25
57397,1148090.000,fft_accept,6,26
57399,1148130.000,fft_accept,6,27
57401,1148170.000,fft_accept,6,28
57403,1148210.000,fft_accept,6,29
57405,1148250.000,fft_accept,6,30
57407,1148290.000,fft_accept,6,31
57409,1148330.000,fft_accept,6,32
57411,1148370.000,fft_accept,6,33
57413,1148410.000,fft_accept,6,34
57415,1148450.000,fft_accept,6,35
57417,1148490.000,fft_accept,6,36
57419,1148530.000,fft_accept,6,37
57421,1148570.000,fft_accept,6,38
57423,1148610.000,fft_accept,6,39
57425,1148650.000,fft_accept,6,40
57427,1148690.000,fft_accept,6,41
57429,1148730.000,fft_accept,6,42
57431,1148770.000,fft_accept,6,43
57433,1148810.000,fft_accept,6,44
57435,1148850.000,fft_accept,6,45
57437,1148890.000,fft_accept,6,46
57439,1148930.000,fft_accept,6,47
57441,1148970.000,fft_accept,6,48
57443,1149010.000,fft_accept,6,49
57445,1149050.000,fft_accept,6,50
57447,1149090.000,fft_accept,6,51
57449,1149130.000,fft_accept,6,52
57451,1149170.000,fft_accept,6,53
57453,1149210.000,fft_accept,6,54
57455,1149250.000,fft_accept,6,55
57457,1149290.000,fft_accept,6,56
57459,1149330.000,fft_accept,6,57
57461,1149370.000,fft_accept,6,58
57463,1149410.000,fft_accept,6,59
57465,1149450.000,fft_accept,6,60
57467,1149490.000,fft_accept,6,61
57469,1149530.000,fft_accept,6,62
57471,1149570.000,fft_accept,6,63
57473,1149610.000,fft_accept,6,64
57475,1149650.000,fft_accept,6,65
57477,1149690.000,fft_accept,6,66
57479,1149730.000,fft_accept,6,67
57481,1149770.000,fft_accept,6,68
57483,1149810.000,fft_accept,6,69
57485,1149850.000,fft_accept,6,70
57487,1149890.000,fft_accept,6,71
57489,1149930.000,fft_accept,6,72
57491,1149970.000,fft_accept,6,73
57493,1150010.000,fft_accept,6,74
57495,1150050.000,fft_accept,6,75
57497,1150090.000,fft_accept,6,76
57499,1150130.000,fft_accept,6,77
57501,1150170.000,fft_accept,6,78
57503,1150210.000,fft_accept,6,79
57505,1150250.000,fft_accept,6,80
57507,1150290.000,fft_accept,6,81
57509,1150330.000,fft_accept,6,82
57511,1150370.000,fft_accept,6,83
57513,1150410.000,fft_accept,6,84
57515,1150450.000,fft_accept,6,85
57517,1150490.000,fft_accept,6,86
57519,1150530.000,fft_accept,6,87
57521,1150570.000,fft_accept,6,88
57523,1150610.000,fft_accept,6,89
57525,1150650.000,fft_accept,6,90
57527,1150690.000,fft_accept,6,91
57529,1150730.000,fft_accept,6,92
57531,1150770.000,fft_accept,6,93
57533,1150810.000,fft_accept,6,94
57535,1150850.000,fft_accept,6,95
57537,1150890.000,fft_accept,6,96
57539,1150930.000,fft_accept,6,97
57541,1150970.000,fft_accept,6,98
57543,1151010.000,fft_accept,6,99
57545,1151050.000,fft_accept,6,100
57547,1151090.000,fft_accept,6,101
57549,1151130.000,fft_accept,6,102
57551,1151170.000,fft_accept,6,103
57553,1151210.000,fft_accept,6,104
57555,1151250.000,fft_accept,6,105
57557,1151290.000,fft_accept,6,106
57559,1151330.000,fft_accept,6,107
57561,1151370.000,fft_accept,6,108
57563,1151410.000,fft_accept,6,109
57565,1151450.000,fft_accept,6,110
57567,1151490.000,fft_accept,6,111
57569,1151530.000,fft_accept,6,112
57571,1151570.000,fft_accept,6,113
57573,1151610.000,fft_accept,6,114
57575,1151650.000,fft_accept,6,115
57577,1151690.000,fft_accept,6,116
57579,1151730.000,fft_accept,6,117
57581,1151770.000,fft_accept,6,118
57583,1151810.000,fft_accept,6,119
57585,1151850.000,fft_accept,6,120
57587,1151890.000,fft_accept,6,121
57589,1151930.000,fft_accept,6,122
57591,1151970.000,fft_accept,6,123
57593,1152010.000,fft_accept,6,124
57595,1152050.000,fft_accept,6,125
57597,1152090.000,fft_accept,6,126
57599,1152130.000,fft_accept,6,127
57601,1152170.000,fft_accept,6,128
57603,1152210.000,fft_accept,6,129
57605,1152250.000,fft_accept,6,130
57607,1152290.000,fft_accept,6,131
57609,1152330.000,fft_accept,6,132
57611,1152370.000,fft_accept,6,133
57613,1152410.000,fft_accept,6,134
57615,1152450.000,fft_accept,6,135
57617,1152490.000,fft_accept,6,136
57619,1152530.000,fft_accept,6,137
57621,1152570.000,fft_accept,6,138
57623,1152610.000,fft_accept,6,139
57625,1152650.000,fft_accept,6,140
57627,1152690.000,fft_accept,6,141
57629,1152730.000,fft_accept,6,142
57631,1152770.000,fft_accept,6,143
57633,1152810.000,fft_accept,6,144
57635,1152850.000,fft_accept,6,145
57637,1152890.000,fft_accept,6,146
57639,1152930.000,fft_accept,6,147
57641,1152970.000,fft_accept,6,148
57643,1153010.000,fft_accept,6,149
57645,1153050.000,fft_accept,6,150
57647,1153090.000,fft_accept,6,151
57649,1153130.000,fft_accept,6,152
57651,1153170.000,fft_accept,6,153
57653,1153210.000,fft_accept,6,154
57655,1153250.000,fft_accept,6,155
57657,1153290.000,fft_accept,6,156
57659,1153330.000,fft_accept,6,157
57661,1153370.000,fft_accept,6,158
57663,1153410.000,fft_accept,6,159
57665,1153450.000,fft_accept,6,160
57667,1153490.000,fft_accept,6,161
57669,1153530.000,fft_accept,6,162
57671,1153570.000,fft_accept,6,163
57673,1153610.000,fft_accept,6,164
57675,1153650.000,fft_accept,6,165
57677,1153690.000,fft_accept,6,166
57679,1153730.000,fft_accept,6,167
57681,1153770.000,fft_accept,6,168
57683,1153810.000,fft_accept,6,169
57685,1153850.000,fft_accept,6,170
57687,1153890.000,fft_accept,6,171
57689,1153930.000,fft_accept,6,172
57691,1153970.000,fft_accept,6,173
57693,1154010.000,fft_accept,6,174
57695,1154050.000,fft_accept,6,175
57697,1154090.000,fft_accept,6,176
57699,1154130.000,fft_accept,6,177
57701,1154170.000,fft_accept,6,178
57703,1154210.000,fft_accept,6,179
57705,1154250.000,fft_accept,6,180
57707,1154290.000,fft_accept,6,181
57709,1154330.000,fft_accept,6,182
57711,1154370.000,fft_accept,6,183
57713,1154410.000,fft_accept,6,184
57715,1154450.000,fft_accept,6,185
57717,1154490.000,fft_accept,6,186
57719,1154530.000,fft_accept,6,187
57721,1154570.000,fft_accept,6,188
57723,1154610.000,fft_accept,6,189
57725,1154650.000,fft_accept,6,190
57727,1154690.000,fft_accept,6,191
57729,1154730.000,fft_accept,6,192
57731,1154770.000,fft_accept,6,193
57733,1154810.000,fft_accept,6,194
57735,1154850.000,fft_accept,6,195
57737,1154890.000,fft_accept,6,196
57739,1154930.000,fft_accept,6,197
57741,1154970.000,fft_accept,6,198
57743,1155010.000,fft_accept,6,199
57745,1155050.000,fft_accept,6,200
57747,1155090.000,fft_accept,6,201
57749,1155130.000,fft_accept,6,202
57751,1155170.000,fft_accept,6,203
57753,1155210.000,fft_accept,6,204
57755,1155250.000,fft_accept,6,205
57757,1155290.000,fft_accept,6,206
57759,1155330.000,fft_accept,6,207
57761,1155370.000,fft_accept,6,208
57763,1155410.000,fft_accept,6,209
57765,1155450.000,fft_accept,6,210
57767,1155490.000,fft_accept,6,211
57769,1155530.000,fft_accept,6,212
57771,1155570.000,fft_accept,6,213
57773,1155610.000,fft_accept,6,214
57775,1155650.000,fft_accept,6,215
57777,1155690.000,fft_accept,6,216
57779,1155730.000,fft_accept,6,217
57781,1155770.000,fft_accept,6,218
57783,1155810.000,fft_accept,6,219
57785,1155850.000,fft_accept,6,220
57787,1155890.000,fft_accept,6,221
57789,1155930.000,fft_accept,6,222
57791,1155970.000,fft_accept,6,223
57793,1156010.000,fft_accept,6,224
57795,1156050.000,fft_accept,6,225
57797,1156090.000,fft_accept,6,226
57799,1156130.000,fft_accept,6,227
57801,1156170.000,fft_accept,6,228
57803,1156210.000,fft_accept,6,229
57805,1156250.000,fft_accept,6,230
57807,1156290.000,fft_accept,6,231
57809,1156330.000,fft_accept,6,232
57811,1156370.000,fft_accept,6,233
57813,1156410.000,fft_accept,6,234
57815,1156450.000,fft_accept,6,235
57817,1156490.000,fft_accept,6,236
57819,1156530.000,fft_accept,6,237
57821,1156570.000,fft_accept,6,238
57823,1156610.000,fft_accept,6,239
57825,1156650.000,fft_accept,6,240
57827,1156690.000,fft_accept,6,241
57829,1156730.000,fft_accept,6,242
57831,1156770.000,fft_accept,6,243
57833,1156810.000,fft_accept,6,244
57835,1156850.000,fft_accept,6,245
57837,1156890.000,fft_accept,6,246
57839,1156930.000,fft_accept,6,247
57841,1156970.000,fft_accept,6,248
57843,1157010.000,fft_accept,6,249
57845,1157050.000,fft_accept,6,250
57847,1157090.000,fft_accept,6,251
57849,1157130.000,fft_accept,6,252
57851,1157170.000,fft_accept,6,253
57853,1157210.000,fft_accept,6,254
57855,1157250.000,fft_accept,6,255
57856,1157270.000,window_accept,7,0
57857,1157290.000,window_accept,7,1
57859,1157330.000,window_accept,7,2
57859,1157330.000,canon_accept,6,0
57860,1157350.000,mask_accept,6,0
57861,1157370.000,window_accept,7,3
57863,1157410.000,window_accept,7,4
57863,1157410.000,canon_accept,6,1
57865,1157450.000,window_accept,7,5
57867,1157490.000,window_accept,7,6
57869,1157530.000,window_accept,7,7
57871,1157570.000,window_accept,7,8
57873,1157610.000,window_accept,7,9
57875,1157650.000,window_accept,7,10
57877,1157690.000,window_accept,7,11
57879,1157730.000,window_accept,7,12
57881,1157770.000,window_accept,7,13
57883,1157810.000,window_accept,7,14
57885,1157850.000,window_accept,7,15
57887,1157890.000,window_accept,7,16
57889,1157930.000,window_accept,7,17
57891,1157970.000,window_accept,7,18
57893,1158010.000,window_accept,7,19
57895,1158050.000,window_accept,7,20
57897,1158090.000,window_accept,7,21
57899,1158130.000,window_accept,7,22
57901,1158170.000,window_accept,7,23
57903,1158210.000,window_accept,7,24
57905,1158250.000,window_accept,7,25
57907,1158290.000,window_accept,7,26
57909,1158330.000,window_accept,7,27
57911,1158370.000,window_accept,7,28
57913,1158410.000,window_accept,7,29
57915,1158450.000,window_accept,7,30
57917,1158490.000,window_accept,7,31
57919,1158530.000,window_accept,7,32
57921,1158570.000,window_accept,7,33
57923,1158610.000,window_accept,7,34
57925,1158650.000,window_accept,7,35
57927,1158690.000,window_accept,7,36
57929,1158730.000,window_accept,7,37
57931,1158770.000,window_accept,7,38
57933,1158810.000,window_accept,7,39
57935,1158850.000,window_accept,7,40
57937,1158890.000,window_accept,7,41
57939,1158930.000,window_accept,7,42
57941,1158970.000,window_accept,7,43
57943,1159010.000,window_accept,7,44
57945,1159050.000,window_accept,7,45
57947,1159090.000,window_accept,7,46
57949,1159130.000,window_accept,7,47
57951,1159170.000,window_accept,7,48
57953,1159210.000,window_accept,7,49
57955,1159250.000,window_accept,7,50
57957,1159290.000,window_accept,7,51
57959,1159330.000,window_accept,7,52
57961,1159370.000,window_accept,7,53
57963,1159410.000,window_accept,7,54
57965,1159450.000,window_accept,7,55
57967,1159490.000,window_accept,7,56
57969,1159530.000,window_accept,7,57
57971,1159570.000,window_accept,7,58
57973,1159610.000,window_accept,7,59
57975,1159650.000,window_accept,7,60
57977,1159690.000,window_accept,7,61
57979,1159730.000,window_accept,7,62
57981,1159770.000,window_accept,7,63
57983,1159810.000,window_accept,7,64
57985,1159850.000,window_accept,7,65
57987,1159890.000,window_accept,7,66
57989,1159930.000,window_accept,7,67
57991,1159970.000,window_accept,7,68
57993,1160010.000,window_accept,7,69
57995,1160050.000,window_accept,7,70
57997,1160090.000,window_accept,7,71
57999,1160130.000,window_accept,7,72
58001,1160170.000,window_accept,7,73
58003,1160210.000,window_accept,7,74
58005,1160250.000,window_accept,7,75
58007,1160290.000,window_accept,7,76
58009,1160330.000,window_accept,7,77
58011,1160370.000,window_accept,7,78
58013,1160410.000,window_accept,7,79
58015,1160450.000,window_accept,7,80
58017,1160490.000,window_accept,7,81
58019,1160530.000,window_accept,7,82
58021,1160570.000,window_accept,7,83
58023,1160610.000,window_accept,7,84
58025,1160650.000,window_accept,7,85
58027,1160690.000,window_accept,7,86
58029,1160730.000,window_accept,7,87
58031,1160770.000,window_accept,7,88
58033,1160810.000,window_accept,7,89
58035,1160850.000,window_accept,7,90
58037,1160890.000,window_accept,7,91
58039,1160930.000,window_accept,7,92
58041,1160970.000,window_accept,7,93
58043,1161010.000,window_accept,7,94
58045,1161050.000,window_accept,7,95
58047,1161090.000,window_accept,7,96
58049,1161130.000,window_accept,7,97
58051,1161170.000,window_accept,7,98
58053,1161210.000,window_accept,7,99
58055,1161250.000,window_accept,7,100
58057,1161290.000,window_accept,7,101
58059,1161330.000,window_accept,7,102
58061,1161370.000,window_accept,7,103
58063,1161410.000,window_accept,7,104
58065,1161450.000,window_accept,7,105
58067,1161490.000,window_accept,7,106
58069,1161530.000,window_accept,7,107
58071,1161570.000,window_accept,7,108
58073,1161610.000,window_accept,7,109
58075,1161650.000,window_accept,7,110
58077,1161690.000,window_accept,7,111
58079,1161730.000,window_accept,7,112
58081,1161770.000,window_accept,7,113
58083,1161810.000,window_accept,7,114
58085,1161850.000,window_accept,7,115
58087,1161890.000,window_accept,7,116
58089,1161930.000,window_accept,7,117
58091,1161970.000,window_accept,7,118
58093,1162010.000,window_accept,7,119
58095,1162050.000,window_accept,7,120
58097,1162090.000,window_accept,7,121
58099,1162130.000,window_accept,7,122
58101,1162170.000,window_accept,7,123
58103,1162210.000,window_accept,7,124
58105,1162250.000,window_accept,7,125
58107,1162290.000,window_accept,7,126
58109,1162330.000,window_accept,7,127
58111,1162370.000,window_accept,7,128
58113,1162410.000,window_accept,7,129
58115,1162450.000,window_accept,7,130
58117,1162490.000,window_accept,7,131
58119,1162530.000,window_accept,7,132
58121,1162570.000,window_accept,7,133
58123,1162610.000,window_accept,7,134
58125,1162650.000,window_accept,7,135
58127,1162690.000,window_accept,7,136
58129,1162730.000,window_accept,7,137
58131,1162770.000,window_accept,7,138
58133,1162810.000,window_accept,7,139
58135,1162850.000,window_accept,7,140
58137,1162890.000,window_accept,7,141
58139,1162930.000,window_accept,7,142
58141,1162970.000,window_accept,7,143
58143,1163010.000,window_accept,7,144
58145,1163050.000,window_accept,7,145
58147,1163090.000,window_accept,7,146
58149,1163130.000,window_accept,7,147
58151,1163170.000,window_accept,7,148
58153,1163210.000,window_accept,7,149
58155,1163250.000,window_accept,7,150
58157,1163290.000,window_accept,7,151
58159,1163330.000,window_accept,7,152
58161,1163370.000,window_accept,7,153
58163,1163410.000,window_accept,7,154
58165,1163450.000,window_accept,7,155
58167,1163490.000,window_accept,7,156
58169,1163530.000,window_accept,7,157
58171,1163570.000,window_accept,7,158
58173,1163610.000,window_accept,7,159
58175,1163650.000,window_accept,7,160
58177,1163690.000,window_accept,7,161
58179,1163730.000,window_accept,7,162
58181,1163770.000,window_accept,7,163
58183,1163810.000,window_accept,7,164
58185,1163850.000,window_accept,7,165
58187,1163890.000,window_accept,7,166
58189,1163930.000,window_accept,7,167
58191,1163970.000,window_accept,7,168
58193,1164010.000,window_accept,7,169
58195,1164050.000,window_accept,7,170
58197,1164090.000,window_accept,7,171
58199,1164130.000,window_accept,7,172
58201,1164170.000,window_accept,7,173
58203,1164210.000,window_accept,7,174
58205,1164250.000,window_accept,7,175
58207,1164290.000,window_accept,7,176
58209,1164330.000,window_accept,7,177
58211,1164370.000,window_accept,7,178
58213,1164410.000,window_accept,7,179
58215,1164450.000,window_accept,7,180
58217,1164490.000,window_accept,7,181
58219,1164530.000,window_accept,7,182
58221,1164570.000,window_accept,7,183
58223,1164610.000,window_accept,7,184
58225,1164650.000,window_accept,7,185
58227,1164690.000,window_accept,7,186
58229,1164730.000,window_accept,7,187
58231,1164770.000,window_accept,7,188
58233,1164810.000,window_accept,7,189
58235,1164850.000,window_accept,7,190
58237,1164890.000,window_accept,7,191
58239,1164930.000,window_accept,7,192
58241,1164970.000,window_accept,7,193
58243,1165010.000,window_accept,7,194
58245,1165050.000,window_accept,7,195
58247,1165090.000,window_accept,7,196
58249,1165130.000,window_accept,7,197
58251,1165170.000,window_accept,7,198
58253,1165210.000,window_accept,7,199
58255,1165250.000,window_accept,7,200
58257,1165290.000,window_accept,7,201
58259,1165330.000,window_accept,7,202
58261,1165370.000,window_accept,7,203
58263,1165410.000,window_accept,7,204
58265,1165450.000,window_accept,7,205
58267,1165490.000,window_accept,7,206
58269,1165530.000,window_accept,7,207
58271,1165570.000,window_accept,7,208
58273,1165610.000,window_accept,7,209
58275,1165650.000,window_accept,7,210
58277,1165690.000,window_accept,7,211
58279,1165730.000,window_accept,7,212
58281,1165770.000,window_accept,7,213
58283,1165810.000,window_accept,7,214
58285,1165850.000,window_accept,7,215
58287,1165890.000,window_accept,7,216
58289,1165930.000,window_accept,7,217
58291,1165970.000,window_accept,7,218
58293,1166010.000,window_accept,7,219
58295,1166050.000,window_accept,7,220
58297,1166090.000,window_accept,7,221
58299,1166130.000,window_accept,7,222
58301,1166170.000,window_accept,7,223
58303,1166210.000,window_accept,7,224
58305,1166250.000,window_accept,7,225
58307,1166290.000,window_accept,7,226
58309,1166330.000,window_accept,7,227
58311,1166370.000,window_accept,7,228
58313,1166410.000,window_accept,7,229
58315,1166450.000,window_accept,7,230
58317,1166490.000,window_accept,7,231
58319,1166530.000,window_accept,7,232
58321,1166570.000,window_accept,7,233
58323,1166610.000,window_accept,7,234
58325,1166650.000,window_accept,7,235
58327,1166690.000,window_accept,7,236
58329,1166730.000,window_accept,7,237
58331,1166770.000,window_accept,7,238
58333,1166810.000,window_accept,7,239
58335,1166850.000,window_accept,7,240
58337,1166890.000,window_accept,7,241
58339,1166930.000,window_accept,7,242
58341,1166970.000,window_accept,7,243
58343,1167010.000,window_accept,7,244
58345,1167050.000,window_accept,7,245
58347,1167090.000,window_accept,7,246
58349,1167130.000,window_accept,7,247
58351,1167170.000,window_accept,7,248
58353,1167210.000,window_accept,7,249
58355,1167250.000,window_accept,7,250
58357,1167290.000,window_accept,7,251
58359,1167330.000,window_accept,7,252
58361,1167370.000,window_accept,7,253
58363,1167410.000,window_accept,7,254
58365,1167450.000,source_accept,-1,1025
58365,1167450.000,window_accept,7,255
58366,1167470.000,source_accept,-1,1026
58366,1167470.000,fft_compute_start,7,1
58367,1167490.000,source_accept,-1,1027
58368,1167510.000,source_accept,-1,1028
58369,1167530.000,source_accept,-1,1029
58370,1167550.000,source_accept,-1,1030
58371,1167570.000,source_accept,-1,1031
58372,1167590.000,source_accept,-1,1032
58373,1167610.000,source_accept,-1,1033
58374,1167630.000,source_accept,-1,1034
58375,1167650.000,source_accept,-1,1035
58376,1167670.000,source_accept,-1,1036
58377,1167690.000,source_accept,-1,1037
58378,1167710.000,source_accept,-1,1038
58379,1167730.000,source_accept,-1,1039
58380,1167750.000,source_accept,-1,1040
58381,1167770.000,source_accept,-1,1041
58382,1167790.000,source_accept,-1,1042
58383,1167810.000,source_accept,-1,1043
58384,1167830.000,source_accept,-1,1044
58385,1167850.000,source_accept,-1,1045
58386,1167870.000,source_accept,-1,1046
58387,1167890.000,source_accept,-1,1047
58388,1167910.000,source_accept,-1,1048
58389,1167930.000,source_accept,-1,1049
58390,1167950.000,source_accept,-1,1050
58391,1167970.000,source_accept,-1,1051
58392,1167990.000,source_accept,-1,1052
58393,1168010.000,source_accept,-1,1053
58394,1168030.000,source_accept,-1,1054
58395,1168050.000,source_accept,-1,1055
58396,1168070.000,source_accept,-1,1056
58397,1168090.000,source_accept,-1,1057
58398,1168110.000,source_accept,-1,1058
58399,1168130.000,source_accept,-1,1059
58400,1168150.000,source_accept,-1,1060
58401,1168170.000,source_accept,-1,1061
58402,1168190.000,source_accept,-1,1062
58403,1168210.000,source_accept,-1,1063
58404,1168230.000,source_accept,-1,1064
58405,1168250.000,source_accept,-1,1065
58406,1168270.000,source_accept,-1,1066
58407,1168290.000,source_accept,-1,1067
58408,1168310.000,source_accept,-1,1068
58409,1168330.000,source_accept,-1,1069
58410,1168350.000,source_accept,-1,1070
58411,1168370.000,source_accept,-1,1071
58412,1168390.000,source_accept,-1,1072
58413,1168410.000,source_accept,-1,1073
58414,1168430.000,source_accept,-1,1074
58415,1168450.000,source_accept,-1,1075
58416,1168470.000,source_accept,-1,1076
58417,1168490.000,source_accept,-1,1077
58418,1168510.000,source_accept,-1,1078
58419,1168530.000,source_accept,-1,1079
58420,1168550.000,source_accept,-1,1080
58421,1168570.000,source_accept,-1,1081
58422,1168590.000,source_accept,-1,1082
58423,1168610.000,source_accept,-1,1083
58424,1168630.000,source_accept,-1,1084
58425,1168650.000,source_accept,-1,1085
58426,1168670.000,source_accept,-1,1086
58427,1168690.000,source_accept,-1,1087
58428,1168710.000,source_accept,-1,1088
58429,1168730.000,source_accept,-1,1089
58430,1168750.000,source_accept,-1,1090
58431,1168770.000,source_accept,-1,1091
58432,1168790.000,source_accept,-1,1092
58433,1168810.000,source_accept,-1,1093
58434,1168830.000,source_accept,-1,1094
58435,1168850.000,source_accept,-1,1095
58436,1168870.000,source_accept,-1,1096
58437,1168890.000,source_accept,-1,1097
58438,1168910.000,source_accept,-1,1098
58439,1168930.000,source_accept,-1,1099
58440,1168950.000,source_accept,-1,1100
58441,1168970.000,source_accept,-1,1101
58442,1168990.000,source_accept,-1,1102
58443,1169010.000,source_accept,-1,1103
58444,1169030.000,source_accept,-1,1104
58445,1169050.000,source_accept,-1,1105
58446,1169070.000,source_accept,-1,1106
58447,1169090.000,source_accept,-1,1107
58448,1169110.000,source_accept,-1,1108
58449,1169130.000,source_accept,-1,1109
58450,1169150.000,source_accept,-1,1110
58451,1169170.000,source_accept,-1,1111
58452,1169190.000,source_accept,-1,1112
58453,1169210.000,source_accept,-1,1113
58454,1169230.000,source_accept,-1,1114
58455,1169250.000,source_accept,-1,1115
58456,1169270.000,source_accept,-1,1116
58457,1169290.000,source_accept,-1,1117
58458,1169310.000,source_accept,-1,1118
58459,1169330.000,source_accept,-1,1119
58460,1169350.000,source_accept,-1,1120
58461,1169370.000,source_accept,-1,1121
58462,1169390.000,source_accept,-1,1122
58463,1169410.000,source_accept,-1,1123
58464,1169430.000,source_accept,-1,1124
58465,1169450.000,source_accept,-1,1125
58466,1169470.000,source_accept,-1,1126
58467,1169490.000,source_accept,-1,1127
58468,1169510.000,source_accept,-1,1128
58469,1169530.000,source_accept,-1,1129
58470,1169550.000,source_accept,-1,1130
58471,1169570.000,source_accept,-1,1131
58472,1169590.000,source_accept,-1,1132
58473,1169610.000,source_accept,-1,1133
58474,1169630.000,source_accept,-1,1134
58475,1169650.000,source_accept,-1,1135
58476,1169670.000,source_accept,-1,1136
58477,1169690.000,source_accept,-1,1137
58478,1169710.000,source_accept,-1,1138
58479,1169730.000,source_accept,-1,1139
58480,1169750.000,source_accept,-1,1140
58481,1169770.000,source_accept,-1,1141
58482,1169790.000,source_accept,-1,1142
58483,1169810.000,source_accept,-1,1143
58484,1169830.000,source_accept,-1,1144
58485,1169850.000,source_accept,-1,1145
58486,1169870.000,source_accept,-1,1146
58487,1169890.000,source_accept,-1,1147
58488,1169910.000,source_accept,-1,1148
58489,1169930.000,source_accept,-1,1149
58490,1169950.000,source_accept,-1,1150
58491,1169970.000,source_accept,-1,1151
58493,1170010.000,frame_request,8,-1
60385,1207850.000,ifft_compute_end,5,-1
60386,1207870.000,ifft_accept,5,0
60388,1207910.000,ifft_accept,5,1
60390,1207950.000,ifft_accept,5,2
60392,1207990.000,ifft_accept,5,3
60394,1208030.000,ifft_accept,5,4
60396,1208070.000,ifft_accept,5,5
60398,1208110.000,ifft_accept,5,6
60400,1208150.000,ifft_accept,5,7
60402,1208190.000,ifft_accept,5,8
60404,1208230.000,ifft_accept,5,9
60406,1208270.000,ifft_accept,5,10
60408,1208310.000,ifft_accept,5,11
60410,1208350.000,ifft_accept,5,12
60412,1208390.000,ifft_accept,5,13
60414,1208430.000,ifft_accept,5,14
60416,1208470.000,ifft_accept,5,15
60418,1208510.000,ifft_accept,5,16
60420,1208550.000,ifft_accept,5,17
60422,1208590.000,ifft_accept,5,18
60424,1208630.000,ifft_accept,5,19
60426,1208670.000,ifft_accept,5,20
60428,1208710.000,ifft_accept,5,21
60430,1208750.000,ifft_accept,5,22
60432,1208790.000,ifft_accept,5,23
60434,1208830.000,ifft_accept,5,24
60436,1208870.000,ifft_accept,5,25
60438,1208910.000,ifft_accept,5,26
60440,1208950.000,ifft_accept,5,27
60442,1208990.000,ifft_accept,5,28
60444,1209030.000,ifft_accept,5,29
60446,1209070.000,ifft_accept,5,30
60448,1209110.000,ifft_accept,5,31
60450,1209150.000,ifft_accept,5,32
60452,1209190.000,ifft_accept,5,33
60454,1209230.000,ifft_accept,5,34
60456,1209270.000,ifft_accept,5,35
60458,1209310.000,ifft_accept,5,36
60460,1209350.000,ifft_accept,5,37
60462,1209390.000,ifft_accept,5,38
60464,1209430.000,ifft_accept,5,39
60466,1209470.000,ifft_accept,5,40
60468,1209510.000,ifft_accept,5,41
60470,1209550.000,ifft_accept,5,42
60472,1209590.000,ifft_accept,5,43
60474,1209630.000,ifft_accept,5,44
60476,1209670.000,ifft_accept,5,45
60478,1209710.000,ifft_accept,5,46
60480,1209750.000,ifft_accept,5,47
60482,1209790.000,ifft_accept,5,48
60484,1209830.000,ifft_accept,5,49
60486,1209870.000,ifft_accept,5,50
60488,1209910.000,ifft_accept,5,51
60490,1209950.000,ifft_accept,5,52
60492,1209990.000,ifft_accept,5,53
60494,1210030.000,ifft_accept,5,54
60496,1210070.000,ifft_accept,5,55
60498,1210110.000,ifft_accept,5,56
60500,1210150.000,ifft_accept,5,57
60502,1210190.000,ifft_accept,5,58
60504,1210230.000,ifft_accept,5,59
60506,1210270.000,ifft_accept,5,60
60508,1210310.000,ifft_accept,5,61
60510,1210350.000,ifft_accept,5,62
60512,1210390.000,ifft_accept,5,63
60514,1210430.000,ifft_accept,5,64
60516,1210470.000,ifft_accept,5,65
60518,1210510.000,ifft_accept,5,66
60520,1210550.000,ifft_accept,5,67
60522,1210590.000,ifft_accept,5,68
60524,1210630.000,ifft_accept,5,69
60526,1210670.000,ifft_accept,5,70
60528,1210710.000,ifft_accept,5,71
60530,1210750.000,ifft_accept,5,72
60532,1210790.000,ifft_accept,5,73
60534,1210830.000,ifft_accept,5,74
60536,1210870.000,ifft_accept,5,75
60538,1210910.000,ifft_accept,5,76
60540,1210950.000,ifft_accept,5,77
60542,1210990.000,ifft_accept,5,78
60544,1211030.000,ifft_accept,5,79
60546,1211070.000,ifft_accept,5,80
60548,1211110.000,ifft_accept,5,81
60550,1211150.000,ifft_accept,5,82
60552,1211190.000,ifft_accept,5,83
60554,1211230.000,ifft_accept,5,84
60556,1211270.000,ifft_accept,5,85
60558,1211310.000,ifft_accept,5,86
60560,1211350.000,ifft_accept,5,87
60562,1211390.000,ifft_accept,5,88
60564,1211430.000,ifft_accept,5,89
60566,1211470.000,ifft_accept,5,90
60568,1211510.000,ifft_accept,5,91
60570,1211550.000,ifft_accept,5,92
60572,1211590.000,ifft_accept,5,93
60574,1211630.000,ifft_accept,5,94
60576,1211670.000,ifft_accept,5,95
60578,1211710.000,ifft_accept,5,96
60580,1211750.000,ifft_accept,5,97
60582,1211790.000,ifft_accept,5,98
60584,1211830.000,ifft_accept,5,99
60586,1211870.000,ifft_accept,5,100
60588,1211910.000,ifft_accept,5,101
60590,1211950.000,ifft_accept,5,102
60592,1211990.000,ifft_accept,5,103
60594,1212030.000,ifft_accept,5,104
60596,1212070.000,ifft_accept,5,105
60598,1212110.000,ifft_accept,5,106
60600,1212150.000,ifft_accept,5,107
60602,1212190.000,ifft_accept,5,108
60604,1212230.000,ifft_accept,5,109
60606,1212270.000,ifft_accept,5,110
60608,1212310.000,ifft_accept,5,111
60610,1212350.000,ifft_accept,5,112
60612,1212390.000,ifft_accept,5,113
60614,1212430.000,ifft_accept,5,114
60616,1212470.000,ifft_accept,5,115
60618,1212510.000,ifft_accept,5,116
60620,1212550.000,ifft_accept,5,117
60622,1212590.000,ifft_accept,5,118
60624,1212630.000,ifft_accept,5,119
60626,1212670.000,ifft_accept,5,120
60628,1212710.000,ifft_accept,5,121
60630,1212750.000,ifft_accept,5,122
60632,1212790.000,ifft_accept,5,123
60634,1212830.000,ifft_accept,5,124
60636,1212870.000,ifft_accept,5,125
60638,1212910.000,ifft_accept,5,126
60640,1212950.000,ifft_accept,5,127
60642,1212990.000,ifft_accept,5,128
60644,1213030.000,ifft_accept,5,129
60646,1213070.000,ifft_accept,5,130
60648,1213110.000,ifft_accept,5,131
60650,1213150.000,ifft_accept,5,132
60652,1213190.000,ifft_accept,5,133
60654,1213230.000,ifft_accept,5,134
60656,1213270.000,ifft_accept,5,135
60658,1213310.000,ifft_accept,5,136
60660,1213350.000,ifft_accept,5,137
60662,1213390.000,ifft_accept,5,138
60664,1213430.000,ifft_accept,5,139
60666,1213470.000,ifft_accept,5,140
60668,1213510.000,ifft_accept,5,141
60670,1213550.000,ifft_accept,5,142
60672,1213590.000,ifft_accept,5,143
60674,1213630.000,ifft_accept,5,144
60676,1213670.000,ifft_accept,5,145
60678,1213710.000,ifft_accept,5,146
60680,1213750.000,ifft_accept,5,147
60682,1213790.000,ifft_accept,5,148
60684,1213830.000,ifft_accept,5,149
60686,1213870.000,ifft_accept,5,150
60688,1213910.000,ifft_accept,5,151
60690,1213950.000,ifft_accept,5,152
60692,1213990.000,ifft_accept,5,153
60694,1214030.000,ifft_accept,5,154
60696,1214070.000,ifft_accept,5,155
60698,1214110.000,ifft_accept,5,156
60700,1214150.000,ifft_accept,5,157
60702,1214190.000,ifft_accept,5,158
60704,1214230.000,ifft_accept,5,159
60706,1214270.000,ifft_accept,5,160
60708,1214310.000,ifft_accept,5,161
60710,1214350.000,ifft_accept,5,162
60712,1214390.000,ifft_accept,5,163
60714,1214430.000,ifft_accept,5,164
60716,1214470.000,ifft_accept,5,165
60718,1214510.000,ifft_accept,5,166
60720,1214550.000,ifft_accept,5,167
60722,1214590.000,ifft_accept,5,168
60724,1214630.000,ifft_accept,5,169
60726,1214670.000,ifft_accept,5,170
60728,1214710.000,ifft_accept,5,171
60730,1214750.000,ifft_accept,5,172
60732,1214790.000,ifft_accept,5,173
60734,1214830.000,ifft_accept,5,174
60736,1214870.000,ifft_accept,5,175
60738,1214910.000,ifft_accept,5,176
60740,1214950.000,ifft_accept,5,177
60742,1214990.000,ifft_accept,5,178
60744,1215030.000,ifft_accept,5,179
60746,1215070.000,ifft_accept,5,180
60748,1215110.000,ifft_accept,5,181
60750,1215150.000,ifft_accept,5,182
60752,1215190.000,ifft_accept,5,183
60754,1215230.000,ifft_accept,5,184
60756,1215270.000,ifft_accept,5,185
60758,1215310.000,ifft_accept,5,186
60760,1215350.000,ifft_accept,5,187
60762,1215390.000,ifft_accept,5,188
60764,1215430.000,ifft_accept,5,189
60766,1215470.000,ifft_accept,5,190
60768,1215510.000,ifft_accept,5,191
60770,1215550.000,ifft_accept,5,192
60772,1215590.000,ifft_accept,5,193
60774,1215630.000,ifft_accept,5,194
60776,1215670.000,ifft_accept,5,195
60778,1215710.000,ifft_accept,5,196
60780,1215750.000,ifft_accept,5,197
60782,1215790.000,ifft_accept,5,198
60784,1215830.000,ifft_accept,5,199
60786,1215870.000,ifft_accept,5,200
60788,1215910.000,ifft_accept,5,201
60790,1215950.000,ifft_accept,5,202
60792,1215990.000,ifft_accept,5,203
60794,1216030.000,ifft_accept,5,204
60796,1216070.000,ifft_accept,5,205
60798,1216110.000,ifft_accept,5,206
60800,1216150.000,ifft_accept,5,207
60802,1216190.000,ifft_accept,5,208
60804,1216230.000,ifft_accept,5,209
60806,1216270.000,ifft_accept,5,210
60808,1216310.000,ifft_accept,5,211
60810,1216350.000,ifft_accept,5,212
60812,1216390.000,ifft_accept,5,213
60814,1216430.000,ifft_accept,5,214
60816,1216470.000,ifft_accept,5,215
60818,1216510.000,ifft_accept,5,216
60820,1216550.000,ifft_accept,5,217
60822,1216590.000,ifft_accept,5,218
60824,1216630.000,ifft_accept,5,219
60826,1216670.000,ifft_accept,5,220
60828,1216710.000,ifft_accept,5,221
60830,1216750.000,ifft_accept,5,222
60832,1216790.000,ifft_accept,5,223
60834,1216830.000,ifft_accept,5,224
60836,1216870.000,ifft_accept,5,225
60838,1216910.000,ifft_accept,5,226
60840,1216950.000,ifft_accept,5,227
60842,1216990.000,ifft_accept,5,228
60844,1217030.000,ifft_accept,5,229
60846,1217070.000,ifft_accept,5,230
60848,1217110.000,ifft_accept,5,231
60850,1217150.000,ifft_accept,5,232
60852,1217190.000,ifft_accept,5,233
60854,1217230.000,ifft_accept,5,234
60856,1217270.000,ifft_accept,5,235
60858,1217310.000,ifft_accept,5,236
60860,1217350.000,ifft_accept,5,237
60862,1217390.000,ifft_accept,5,238
60864,1217430.000,ifft_accept,5,239
60866,1217470.000,ifft_accept,5,240
60868,1217510.000,ifft_accept,5,241
60870,1217550.000,ifft_accept,5,242
60872,1217590.000,ifft_accept,5,243
60874,1217630.000,ifft_accept,5,244
60876,1217670.000,ifft_accept,5,245
60878,1217710.000,ifft_accept,5,246
60880,1217750.000,ifft_accept,5,247
60882,1217790.000,ifft_accept,5,248
60884,1217830.000,ifft_accept,5,249
60886,1217870.000,ifft_accept,5,250
60888,1217910.000,ifft_accept,5,251
60890,1217950.000,ifft_accept,5,252
60892,1217990.000,ifft_accept,5,253
60894,1218030.000,ifft_accept,5,254
60896,1218070.000,ifft_accept,5,255
60897,1218090.000,canon_accept,6,2
60897,1218090.000,mask_accept,6,1
60897,1218090.000,spec_accept,6,0
60898,1218110.000,mask_accept,6,2
60898,1218110.000,spec_accept,6,1
60899,1218130.000,spec_accept,6,2
60901,1218170.000,canon_accept,6,3
60901,1218170.000,wola_accept,5,640
60902,1218190.000,mask_accept,6,3
60903,1218210.000,spec_accept,6,3
60903,1218210.000,wola_accept,5,641
60903,1218210.000,y_accept,-1,640
60905,1218250.000,canon_accept,6,4
60905,1218250.000,wola_accept,5,642
60905,1218250.000,y_accept,-1,641
60906,1218270.000,mask_accept,6,4
60907,1218290.000,spec_accept,6,4
60907,1218290.000,wola_accept,5,643
60907,1218290.000,y_accept,-1,642
60909,1218330.000,canon_accept,6,5
60909,1218330.000,wola_accept,5,644
60909,1218330.000,y_accept,-1,643
60910,1218350.000,mask_accept,6,5
60911,1218370.000,spec_accept,6,5
60911,1218370.000,wola_accept,5,645
60911,1218370.000,y_accept,-1,644
60913,1218410.000,canon_accept,6,6
60913,1218410.000,wola_accept,5,646
60913,1218410.000,y_accept,-1,645
60914,1218430.000,mask_accept,6,6
60915,1218450.000,spec_accept,6,6
60915,1218450.000,wola_accept,5,647
60915,1218450.000,y_accept,-1,646
60917,1218490.000,canon_accept,6,7
60917,1218490.000,wola_accept,5,648
60917,1218490.000,y_accept,-1,647
60918,1218510.000,mask_accept,6,7
60919,1218530.000,spec_accept,6,7
60919,1218530.000,wola_accept,5,649
60919,1218530.000,y_accept,-1,648
60921,1218570.000,canon_accept,6,8
60921,1218570.000,wola_accept,5,650
60921,1218570.000,y_accept,-1,649
60922,1218590.000,mask_accept,6,8
60923,1218610.000,spec_accept,6,8
60923,1218610.000,wola_accept,5,651
60923,1218610.000,y_accept,-1,650
60925,1218650.000,canon_accept,6,9
60925,1218650.000,wola_accept,5,652
60925,1218650.000,y_accept,-1,651
60926,1218670.000,mask_accept,6,9
60927,1218690.000,spec_accept,6,9
60927,1218690.000,wola_accept,5,653
60927,1218690.000,y_accept,-1,652
60929,1218730.000,canon_accept,6,10
60929,1218730.000,wola_accept,5,654
60929,1218730.000,y_accept,-1,653
60930,1218750.000,mask_accept,6,10
60931,1218770.000,spec_accept,6,10
60931,1218770.000,wola_accept,5,655
60931,1218770.000,y_accept,-1,654
60933,1218810.000,canon_accept,6,11
60933,1218810.000,wola_accept,5,656
60933,1218810.000,y_accept,-1,655
60934,1218830.000,mask_accept,6,11
60935,1218850.000,spec_accept,6,11
60935,1218850.000,wola_accept,5,657
60935,1218850.000,y_accept,-1,656
60937,1218890.000,canon_accept,6,12
60937,1218890.000,wola_accept,5,658
60937,1218890.000,y_accept,-1,657
60938,1218910.000,mask_accept,6,12
60939,1218930.000,spec_accept,6,12
60939,1218930.000,wola_accept,5,659
60939,1218930.000,y_accept,-1,658
60941,1218970.000,canon_accept,6,13
60941,1218970.000,wola_accept,5,660
60941,1218970.000,y_accept,-1,659
60942,1218990.000,mask_accept,6,13
60943,1219010.000,spec_accept,6,13
60943,1219010.000,wola_accept,5,661
60943,1219010.000,y_accept,-1,660
60945,1219050.000,canon_accept,6,14
60945,1219050.000,wola_accept,5,662
60945,1219050.000,y_accept,-1,661
60946,1219070.000,mask_accept,6,14
60947,1219090.000,spec_accept,6,14
60947,1219090.000,wola_accept,5,663
60947,1219090.000,y_accept,-1,662
60949,1219130.000,canon_accept,6,15
60949,1219130.000,wola_accept,5,664
60949,1219130.000,y_accept,-1,663
60950,1219150.000,mask_accept,6,15
60951,1219170.000,spec_accept,6,15
60951,1219170.000,wola_accept,5,665
60951,1219170.000,y_accept,-1,664
60953,1219210.000,canon_accept,6,16
60953,1219210.000,wola_accept,5,666
60953,1219210.000,y_accept,-1,665
60954,1219230.000,mask_accept,6,16
60955,1219250.000,spec_accept,6,16
60955,1219250.000,wola_accept,5,667
60955,1219250.000,y_accept,-1,666
60957,1219290.000,canon_accept,6,17
60957,1219290.000,wola_accept,5,668
60957,1219290.000,y_accept,-1,667
60958,1219310.000,mask_accept,6,17
60959,1219330.000,spec_accept,6,17
60959,1219330.000,wola_accept,5,669
60959,1219330.000,y_accept,-1,668
60961,1219370.000,canon_accept,6,18
60961,1219370.000,wola_accept,5,670
60961,1219370.000,y_accept,-1,669
60962,1219390.000,mask_accept,6,18
60963,1219410.000,spec_accept,6,18
60963,1219410.000,wola_accept,5,671
60963,1219410.000,y_accept,-1,670
60965,1219450.000,canon_accept,6,19
60965,1219450.000,wola_accept,5,672
60965,1219450.000,y_accept,-1,671
60966,1219470.000,mask_accept,6,19
60967,1219490.000,spec_accept,6,19
60967,1219490.000,wola_accept,5,673
60967,1219490.000,y_accept,-1,672
60969,1219530.000,canon_accept,6,20
60969,1219530.000,wola_accept,5,674
60969,1219530.000,y_accept,-1,673
60970,1219550.000,mask_accept,6,20
60971,1219570.000,spec_accept,6,20
60971,1219570.000,wola_accept,5,675
60971,1219570.000,y_accept,-1,674
60973,1219610.000,canon_accept,6,21
60973,1219610.000,wola_accept,5,676
60973,1219610.000,y_accept,-1,675
60974,1219630.000,mask_accept,6,21
60975,1219650.000,spec_accept,6,21
60975,1219650.000,wola_accept,5,677
60975,1219650.000,y_accept,-1,676
60977,1219690.000,canon_accept,6,22
60977,1219690.000,wola_accept,5,678
60977,1219690.000,y_accept,-1,677
60978,1219710.000,mask_accept,6,22
60979,1219730.000,spec_accept,6,22
60979,1219730.000,wola_accept,5,679
60979,1219730.000,y_accept,-1,678
60981,1219770.000,canon_accept,6,23
60981,1219770.000,wola_accept,5,680
60981,1219770.000,y_accept,-1,679
60982,1219790.000,mask_accept,6,23
60983,1219810.000,spec_accept,6,23
60983,1219810.000,wola_accept,5,681
60983,1219810.000,y_accept,-1,680
60985,1219850.000,canon_accept,6,24
60985,1219850.000,wola_accept,5,682
60985,1219850.000,y_accept,-1,681
60986,1219870.000,mask_accept,6,24
60987,1219890.000,spec_accept,6,24
60987,1219890.000,wola_accept,5,683
60987,1219890.000,y_accept,-1,682
60989,1219930.000,canon_accept,6,25
60989,1219930.000,wola_accept,5,684
60989,1219930.000,y_accept,-1,683
60990,1219950.000,mask_accept,6,25
60991,1219970.000,spec_accept,6,25
60991,1219970.000,wola_accept,5,685
60991,1219970.000,y_accept,-1,684
60993,1220010.000,canon_accept,6,26
60993,1220010.000,wola_accept,5,686
60993,1220010.000,y_accept,-1,685
60994,1220030.000,mask_accept,6,26
60995,1220050.000,spec_accept,6,26
60995,1220050.000,wola_accept,5,687
60995,1220050.000,y_accept,-1,686
60997,1220090.000,canon_accept,6,27
60997,1220090.000,wola_accept,5,688
60997,1220090.000,y_accept,-1,687
60998,1220110.000,mask_accept,6,27
60999,1220130.000,spec_accept,6,27
60999,1220130.000,wola_accept,5,689
60999,1220130.000,y_accept,-1,688
61001,1220170.000,canon_accept,6,28
61001,1220170.000,wola_accept,5,690
61001,1220170.000,y_accept,-1,689
61002,1220190.000,mask_accept,6,28
61003,1220210.000,spec_accept,6,28
61003,1220210.000,wola_accept,5,691
61003,1220210.000,y_accept,-1,690
61005,1220250.000,canon_accept,6,29
61005,1220250.000,wola_accept,5,692
61005,1220250.000,y_accept,-1,691
61006,1220270.000,mask_accept,6,29
61007,1220290.000,spec_accept,6,29
61007,1220290.000,wola_accept,5,693
61007,1220290.000,y_accept,-1,692
61009,1220330.000,canon_accept,6,30
61009,1220330.000,wola_accept,5,694
61009,1220330.000,y_accept,-1,693
61010,1220350.000,mask_accept,6,30
61011,1220370.000,spec_accept,6,30
61011,1220370.000,wola_accept,5,695
61011,1220370.000,y_accept,-1,694
61013,1220410.000,canon_accept,6,31
61013,1220410.000,wola_accept,5,696
61013,1220410.000,y_accept,-1,695
61014,1220430.000,mask_accept,6,31
61015,1220450.000,spec_accept,6,31
61015,1220450.000,wola_accept,5,697
61015,1220450.000,y_accept,-1,696
61017,1220490.000,canon_accept,6,32
61017,1220490.000,wola_accept,5,698
61017,1220490.000,y_accept,-1,697
61018,1220510.000,mask_accept,6,32
61019,1220530.000,spec_accept,6,32
61019,1220530.000,wola_accept,5,699
61019,1220530.000,y_accept,-1,698
61021,1220570.000,canon_accept,6,33
61021,1220570.000,wola_accept,5,700
61021,1220570.000,y_accept,-1,699
61022,1220590.000,mask_accept,6,33
61023,1220610.000,spec_accept,6,33
61023,1220610.000,wola_accept,5,701
61023,1220610.000,y_accept,-1,700
61025,1220650.000,canon_accept,6,34
61025,1220650.000,wola_accept,5,702
61025,1220650.000,y_accept,-1,701
61026,1220670.000,mask_accept,6,34
61027,1220690.000,spec_accept,6,34
61027,1220690.000,wola_accept,5,703
61027,1220690.000,y_accept,-1,702
61029,1220730.000,canon_accept,6,35
61029,1220730.000,wola_accept,5,704
61029,1220730.000,y_accept,-1,703
61030,1220750.000,mask_accept,6,35
61031,1220770.000,spec_accept,6,35
61031,1220770.000,wola_accept,5,705
61031,1220770.000,y_accept,-1,704
61033,1220810.000,canon_accept,6,36
61033,1220810.000,wola_accept,5,706
61033,1220810.000,y_accept,-1,705
61034,1220830.000,mask_accept,6,36
61035,1220850.000,spec_accept,6,36
61035,1220850.000,wola_accept,5,707
61035,1220850.000,y_accept,-1,706
61037,1220890.000,canon_accept,6,37
61037,1220890.000,wola_accept,5,708
61037,1220890.000,y_accept,-1,707
61038,1220910.000,mask_accept,6,37
61039,1220930.000,spec_accept,6,37
61039,1220930.000,wola_accept,5,709
61039,1220930.000,y_accept,-1,708
61041,1220970.000,canon_accept,6,38
61041,1220970.000,wola_accept,5,710
61041,1220970.000,y_accept,-1,709
61042,1220990.000,mask_accept,6,38
61043,1221010.000,spec_accept,6,38
61043,1221010.000,wola_accept,5,711
61043,1221010.000,y_accept,-1,710
61045,1221050.000,canon_accept,6,39
61045,1221050.000,wola_accept,5,712
61045,1221050.000,y_accept,-1,711
61046,1221070.000,mask_accept,6,39
61047,1221090.000,spec_accept,6,39
61047,1221090.000,wola_accept,5,713
61047,1221090.000,y_accept,-1,712
61049,1221130.000,canon_accept,6,40
61049,1221130.000,wola_accept,5,714
61049,1221130.000,y_accept,-1,713
61050,1221150.000,mask_accept,6,40
61051,1221170.000,spec_accept,6,40
61051,1221170.000,wola_accept,5,715
61051,1221170.000,y_accept,-1,714
61053,1221210.000,canon_accept,6,41
61053,1221210.000,wola_accept,5,716
61053,1221210.000,y_accept,-1,715
61054,1221230.000,mask_accept,6,41
61055,1221250.000,spec_accept,6,41
61055,1221250.000,wola_accept,5,717
61055,1221250.000,y_accept,-1,716
61057,1221290.000,canon_accept,6,42
61057,1221290.000,wola_accept,5,718
61057,1221290.000,y_accept,-1,717
61058,1221310.000,mask_accept,6,42
61059,1221330.000,spec_accept,6,42
61059,1221330.000,wola_accept,5,719
61059,1221330.000,y_accept,-1,718
61061,1221370.000,canon_accept,6,43
61061,1221370.000,wola_accept,5,720
61061,1221370.000,y_accept,-1,719
61062,1221390.000,mask_accept,6,43
61063,1221410.000,spec_accept,6,43
61063,1221410.000,wola_accept,5,721
61063,1221410.000,y_accept,-1,720
61065,1221450.000,canon_accept,6,44
61065,1221450.000,wola_accept,5,722
61065,1221450.000,y_accept,-1,721
61066,1221470.000,mask_accept,6,44
61067,1221490.000,spec_accept,6,44
61067,1221490.000,wola_accept,5,723
61067,1221490.000,y_accept,-1,722
61069,1221530.000,canon_accept,6,45
61069,1221530.000,wola_accept,5,724
61069,1221530.000,y_accept,-1,723
61070,1221550.000,mask_accept,6,45
61071,1221570.000,spec_accept,6,45
61071,1221570.000,wola_accept,5,725
61071,1221570.000,y_accept,-1,724
61073,1221610.000,canon_accept,6,46
61073,1221610.000,wola_accept,5,726
61073,1221610.000,y_accept,-1,725
61074,1221630.000,mask_accept,6,46
61075,1221650.000,spec_accept,6,46
61075,1221650.000,wola_accept,5,727
61075,1221650.000,y_accept,-1,726
61077,1221690.000,canon_accept,6,47
61077,1221690.000,wola_accept,5,728
61077,1221690.000,y_accept,-1,727
61078,1221710.000,mask_accept,6,47
61079,1221730.000,spec_accept,6,47
61079,1221730.000,wola_accept,5,729
61079,1221730.000,y_accept,-1,728
61081,1221770.000,canon_accept,6,48
61081,1221770.000,wola_accept,5,730
61081,1221770.000,y_accept,-1,729
61082,1221790.000,mask_accept,6,48
61083,1221810.000,spec_accept,6,48
61083,1221810.000,wola_accept,5,731
61083,1221810.000,y_accept,-1,730
61085,1221850.000,canon_accept,6,49
61085,1221850.000,wola_accept,5,732
61085,1221850.000,y_accept,-1,731
61086,1221870.000,mask_accept,6,49
61087,1221890.000,spec_accept,6,49
61087,1221890.000,wola_accept,5,733
61087,1221890.000,y_accept,-1,732
61089,1221930.000,canon_accept,6,50
61089,1221930.000,wola_accept,5,734
61089,1221930.000,y_accept,-1,733
61090,1221950.000,mask_accept,6,50
61091,1221970.000,spec_accept,6,50
61091,1221970.000,wola_accept,5,735
61091,1221970.000,y_accept,-1,734
61093,1222010.000,canon_accept,6,51
61093,1222010.000,wola_accept,5,736
61093,1222010.000,y_accept,-1,735
61094,1222030.000,mask_accept,6,51
61095,1222050.000,spec_accept,6,51
61095,1222050.000,wola_accept,5,737
61095,1222050.000,y_accept,-1,736
61097,1222090.000,canon_accept,6,52
61097,1222090.000,wola_accept,5,738
61097,1222090.000,y_accept,-1,737
61098,1222110.000,mask_accept,6,52
61099,1222130.000,spec_accept,6,52
61099,1222130.000,wola_accept,5,739
61099,1222130.000,y_accept,-1,738
61101,1222170.000,canon_accept,6,53
61101,1222170.000,wola_accept,5,740
61101,1222170.000,y_accept,-1,739
61102,1222190.000,mask_accept,6,53
61103,1222210.000,spec_accept,6,53
61103,1222210.000,wola_accept,5,741
61103,1222210.000,y_accept,-1,740
61105,1222250.000,canon_accept,6,54
61105,1222250.000,wola_accept,5,742
61105,1222250.000,y_accept,-1,741
61106,1222270.000,mask_accept,6,54
61107,1222290.000,spec_accept,6,54
61107,1222290.000,wola_accept,5,743
61107,1222290.000,y_accept,-1,742
61109,1222330.000,canon_accept,6,55
61109,1222330.000,wola_accept,5,744
61109,1222330.000,y_accept,-1,743
61110,1222350.000,mask_accept,6,55
61111,1222370.000,spec_accept,6,55
61111,1222370.000,wola_accept,5,745
61111,1222370.000,y_accept,-1,744
61113,1222410.000,canon_accept,6,56
61113,1222410.000,wola_accept,5,746
61113,1222410.000,y_accept,-1,745
61114,1222430.000,mask_accept,6,56
61115,1222450.000,spec_accept,6,56
61115,1222450.000,wola_accept,5,747
61115,1222450.000,y_accept,-1,746
61117,1222490.000,canon_accept,6,57
61117,1222490.000,wola_accept,5,748
61117,1222490.000,y_accept,-1,747
61118,1222510.000,mask_accept,6,57
61119,1222530.000,spec_accept,6,57
61119,1222530.000,wola_accept,5,749
61119,1222530.000,y_accept,-1,748
61121,1222570.000,canon_accept,6,58
61121,1222570.000,wola_accept,5,750
61121,1222570.000,y_accept,-1,749
61122,1222590.000,mask_accept,6,58
61123,1222610.000,spec_accept,6,58
61123,1222610.000,wola_accept,5,751
61123,1222610.000,y_accept,-1,750
61125,1222650.000,canon_accept,6,59
61125,1222650.000,wola_accept,5,752
61125,1222650.000,y_accept,-1,751
61126,1222670.000,mask_accept,6,59
61127,1222690.000,spec_accept,6,59
61127,1222690.000,wola_accept,5,753
61127,1222690.000,y_accept,-1,752
61129,1222730.000,canon_accept,6,60
61129,1222730.000,wola_accept,5,754
61129,1222730.000,y_accept,-1,753
61130,1222750.000,mask_accept,6,60
61131,1222770.000,spec_accept,6,60
61131,1222770.000,wola_accept,5,755
61131,1222770.000,y_accept,-1,754
61133,1222810.000,canon_accept,6,61
61133,1222810.000,wola_accept,5,756
61133,1222810.000,y_accept,-1,755
61134,1222830.000,mask_accept,6,61
61135,1222850.000,spec_accept,6,61
61135,1222850.000,wola_accept,5,757
61135,1222850.000,y_accept,-1,756
61137,1222890.000,canon_accept,6,62
61137,1222890.000,wola_accept,5,758
61137,1222890.000,y_accept,-1,757
61138,1222910.000,mask_accept,6,62
61139,1222930.000,spec_accept,6,62
61139,1222930.000,wola_accept,5,759
61139,1222930.000,y_accept,-1,758
61141,1222970.000,canon_accept,6,63
61141,1222970.000,wola_accept,5,760
61141,1222970.000,y_accept,-1,759
61142,1222990.000,mask_accept,6,63
61143,1223010.000,spec_accept,6,63
61143,1223010.000,wola_accept,5,761
61143,1223010.000,y_accept,-1,760
61145,1223050.000,canon_accept,6,64
61145,1223050.000,wola_accept,5,762
61145,1223050.000,y_accept,-1,761
61146,1223070.000,mask_accept,6,64
61147,1223090.000,spec_accept,6,64
61147,1223090.000,wola_accept,5,763
61147,1223090.000,y_accept,-1,762
61149,1223130.000,canon_accept,6,65
61149,1223130.000,wola_accept,5,764
61149,1223130.000,y_accept,-1,763
61150,1223150.000,mask_accept,6,65
61151,1223170.000,spec_accept,6,65
61151,1223170.000,wola_accept,5,765
61151,1223170.000,y_accept,-1,764
61153,1223210.000,canon_accept,6,66
61153,1223210.000,wola_accept,5,766
61153,1223210.000,y_accept,-1,765
61154,1223230.000,mask_accept,6,66
61155,1223250.000,spec_accept,6,66
61155,1223250.000,wola_accept,5,767
61155,1223250.000,y_accept,-1,766
61157,1223290.000,canon_accept,6,67
61157,1223290.000,y_accept,-1,767
61158,1223310.000,mask_accept,6,67
61159,1223330.000,spec_accept,6,67
61161,1223370.000,canon_accept,6,68
61162,1223390.000,mask_accept,6,68
61163,1223410.000,spec_accept,6,68
61165,1223450.000,canon_accept,6,69
61166,1223470.000,mask_accept,6,69
61167,1223490.000,spec_accept,6,69
61169,1223530.000,canon_accept,6,70
61170,1223550.000,mask_accept,6,70
61171,1223570.000,spec_accept,6,70
61173,1223610.000,canon_accept,6,71
61174,1223630.000,mask_accept,6,71
61175,1223650.000,spec_accept,6,71
61177,1223690.000,canon_accept,6,72
61178,1223710.000,mask_accept,6,72
61179,1223730.000,spec_accept,6,72
61181,1223770.000,canon_accept,6,73
61182,1223790.000,mask_accept,6,73
61183,1223810.000,spec_accept,6,73
61185,1223850.000,canon_accept,6,74
61186,1223870.000,mask_accept,6,74
61187,1223890.000,spec_accept,6,74
61189,1223930.000,canon_accept,6,75
61190,1223950.000,mask_accept,6,75
61191,1223970.000,spec_accept,6,75
61193,1224010.000,canon_accept,6,76
61194,1224030.000,mask_accept,6,76
61195,1224050.000,spec_accept,6,76
61197,1224090.000,canon_accept,6,77
61198,1224110.000,mask_accept,6,77
61199,1224130.000,spec_accept,6,77
61201,1224170.000,canon_accept,6,78
61202,1224190.000,mask_accept,6,78
61203,1224210.000,spec_accept,6,78
61205,1224250.000,canon_accept,6,79
61206,1224270.000,mask_accept,6,79
61207,1224290.000,spec_accept,6,79
61209,1224330.000,canon_accept,6,80
61210,1224350.000,mask_accept,6,80
61211,1224370.000,spec_accept,6,80
61213,1224410.000,canon_accept,6,81
61214,1224430.000,mask_accept,6,81
61215,1224450.000,spec_accept,6,81
61217,1224490.000,canon_accept,6,82
61218,1224510.000,mask_accept,6,82
61219,1224530.000,spec_accept,6,82
61221,1224570.000,canon_accept,6,83
61222,1224590.000,mask_accept,6,83
61223,1224610.000,spec_accept,6,83
61225,1224650.000,canon_accept,6,84
61226,1224670.000,mask_accept,6,84
61227,1224690.000,spec_accept,6,84
61229,1224730.000,canon_accept,6,85
61230,1224750.000,mask_accept,6,85
61231,1224770.000,spec_accept,6,85
61233,1224810.000,canon_accept,6,86
61234,1224830.000,mask_accept,6,86
61235,1224850.000,spec_accept,6,86
61237,1224890.000,canon_accept,6,87
61238,1224910.000,mask_accept,6,87
61239,1224930.000,spec_accept,6,87
61241,1224970.000,canon_accept,6,88
61242,1224990.000,mask_accept,6,88
61243,1225010.000,spec_accept,6,88
61245,1225050.000,canon_accept,6,89
61246,1225070.000,mask_accept,6,89
61247,1225090.000,spec_accept,6,89
61249,1225130.000,canon_accept,6,90
61250,1225150.000,mask_accept,6,90
61251,1225170.000,spec_accept,6,90
61253,1225210.000,canon_accept,6,91
61254,1225230.000,mask_accept,6,91
61255,1225250.000,spec_accept,6,91
61257,1225290.000,canon_accept,6,92
61258,1225310.000,mask_accept,6,92
61259,1225330.000,spec_accept,6,92
61261,1225370.000,canon_accept,6,93
61262,1225390.000,mask_accept,6,93
61263,1225410.000,spec_accept,6,93
61265,1225450.000,canon_accept,6,94
61266,1225470.000,mask_accept,6,94
61267,1225490.000,spec_accept,6,94
61269,1225530.000,canon_accept,6,95
61270,1225550.000,mask_accept,6,95
61271,1225570.000,spec_accept,6,95
61273,1225610.000,canon_accept,6,96
61274,1225630.000,mask_accept,6,96
61275,1225650.000,spec_accept,6,96
61277,1225690.000,canon_accept,6,97
61278,1225710.000,mask_accept,6,97
61279,1225730.000,spec_accept,6,97
61281,1225770.000,canon_accept,6,98
61282,1225790.000,mask_accept,6,98
61283,1225810.000,spec_accept,6,98
61285,1225850.000,canon_accept,6,99
61286,1225870.000,mask_accept,6,99
61287,1225890.000,spec_accept,6,99
61289,1225930.000,canon_accept,6,100
61290,1225950.000,mask_accept,6,100
61291,1225970.000,spec_accept,6,100
61293,1226010.000,canon_accept,6,101
61294,1226030.000,mask_accept,6,101
61295,1226050.000,spec_accept,6,101
61297,1226090.000,canon_accept,6,102
61298,1226110.000,mask_accept,6,102
61299,1226130.000,spec_accept,6,102
61301,1226170.000,canon_accept,6,103
61302,1226190.000,mask_accept,6,103
61303,1226210.000,spec_accept,6,103
61305,1226250.000,canon_accept,6,104
61306,1226270.000,mask_accept,6,104
61307,1226290.000,spec_accept,6,104
61309,1226330.000,canon_accept,6,105
61310,1226350.000,mask_accept,6,105
61311,1226370.000,spec_accept,6,105
61313,1226410.000,canon_accept,6,106
61314,1226430.000,mask_accept,6,106
61315,1226450.000,spec_accept,6,106
61317,1226490.000,canon_accept,6,107
61318,1226510.000,mask_accept,6,107
61319,1226530.000,spec_accept,6,107
61321,1226570.000,canon_accept,6,108
61322,1226590.000,mask_accept,6,108
61323,1226610.000,spec_accept,6,108
61325,1226650.000,canon_accept,6,109
61326,1226670.000,mask_accept,6,109
61327,1226690.000,spec_accept,6,109
61329,1226730.000,canon_accept,6,110
61330,1226750.000,mask_accept,6,110
61331,1226770.000,spec_accept,6,110
61333,1226810.000,canon_accept,6,111
61334,1226830.000,mask_accept,6,111
61335,1226850.000,spec_accept,6,111
61337,1226890.000,canon_accept,6,112
61338,1226910.000,mask_accept,6,112
61339,1226930.000,spec_accept,6,112
61341,1226970.000,canon_accept,6,113
61342,1226990.000,mask_accept,6,113
61343,1227010.000,spec_accept,6,113
61345,1227050.000,canon_accept,6,114
61346,1227070.000,mask_accept,6,114
61347,1227090.000,spec_accept,6,114
61349,1227130.000,canon_accept,6,115
61350,1227150.000,mask_accept,6,115
61351,1227170.000,spec_accept,6,115
61353,1227210.000,canon_accept,6,116
61354,1227230.000,mask_accept,6,116
61355,1227250.000,spec_accept,6,116
61357,1227290.000,canon_accept,6,117
61358,1227310.000,mask_accept,6,117
61359,1227330.000,spec_accept,6,117
61361,1227370.000,canon_accept,6,118
61362,1227390.000,mask_accept,6,118
61363,1227410.000,spec_accept,6,118
61365,1227450.000,canon_accept,6,119
61366,1227470.000,mask_accept,6,119
61367,1227490.000,spec_accept,6,119
61369,1227530.000,canon_accept,6,120
61370,1227550.000,mask_accept,6,120
61371,1227570.000,spec_accept,6,120
61373,1227610.000,canon_accept,6,121
61374,1227630.000,mask_accept,6,121
61375,1227650.000,spec_accept,6,121
61377,1227690.000,canon_accept,6,122
61378,1227710.000,mask_accept,6,122
61379,1227730.000,spec_accept,6,122
61381,1227770.000,canon_accept,6,123
61382,1227790.000,mask_accept,6,123
61383,1227810.000,spec_accept,6,123
61385,1227850.000,canon_accept,6,124
61386,1227870.000,mask_accept,6,124
61387,1227890.000,spec_accept,6,124
61389,1227930.000,canon_accept,6,125
61390,1227950.000,mask_accept,6,125
61391,1227970.000,spec_accept,6,125
61393,1228010.000,canon_accept,6,126
61394,1228030.000,mask_accept,6,126
61395,1228050.000,spec_accept,6,126
61397,1228090.000,canon_accept,6,127
61398,1228110.000,mask_accept,6,127
61399,1228130.000,spec_accept,6,127
61401,1228170.000,canon_accept,6,128
61402,1228190.000,mask_accept,6,128
61403,1228210.000,spec_accept,6,128
61405,1228250.000,canon_accept,6,129
61406,1228270.000,mask_accept,6,129
61407,1228290.000,spec_accept,6,129
61409,1228330.000,canon_accept,6,130
61410,1228350.000,mask_accept,6,130
61411,1228370.000,spec_accept,6,130
61413,1228410.000,canon_accept,6,131
61414,1228430.000,mask_accept,6,131
61415,1228450.000,spec_accept,6,131
61417,1228490.000,canon_accept,6,132
61418,1228510.000,mask_accept,6,132
61419,1228530.000,spec_accept,6,132
61421,1228570.000,canon_accept,6,133
61422,1228590.000,mask_accept,6,133
61423,1228610.000,spec_accept,6,133
61425,1228650.000,canon_accept,6,134
61426,1228670.000,mask_accept,6,134
61427,1228690.000,spec_accept,6,134
61429,1228730.000,canon_accept,6,135
61430,1228750.000,mask_accept,6,135
61431,1228770.000,spec_accept,6,135
61433,1228810.000,canon_accept,6,136
61434,1228830.000,mask_accept,6,136
61435,1228850.000,spec_accept,6,136
61437,1228890.000,canon_accept,6,137
61438,1228910.000,mask_accept,6,137
61439,1228930.000,spec_accept,6,137
61441,1228970.000,canon_accept,6,138
61442,1228990.000,mask_accept,6,138
61443,1229010.000,spec_accept,6,138
61445,1229050.000,canon_accept,6,139
61446,1229070.000,mask_accept,6,139
61447,1229090.000,spec_accept,6,139
61449,1229130.000,canon_accept,6,140
61450,1229150.000,mask_accept,6,140
61451,1229170.000,spec_accept,6,140
61453,1229210.000,canon_accept,6,141
61454,1229230.000,mask_accept,6,141
61455,1229250.000,spec_accept,6,141
61457,1229290.000,canon_accept,6,142
61458,1229310.000,mask_accept,6,142
61459,1229330.000,spec_accept,6,142
61461,1229370.000,canon_accept,6,143
61462,1229390.000,mask_accept,6,143
61463,1229410.000,spec_accept,6,143
61465,1229450.000,canon_accept,6,144
61466,1229470.000,mask_accept,6,144
61467,1229490.000,spec_accept,6,144
61469,1229530.000,canon_accept,6,145
61470,1229550.000,mask_accept,6,145
61471,1229570.000,spec_accept,6,145
61473,1229610.000,canon_accept,6,146
61474,1229630.000,mask_accept,6,146
61475,1229650.000,spec_accept,6,146
61477,1229690.000,canon_accept,6,147
61478,1229710.000,mask_accept,6,147
61479,1229730.000,spec_accept,6,147
61481,1229770.000,canon_accept,6,148
61482,1229790.000,mask_accept,6,148
61483,1229810.000,spec_accept,6,148
61485,1229850.000,canon_accept,6,149
61486,1229870.000,mask_accept,6,149
61487,1229890.000,spec_accept,6,149
61489,1229930.000,canon_accept,6,150
61490,1229950.000,mask_accept,6,150
61491,1229970.000,spec_accept,6,150
61493,1230010.000,canon_accept,6,151
61494,1230030.000,mask_accept,6,151
61495,1230050.000,spec_accept,6,151
61497,1230090.000,canon_accept,6,152
61498,1230110.000,mask_accept,6,152
61499,1230130.000,spec_accept,6,152
61501,1230170.000,canon_accept,6,153
61502,1230190.000,mask_accept,6,153
61503,1230210.000,spec_accept,6,153
61505,1230250.000,canon_accept,6,154
61506,1230270.000,mask_accept,6,154
61507,1230290.000,spec_accept,6,154
61509,1230330.000,canon_accept,6,155
61510,1230350.000,mask_accept,6,155
61511,1230370.000,spec_accept,6,155
61513,1230410.000,canon_accept,6,156
61514,1230430.000,mask_accept,6,156
61515,1230450.000,spec_accept,6,156
61517,1230490.000,canon_accept,6,157
61518,1230510.000,mask_accept,6,157
61519,1230530.000,spec_accept,6,157
61521,1230570.000,canon_accept,6,158
61522,1230590.000,mask_accept,6,158
61523,1230610.000,spec_accept,6,158
61525,1230650.000,canon_accept,6,159
61526,1230670.000,mask_accept,6,159
61527,1230690.000,spec_accept,6,159
61529,1230730.000,canon_accept,6,160
61530,1230750.000,mask_accept,6,160
61531,1230770.000,spec_accept,6,160
61533,1230810.000,canon_accept,6,161
61534,1230830.000,mask_accept,6,161
61535,1230850.000,spec_accept,6,161
61537,1230890.000,canon_accept,6,162
61538,1230910.000,mask_accept,6,162
61539,1230930.000,spec_accept,6,162
61541,1230970.000,canon_accept,6,163
61542,1230990.000,mask_accept,6,163
61543,1231010.000,spec_accept,6,163
61545,1231050.000,canon_accept,6,164
61546,1231070.000,mask_accept,6,164
61547,1231090.000,spec_accept,6,164
61549,1231130.000,canon_accept,6,165
61550,1231150.000,mask_accept,6,165
61551,1231170.000,spec_accept,6,165
61553,1231210.000,canon_accept,6,166
61554,1231230.000,mask_accept,6,166
61555,1231250.000,spec_accept,6,166
61557,1231290.000,canon_accept,6,167
61558,1231310.000,mask_accept,6,167
61559,1231330.000,spec_accept,6,167
61561,1231370.000,canon_accept,6,168
61562,1231390.000,mask_accept,6,168
61563,1231410.000,spec_accept,6,168
61565,1231450.000,canon_accept,6,169
61566,1231470.000,mask_accept,6,169
61567,1231490.000,spec_accept,6,169
61569,1231530.000,canon_accept,6,170
61570,1231550.000,mask_accept,6,170
61571,1231570.000,spec_accept,6,170
61573,1231610.000,canon_accept,6,171
61574,1231630.000,mask_accept,6,171
61575,1231650.000,spec_accept,6,171
61577,1231690.000,canon_accept,6,172
61578,1231710.000,mask_accept,6,172
61579,1231730.000,spec_accept,6,172
61581,1231770.000,canon_accept,6,173
61582,1231790.000,mask_accept,6,173
61583,1231810.000,spec_accept,6,173
61585,1231850.000,canon_accept,6,174
61586,1231870.000,mask_accept,6,174
61587,1231890.000,spec_accept,6,174
61589,1231930.000,canon_accept,6,175
61590,1231950.000,mask_accept,6,175
61591,1231970.000,spec_accept,6,175
61593,1232010.000,canon_accept,6,176
61594,1232030.000,mask_accept,6,176
61595,1232050.000,spec_accept,6,176
61597,1232090.000,canon_accept,6,177
61598,1232110.000,mask_accept,6,177
61599,1232130.000,spec_accept,6,177
61601,1232170.000,canon_accept,6,178
61602,1232190.000,mask_accept,6,178
61603,1232210.000,spec_accept,6,178
61605,1232250.000,canon_accept,6,179
61606,1232270.000,mask_accept,6,179
61607,1232290.000,spec_accept,6,179
61609,1232330.000,canon_accept,6,180
61610,1232350.000,mask_accept,6,180
61611,1232370.000,spec_accept,6,180
61613,1232410.000,canon_accept,6,181
61614,1232430.000,mask_accept,6,181
61615,1232450.000,spec_accept,6,181
61617,1232490.000,canon_accept,6,182
61618,1232510.000,mask_accept,6,182
61619,1232530.000,spec_accept,6,182
61621,1232570.000,canon_accept,6,183
61622,1232590.000,mask_accept,6,183
61623,1232610.000,spec_accept,6,183
61625,1232650.000,canon_accept,6,184
61626,1232670.000,mask_accept,6,184
61627,1232690.000,spec_accept,6,184
61629,1232730.000,canon_accept,6,185
61630,1232750.000,mask_accept,6,185
61631,1232770.000,spec_accept,6,185
61633,1232810.000,canon_accept,6,186
61634,1232830.000,mask_accept,6,186
61635,1232850.000,spec_accept,6,186
61637,1232890.000,canon_accept,6,187
61638,1232910.000,mask_accept,6,187
61639,1232930.000,spec_accept,6,187
61641,1232970.000,canon_accept,6,188
61642,1232990.000,mask_accept,6,188
61643,1233010.000,spec_accept,6,188
61645,1233050.000,canon_accept,6,189
61646,1233070.000,mask_accept,6,189
61647,1233090.000,spec_accept,6,189
61649,1233130.000,canon_accept,6,190
61650,1233150.000,mask_accept,6,190
61651,1233170.000,spec_accept,6,190
61653,1233210.000,canon_accept,6,191
61654,1233230.000,mask_accept,6,191
61655,1233250.000,spec_accept,6,191
61657,1233290.000,canon_accept,6,192
61658,1233310.000,mask_accept,6,192
61659,1233330.000,spec_accept,6,192
61661,1233370.000,canon_accept,6,193
61662,1233390.000,mask_accept,6,193
61663,1233410.000,spec_accept,6,193
61665,1233450.000,canon_accept,6,194
61666,1233470.000,mask_accept,6,194
61667,1233490.000,spec_accept,6,194
61669,1233530.000,canon_accept,6,195
61670,1233550.000,mask_accept,6,195
61671,1233570.000,spec_accept,6,195
61673,1233610.000,canon_accept,6,196
61674,1233630.000,mask_accept,6,196
61675,1233650.000,spec_accept,6,196
61677,1233690.000,canon_accept,6,197
61678,1233710.000,mask_accept,6,197
61679,1233730.000,spec_accept,6,197
61681,1233770.000,canon_accept,6,198
61682,1233790.000,mask_accept,6,198
61683,1233810.000,spec_accept,6,198
61685,1233850.000,canon_accept,6,199
61686,1233870.000,mask_accept,6,199
61687,1233890.000,spec_accept,6,199
61689,1233930.000,canon_accept,6,200
61690,1233950.000,mask_accept,6,200
61691,1233970.000,spec_accept,6,200
61693,1234010.000,canon_accept,6,201
61694,1234030.000,mask_accept,6,201
61695,1234050.000,spec_accept,6,201
61697,1234090.000,canon_accept,6,202
61698,1234110.000,mask_accept,6,202
61699,1234130.000,spec_accept,6,202
61701,1234170.000,canon_accept,6,203
61702,1234190.000,mask_accept,6,203
61703,1234210.000,spec_accept,6,203
61705,1234250.000,canon_accept,6,204
61706,1234270.000,mask_accept,6,204
61707,1234290.000,spec_accept,6,204
61709,1234330.000,canon_accept,6,205
61710,1234350.000,mask_accept,6,205
61711,1234370.000,spec_accept,6,205
61713,1234410.000,canon_accept,6,206
61714,1234430.000,mask_accept,6,206
61715,1234450.000,spec_accept,6,206
61717,1234490.000,canon_accept,6,207
61718,1234510.000,mask_accept,6,207
61719,1234530.000,spec_accept,6,207
61721,1234570.000,canon_accept,6,208
61722,1234590.000,mask_accept,6,208
61723,1234610.000,spec_accept,6,208
61725,1234650.000,canon_accept,6,209
61726,1234670.000,mask_accept,6,209
61727,1234690.000,spec_accept,6,209
61729,1234730.000,canon_accept,6,210
61730,1234750.000,mask_accept,6,210
61731,1234770.000,spec_accept,6,210
61733,1234810.000,canon_accept,6,211
61734,1234830.000,mask_accept,6,211
61735,1234850.000,spec_accept,6,211
61737,1234890.000,canon_accept,6,212
61738,1234910.000,mask_accept,6,212
61739,1234930.000,spec_accept,6,212
61741,1234970.000,canon_accept,6,213
61742,1234990.000,mask_accept,6,213
61743,1235010.000,spec_accept,6,213
61745,1235050.000,canon_accept,6,214
61746,1235070.000,mask_accept,6,214
61747,1235090.000,spec_accept,6,214
61749,1235130.000,canon_accept,6,215
61750,1235150.000,mask_accept,6,215
61751,1235170.000,spec_accept,6,215
61753,1235210.000,canon_accept,6,216
61754,1235230.000,mask_accept,6,216
61755,1235250.000,spec_accept,6,216
61757,1235290.000,canon_accept,6,217
61758,1235310.000,mask_accept,6,217
61759,1235330.000,spec_accept,6,217
61761,1235370.000,canon_accept,6,218
61762,1235390.000,mask_accept,6,218
61763,1235410.000,spec_accept,6,218
61765,1235450.000,canon_accept,6,219
61766,1235470.000,mask_accept,6,219
61767,1235490.000,spec_accept,6,219
61769,1235530.000,canon_accept,6,220
61770,1235550.000,mask_accept,6,220
61771,1235570.000,spec_accept,6,220
61773,1235610.000,canon_accept,6,221
61774,1235630.000,mask_accept,6,221
61775,1235650.000,spec_accept,6,221
61777,1235690.000,canon_accept,6,222
61778,1235710.000,mask_accept,6,222
61779,1235730.000,spec_accept,6,222
61781,1235770.000,canon_accept,6,223
61782,1235790.000,mask_accept,6,223
61783,1235810.000,spec_accept,6,223
61785,1235850.000,canon_accept,6,224
61786,1235870.000,mask_accept,6,224
61787,1235890.000,spec_accept,6,224
61789,1235930.000,canon_accept,6,225
61790,1235950.000,mask_accept,6,225
61791,1235970.000,spec_accept,6,225
61793,1236010.000,canon_accept,6,226
61794,1236030.000,mask_accept,6,226
61795,1236050.000,spec_accept,6,226
61797,1236090.000,canon_accept,6,227
61798,1236110.000,mask_accept,6,227
61799,1236130.000,spec_accept,6,227
61801,1236170.000,canon_accept,6,228
61802,1236190.000,mask_accept,6,228
61803,1236210.000,spec_accept,6,228
61805,1236250.000,canon_accept,6,229
61806,1236270.000,mask_accept,6,229
61807,1236290.000,spec_accept,6,229
61809,1236330.000,canon_accept,6,230
61810,1236350.000,mask_accept,6,230
61811,1236370.000,spec_accept,6,230
61813,1236410.000,canon_accept,6,231
61814,1236430.000,mask_accept,6,231
61815,1236450.000,spec_accept,6,231
61817,1236490.000,canon_accept,6,232
61818,1236510.000,mask_accept,6,232
61819,1236530.000,spec_accept,6,232
61821,1236570.000,canon_accept,6,233
61822,1236590.000,mask_accept,6,233
61823,1236610.000,spec_accept,6,233
61825,1236650.000,canon_accept,6,234
61826,1236670.000,mask_accept,6,234
61827,1236690.000,spec_accept,6,234
61829,1236730.000,canon_accept,6,235
61830,1236750.000,mask_accept,6,235
61831,1236770.000,spec_accept,6,235
61833,1236810.000,canon_accept,6,236
61834,1236830.000,mask_accept,6,236
61835,1236850.000,spec_accept,6,236
61837,1236890.000,canon_accept,6,237
61838,1236910.000,mask_accept,6,237
61839,1236930.000,spec_accept,6,237
61841,1236970.000,canon_accept,6,238
61842,1236990.000,mask_accept,6,238
61843,1237010.000,spec_accept,6,238
61845,1237050.000,canon_accept,6,239
61846,1237070.000,mask_accept,6,239
61847,1237090.000,spec_accept,6,239
61849,1237130.000,canon_accept,6,240
61850,1237150.000,mask_accept,6,240
61851,1237170.000,spec_accept,6,240
61853,1237210.000,canon_accept,6,241
61854,1237230.000,mask_accept,6,241
61855,1237250.000,spec_accept,6,241
61857,1237290.000,canon_accept,6,242
61858,1237310.000,mask_accept,6,242
61859,1237330.000,spec_accept,6,242
61861,1237370.000,canon_accept,6,243
61862,1237390.000,mask_accept,6,243
61863,1237410.000,spec_accept,6,243
61865,1237450.000,canon_accept,6,244
61866,1237470.000,mask_accept,6,244
61867,1237490.000,spec_accept,6,244
61869,1237530.000,canon_accept,6,245
61870,1237550.000,mask_accept,6,245
61871,1237570.000,spec_accept,6,245
61873,1237610.000,canon_accept,6,246
61874,1237630.000,mask_accept,6,246
61875,1237650.000,spec_accept,6,246
61877,1237690.000,canon_accept,6,247
61878,1237710.000,mask_accept,6,247
61879,1237730.000,spec_accept,6,247
61881,1237770.000,canon_accept,6,248
61882,1237790.000,mask_accept,6,248
61883,1237810.000,spec_accept,6,248
61885,1237850.000,canon_accept,6,249
61886,1237870.000,mask_accept,6,249
61887,1237890.000,spec_accept,6,249
61889,1237930.000,canon_accept,6,250
61890,1237950.000,mask_accept,6,250
61891,1237970.000,spec_accept,6,250
61893,1238010.000,canon_accept,6,251
61894,1238030.000,mask_accept,6,251
61895,1238050.000,spec_accept,6,251
61897,1238090.000,canon_accept,6,252
61898,1238110.000,mask_accept,6,252
61899,1238130.000,spec_accept,6,252
61901,1238170.000,canon_accept,6,253
61902,1238190.000,mask_accept,6,253
61903,1238210.000,spec_accept,6,253
61905,1238250.000,canon_accept,6,254
61906,1238270.000,mask_accept,6,254
61907,1238290.000,spec_accept,6,254
61909,1238330.000,canon_accept,6,255
61910,1238350.000,mask_accept,6,255
61911,1238370.000,spec_accept,6,255
61912,1238390.000,ifft_compute_start,6,1
65534,1310830.000,fft_compute_end,7,-1
65535,1310850.000,fft_accept,7,0
65537,1310890.000,fft_accept,7,1
65539,1310930.000,fft_accept,7,2
65541,1310970.000,fft_accept,7,3
65543,1311010.000,fft_accept,7,4
65545,1311050.000,fft_accept,7,5
65547,1311090.000,fft_accept,7,6
65549,1311130.000,fft_accept,7,7
65551,1311170.000,fft_accept,7,8
65553,1311210.000,fft_accept,7,9
65555,1311250.000,fft_accept,7,10
65557,1311290.000,fft_accept,7,11
65559,1311330.000,fft_accept,7,12
65561,1311370.000,fft_accept,7,13
65563,1311410.000,fft_accept,7,14
65565,1311450.000,fft_accept,7,15
65567,1311490.000,fft_accept,7,16
65569,1311530.000,fft_accept,7,17
65571,1311570.000,fft_accept,7,18
65573,1311610.000,fft_accept,7,19
65575,1311650.000,fft_accept,7,20
65577,1311690.000,fft_accept,7,21
65579,1311730.000,fft_accept,7,22
65581,1311770.000,fft_accept,7,23
65583,1311810.000,fft_accept,7,24
65585,1311850.000,fft_accept,7,25
65587,1311890.000,fft_accept,7,26
65589,1311930.000,fft_accept,7,27
65591,1311970.000,fft_accept,7,28
65593,1312010.000,fft_accept,7,29
65595,1312050.000,fft_accept,7,30
65597,1312090.000,fft_accept,7,31
65599,1312130.000,fft_accept,7,32
65601,1312170.000,fft_accept,7,33
65603,1312210.000,fft_accept,7,34
65605,1312250.000,fft_accept,7,35
65607,1312290.000,fft_accept,7,36
65609,1312330.000,fft_accept,7,37
65611,1312370.000,fft_accept,7,38
65613,1312410.000,fft_accept,7,39
65615,1312450.000,fft_accept,7,40
65617,1312490.000,fft_accept,7,41
65619,1312530.000,fft_accept,7,42
65621,1312570.000,fft_accept,7,43
65623,1312610.000,fft_accept,7,44
65625,1312650.000,fft_accept,7,45
65627,1312690.000,fft_accept,7,46
65629,1312730.000,fft_accept,7,47
65631,1312770.000,fft_accept,7,48
65633,1312810.000,fft_accept,7,49
65635,1312850.000,fft_accept,7,50
65637,1312890.000,fft_accept,7,51
65639,1312930.000,fft_accept,7,52
65641,1312970.000,fft_accept,7,53
65643,1313010.000,fft_accept,7,54
65645,1313050.000,fft_accept,7,55
65647,1313090.000,fft_accept,7,56
65649,1313130.000,fft_accept,7,57
65651,1313170.000,fft_accept,7,58
65653,1313210.000,fft_accept,7,59
65655,1313250.000,fft_accept,7,60
65657,1313290.000,fft_accept,7,61
65659,1313330.000,fft_accept,7,62
65661,1313370.000,fft_accept,7,63
65663,1313410.000,fft_accept,7,64
65665,1313450.000,fft_accept,7,65
65667,1313490.000,fft_accept,7,66
65669,1313530.000,fft_accept,7,67
65671,1313570.000,fft_accept,7,68
65673,1313610.000,fft_accept,7,69
65675,1313650.000,fft_accept,7,70
65677,1313690.000,fft_accept,7,71
65679,1313730.000,fft_accept,7,72
65681,1313770.000,fft_accept,7,73
65683,1313810.000,fft_accept,7,74
65685,1313850.000,fft_accept,7,75
65687,1313890.000,fft_accept,7,76
65689,1313930.000,fft_accept,7,77
65691,1313970.000,fft_accept,7,78
65693,1314010.000,fft_accept,7,79
65695,1314050.000,fft_accept,7,80
65697,1314090.000,fft_accept,7,81
65699,1314130.000,fft_accept,7,82
65701,1314170.000,fft_accept,7,83
65703,1314210.000,fft_accept,7,84
65705,1314250.000,fft_accept,7,85
65707,1314290.000,fft_accept,7,86
65709,1314330.000,fft_accept,7,87
65711,1314370.000,fft_accept,7,88
65713,1314410.000,fft_accept,7,89
65715,1314450.000,fft_accept,7,90
65717,1314490.000,fft_accept,7,91
65719,1314530.000,fft_accept,7,92
65721,1314570.000,fft_accept,7,93
65723,1314610.000,fft_accept,7,94
65725,1314650.000,fft_accept,7,95
65727,1314690.000,fft_accept,7,96
65729,1314730.000,fft_accept,7,97
65731,1314770.000,fft_accept,7,98
65733,1314810.000,fft_accept,7,99
65735,1314850.000,fft_accept,7,100
65737,1314890.000,fft_accept,7,101
65739,1314930.000,fft_accept,7,102
65741,1314970.000,fft_accept,7,103
65743,1315010.000,fft_accept,7,104
65745,1315050.000,fft_accept,7,105
65747,1315090.000,fft_accept,7,106
65749,1315130.000,fft_accept,7,107
65751,1315170.000,fft_accept,7,108
65753,1315210.000,fft_accept,7,109
65755,1315250.000,fft_accept,7,110
65757,1315290.000,fft_accept,7,111
65759,1315330.000,fft_accept,7,112
65761,1315370.000,fft_accept,7,113
65763,1315410.000,fft_accept,7,114
65765,1315450.000,fft_accept,7,115
65767,1315490.000,fft_accept,7,116
65769,1315530.000,fft_accept,7,117
65771,1315570.000,fft_accept,7,118
65773,1315610.000,fft_accept,7,119
65775,1315650.000,fft_accept,7,120
65777,1315690.000,fft_accept,7,121
65779,1315730.000,fft_accept,7,122
65781,1315770.000,fft_accept,7,123
65783,1315810.000,fft_accept,7,124
65785,1315850.000,fft_accept,7,125
65787,1315890.000,fft_accept,7,126
65789,1315930.000,fft_accept,7,127
65791,1315970.000,fft_accept,7,128
65793,1316010.000,fft_accept,7,129
65795,1316050.000,fft_accept,7,130
65797,1316090.000,fft_accept,7,131
65799,1316130.000,fft_accept,7,132
65801,1316170.000,fft_accept,7,133
65803,1316210.000,fft_accept,7,134
65805,1316250.000,fft_accept,7,135
65807,1316290.000,fft_accept,7,136
65809,1316330.000,fft_accept,7,137
65811,1316370.000,fft_accept,7,138
65813,1316410.000,fft_accept,7,139
65815,1316450.000,fft_accept,7,140
65817,1316490.000,fft_accept,7,141
65819,1316530.000,fft_accept,7,142
65821,1316570.000,fft_accept,7,143
65823,1316610.000,fft_accept,7,144
65825,1316650.000,fft_accept,7,145
65827,1316690.000,fft_accept,7,146
65829,1316730.000,fft_accept,7,147
65831,1316770.000,fft_accept,7,148
65833,1316810.000,fft_accept,7,149
65835,1316850.000,fft_accept,7,150
65837,1316890.000,fft_accept,7,151
65839,1316930.000,fft_accept,7,152
65841,1316970.000,fft_accept,7,153
65843,1317010.000,fft_accept,7,154
65845,1317050.000,fft_accept,7,155
65847,1317090.000,fft_accept,7,156
65849,1317130.000,fft_accept,7,157
65851,1317170.000,fft_accept,7,158
65853,1317210.000,fft_accept,7,159
65855,1317250.000,fft_accept,7,160
65857,1317290.000,fft_accept,7,161
65859,1317330.000,fft_accept,7,162
65861,1317370.000,fft_accept,7,163
65863,1317410.000,fft_accept,7,164
65865,1317450.000,fft_accept,7,165
65867,1317490.000,fft_accept,7,166
65869,1317530.000,fft_accept,7,167
65871,1317570.000,fft_accept,7,168
65873,1317610.000,fft_accept,7,169
65875,1317650.000,fft_accept,7,170
65877,1317690.000,fft_accept,7,171
65879,1317730.000,fft_accept,7,172
65881,1317770.000,fft_accept,7,173
65883,1317810.000,fft_accept,7,174
65885,1317850.000,fft_accept,7,175
65887,1317890.000,fft_accept,7,176
65889,1317930.000,fft_accept,7,177
65891,1317970.000,fft_accept,7,178
65893,1318010.000,fft_accept,7,179
65895,1318050.000,fft_accept,7,180
65897,1318090.000,fft_accept,7,181
65899,1318130.000,fft_accept,7,182
65901,1318170.000,fft_accept,7,183
65903,1318210.000,fft_accept,7,184
65905,1318250.000,fft_accept,7,185
65907,1318290.000,fft_accept,7,186
65909,1318330.000,fft_accept,7,187
65911,1318370.000,fft_accept,7,188
65913,1318410.000,fft_accept,7,189
65915,1318450.000,fft_accept,7,190
65917,1318490.000,fft_accept,7,191
65919,1318530.000,fft_accept,7,192
65921,1318570.000,fft_accept,7,193
65923,1318610.000,fft_accept,7,194
65925,1318650.000,fft_accept,7,195
65927,1318690.000,fft_accept,7,196
65929,1318730.000,fft_accept,7,197
65931,1318770.000,fft_accept,7,198
65933,1318810.000,fft_accept,7,199
65935,1318850.000,fft_accept,7,200
65937,1318890.000,fft_accept,7,201
65939,1318930.000,fft_accept,7,202
65941,1318970.000,fft_accept,7,203
65943,1319010.000,fft_accept,7,204
65945,1319050.000,fft_accept,7,205
65947,1319090.000,fft_accept,7,206
65949,1319130.000,fft_accept,7,207
65951,1319170.000,fft_accept,7,208
65953,1319210.000,fft_accept,7,209
65955,1319250.000,fft_accept,7,210
65957,1319290.000,fft_accept,7,211
65959,1319330.000,fft_accept,7,212
65961,1319370.000,fft_accept,7,213
65963,1319410.000,fft_accept,7,214
65965,1319450.000,fft_accept,7,215
65967,1319490.000,fft_accept,7,216
65969,1319530.000,fft_accept,7,217
65971,1319570.000,fft_accept,7,218
65973,1319610.000,fft_accept,7,219
65975,1319650.000,fft_accept,7,220
65977,1319690.000,fft_accept,7,221
65979,1319730.000,fft_accept,7,222
65981,1319770.000,fft_accept,7,223
65983,1319810.000,fft_accept,7,224
65985,1319850.000,fft_accept,7,225
65987,1319890.000,fft_accept,7,226
65989,1319930.000,fft_accept,7,227
65991,1319970.000,fft_accept,7,228
65993,1320010.000,fft_accept,7,229
65995,1320050.000,fft_accept,7,230
65997,1320090.000,fft_accept,7,231
65999,1320130.000,fft_accept,7,232
66001,1320170.000,fft_accept,7,233
66003,1320210.000,fft_accept,7,234
66005,1320250.000,fft_accept,7,235
66007,1320290.000,fft_accept,7,236
66009,1320330.000,fft_accept,7,237
66011,1320370.000,fft_accept,7,238
66013,1320410.000,fft_accept,7,239
66015,1320450.000,fft_accept,7,240
66017,1320490.000,fft_accept,7,241
66019,1320530.000,fft_accept,7,242
66021,1320570.000,fft_accept,7,243
66023,1320610.000,fft_accept,7,244
66025,1320650.000,fft_accept,7,245
66027,1320690.000,fft_accept,7,246
66029,1320730.000,fft_accept,7,247
66031,1320770.000,fft_accept,7,248
66033,1320810.000,fft_accept,7,249
66035,1320850.000,fft_accept,7,250
66037,1320890.000,fft_accept,7,251
66039,1320930.000,fft_accept,7,252
66041,1320970.000,fft_accept,7,253
66043,1321010.000,fft_accept,7,254
66045,1321050.000,fft_accept,7,255
66046,1321070.000,window_accept,8,0
66047,1321090.000,window_accept,8,1
66049,1321130.000,window_accept,8,2
66049,1321130.000,canon_accept,7,0
66050,1321150.000,mask_accept,7,0
66051,1321170.000,window_accept,8,3
66053,1321210.000,window_accept,8,4
66053,1321210.000,canon_accept,7,1
66055,1321250.000,window_accept,8,5
66057,1321290.000,window_accept,8,6
66059,1321330.000,window_accept,8,7
66061,1321370.000,window_accept,8,8
66063,1321410.000,window_accept,8,9
66065,1321450.000,window_accept,8,10
66067,1321490.000,window_accept,8,11
66069,1321530.000,window_accept,8,12
66071,1321570.000,window_accept,8,13
66073,1321610.000,window_accept,8,14
66075,1321650.000,window_accept,8,15
66077,1321690.000,window_accept,8,16
66079,1321730.000,window_accept,8,17
66081,1321770.000,window_accept,8,18
66083,1321810.000,window_accept,8,19
66085,1321850.000,window_accept,8,20
66087,1321890.000,window_accept,8,21
66089,1321930.000,window_accept,8,22
66091,1321970.000,window_accept,8,23
66093,1322010.000,window_accept,8,24
66095,1322050.000,window_accept,8,25
66097,1322090.000,window_accept,8,26
66099,1322130.000,window_accept,8,27
66101,1322170.000,window_accept,8,28
66103,1322210.000,window_accept,8,29
66105,1322250.000,window_accept,8,30
66107,1322290.000,window_accept,8,31
66109,1322330.000,window_accept,8,32
66111,1322370.000,window_accept,8,33
66113,1322410.000,window_accept,8,34
66115,1322450.000,window_accept,8,35
66117,1322490.000,window_accept,8,36
66119,1322530.000,window_accept,8,37
66121,1322570.000,window_accept,8,38
66123,1322610.000,window_accept,8,39
66125,1322650.000,window_accept,8,40
66127,1322690.000,window_accept,8,41
66129,1322730.000,window_accept,8,42
66131,1322770.000,window_accept,8,43
66133,1322810.000,window_accept,8,44
66135,1322850.000,window_accept,8,45
66137,1322890.000,window_accept,8,46
66139,1322930.000,window_accept,8,47
66141,1322970.000,window_accept,8,48
66143,1323010.000,window_accept,8,49
66145,1323050.000,window_accept,8,50
66147,1323090.000,window_accept,8,51
66149,1323130.000,window_accept,8,52
66151,1323170.000,window_accept,8,53
66153,1323210.000,window_accept,8,54
66155,1323250.000,window_accept,8,55
66157,1323290.000,window_accept,8,56
66159,1323330.000,window_accept,8,57
66161,1323370.000,window_accept,8,58
66163,1323410.000,window_accept,8,59
66165,1323450.000,window_accept,8,60
66167,1323490.000,window_accept,8,61
66169,1323530.000,window_accept,8,62
66171,1323570.000,window_accept,8,63
66173,1323610.000,window_accept,8,64
66175,1323650.000,window_accept,8,65
66177,1323690.000,window_accept,8,66
66179,1323730.000,window_accept,8,67
66181,1323770.000,window_accept,8,68
66183,1323810.000,window_accept,8,69
66185,1323850.000,window_accept,8,70
66187,1323890.000,window_accept,8,71
66189,1323930.000,window_accept,8,72
66191,1323970.000,window_accept,8,73
66193,1324010.000,window_accept,8,74
66195,1324050.000,window_accept,8,75
66197,1324090.000,window_accept,8,76
66199,1324130.000,window_accept,8,77
66201,1324170.000,window_accept,8,78
66203,1324210.000,window_accept,8,79
66205,1324250.000,window_accept,8,80
66207,1324290.000,window_accept,8,81
66209,1324330.000,window_accept,8,82
66211,1324370.000,window_accept,8,83
66213,1324410.000,window_accept,8,84
66215,1324450.000,window_accept,8,85
66217,1324490.000,window_accept,8,86
66219,1324530.000,window_accept,8,87
66221,1324570.000,window_accept,8,88
66223,1324610.000,window_accept,8,89
66225,1324650.000,window_accept,8,90
66227,1324690.000,window_accept,8,91
66229,1324730.000,window_accept,8,92
66231,1324770.000,window_accept,8,93
66233,1324810.000,window_accept,8,94
66235,1324850.000,window_accept,8,95
66237,1324890.000,window_accept,8,96
66239,1324930.000,window_accept,8,97
66241,1324970.000,window_accept,8,98
66243,1325010.000,window_accept,8,99
66245,1325050.000,window_accept,8,100
66247,1325090.000,window_accept,8,101
66249,1325130.000,window_accept,8,102
66251,1325170.000,window_accept,8,103
66253,1325210.000,window_accept,8,104
66255,1325250.000,window_accept,8,105
66257,1325290.000,window_accept,8,106
66259,1325330.000,window_accept,8,107
66261,1325370.000,window_accept,8,108
66263,1325410.000,window_accept,8,109
66265,1325450.000,window_accept,8,110
66267,1325490.000,window_accept,8,111
66269,1325530.000,window_accept,8,112
66271,1325570.000,window_accept,8,113
66273,1325610.000,window_accept,8,114
66275,1325650.000,window_accept,8,115
66277,1325690.000,window_accept,8,116
66279,1325730.000,window_accept,8,117
66281,1325770.000,window_accept,8,118
66283,1325810.000,window_accept,8,119
66285,1325850.000,window_accept,8,120
66287,1325890.000,window_accept,8,121
66289,1325930.000,window_accept,8,122
66291,1325970.000,window_accept,8,123
66293,1326010.000,window_accept,8,124
66295,1326050.000,window_accept,8,125
66297,1326090.000,window_accept,8,126
66299,1326130.000,window_accept,8,127
66301,1326170.000,window_accept,8,128
66303,1326210.000,window_accept,8,129
66305,1326250.000,window_accept,8,130
66307,1326290.000,window_accept,8,131
66309,1326330.000,window_accept,8,132
66311,1326370.000,window_accept,8,133
66313,1326410.000,window_accept,8,134
66315,1326450.000,window_accept,8,135
66317,1326490.000,window_accept,8,136
66319,1326530.000,window_accept,8,137
66321,1326570.000,window_accept,8,138
66323,1326610.000,window_accept,8,139
66325,1326650.000,window_accept,8,140
66327,1326690.000,window_accept,8,141
66329,1326730.000,window_accept,8,142
66331,1326770.000,window_accept,8,143
66333,1326810.000,window_accept,8,144
66335,1326850.000,window_accept,8,145
66337,1326890.000,window_accept,8,146
66339,1326930.000,window_accept,8,147
66341,1326970.000,window_accept,8,148
66343,1327010.000,window_accept,8,149
66345,1327050.000,window_accept,8,150
66347,1327090.000,window_accept,8,151
66349,1327130.000,window_accept,8,152
66351,1327170.000,window_accept,8,153
66353,1327210.000,window_accept,8,154
66355,1327250.000,window_accept,8,155
66357,1327290.000,window_accept,8,156
66359,1327330.000,window_accept,8,157
66361,1327370.000,window_accept,8,158
66363,1327410.000,window_accept,8,159
66365,1327450.000,window_accept,8,160
66367,1327490.000,window_accept,8,161
66369,1327530.000,window_accept,8,162
66371,1327570.000,window_accept,8,163
66373,1327610.000,window_accept,8,164
66375,1327650.000,window_accept,8,165
66377,1327690.000,window_accept,8,166
66379,1327730.000,window_accept,8,167
66381,1327770.000,window_accept,8,168
66383,1327810.000,window_accept,8,169
66385,1327850.000,window_accept,8,170
66387,1327890.000,window_accept,8,171
66389,1327930.000,window_accept,8,172
66391,1327970.000,window_accept,8,173
66393,1328010.000,window_accept,8,174
66395,1328050.000,window_accept,8,175
66397,1328090.000,window_accept,8,176
66399,1328130.000,window_accept,8,177
66401,1328170.000,window_accept,8,178
66403,1328210.000,window_accept,8,179
66405,1328250.000,window_accept,8,180
66407,1328290.000,window_accept,8,181
66409,1328330.000,window_accept,8,182
66411,1328370.000,window_accept,8,183
66413,1328410.000,window_accept,8,184
66415,1328450.000,window_accept,8,185
66417,1328490.000,window_accept,8,186
66419,1328530.000,window_accept,8,187
66421,1328570.000,window_accept,8,188
66423,1328610.000,window_accept,8,189
66425,1328650.000,window_accept,8,190
66427,1328690.000,window_accept,8,191
66429,1328730.000,window_accept,8,192
66431,1328770.000,window_accept,8,193
66433,1328810.000,window_accept,8,194
66435,1328850.000,window_accept,8,195
66437,1328890.000,window_accept,8,196
66439,1328930.000,window_accept,8,197
66441,1328970.000,window_accept,8,198
66443,1329010.000,window_accept,8,199
66445,1329050.000,window_accept,8,200
66447,1329090.000,window_accept,8,201
66449,1329130.000,window_accept,8,202
66451,1329170.000,window_accept,8,203
66453,1329210.000,window_accept,8,204
66455,1329250.000,window_accept,8,205
66457,1329290.000,window_accept,8,206
66459,1329330.000,window_accept,8,207
66461,1329370.000,window_accept,8,208
66463,1329410.000,window_accept,8,209
66465,1329450.000,window_accept,8,210
66467,1329490.000,window_accept,8,211
66469,1329530.000,window_accept,8,212
66471,1329570.000,window_accept,8,213
66473,1329610.000,window_accept,8,214
66475,1329650.000,window_accept,8,215
66477,1329690.000,window_accept,8,216
66479,1329730.000,window_accept,8,217
66481,1329770.000,window_accept,8,218
66483,1329810.000,window_accept,8,219
66485,1329850.000,window_accept,8,220
66487,1329890.000,window_accept,8,221
66489,1329930.000,window_accept,8,222
66491,1329970.000,window_accept,8,223
66493,1330010.000,window_accept,8,224
66495,1330050.000,window_accept,8,225
66497,1330090.000,window_accept,8,226
66499,1330130.000,window_accept,8,227
66501,1330170.000,window_accept,8,228
66503,1330210.000,window_accept,8,229
66505,1330250.000,window_accept,8,230
66507,1330290.000,window_accept,8,231
66509,1330330.000,window_accept,8,232
66511,1330370.000,window_accept,8,233
66513,1330410.000,window_accept,8,234
66515,1330450.000,window_accept,8,235
66517,1330490.000,window_accept,8,236
66519,1330530.000,window_accept,8,237
66521,1330570.000,window_accept,8,238
66523,1330610.000,window_accept,8,239
66525,1330650.000,window_accept,8,240
66527,1330690.000,window_accept,8,241
66529,1330730.000,window_accept,8,242
66531,1330770.000,window_accept,8,243
66533,1330810.000,window_accept,8,244
66535,1330850.000,window_accept,8,245
66537,1330890.000,window_accept,8,246
66539,1330930.000,window_accept,8,247
66541,1330970.000,window_accept,8,248
66543,1331010.000,window_accept,8,249
66545,1331050.000,window_accept,8,250
66547,1331090.000,window_accept,8,251
66549,1331130.000,window_accept,8,252
66551,1331170.000,window_accept,8,253
66553,1331210.000,window_accept,8,254
66555,1331250.000,window_accept,8,255
66556,1331270.000,fft_compute_start,8,1
69080,1381750.000,ifft_compute_end,6,-1
69081,1381770.000,ifft_accept,6,0
69083,1381810.000,ifft_accept,6,1
69085,1381850.000,ifft_accept,6,2
69087,1381890.000,ifft_accept,6,3
69089,1381930.000,ifft_accept,6,4
69091,1381970.000,ifft_accept,6,5
69093,1382010.000,ifft_accept,6,6
69095,1382050.000,ifft_accept,6,7
69097,1382090.000,ifft_accept,6,8
69099,1382130.000,ifft_accept,6,9
69101,1382170.000,ifft_accept,6,10
69103,1382210.000,ifft_accept,6,11
69105,1382250.000,ifft_accept,6,12
69107,1382290.000,ifft_accept,6,13
69109,1382330.000,ifft_accept,6,14
69111,1382370.000,ifft_accept,6,15
69113,1382410.000,ifft_accept,6,16
69115,1382450.000,ifft_accept,6,17
69117,1382490.000,ifft_accept,6,18
69119,1382530.000,ifft_accept,6,19
69121,1382570.000,ifft_accept,6,20
69123,1382610.000,ifft_accept,6,21
69125,1382650.000,ifft_accept,6,22
69127,1382690.000,ifft_accept,6,23
69129,1382730.000,ifft_accept,6,24
69131,1382770.000,ifft_accept,6,25
69133,1382810.000,ifft_accept,6,26
69135,1382850.000,ifft_accept,6,27
69137,1382890.000,ifft_accept,6,28
69139,1382930.000,ifft_accept,6,29
69141,1382970.000,ifft_accept,6,30
69143,1383010.000,ifft_accept,6,31
69145,1383050.000,ifft_accept,6,32
69147,1383090.000,ifft_accept,6,33
69149,1383130.000,ifft_accept,6,34
69151,1383170.000,ifft_accept,6,35
69153,1383210.000,ifft_accept,6,36
69155,1383250.000,ifft_accept,6,37
69157,1383290.000,ifft_accept,6,38
69159,1383330.000,ifft_accept,6,39
69161,1383370.000,ifft_accept,6,40
69163,1383410.000,ifft_accept,6,41
69165,1383450.000,ifft_accept,6,42
69167,1383490.000,ifft_accept,6,43
69169,1383530.000,ifft_accept,6,44
69171,1383570.000,ifft_accept,6,45
69173,1383610.000,ifft_accept,6,46
69175,1383650.000,ifft_accept,6,47
69177,1383690.000,ifft_accept,6,48
69179,1383730.000,ifft_accept,6,49
69181,1383770.000,ifft_accept,6,50
69183,1383810.000,ifft_accept,6,51
69185,1383850.000,ifft_accept,6,52
69187,1383890.000,ifft_accept,6,53
69189,1383930.000,ifft_accept,6,54
69191,1383970.000,ifft_accept,6,55
69193,1384010.000,ifft_accept,6,56
69195,1384050.000,ifft_accept,6,57
69197,1384090.000,ifft_accept,6,58
69199,1384130.000,ifft_accept,6,59
69201,1384170.000,ifft_accept,6,60
69203,1384210.000,ifft_accept,6,61
69205,1384250.000,ifft_accept,6,62
69207,1384290.000,ifft_accept,6,63
69209,1384330.000,ifft_accept,6,64
69211,1384370.000,ifft_accept,6,65
69213,1384410.000,ifft_accept,6,66
69215,1384450.000,ifft_accept,6,67
69217,1384490.000,ifft_accept,6,68
69219,1384530.000,ifft_accept,6,69
69221,1384570.000,ifft_accept,6,70
69223,1384610.000,ifft_accept,6,71
69225,1384650.000,ifft_accept,6,72
69227,1384690.000,ifft_accept,6,73
69229,1384730.000,ifft_accept,6,74
69231,1384770.000,ifft_accept,6,75
69233,1384810.000,ifft_accept,6,76
69235,1384850.000,ifft_accept,6,77
69237,1384890.000,ifft_accept,6,78
69239,1384930.000,ifft_accept,6,79
69241,1384970.000,ifft_accept,6,80
69243,1385010.000,ifft_accept,6,81
69245,1385050.000,ifft_accept,6,82
69247,1385090.000,ifft_accept,6,83
69249,1385130.000,ifft_accept,6,84
69251,1385170.000,ifft_accept,6,85
69253,1385210.000,ifft_accept,6,86
69255,1385250.000,ifft_accept,6,87
69257,1385290.000,ifft_accept,6,88
69259,1385330.000,ifft_accept,6,89
69261,1385370.000,ifft_accept,6,90
69263,1385410.000,ifft_accept,6,91
69265,1385450.000,ifft_accept,6,92
69267,1385490.000,ifft_accept,6,93
69269,1385530.000,ifft_accept,6,94
69271,1385570.000,ifft_accept,6,95
69273,1385610.000,ifft_accept,6,96
69275,1385650.000,ifft_accept,6,97
69277,1385690.000,ifft_accept,6,98
69279,1385730.000,ifft_accept,6,99
69281,1385770.000,ifft_accept,6,100
69283,1385810.000,ifft_accept,6,101
69285,1385850.000,ifft_accept,6,102
69287,1385890.000,ifft_accept,6,103
69289,1385930.000,ifft_accept,6,104
69291,1385970.000,ifft_accept,6,105
69293,1386010.000,ifft_accept,6,106
69295,1386050.000,ifft_accept,6,107
69297,1386090.000,ifft_accept,6,108
69299,1386130.000,ifft_accept,6,109
69301,1386170.000,ifft_accept,6,110
69303,1386210.000,ifft_accept,6,111
69305,1386250.000,ifft_accept,6,112
69307,1386290.000,ifft_accept,6,113
69309,1386330.000,ifft_accept,6,114
69311,1386370.000,ifft_accept,6,115
69313,1386410.000,ifft_accept,6,116
69315,1386450.000,ifft_accept,6,117
69317,1386490.000,ifft_accept,6,118
69319,1386530.000,ifft_accept,6,119
69321,1386570.000,ifft_accept,6,120
69323,1386610.000,ifft_accept,6,121
69325,1386650.000,ifft_accept,6,122
69327,1386690.000,ifft_accept,6,123
69329,1386730.000,ifft_accept,6,124
69331,1386770.000,ifft_accept,6,125
69333,1386810.000,ifft_accept,6,126
69335,1386850.000,ifft_accept,6,127
69337,1386890.000,ifft_accept,6,128
69339,1386930.000,ifft_accept,6,129
69341,1386970.000,ifft_accept,6,130
69343,1387010.000,ifft_accept,6,131
69345,1387050.000,ifft_accept,6,132
69347,1387090.000,ifft_accept,6,133
69349,1387130.000,ifft_accept,6,134
69351,1387170.000,ifft_accept,6,135
69353,1387210.000,ifft_accept,6,136
69355,1387250.000,ifft_accept,6,137
69357,1387290.000,ifft_accept,6,138
69359,1387330.000,ifft_accept,6,139
69361,1387370.000,ifft_accept,6,140
69363,1387410.000,ifft_accept,6,141
69365,1387450.000,ifft_accept,6,142
69367,1387490.000,ifft_accept,6,143
69369,1387530.000,ifft_accept,6,144
69371,1387570.000,ifft_accept,6,145
69373,1387610.000,ifft_accept,6,146
69375,1387650.000,ifft_accept,6,147
69377,1387690.000,ifft_accept,6,148
69379,1387730.000,ifft_accept,6,149
69381,1387770.000,ifft_accept,6,150
69383,1387810.000,ifft_accept,6,151
69385,1387850.000,ifft_accept,6,152
69387,1387890.000,ifft_accept,6,153
69389,1387930.000,ifft_accept,6,154
69391,1387970.000,ifft_accept,6,155
69393,1388010.000,ifft_accept,6,156
69395,1388050.000,ifft_accept,6,157
69397,1388090.000,ifft_accept,6,158
69399,1388130.000,ifft_accept,6,159
69401,1388170.000,ifft_accept,6,160
69403,1388210.000,ifft_accept,6,161
69405,1388250.000,ifft_accept,6,162
69407,1388290.000,ifft_accept,6,163
69409,1388330.000,ifft_accept,6,164
69411,1388370.000,ifft_accept,6,165
69413,1388410.000,ifft_accept,6,166
69415,1388450.000,ifft_accept,6,167
69417,1388490.000,ifft_accept,6,168
69419,1388530.000,ifft_accept,6,169
69421,1388570.000,ifft_accept,6,170
69423,1388610.000,ifft_accept,6,171
69425,1388650.000,ifft_accept,6,172
69427,1388690.000,ifft_accept,6,173
69429,1388730.000,ifft_accept,6,174
69431,1388770.000,ifft_accept,6,175
69433,1388810.000,ifft_accept,6,176
69435,1388850.000,ifft_accept,6,177
69437,1388890.000,ifft_accept,6,178
69439,1388930.000,ifft_accept,6,179
69441,1388970.000,ifft_accept,6,180
69443,1389010.000,ifft_accept,6,181
69445,1389050.000,ifft_accept,6,182
69447,1389090.000,ifft_accept,6,183
69449,1389130.000,ifft_accept,6,184
69451,1389170.000,ifft_accept,6,185
69453,1389210.000,ifft_accept,6,186
69455,1389250.000,ifft_accept,6,187
69457,1389290.000,ifft_accept,6,188
69459,1389330.000,ifft_accept,6,189
69461,1389370.000,ifft_accept,6,190
69463,1389410.000,ifft_accept,6,191
69465,1389450.000,ifft_accept,6,192
69467,1389490.000,ifft_accept,6,193
69469,1389530.000,ifft_accept,6,194
69471,1389570.000,ifft_accept,6,195
69473,1389610.000,ifft_accept,6,196
69475,1389650.000,ifft_accept,6,197
69477,1389690.000,ifft_accept,6,198
69479,1389730.000,ifft_accept,6,199
69481,1389770.000,ifft_accept,6,200
69483,1389810.000,ifft_accept,6,201
69485,1389850.000,ifft_accept,6,202
69487,1389890.000,ifft_accept,6,203
69489,1389930.000,ifft_accept,6,204
69491,1389970.000,ifft_accept,6,205
69493,1390010.000,ifft_accept,6,206
69495,1390050.000,ifft_accept,6,207
69497,1390090.000,ifft_accept,6,208
69499,1390130.000,ifft_accept,6,209
69501,1390170.000,ifft_accept,6,210
69503,1390210.000,ifft_accept,6,211
69505,1390250.000,ifft_accept,6,212
69507,1390290.000,ifft_accept,6,213
69509,1390330.000,ifft_accept,6,214
69511,1390370.000,ifft_accept,6,215
69513,1390410.000,ifft_accept,6,216
69515,1390450.000,ifft_accept,6,217
69517,1390490.000,ifft_accept,6,218
69519,1390530.000,ifft_accept,6,219
69521,1390570.000,ifft_accept,6,220
69523,1390610.000,ifft_accept,6,221
69525,1390650.000,ifft_accept,6,222
69527,1390690.000,ifft_accept,6,223
69529,1390730.000,ifft_accept,6,224
69531,1390770.000,ifft_accept,6,225
69533,1390810.000,ifft_accept,6,226
69535,1390850.000,ifft_accept,6,227
69537,1390890.000,ifft_accept,6,228
69539,1390930.000,ifft_accept,6,229
69541,1390970.000,ifft_accept,6,230
69543,1391010.000,ifft_accept,6,231
69545,1391050.000,ifft_accept,6,232
69547,1391090.000,ifft_accept,6,233
69549,1391130.000,ifft_accept,6,234
69551,1391170.000,ifft_accept,6,235
69553,1391210.000,ifft_accept,6,236
69555,1391250.000,ifft_accept,6,237
69557,1391290.000,ifft_accept,6,238
69559,1391330.000,ifft_accept,6,239
69561,1391370.000,ifft_accept,6,240
69563,1391410.000,ifft_accept,6,241
69565,1391450.000,ifft_accept,6,242
69567,1391490.000,ifft_accept,6,243
69569,1391530.000,ifft_accept,6,244
69571,1391570.000,ifft_accept,6,245
69573,1391610.000,ifft_accept,6,246
69575,1391650.000,ifft_accept,6,247
69577,1391690.000,ifft_accept,6,248
69579,1391730.000,ifft_accept,6,249
69581,1391770.000,ifft_accept,6,250
69583,1391810.000,ifft_accept,6,251
69585,1391850.000,ifft_accept,6,252
69587,1391890.000,ifft_accept,6,253
69589,1391930.000,ifft_accept,6,254
69591,1391970.000,ifft_accept,6,255
69592,1391990.000,canon_accept,7,2
69592,1391990.000,mask_accept,7,1
69592,1391990.000,spec_accept,7,0
69593,1392010.000,mask_accept,7,2
69593,1392010.000,spec_accept,7,1
69594,1392030.000,spec_accept,7,2
69596,1392070.000,canon_accept,7,3
69596,1392070.000,wola_accept,6,768
69597,1392090.000,mask_accept,7,3
69598,1392110.000,spec_accept,7,3
69598,1392110.000,wola_accept,6,769
69598,1392110.000,y_accept,-1,768
69600,1392150.000,canon_accept,7,4
69600,1392150.000,wola_accept,6,770
69600,1392150.000,y_accept,-1,769
69601,1392170.000,mask_accept,7,4
69602,1392190.000,spec_accept,7,4
69602,1392190.000,wola_accept,6,771
69602,1392190.000,y_accept,-1,770
69604,1392230.000,canon_accept,7,5
69604,1392230.000,wola_accept,6,772
69604,1392230.000,y_accept,-1,771
69605,1392250.000,mask_accept,7,5
69606,1392270.000,spec_accept,7,5
69606,1392270.000,wola_accept,6,773
69606,1392270.000,y_accept,-1,772
69608,1392310.000,canon_accept,7,6
69608,1392310.000,wola_accept,6,774
69608,1392310.000,y_accept,-1,773
69609,1392330.000,mask_accept,7,6
69610,1392350.000,spec_accept,7,6
69610,1392350.000,wola_accept,6,775
69610,1392350.000,y_accept,-1,774
69612,1392390.000,canon_accept,7,7
69612,1392390.000,wola_accept,6,776
69612,1392390.000,y_accept,-1,775
69613,1392410.000,mask_accept,7,7
69614,1392430.000,spec_accept,7,7
69614,1392430.000,wola_accept,6,777
69614,1392430.000,y_accept,-1,776
69616,1392470.000,canon_accept,7,8
69616,1392470.000,wola_accept,6,778
69616,1392470.000,y_accept,-1,777
69617,1392490.000,mask_accept,7,8
69618,1392510.000,spec_accept,7,8
69618,1392510.000,wola_accept,6,779
69618,1392510.000,y_accept,-1,778
69620,1392550.000,canon_accept,7,9
69620,1392550.000,wola_accept,6,780
69620,1392550.000,y_accept,-1,779
69621,1392570.000,mask_accept,7,9
69622,1392590.000,spec_accept,7,9
69622,1392590.000,wola_accept,6,781
69622,1392590.000,y_accept,-1,780
69624,1392630.000,canon_accept,7,10
69624,1392630.000,wola_accept,6,782
69624,1392630.000,y_accept,-1,781
69625,1392650.000,mask_accept,7,10
69626,1392670.000,spec_accept,7,10
69626,1392670.000,wola_accept,6,783
69626,1392670.000,y_accept,-1,782
69628,1392710.000,canon_accept,7,11
69628,1392710.000,wola_accept,6,784
69628,1392710.000,y_accept,-1,783
69629,1392730.000,mask_accept,7,11
69630,1392750.000,spec_accept,7,11
69630,1392750.000,wola_accept,6,785
69630,1392750.000,y_accept,-1,784
69632,1392790.000,canon_accept,7,12
69632,1392790.000,wola_accept,6,786
69632,1392790.000,y_accept,-1,785
69633,1392810.000,mask_accept,7,12
69634,1392830.000,spec_accept,7,12
69634,1392830.000,wola_accept,6,787
69634,1392830.000,y_accept,-1,786
69636,1392870.000,canon_accept,7,13
69636,1392870.000,wola_accept,6,788
69636,1392870.000,y_accept,-1,787
69637,1392890.000,mask_accept,7,13
69638,1392910.000,spec_accept,7,13
69638,1392910.000,wola_accept,6,789
69638,1392910.000,y_accept,-1,788
69640,1392950.000,canon_accept,7,14
69640,1392950.000,wola_accept,6,790
69640,1392950.000,y_accept,-1,789
69641,1392970.000,mask_accept,7,14
69642,1392990.000,spec_accept,7,14
69642,1392990.000,wola_accept,6,791
69642,1392990.000,y_accept,-1,790
69644,1393030.000,canon_accept,7,15
69644,1393030.000,wola_accept,6,792
69644,1393030.000,y_accept,-1,791
69645,1393050.000,mask_accept,7,15
69646,1393070.000,spec_accept,7,15
69646,1393070.000,wola_accept,6,793
69646,1393070.000,y_accept,-1,792
69648,1393110.000,canon_accept,7,16
69648,1393110.000,wola_accept,6,794
69648,1393110.000,y_accept,-1,793
69649,1393130.000,mask_accept,7,16
69650,1393150.000,spec_accept,7,16
69650,1393150.000,wola_accept,6,795
69650,1393150.000,y_accept,-1,794
69652,1393190.000,canon_accept,7,17
69652,1393190.000,wola_accept,6,796
69652,1393190.000,y_accept,-1,795
69653,1393210.000,mask_accept,7,17
69654,1393230.000,spec_accept,7,17
69654,1393230.000,wola_accept,6,797
69654,1393230.000,y_accept,-1,796
69656,1393270.000,canon_accept,7,18
69656,1393270.000,wola_accept,6,798
69656,1393270.000,y_accept,-1,797
69657,1393290.000,mask_accept,7,18
69658,1393310.000,spec_accept,7,18
69658,1393310.000,wola_accept,6,799
69658,1393310.000,y_accept,-1,798
69660,1393350.000,canon_accept,7,19
69660,1393350.000,wola_accept,6,800
69660,1393350.000,y_accept,-1,799
69661,1393370.000,mask_accept,7,19
69662,1393390.000,spec_accept,7,19
69662,1393390.000,wola_accept,6,801
69662,1393390.000,y_accept,-1,800
69664,1393430.000,canon_accept,7,20
69664,1393430.000,wola_accept,6,802
69664,1393430.000,y_accept,-1,801
69665,1393450.000,mask_accept,7,20
69666,1393470.000,spec_accept,7,20
69666,1393470.000,wola_accept,6,803
69666,1393470.000,y_accept,-1,802
69668,1393510.000,canon_accept,7,21
69668,1393510.000,wola_accept,6,804
69668,1393510.000,y_accept,-1,803
69669,1393530.000,mask_accept,7,21
69670,1393550.000,spec_accept,7,21
69670,1393550.000,wola_accept,6,805
69670,1393550.000,y_accept,-1,804
69672,1393590.000,canon_accept,7,22
69672,1393590.000,wola_accept,6,806
69672,1393590.000,y_accept,-1,805
69673,1393610.000,mask_accept,7,22
69674,1393630.000,spec_accept,7,22
69674,1393630.000,wola_accept,6,807
69674,1393630.000,y_accept,-1,806
69676,1393670.000,canon_accept,7,23
69676,1393670.000,wola_accept,6,808
69676,1393670.000,y_accept,-1,807
69677,1393690.000,mask_accept,7,23
69678,1393710.000,spec_accept,7,23
69678,1393710.000,wola_accept,6,809
69678,1393710.000,y_accept,-1,808
69680,1393750.000,canon_accept,7,24
69680,1393750.000,wola_accept,6,810
69680,1393750.000,y_accept,-1,809
69681,1393770.000,mask_accept,7,24
69682,1393790.000,spec_accept,7,24
69682,1393790.000,wola_accept,6,811
69682,1393790.000,y_accept,-1,810
69684,1393830.000,canon_accept,7,25
69684,1393830.000,wola_accept,6,812
69684,1393830.000,y_accept,-1,811
69685,1393850.000,mask_accept,7,25
69686,1393870.000,spec_accept,7,25
69686,1393870.000,wola_accept,6,813
69686,1393870.000,y_accept,-1,812
69688,1393910.000,canon_accept,7,26
69688,1393910.000,wola_accept,6,814
69688,1393910.000,y_accept,-1,813
69689,1393930.000,mask_accept,7,26
69690,1393950.000,spec_accept,7,26
69690,1393950.000,wola_accept,6,815
69690,1393950.000,y_accept,-1,814
69692,1393990.000,canon_accept,7,27
69692,1393990.000,wola_accept,6,816
69692,1393990.000,y_accept,-1,815
69693,1394010.000,mask_accept,7,27
69694,1394030.000,spec_accept,7,27
69694,1394030.000,wola_accept,6,817
69694,1394030.000,y_accept,-1,816
69696,1394070.000,canon_accept,7,28
69696,1394070.000,wola_accept,6,818
69696,1394070.000,y_accept,-1,817
69697,1394090.000,mask_accept,7,28
69698,1394110.000,spec_accept,7,28
69698,1394110.000,wola_accept,6,819
69698,1394110.000,y_accept,-1,818
69700,1394150.000,canon_accept,7,29
69700,1394150.000,wola_accept,6,820
69700,1394150.000,y_accept,-1,819
69701,1394170.000,mask_accept,7,29
69702,1394190.000,spec_accept,7,29
69702,1394190.000,wola_accept,6,821
69702,1394190.000,y_accept,-1,820
69704,1394230.000,canon_accept,7,30
69704,1394230.000,wola_accept,6,822
69704,1394230.000,y_accept,-1,821
69705,1394250.000,mask_accept,7,30
69706,1394270.000,spec_accept,7,30
69706,1394270.000,wola_accept,6,823
69706,1394270.000,y_accept,-1,822
69708,1394310.000,canon_accept,7,31
69708,1394310.000,wola_accept,6,824
69708,1394310.000,y_accept,-1,823
69709,1394330.000,mask_accept,7,31
69710,1394350.000,spec_accept,7,31
69710,1394350.000,wola_accept,6,825
69710,1394350.000,y_accept,-1,824
69712,1394390.000,canon_accept,7,32
69712,1394390.000,wola_accept,6,826
69712,1394390.000,y_accept,-1,825
69713,1394410.000,mask_accept,7,32
69714,1394430.000,spec_accept,7,32
69714,1394430.000,wola_accept,6,827
69714,1394430.000,y_accept,-1,826
69716,1394470.000,canon_accept,7,33
69716,1394470.000,wola_accept,6,828
69716,1394470.000,y_accept,-1,827
69717,1394490.000,mask_accept,7,33
69718,1394510.000,spec_accept,7,33
69718,1394510.000,wola_accept,6,829
69718,1394510.000,y_accept,-1,828
69720,1394550.000,canon_accept,7,34
69720,1394550.000,wola_accept,6,830
69720,1394550.000,y_accept,-1,829
69721,1394570.000,mask_accept,7,34
69722,1394590.000,spec_accept,7,34
69722,1394590.000,wola_accept,6,831
69722,1394590.000,y_accept,-1,830
69724,1394630.000,canon_accept,7,35
69724,1394630.000,wola_accept,6,832
69724,1394630.000,y_accept,-1,831
69725,1394650.000,mask_accept,7,35
69726,1394670.000,spec_accept,7,35
69726,1394670.000,wola_accept,6,833
69726,1394670.000,y_accept,-1,832
69728,1394710.000,canon_accept,7,36
69728,1394710.000,wola_accept,6,834
69728,1394710.000,y_accept,-1,833
69729,1394730.000,mask_accept,7,36
69730,1394750.000,spec_accept,7,36
69730,1394750.000,wola_accept,6,835
69730,1394750.000,y_accept,-1,834
69732,1394790.000,canon_accept,7,37
69732,1394790.000,wola_accept,6,836
69732,1394790.000,y_accept,-1,835
69733,1394810.000,mask_accept,7,37
69734,1394830.000,spec_accept,7,37
69734,1394830.000,wola_accept,6,837
69734,1394830.000,y_accept,-1,836
69736,1394870.000,canon_accept,7,38
69736,1394870.000,wola_accept,6,838
69736,1394870.000,y_accept,-1,837
69737,1394890.000,mask_accept,7,38
69738,1394910.000,spec_accept,7,38
69738,1394910.000,wola_accept,6,839
69738,1394910.000,y_accept,-1,838
69740,1394950.000,canon_accept,7,39
69740,1394950.000,wola_accept,6,840
69740,1394950.000,y_accept,-1,839
69741,1394970.000,mask_accept,7,39
69742,1394990.000,spec_accept,7,39
69742,1394990.000,wola_accept,6,841
69742,1394990.000,y_accept,-1,840
69744,1395030.000,canon_accept,7,40
69744,1395030.000,wola_accept,6,842
69744,1395030.000,y_accept,-1,841
69745,1395050.000,mask_accept,7,40
69746,1395070.000,spec_accept,7,40
69746,1395070.000,wola_accept,6,843
69746,1395070.000,y_accept,-1,842
69748,1395110.000,canon_accept,7,41
69748,1395110.000,wola_accept,6,844
69748,1395110.000,y_accept,-1,843
69749,1395130.000,mask_accept,7,41
69750,1395150.000,spec_accept,7,41
69750,1395150.000,wola_accept,6,845
69750,1395150.000,y_accept,-1,844
69752,1395190.000,canon_accept,7,42
69752,1395190.000,wola_accept,6,846
69752,1395190.000,y_accept,-1,845
69753,1395210.000,mask_accept,7,42
69754,1395230.000,spec_accept,7,42
69754,1395230.000,wola_accept,6,847
69754,1395230.000,y_accept,-1,846
69756,1395270.000,canon_accept,7,43
69756,1395270.000,wola_accept,6,848
69756,1395270.000,y_accept,-1,847
69757,1395290.000,mask_accept,7,43
69758,1395310.000,spec_accept,7,43
69758,1395310.000,wola_accept,6,849
69758,1395310.000,y_accept,-1,848
69760,1395350.000,canon_accept,7,44
69760,1395350.000,wola_accept,6,850
69760,1395350.000,y_accept,-1,849
69761,1395370.000,mask_accept,7,44
69762,1395390.000,spec_accept,7,44
69762,1395390.000,wola_accept,6,851
69762,1395390.000,y_accept,-1,850
69764,1395430.000,canon_accept,7,45
69764,1395430.000,wola_accept,6,852
69764,1395430.000,y_accept,-1,851
69765,1395450.000,mask_accept,7,45
69766,1395470.000,spec_accept,7,45
69766,1395470.000,wola_accept,6,853
69766,1395470.000,y_accept,-1,852
69768,1395510.000,canon_accept,7,46
69768,1395510.000,wola_accept,6,854
69768,1395510.000,y_accept,-1,853
69769,1395530.000,mask_accept,7,46
69770,1395550.000,spec_accept,7,46
69770,1395550.000,wola_accept,6,855
69770,1395550.000,y_accept,-1,854
69772,1395590.000,canon_accept,7,47
69772,1395590.000,wola_accept,6,856
69772,1395590.000,y_accept,-1,855
69773,1395610.000,mask_accept,7,47
69774,1395630.000,spec_accept,7,47
69774,1395630.000,wola_accept,6,857
69774,1395630.000,y_accept,-1,856
69776,1395670.000,canon_accept,7,48
69776,1395670.000,wola_accept,6,858
69776,1395670.000,y_accept,-1,857
69777,1395690.000,mask_accept,7,48
69778,1395710.000,spec_accept,7,48
69778,1395710.000,wola_accept,6,859
69778,1395710.000,y_accept,-1,858
69780,1395750.000,canon_accept,7,49
69780,1395750.000,wola_accept,6,860
69780,1395750.000,y_accept,-1,859
69781,1395770.000,mask_accept,7,49
69782,1395790.000,spec_accept,7,49
69782,1395790.000,wola_accept,6,861
69782,1395790.000,y_accept,-1,860
69784,1395830.000,canon_accept,7,50
69784,1395830.000,wola_accept,6,862
69784,1395830.000,y_accept,-1,861
69785,1395850.000,mask_accept,7,50
69786,1395870.000,spec_accept,7,50
69786,1395870.000,wola_accept,6,863
69786,1395870.000,y_accept,-1,862
69788,1395910.000,canon_accept,7,51
69788,1395910.000,wola_accept,6,864
69788,1395910.000,y_accept,-1,863
69789,1395930.000,mask_accept,7,51
69790,1395950.000,spec_accept,7,51
69790,1395950.000,wola_accept,6,865
69790,1395950.000,y_accept,-1,864
69792,1395990.000,canon_accept,7,52
69792,1395990.000,wola_accept,6,866
69792,1395990.000,y_accept,-1,865
69793,1396010.000,mask_accept,7,52
69794,1396030.000,spec_accept,7,52
69794,1396030.000,wola_accept,6,867
69794,1396030.000,y_accept,-1,866
69796,1396070.000,canon_accept,7,53
69796,1396070.000,wola_accept,6,868
69796,1396070.000,y_accept,-1,867
69797,1396090.000,mask_accept,7,53
69798,1396110.000,spec_accept,7,53
69798,1396110.000,wola_accept,6,869
69798,1396110.000,y_accept,-1,868
69800,1396150.000,canon_accept,7,54
69800,1396150.000,wola_accept,6,870
69800,1396150.000,y_accept,-1,869
69801,1396170.000,mask_accept,7,54
69802,1396190.000,spec_accept,7,54
69802,1396190.000,wola_accept,6,871
69802,1396190.000,y_accept,-1,870
69804,1396230.000,canon_accept,7,55
69804,1396230.000,wola_accept,6,872
69804,1396230.000,y_accept,-1,871
69805,1396250.000,mask_accept,7,55
69806,1396270.000,spec_accept,7,55
69806,1396270.000,wola_accept,6,873
69806,1396270.000,y_accept,-1,872
69808,1396310.000,canon_accept,7,56
69808,1396310.000,wola_accept,6,874
69808,1396310.000,y_accept,-1,873
69809,1396330.000,mask_accept,7,56
69810,1396350.000,spec_accept,7,56
69810,1396350.000,wola_accept,6,875
69810,1396350.000,y_accept,-1,874
69812,1396390.000,canon_accept,7,57
69812,1396390.000,wola_accept,6,876
69812,1396390.000,y_accept,-1,875
69813,1396410.000,mask_accept,7,57
69814,1396430.000,spec_accept,7,57
69814,1396430.000,wola_accept,6,877
69814,1396430.000,y_accept,-1,876
69816,1396470.000,canon_accept,7,58
69816,1396470.000,wola_accept,6,878
69816,1396470.000,y_accept,-1,877
69817,1396490.000,mask_accept,7,58
69818,1396510.000,spec_accept,7,58
69818,1396510.000,wola_accept,6,879
69818,1396510.000,y_accept,-1,878
69820,1396550.000,canon_accept,7,59
69820,1396550.000,wola_accept,6,880
69820,1396550.000,y_accept,-1,879
69821,1396570.000,mask_accept,7,59
69822,1396590.000,spec_accept,7,59
69822,1396590.000,wola_accept,6,881
69822,1396590.000,y_accept,-1,880
69824,1396630.000,canon_accept,7,60
69824,1396630.000,wola_accept,6,882
69824,1396630.000,y_accept,-1,881
69825,1396650.000,mask_accept,7,60
69826,1396670.000,spec_accept,7,60
69826,1396670.000,wola_accept,6,883
69826,1396670.000,y_accept,-1,882
69828,1396710.000,canon_accept,7,61
69828,1396710.000,wola_accept,6,884
69828,1396710.000,y_accept,-1,883
69829,1396730.000,mask_accept,7,61
69830,1396750.000,spec_accept,7,61
69830,1396750.000,wola_accept,6,885
69830,1396750.000,y_accept,-1,884
69832,1396790.000,canon_accept,7,62
69832,1396790.000,wola_accept,6,886
69832,1396790.000,y_accept,-1,885
69833,1396810.000,mask_accept,7,62
69834,1396830.000,spec_accept,7,62
69834,1396830.000,wola_accept,6,887
69834,1396830.000,y_accept,-1,886
69836,1396870.000,canon_accept,7,63
69836,1396870.000,wola_accept,6,888
69836,1396870.000,y_accept,-1,887
69837,1396890.000,mask_accept,7,63
69838,1396910.000,spec_accept,7,63
69838,1396910.000,wola_accept,6,889
69838,1396910.000,y_accept,-1,888
69840,1396950.000,canon_accept,7,64
69840,1396950.000,wola_accept,6,890
69840,1396950.000,y_accept,-1,889
69841,1396970.000,mask_accept,7,64
69842,1396990.000,spec_accept,7,64
69842,1396990.000,wola_accept,6,891
69842,1396990.000,y_accept,-1,890
69844,1397030.000,canon_accept,7,65
69844,1397030.000,wola_accept,6,892
69844,1397030.000,y_accept,-1,891
69845,1397050.000,mask_accept,7,65
69846,1397070.000,spec_accept,7,65
69846,1397070.000,wola_accept,6,893
69846,1397070.000,y_accept,-1,892
69848,1397110.000,canon_accept,7,66
69848,1397110.000,wola_accept,6,894
69848,1397110.000,y_accept,-1,893
69849,1397130.000,mask_accept,7,66
69850,1397150.000,spec_accept,7,66
69850,1397150.000,wola_accept,6,895
69850,1397150.000,y_accept,-1,894
69852,1397190.000,canon_accept,7,67
69852,1397190.000,y_accept,-1,895
69853,1397210.000,mask_accept,7,67
69854,1397230.000,spec_accept,7,67
69856,1397270.000,canon_accept,7,68
69857,1397290.000,mask_accept,7,68
69858,1397310.000,spec_accept,7,68
69860,1397350.000,canon_accept,7,69
69861,1397370.000,mask_accept,7,69
69862,1397390.000,spec_accept,7,69
69864,1397430.000,canon_accept,7,70
69865,1397450.000,mask_accept,7,70
69866,1397470.000,spec_accept,7,70
69868,1397510.000,canon_accept,7,71
69869,1397530.000,mask_accept,7,71
69870,1397550.000,spec_accept,7,71
69872,1397590.000,canon_accept,7,72
69873,1397610.000,mask_accept,7,72
69874,1397630.000,spec_accept,7,72
69876,1397670.000,canon_accept,7,73
69877,1397690.000,mask_accept,7,73
69878,1397710.000,spec_accept,7,73
69880,1397750.000,canon_accept,7,74
69881,1397770.000,mask_accept,7,74
69882,1397790.000,spec_accept,7,74
69884,1397830.000,canon_accept,7,75
69885,1397850.000,mask_accept,7,75
69886,1397870.000,spec_accept,7,75
69888,1397910.000,canon_accept,7,76
69889,1397930.000,mask_accept,7,76
69890,1397950.000,spec_accept,7,76
69892,1397990.000,canon_accept,7,77
69893,1398010.000,mask_accept,7,77
69894,1398030.000,spec_accept,7,77
69896,1398070.000,canon_accept,7,78
69897,1398090.000,mask_accept,7,78
69898,1398110.000,spec_accept,7,78
69900,1398150.000,canon_accept,7,79
69901,1398170.000,mask_accept,7,79
69902,1398190.000,spec_accept,7,79
69904,1398230.000,canon_accept,7,80
69905,1398250.000,mask_accept,7,80
69906,1398270.000,spec_accept,7,80
69908,1398310.000,canon_accept,7,81
69909,1398330.000,mask_accept,7,81
69910,1398350.000,spec_accept,7,81
69912,1398390.000,canon_accept,7,82
69913,1398410.000,mask_accept,7,82
69914,1398430.000,spec_accept,7,82
69916,1398470.000,canon_accept,7,83
69917,1398490.000,mask_accept,7,83
69918,1398510.000,spec_accept,7,83
69920,1398550.000,canon_accept,7,84
69921,1398570.000,mask_accept,7,84
69922,1398590.000,spec_accept,7,84
69924,1398630.000,canon_accept,7,85
69925,1398650.000,mask_accept,7,85
69926,1398670.000,spec_accept,7,85
69928,1398710.000,canon_accept,7,86
69929,1398730.000,mask_accept,7,86
69930,1398750.000,spec_accept,7,86
69932,1398790.000,canon_accept,7,87
69933,1398810.000,mask_accept,7,87
69934,1398830.000,spec_accept,7,87
69936,1398870.000,canon_accept,7,88
69937,1398890.000,mask_accept,7,88
69938,1398910.000,spec_accept,7,88
69940,1398950.000,canon_accept,7,89
69941,1398970.000,mask_accept,7,89
69942,1398990.000,spec_accept,7,89
69944,1399030.000,canon_accept,7,90
69945,1399050.000,mask_accept,7,90
69946,1399070.000,spec_accept,7,90
69948,1399110.000,canon_accept,7,91
69949,1399130.000,mask_accept,7,91
69950,1399150.000,spec_accept,7,91
69952,1399190.000,canon_accept,7,92
69953,1399210.000,mask_accept,7,92
69954,1399230.000,spec_accept,7,92
69956,1399270.000,canon_accept,7,93
69957,1399290.000,mask_accept,7,93
69958,1399310.000,spec_accept,7,93
69960,1399350.000,canon_accept,7,94
69961,1399370.000,mask_accept,7,94
69962,1399390.000,spec_accept,7,94
69964,1399430.000,canon_accept,7,95
69965,1399450.000,mask_accept,7,95
69966,1399470.000,spec_accept,7,95
69968,1399510.000,canon_accept,7,96
69969,1399530.000,mask_accept,7,96
69970,1399550.000,spec_accept,7,96
69972,1399590.000,canon_accept,7,97
69973,1399610.000,mask_accept,7,97
69974,1399630.000,spec_accept,7,97
69976,1399670.000,canon_accept,7,98
69977,1399690.000,mask_accept,7,98
69978,1399710.000,spec_accept,7,98
69980,1399750.000,canon_accept,7,99
69981,1399770.000,mask_accept,7,99
69982,1399790.000,spec_accept,7,99
69984,1399830.000,canon_accept,7,100
69985,1399850.000,mask_accept,7,100
69986,1399870.000,spec_accept,7,100
69988,1399910.000,canon_accept,7,101
69989,1399930.000,mask_accept,7,101
69990,1399950.000,spec_accept,7,101
69992,1399990.000,canon_accept,7,102
69993,1400010.000,mask_accept,7,102
69994,1400030.000,spec_accept,7,102
69996,1400070.000,canon_accept,7,103
69997,1400090.000,mask_accept,7,103
69998,1400110.000,spec_accept,7,103
70000,1400150.000,canon_accept,7,104
70001,1400170.000,mask_accept,7,104
70002,1400190.000,spec_accept,7,104
70004,1400230.000,canon_accept,7,105
70005,1400250.000,mask_accept,7,105
70006,1400270.000,spec_accept,7,105
70008,1400310.000,canon_accept,7,106
70009,1400330.000,mask_accept,7,106
70010,1400350.000,spec_accept,7,106
70012,1400390.000,canon_accept,7,107
70013,1400410.000,mask_accept,7,107
70014,1400430.000,spec_accept,7,107
70016,1400470.000,canon_accept,7,108
70017,1400490.000,mask_accept,7,108
70018,1400510.000,spec_accept,7,108
70020,1400550.000,canon_accept,7,109
70021,1400570.000,mask_accept,7,109
70022,1400590.000,spec_accept,7,109
70024,1400630.000,canon_accept,7,110
70025,1400650.000,mask_accept,7,110
70026,1400670.000,spec_accept,7,110
70028,1400710.000,canon_accept,7,111
70029,1400730.000,mask_accept,7,111
70030,1400750.000,spec_accept,7,111
70032,1400790.000,canon_accept,7,112
70033,1400810.000,mask_accept,7,112
70034,1400830.000,spec_accept,7,112
70036,1400870.000,canon_accept,7,113
70037,1400890.000,mask_accept,7,113
70038,1400910.000,spec_accept,7,113
70040,1400950.000,canon_accept,7,114
70041,1400970.000,mask_accept,7,114
70042,1400990.000,spec_accept,7,114
70044,1401030.000,canon_accept,7,115
70045,1401050.000,mask_accept,7,115
70046,1401070.000,spec_accept,7,115
70048,1401110.000,canon_accept,7,116
70049,1401130.000,mask_accept,7,116
70050,1401150.000,spec_accept,7,116
70052,1401190.000,canon_accept,7,117
70053,1401210.000,mask_accept,7,117
70054,1401230.000,spec_accept,7,117
70056,1401270.000,canon_accept,7,118
70057,1401290.000,mask_accept,7,118
70058,1401310.000,spec_accept,7,118
70060,1401350.000,canon_accept,7,119
70061,1401370.000,mask_accept,7,119
70062,1401390.000,spec_accept,7,119
70064,1401430.000,canon_accept,7,120
70065,1401450.000,mask_accept,7,120
70066,1401470.000,spec_accept,7,120
70068,1401510.000,canon_accept,7,121
70069,1401530.000,mask_accept,7,121
70070,1401550.000,spec_accept,7,121
70072,1401590.000,canon_accept,7,122
70073,1401610.000,mask_accept,7,122
70074,1401630.000,spec_accept,7,122
70076,1401670.000,canon_accept,7,123
70077,1401690.000,mask_accept,7,123
70078,1401710.000,spec_accept,7,123
70080,1401750.000,canon_accept,7,124
70081,1401770.000,mask_accept,7,124
70082,1401790.000,spec_accept,7,124
70084,1401830.000,canon_accept,7,125
70085,1401850.000,mask_accept,7,125
70086,1401870.000,spec_accept,7,125
70088,1401910.000,canon_accept,7,126
70089,1401930.000,mask_accept,7,126
70090,1401950.000,spec_accept,7,126
70092,1401990.000,canon_accept,7,127
70093,1402010.000,mask_accept,7,127
70094,1402030.000,spec_accept,7,127
70096,1402070.000,canon_accept,7,128
70097,1402090.000,mask_accept,7,128
70098,1402110.000,spec_accept,7,128
70100,1402150.000,canon_accept,7,129
70101,1402170.000,mask_accept,7,129
70102,1402190.000,spec_accept,7,129
70104,1402230.000,canon_accept,7,130
70105,1402250.000,mask_accept,7,130
70106,1402270.000,spec_accept,7,130
70108,1402310.000,canon_accept,7,131
70109,1402330.000,mask_accept,7,131
70110,1402350.000,spec_accept,7,131
70112,1402390.000,canon_accept,7,132
70113,1402410.000,mask_accept,7,132
70114,1402430.000,spec_accept,7,132
70116,1402470.000,canon_accept,7,133
70117,1402490.000,mask_accept,7,133
70118,1402510.000,spec_accept,7,133
70120,1402550.000,canon_accept,7,134
70121,1402570.000,mask_accept,7,134
70122,1402590.000,spec_accept,7,134
70124,1402630.000,canon_accept,7,135
70125,1402650.000,mask_accept,7,135
70126,1402670.000,spec_accept,7,135
70128,1402710.000,canon_accept,7,136
70129,1402730.000,mask_accept,7,136
70130,1402750.000,spec_accept,7,136
70132,1402790.000,canon_accept,7,137
70133,1402810.000,mask_accept,7,137
70134,1402830.000,spec_accept,7,137
70136,1402870.000,canon_accept,7,138
70137,1402890.000,mask_accept,7,138
70138,1402910.000,spec_accept,7,138
70140,1402950.000,canon_accept,7,139
70141,1402970.000,mask_accept,7,139
70142,1402990.000,spec_accept,7,139
70144,1403030.000,canon_accept,7,140
70145,1403050.000,mask_accept,7,140
70146,1403070.000,spec_accept,7,140
70148,1403110.000,canon_accept,7,141
70149,1403130.000,mask_accept,7,141
70150,1403150.000,spec_accept,7,141
70152,1403190.000,canon_accept,7,142
70153,1403210.000,mask_accept,7,142
70154,1403230.000,spec_accept,7,142
70156,1403270.000,canon_accept,7,143
70157,1403290.000,mask_accept,7,143
70158,1403310.000,spec_accept,7,143
70160,1403350.000,canon_accept,7,144
70161,1403370.000,mask_accept,7,144
70162,1403390.000,spec_accept,7,144
70164,1403430.000,canon_accept,7,145
70165,1403450.000,mask_accept,7,145
70166,1403470.000,spec_accept,7,145
70168,1403510.000,canon_accept,7,146
70169,1403530.000,mask_accept,7,146
70170,1403550.000,spec_accept,7,146
70172,1403590.000,canon_accept,7,147
70173,1403610.000,mask_accept,7,147
70174,1403630.000,spec_accept,7,147
70176,1403670.000,canon_accept,7,148
70177,1403690.000,mask_accept,7,148
70178,1403710.000,spec_accept,7,148
70180,1403750.000,canon_accept,7,149
70181,1403770.000,mask_accept,7,149
70182,1403790.000,spec_accept,7,149
70184,1403830.000,canon_accept,7,150
70185,1403850.000,mask_accept,7,150
70186,1403870.000,spec_accept,7,150
70188,1403910.000,canon_accept,7,151
70189,1403930.000,mask_accept,7,151
70190,1403950.000,spec_accept,7,151
70192,1403990.000,canon_accept,7,152
70193,1404010.000,mask_accept,7,152
70194,1404030.000,spec_accept,7,152
70196,1404070.000,canon_accept,7,153
70197,1404090.000,mask_accept,7,153
70198,1404110.000,spec_accept,7,153
70200,1404150.000,canon_accept,7,154
70201,1404170.000,mask_accept,7,154
70202,1404190.000,spec_accept,7,154
70204,1404230.000,canon_accept,7,155
70205,1404250.000,mask_accept,7,155
70206,1404270.000,spec_accept,7,155
70208,1404310.000,canon_accept,7,156
70209,1404330.000,mask_accept,7,156
70210,1404350.000,spec_accept,7,156
70212,1404390.000,canon_accept,7,157
70213,1404410.000,mask_accept,7,157
70214,1404430.000,spec_accept,7,157
70216,1404470.000,canon_accept,7,158
70217,1404490.000,mask_accept,7,158
70218,1404510.000,spec_accept,7,158
70220,1404550.000,canon_accept,7,159
70221,1404570.000,mask_accept,7,159
70222,1404590.000,spec_accept,7,159
70224,1404630.000,canon_accept,7,160
70225,1404650.000,mask_accept,7,160
70226,1404670.000,spec_accept,7,160
70228,1404710.000,canon_accept,7,161
70229,1404730.000,mask_accept,7,161
70230,1404750.000,spec_accept,7,161
70232,1404790.000,canon_accept,7,162
70233,1404810.000,mask_accept,7,162
70234,1404830.000,spec_accept,7,162
70236,1404870.000,canon_accept,7,163
70237,1404890.000,mask_accept,7,163
70238,1404910.000,spec_accept,7,163
70240,1404950.000,canon_accept,7,164
70241,1404970.000,mask_accept,7,164
70242,1404990.000,spec_accept,7,164
70244,1405030.000,canon_accept,7,165
70245,1405050.000,mask_accept,7,165
70246,1405070.000,spec_accept,7,165
70248,1405110.000,canon_accept,7,166
70249,1405130.000,mask_accept,7,166
70250,1405150.000,spec_accept,7,166
70252,1405190.000,canon_accept,7,167
70253,1405210.000,mask_accept,7,167
70254,1405230.000,spec_accept,7,167
70256,1405270.000,canon_accept,7,168
70257,1405290.000,mask_accept,7,168
70258,1405310.000,spec_accept,7,168
70260,1405350.000,canon_accept,7,169
70261,1405370.000,mask_accept,7,169
70262,1405390.000,spec_accept,7,169
70264,1405430.000,canon_accept,7,170
70265,1405450.000,mask_accept,7,170
70266,1405470.000,spec_accept,7,170
70268,1405510.000,canon_accept,7,171
70269,1405530.000,mask_accept,7,171
70270,1405550.000,spec_accept,7,171
70272,1405590.000,canon_accept,7,172
70273,1405610.000,mask_accept,7,172
70274,1405630.000,spec_accept,7,172
70276,1405670.000,canon_accept,7,173
70277,1405690.000,mask_accept,7,173
70278,1405710.000,spec_accept,7,173
70280,1405750.000,canon_accept,7,174
70281,1405770.000,mask_accept,7,174
70282,1405790.000,spec_accept,7,174
70284,1405830.000,canon_accept,7,175
70285,1405850.000,mask_accept,7,175
70286,1405870.000,spec_accept,7,175
70288,1405910.000,canon_accept,7,176
70289,1405930.000,mask_accept,7,176
70290,1405950.000,spec_accept,7,176
70292,1405990.000,canon_accept,7,177
70293,1406010.000,mask_accept,7,177
70294,1406030.000,spec_accept,7,177
70296,1406070.000,canon_accept,7,178
70297,1406090.000,mask_accept,7,178
70298,1406110.000,spec_accept,7,178
70300,1406150.000,canon_accept,7,179
70301,1406170.000,mask_accept,7,179
70302,1406190.000,spec_accept,7,179
70304,1406230.000,canon_accept,7,180
70305,1406250.000,mask_accept,7,180
70306,1406270.000,spec_accept,7,180
70308,1406310.000,canon_accept,7,181
70309,1406330.000,mask_accept,7,181
70310,1406350.000,spec_accept,7,181
70312,1406390.000,canon_accept,7,182
70313,1406410.000,mask_accept,7,182
70314,1406430.000,spec_accept,7,182
70316,1406470.000,canon_accept,7,183
70317,1406490.000,mask_accept,7,183
70318,1406510.000,spec_accept,7,183
70320,1406550.000,canon_accept,7,184
70321,1406570.000,mask_accept,7,184
70322,1406590.000,spec_accept,7,184
70324,1406630.000,canon_accept,7,185
70325,1406650.000,mask_accept,7,185
70326,1406670.000,spec_accept,7,185
70328,1406710.000,canon_accept,7,186
70329,1406730.000,mask_accept,7,186
70330,1406750.000,spec_accept,7,186
70332,1406790.000,canon_accept,7,187
70333,1406810.000,mask_accept,7,187
70334,1406830.000,spec_accept,7,187
70336,1406870.000,canon_accept,7,188
70337,1406890.000,mask_accept,7,188
70338,1406910.000,spec_accept,7,188
70340,1406950.000,canon_accept,7,189
70341,1406970.000,mask_accept,7,189
70342,1406990.000,spec_accept,7,189
70344,1407030.000,canon_accept,7,190
70345,1407050.000,mask_accept,7,190
70346,1407070.000,spec_accept,7,190
70348,1407110.000,canon_accept,7,191
70349,1407130.000,mask_accept,7,191
70350,1407150.000,spec_accept,7,191
70352,1407190.000,canon_accept,7,192
70353,1407210.000,mask_accept,7,192
70354,1407230.000,spec_accept,7,192
70356,1407270.000,canon_accept,7,193
70357,1407290.000,mask_accept,7,193
70358,1407310.000,spec_accept,7,193
70360,1407350.000,canon_accept,7,194
70361,1407370.000,mask_accept,7,194
70362,1407390.000,spec_accept,7,194
70364,1407430.000,canon_accept,7,195
70365,1407450.000,mask_accept,7,195
70366,1407470.000,spec_accept,7,195
70368,1407510.000,canon_accept,7,196
70369,1407530.000,mask_accept,7,196
70370,1407550.000,spec_accept,7,196
70372,1407590.000,canon_accept,7,197
70373,1407610.000,mask_accept,7,197
70374,1407630.000,spec_accept,7,197
70376,1407670.000,canon_accept,7,198
70377,1407690.000,mask_accept,7,198
70378,1407710.000,spec_accept,7,198
70380,1407750.000,canon_accept,7,199
70381,1407770.000,mask_accept,7,199
70382,1407790.000,spec_accept,7,199
70384,1407830.000,canon_accept,7,200
70385,1407850.000,mask_accept,7,200
70386,1407870.000,spec_accept,7,200
70388,1407910.000,canon_accept,7,201
70389,1407930.000,mask_accept,7,201
70390,1407950.000,spec_accept,7,201
70392,1407990.000,canon_accept,7,202
70393,1408010.000,mask_accept,7,202
70394,1408030.000,spec_accept,7,202
70396,1408070.000,canon_accept,7,203
70397,1408090.000,mask_accept,7,203
70398,1408110.000,spec_accept,7,203
70400,1408150.000,canon_accept,7,204
70401,1408170.000,mask_accept,7,204
70402,1408190.000,spec_accept,7,204
70404,1408230.000,canon_accept,7,205
70405,1408250.000,mask_accept,7,205
70406,1408270.000,spec_accept,7,205
70408,1408310.000,canon_accept,7,206
70409,1408330.000,mask_accept,7,206
70410,1408350.000,spec_accept,7,206
70412,1408390.000,canon_accept,7,207
70413,1408410.000,mask_accept,7,207
70414,1408430.000,spec_accept,7,207
70416,1408470.000,canon_accept,7,208
70417,1408490.000,mask_accept,7,208
70418,1408510.000,spec_accept,7,208
70420,1408550.000,canon_accept,7,209
70421,1408570.000,mask_accept,7,209
70422,1408590.000,spec_accept,7,209
70424,1408630.000,canon_accept,7,210
70425,1408650.000,mask_accept,7,210
70426,1408670.000,spec_accept,7,210
70428,1408710.000,canon_accept,7,211
70429,1408730.000,mask_accept,7,211
70430,1408750.000,spec_accept,7,211
70432,1408790.000,canon_accept,7,212
70433,1408810.000,mask_accept,7,212
70434,1408830.000,spec_accept,7,212
70436,1408870.000,canon_accept,7,213
70437,1408890.000,mask_accept,7,213
70438,1408910.000,spec_accept,7,213
70440,1408950.000,canon_accept,7,214
70441,1408970.000,mask_accept,7,214
70442,1408990.000,spec_accept,7,214
70444,1409030.000,canon_accept,7,215
70445,1409050.000,mask_accept,7,215
70446,1409070.000,spec_accept,7,215
70448,1409110.000,canon_accept,7,216
70449,1409130.000,mask_accept,7,216
70450,1409150.000,spec_accept,7,216
70452,1409190.000,canon_accept,7,217
70453,1409210.000,mask_accept,7,217
70454,1409230.000,spec_accept,7,217
70456,1409270.000,canon_accept,7,218
70457,1409290.000,mask_accept,7,218
70458,1409310.000,spec_accept,7,218
70460,1409350.000,canon_accept,7,219
70461,1409370.000,mask_accept,7,219
70462,1409390.000,spec_accept,7,219
70464,1409430.000,canon_accept,7,220
70465,1409450.000,mask_accept,7,220
70466,1409470.000,spec_accept,7,220
70468,1409510.000,canon_accept,7,221
70469,1409530.000,mask_accept,7,221
70470,1409550.000,spec_accept,7,221
70472,1409590.000,canon_accept,7,222
70473,1409610.000,mask_accept,7,222
70474,1409630.000,spec_accept,7,222
70476,1409670.000,canon_accept,7,223
70477,1409690.000,mask_accept,7,223
70478,1409710.000,spec_accept,7,223
70480,1409750.000,canon_accept,7,224
70481,1409770.000,mask_accept,7,224
70482,1409790.000,spec_accept,7,224
70484,1409830.000,canon_accept,7,225
70485,1409850.000,mask_accept,7,225
70486,1409870.000,spec_accept,7,225
70488,1409910.000,canon_accept,7,226
70489,1409930.000,mask_accept,7,226
70490,1409950.000,spec_accept,7,226
70492,1409990.000,canon_accept,7,227
70493,1410010.000,mask_accept,7,227
70494,1410030.000,spec_accept,7,227
70496,1410070.000,canon_accept,7,228
70497,1410090.000,mask_accept,7,228
70498,1410110.000,spec_accept,7,228
70500,1410150.000,canon_accept,7,229
70501,1410170.000,mask_accept,7,229
70502,1410190.000,spec_accept,7,229
70504,1410230.000,canon_accept,7,230
70505,1410250.000,mask_accept,7,230
70506,1410270.000,spec_accept,7,230
70508,1410310.000,canon_accept,7,231
70509,1410330.000,mask_accept,7,231
70510,1410350.000,spec_accept,7,231
70512,1410390.000,canon_accept,7,232
70513,1410410.000,mask_accept,7,232
70514,1410430.000,spec_accept,7,232
70516,1410470.000,canon_accept,7,233
70517,1410490.000,mask_accept,7,233
70518,1410510.000,spec_accept,7,233
70520,1410550.000,canon_accept,7,234
70521,1410570.000,mask_accept,7,234
70522,1410590.000,spec_accept,7,234
70524,1410630.000,canon_accept,7,235
70525,1410650.000,mask_accept,7,235
70526,1410670.000,spec_accept,7,235
70528,1410710.000,canon_accept,7,236
70529,1410730.000,mask_accept,7,236
70530,1410750.000,spec_accept,7,236
70532,1410790.000,canon_accept,7,237
70533,1410810.000,mask_accept,7,237
70534,1410830.000,spec_accept,7,237
70536,1410870.000,canon_accept,7,238
70537,1410890.000,mask_accept,7,238
70538,1410910.000,spec_accept,7,238
70540,1410950.000,canon_accept,7,239
70541,1410970.000,mask_accept,7,239
70542,1410990.000,spec_accept,7,239
70544,1411030.000,canon_accept,7,240
70545,1411050.000,mask_accept,7,240
70546,1411070.000,spec_accept,7,240
70548,1411110.000,canon_accept,7,241
70549,1411130.000,mask_accept,7,241
70550,1411150.000,spec_accept,7,241
70552,1411190.000,canon_accept,7,242
70553,1411210.000,mask_accept,7,242
70554,1411230.000,spec_accept,7,242
70556,1411270.000,canon_accept,7,243
70557,1411290.000,mask_accept,7,243
70558,1411310.000,spec_accept,7,243
70560,1411350.000,canon_accept,7,244
70561,1411370.000,mask_accept,7,244
70562,1411390.000,spec_accept,7,244
70564,1411430.000,canon_accept,7,245
70565,1411450.000,mask_accept,7,245
70566,1411470.000,spec_accept,7,245
70568,1411510.000,canon_accept,7,246
70569,1411530.000,mask_accept,7,246
70570,1411550.000,spec_accept,7,246
70572,1411590.000,canon_accept,7,247
70573,1411610.000,mask_accept,7,247
70574,1411630.000,spec_accept,7,247
70576,1411670.000,canon_accept,7,248
70577,1411690.000,mask_accept,7,248
70578,1411710.000,spec_accept,7,248
70580,1411750.000,canon_accept,7,249
70581,1411770.000,mask_accept,7,249
70582,1411790.000,spec_accept,7,249
70584,1411830.000,canon_accept,7,250
70585,1411850.000,mask_accept,7,250
70586,1411870.000,spec_accept,7,250
70588,1411910.000,canon_accept,7,251
70589,1411930.000,mask_accept,7,251
70590,1411950.000,spec_accept,7,251
70592,1411990.000,canon_accept,7,252
70593,1412010.000,mask_accept,7,252
70594,1412030.000,spec_accept,7,252
70596,1412070.000,canon_accept,7,253
70597,1412090.000,mask_accept,7,253
70598,1412110.000,spec_accept,7,253
70600,1412150.000,canon_accept,7,254
70601,1412170.000,mask_accept,7,254
70602,1412190.000,spec_accept,7,254
70604,1412230.000,canon_accept,7,255
70605,1412250.000,mask_accept,7,255
70606,1412270.000,spec_accept,7,255
70607,1412290.000,ifft_compute_start,7,1
73724,1474630.000,fft_compute_end,8,-1
73725,1474650.000,fft_accept,8,0
73727,1474690.000,fft_accept,8,1
73729,1474730.000,fft_accept,8,2
73731,1474770.000,fft_accept,8,3
73733,1474810.000,fft_accept,8,4
73735,1474850.000,fft_accept,8,5
73737,1474890.000,fft_accept,8,6
73739,1474930.000,fft_accept,8,7
73741,1474970.000,fft_accept,8,8
73743,1475010.000,fft_accept,8,9
73745,1475050.000,fft_accept,8,10
73747,1475090.000,fft_accept,8,11
73749,1475130.000,fft_accept,8,12
73751,1475170.000,fft_accept,8,13
73753,1475210.000,fft_accept,8,14
73755,1475250.000,fft_accept,8,15
73757,1475290.000,fft_accept,8,16
73759,1475330.000,fft_accept,8,17
73761,1475370.000,fft_accept,8,18
73763,1475410.000,fft_accept,8,19
73765,1475450.000,fft_accept,8,20
73767,1475490.000,fft_accept,8,21
73769,1475530.000,fft_accept,8,22
73771,1475570.000,fft_accept,8,23
73773,1475610.000,fft_accept,8,24
73775,1475650.000,fft_accept,8,25
73777,1475690.000,fft_accept,8,26
73779,1475730.000,fft_accept,8,27
73781,1475770.000,fft_accept,8,28
73783,1475810.000,fft_accept,8,29
73785,1475850.000,fft_accept,8,30
73787,1475890.000,fft_accept,8,31
73789,1475930.000,fft_accept,8,32
73791,1475970.000,fft_accept,8,33
73793,1476010.000,fft_accept,8,34
73795,1476050.000,fft_accept,8,35
73797,1476090.000,fft_accept,8,36
73799,1476130.000,fft_accept,8,37
73801,1476170.000,fft_accept,8,38
73803,1476210.000,fft_accept,8,39
73805,1476250.000,fft_accept,8,40
73807,1476290.000,fft_accept,8,41
73809,1476330.000,fft_accept,8,42
73811,1476370.000,fft_accept,8,43
73813,1476410.000,fft_accept,8,44
73815,1476450.000,fft_accept,8,45
73817,1476490.000,fft_accept,8,46
73819,1476530.000,fft_accept,8,47
73821,1476570.000,fft_accept,8,48
73823,1476610.000,fft_accept,8,49
73825,1476650.000,fft_accept,8,50
73827,1476690.000,fft_accept,8,51
73829,1476730.000,fft_accept,8,52
73831,1476770.000,fft_accept,8,53
73833,1476810.000,fft_accept,8,54
73835,1476850.000,fft_accept,8,55
73837,1476890.000,fft_accept,8,56
73839,1476930.000,fft_accept,8,57
73841,1476970.000,fft_accept,8,58
73843,1477010.000,fft_accept,8,59
73845,1477050.000,fft_accept,8,60
73847,1477090.000,fft_accept,8,61
73849,1477130.000,fft_accept,8,62
73851,1477170.000,fft_accept,8,63
73853,1477210.000,fft_accept,8,64
73855,1477250.000,fft_accept,8,65
73857,1477290.000,fft_accept,8,66
73859,1477330.000,fft_accept,8,67
73861,1477370.000,fft_accept,8,68
73863,1477410.000,fft_accept,8,69
73865,1477450.000,fft_accept,8,70
73867,1477490.000,fft_accept,8,71
73869,1477530.000,fft_accept,8,72
73871,1477570.000,fft_accept,8,73
73873,1477610.000,fft_accept,8,74
73875,1477650.000,fft_accept,8,75
73877,1477690.000,fft_accept,8,76
73879,1477730.000,fft_accept,8,77
73881,1477770.000,fft_accept,8,78
73883,1477810.000,fft_accept,8,79
73885,1477850.000,fft_accept,8,80
73887,1477890.000,fft_accept,8,81
73889,1477930.000,fft_accept,8,82
73891,1477970.000,fft_accept,8,83
73893,1478010.000,fft_accept,8,84
73895,1478050.000,fft_accept,8,85
73897,1478090.000,fft_accept,8,86
73899,1478130.000,fft_accept,8,87
73901,1478170.000,fft_accept,8,88
73903,1478210.000,fft_accept,8,89
73905,1478250.000,fft_accept,8,90
73907,1478290.000,fft_accept,8,91
73909,1478330.000,fft_accept,8,92
73911,1478370.000,fft_accept,8,93
73913,1478410.000,fft_accept,8,94
73915,1478450.000,fft_accept,8,95
73917,1478490.000,fft_accept,8,96
73919,1478530.000,fft_accept,8,97
73921,1478570.000,fft_accept,8,98
73923,1478610.000,fft_accept,8,99
73925,1478650.000,fft_accept,8,100
73927,1478690.000,fft_accept,8,101
73929,1478730.000,fft_accept,8,102
73931,1478770.000,fft_accept,8,103
73933,1478810.000,fft_accept,8,104
73935,1478850.000,fft_accept,8,105
73937,1478890.000,fft_accept,8,106
73939,1478930.000,fft_accept,8,107
73941,1478970.000,fft_accept,8,108
73943,1479010.000,fft_accept,8,109
73945,1479050.000,fft_accept,8,110
73947,1479090.000,fft_accept,8,111
73949,1479130.000,fft_accept,8,112
73951,1479170.000,fft_accept,8,113
73953,1479210.000,fft_accept,8,114
73955,1479250.000,fft_accept,8,115
73957,1479290.000,fft_accept,8,116
73959,1479330.000,fft_accept,8,117
73961,1479370.000,fft_accept,8,118
73963,1479410.000,fft_accept,8,119
73965,1479450.000,fft_accept,8,120
73967,1479490.000,fft_accept,8,121
73969,1479530.000,fft_accept,8,122
73971,1479570.000,fft_accept,8,123
73973,1479610.000,fft_accept,8,124
73975,1479650.000,fft_accept,8,125
73977,1479690.000,fft_accept,8,126
73979,1479730.000,fft_accept,8,127
73981,1479770.000,fft_accept,8,128
73983,1479810.000,fft_accept,8,129
73985,1479850.000,fft_accept,8,130
73987,1479890.000,fft_accept,8,131
73989,1479930.000,fft_accept,8,132
73991,1479970.000,fft_accept,8,133
73993,1480010.000,fft_accept,8,134
73995,1480050.000,fft_accept,8,135
73997,1480090.000,fft_accept,8,136
73999,1480130.000,fft_accept,8,137
74001,1480170.000,fft_accept,8,138
74003,1480210.000,fft_accept,8,139
74005,1480250.000,fft_accept,8,140
74007,1480290.000,fft_accept,8,141
74009,1480330.000,fft_accept,8,142
74011,1480370.000,fft_accept,8,143
74013,1480410.000,fft_accept,8,144
74015,1480450.000,fft_accept,8,145
74017,1480490.000,fft_accept,8,146
74019,1480530.000,fft_accept,8,147
74021,1480570.000,fft_accept,8,148
74023,1480610.000,fft_accept,8,149
74025,1480650.000,fft_accept,8,150
74027,1480690.000,fft_accept,8,151
74029,1480730.000,fft_accept,8,152
74031,1480770.000,fft_accept,8,153
74033,1480810.000,fft_accept,8,154
74035,1480850.000,fft_accept,8,155
74037,1480890.000,fft_accept,8,156
74039,1480930.000,fft_accept,8,157
74041,1480970.000,fft_accept,8,158
74043,1481010.000,fft_accept,8,159
74045,1481050.000,fft_accept,8,160
74047,1481090.000,fft_accept,8,161
74049,1481130.000,fft_accept,8,162
74051,1481170.000,fft_accept,8,163
74053,1481210.000,fft_accept,8,164
74055,1481250.000,fft_accept,8,165
74057,1481290.000,fft_accept,8,166
74059,1481330.000,fft_accept,8,167
74061,1481370.000,fft_accept,8,168
74063,1481410.000,fft_accept,8,169
74065,1481450.000,fft_accept,8,170
74067,1481490.000,fft_accept,8,171
74069,1481530.000,fft_accept,8,172
74071,1481570.000,fft_accept,8,173
74073,1481610.000,fft_accept,8,174
74075,1481650.000,fft_accept,8,175
74077,1481690.000,fft_accept,8,176
74079,1481730.000,fft_accept,8,177
74081,1481770.000,fft_accept,8,178
74083,1481810.000,fft_accept,8,179
74085,1481850.000,fft_accept,8,180
74087,1481890.000,fft_accept,8,181
74089,1481930.000,fft_accept,8,182
74091,1481970.000,fft_accept,8,183
74093,1482010.000,fft_accept,8,184
74095,1482050.000,fft_accept,8,185
74097,1482090.000,fft_accept,8,186
74099,1482130.000,fft_accept,8,187
74101,1482170.000,fft_accept,8,188
74103,1482210.000,fft_accept,8,189
74105,1482250.000,fft_accept,8,190
74107,1482290.000,fft_accept,8,191
74109,1482330.000,fft_accept,8,192
74111,1482370.000,fft_accept,8,193
74113,1482410.000,fft_accept,8,194
74115,1482450.000,fft_accept,8,195
74117,1482490.000,fft_accept,8,196
74119,1482530.000,fft_accept,8,197
74121,1482570.000,fft_accept,8,198
74123,1482610.000,fft_accept,8,199
74125,1482650.000,fft_accept,8,200
74127,1482690.000,fft_accept,8,201
74129,1482730.000,fft_accept,8,202
74131,1482770.000,fft_accept,8,203
74133,1482810.000,fft_accept,8,204
74135,1482850.000,fft_accept,8,205
74137,1482890.000,fft_accept,8,206
74139,1482930.000,fft_accept,8,207
74141,1482970.000,fft_accept,8,208
74143,1483010.000,fft_accept,8,209
74145,1483050.000,fft_accept,8,210
74147,1483090.000,fft_accept,8,211
74149,1483130.000,fft_accept,8,212
74151,1483170.000,fft_accept,8,213
74153,1483210.000,fft_accept,8,214
74155,1483250.000,fft_accept,8,215
74157,1483290.000,fft_accept,8,216
74159,1483330.000,fft_accept,8,217
74161,1483370.000,fft_accept,8,218
74163,1483410.000,fft_accept,8,219
74165,1483450.000,fft_accept,8,220
74167,1483490.000,fft_accept,8,221
74169,1483530.000,fft_accept,8,222
74171,1483570.000,fft_accept,8,223
74173,1483610.000,fft_accept,8,224
74175,1483650.000,fft_accept,8,225
74177,1483690.000,fft_accept,8,226
74179,1483730.000,fft_accept,8,227
74181,1483770.000,fft_accept,8,228
74183,1483810.000,fft_accept,8,229
74185,1483850.000,fft_accept,8,230
74187,1483890.000,fft_accept,8,231
74189,1483930.000,fft_accept,8,232
74191,1483970.000,fft_accept,8,233
74193,1484010.000,fft_accept,8,234
74195,1484050.000,fft_accept,8,235
74197,1484090.000,fft_accept,8,236
74199,1484130.000,fft_accept,8,237
74201,1484170.000,fft_accept,8,238
74203,1484210.000,fft_accept,8,239
74205,1484250.000,fft_accept,8,240
74207,1484290.000,fft_accept,8,241
74209,1484330.000,fft_accept,8,242
74211,1484370.000,fft_accept,8,243
74213,1484410.000,fft_accept,8,244
74215,1484450.000,fft_accept,8,245
74217,1484490.000,fft_accept,8,246
74219,1484530.000,fft_accept,8,247
74221,1484570.000,fft_accept,8,248
74223,1484610.000,fft_accept,8,249
74225,1484650.000,fft_accept,8,250
74227,1484690.000,fft_accept,8,251
74229,1484730.000,fft_accept,8,252
74231,1484770.000,fft_accept,8,253
74233,1484810.000,fft_accept,8,254
74235,1484850.000,fft_accept,8,255
74239,1484930.000,canon_accept,8,0
74240,1484950.000,mask_accept,8,0
74243,1485010.000,canon_accept,8,1
77775,1555650.000,ifft_compute_end,7,-1
77776,1555670.000,ifft_accept,7,0
77778,1555710.000,ifft_accept,7,1
77780,1555750.000,ifft_accept,7,2
77782,1555790.000,ifft_accept,7,3
77784,1555830.000,ifft_accept,7,4
77786,1555870.000,ifft_accept,7,5
77788,1555910.000,ifft_accept,7,6
77790,1555950.000,ifft_accept,7,7
77792,1555990.000,ifft_accept,7,8
77794,1556030.000,ifft_accept,7,9
77796,1556070.000,ifft_accept,7,10
77798,1556110.000,ifft_accept,7,11
77800,1556150.000,ifft_accept,7,12
77802,1556190.000,ifft_accept,7,13
77804,1556230.000,ifft_accept,7,14
77806,1556270.000,ifft_accept,7,15
77808,1556310.000,ifft_accept,7,16
77810,1556350.000,ifft_accept,7,17
77812,1556390.000,ifft_accept,7,18
77814,1556430.000,ifft_accept,7,19
77816,1556470.000,ifft_accept,7,20
77818,1556510.000,ifft_accept,7,21
77820,1556550.000,ifft_accept,7,22
77822,1556590.000,ifft_accept,7,23
77824,1556630.000,ifft_accept,7,24
77826,1556670.000,ifft_accept,7,25
77828,1556710.000,ifft_accept,7,26
77830,1556750.000,ifft_accept,7,27
77832,1556790.000,ifft_accept,7,28
77834,1556830.000,ifft_accept,7,29
77836,1556870.000,ifft_accept,7,30
77838,1556910.000,ifft_accept,7,31
77840,1556950.000,ifft_accept,7,32
77842,1556990.000,ifft_accept,7,33
77844,1557030.000,ifft_accept,7,34
77846,1557070.000,ifft_accept,7,35
77848,1557110.000,ifft_accept,7,36
77850,1557150.000,ifft_accept,7,37
77852,1557190.000,ifft_accept,7,38
77854,1557230.000,ifft_accept,7,39
77856,1557270.000,ifft_accept,7,40
77858,1557310.000,ifft_accept,7,41
77860,1557350.000,ifft_accept,7,42
77862,1557390.000,ifft_accept,7,43
77864,1557430.000,ifft_accept,7,44
77866,1557470.000,ifft_accept,7,45
77868,1557510.000,ifft_accept,7,46
77870,1557550.000,ifft_accept,7,47
77872,1557590.000,ifft_accept,7,48
77874,1557630.000,ifft_accept,7,49
77876,1557670.000,ifft_accept,7,50
77878,1557710.000,ifft_accept,7,51
77880,1557750.000,ifft_accept,7,52
77882,1557790.000,ifft_accept,7,53
77884,1557830.000,ifft_accept,7,54
77886,1557870.000,ifft_accept,7,55
77888,1557910.000,ifft_accept,7,56
77890,1557950.000,ifft_accept,7,57
77892,1557990.000,ifft_accept,7,58
77894,1558030.000,ifft_accept,7,59
77896,1558070.000,ifft_accept,7,60
77898,1558110.000,ifft_accept,7,61
77900,1558150.000,ifft_accept,7,62
77902,1558190.000,ifft_accept,7,63
77904,1558230.000,ifft_accept,7,64
77906,1558270.000,ifft_accept,7,65
77908,1558310.000,ifft_accept,7,66
77910,1558350.000,ifft_accept,7,67
77912,1558390.000,ifft_accept,7,68
77914,1558430.000,ifft_accept,7,69
77916,1558470.000,ifft_accept,7,70
77918,1558510.000,ifft_accept,7,71
77920,1558550.000,ifft_accept,7,72
77922,1558590.000,ifft_accept,7,73
77924,1558630.000,ifft_accept,7,74
77926,1558670.000,ifft_accept,7,75
77928,1558710.000,ifft_accept,7,76
77930,1558750.000,ifft_accept,7,77
77932,1558790.000,ifft_accept,7,78
77934,1558830.000,ifft_accept,7,79
77936,1558870.000,ifft_accept,7,80
77938,1558910.000,ifft_accept,7,81
77940,1558950.000,ifft_accept,7,82
77942,1558990.000,ifft_accept,7,83
77944,1559030.000,ifft_accept,7,84
77946,1559070.000,ifft_accept,7,85
77948,1559110.000,ifft_accept,7,86
77950,1559150.000,ifft_accept,7,87
77952,1559190.000,ifft_accept,7,88
77954,1559230.000,ifft_accept,7,89
77956,1559270.000,ifft_accept,7,90
77958,1559310.000,ifft_accept,7,91
77960,1559350.000,ifft_accept,7,92
77962,1559390.000,ifft_accept,7,93
77964,1559430.000,ifft_accept,7,94
77966,1559470.000,ifft_accept,7,95
77968,1559510.000,ifft_accept,7,96
77970,1559550.000,ifft_accept,7,97
77972,1559590.000,ifft_accept,7,98
77974,1559630.000,ifft_accept,7,99
77976,1559670.000,ifft_accept,7,100
77978,1559710.000,ifft_accept,7,101
77980,1559750.000,ifft_accept,7,102
77982,1559790.000,ifft_accept,7,103
77984,1559830.000,ifft_accept,7,104
77986,1559870.000,ifft_accept,7,105
77988,1559910.000,ifft_accept,7,106
77990,1559950.000,ifft_accept,7,107
77992,1559990.000,ifft_accept,7,108
77994,1560030.000,ifft_accept,7,109
77996,1560070.000,ifft_accept,7,110
77998,1560110.000,ifft_accept,7,111
78000,1560150.000,ifft_accept,7,112
78002,1560190.000,ifft_accept,7,113
78004,1560230.000,ifft_accept,7,114
78006,1560270.000,ifft_accept,7,115
78008,1560310.000,ifft_accept,7,116
78010,1560350.000,ifft_accept,7,117
78012,1560390.000,ifft_accept,7,118
78014,1560430.000,ifft_accept,7,119
78016,1560470.000,ifft_accept,7,120
78018,1560510.000,ifft_accept,7,121
78020,1560550.000,ifft_accept,7,122
78022,1560590.000,ifft_accept,7,123
78024,1560630.000,ifft_accept,7,124
78026,1560670.000,ifft_accept,7,125
78028,1560710.000,ifft_accept,7,126
78030,1560750.000,ifft_accept,7,127
78032,1560790.000,ifft_accept,7,128
78034,1560830.000,ifft_accept,7,129
78036,1560870.000,ifft_accept,7,130
78038,1560910.000,ifft_accept,7,131
78040,1560950.000,ifft_accept,7,132
78042,1560990.000,ifft_accept,7,133
78044,1561030.000,ifft_accept,7,134
78046,1561070.000,ifft_accept,7,135
78048,1561110.000,ifft_accept,7,136
78050,1561150.000,ifft_accept,7,137
78052,1561190.000,ifft_accept,7,138
78054,1561230.000,ifft_accept,7,139
78056,1561270.000,ifft_accept,7,140
78058,1561310.000,ifft_accept,7,141
78060,1561350.000,ifft_accept,7,142
78062,1561390.000,ifft_accept,7,143
78064,1561430.000,ifft_accept,7,144
78066,1561470.000,ifft_accept,7,145
78068,1561510.000,ifft_accept,7,146
78070,1561550.000,ifft_accept,7,147
78072,1561590.000,ifft_accept,7,148
78074,1561630.000,ifft_accept,7,149
78076,1561670.000,ifft_accept,7,150
78078,1561710.000,ifft_accept,7,151
78080,1561750.000,ifft_accept,7,152
78082,1561790.000,ifft_accept,7,153
78084,1561830.000,ifft_accept,7,154
78086,1561870.000,ifft_accept,7,155
78088,1561910.000,ifft_accept,7,156
78090,1561950.000,ifft_accept,7,157
78092,1561990.000,ifft_accept,7,158
78094,1562030.000,ifft_accept,7,159
78096,1562070.000,ifft_accept,7,160
78098,1562110.000,ifft_accept,7,161
78100,1562150.000,ifft_accept,7,162
78102,1562190.000,ifft_accept,7,163
78104,1562230.000,ifft_accept,7,164
78106,1562270.000,ifft_accept,7,165
78108,1562310.000,ifft_accept,7,166
78110,1562350.000,ifft_accept,7,167
78112,1562390.000,ifft_accept,7,168
78114,1562430.000,ifft_accept,7,169
78116,1562470.000,ifft_accept,7,170
78118,1562510.000,ifft_accept,7,171
78120,1562550.000,ifft_accept,7,172
78122,1562590.000,ifft_accept,7,173
78124,1562630.000,ifft_accept,7,174
78126,1562670.000,ifft_accept,7,175
78128,1562710.000,ifft_accept,7,176
78130,1562750.000,ifft_accept,7,177
78132,1562790.000,ifft_accept,7,178
78134,1562830.000,ifft_accept,7,179
78136,1562870.000,ifft_accept,7,180
78138,1562910.000,ifft_accept,7,181
78140,1562950.000,ifft_accept,7,182
78142,1562990.000,ifft_accept,7,183
78144,1563030.000,ifft_accept,7,184
78146,1563070.000,ifft_accept,7,185
78148,1563110.000,ifft_accept,7,186
78150,1563150.000,ifft_accept,7,187
78152,1563190.000,ifft_accept,7,188
78154,1563230.000,ifft_accept,7,189
78156,1563270.000,ifft_accept,7,190
78158,1563310.000,ifft_accept,7,191
78160,1563350.000,ifft_accept,7,192
78162,1563390.000,ifft_accept,7,193
78164,1563430.000,ifft_accept,7,194
78166,1563470.000,ifft_accept,7,195
78168,1563510.000,ifft_accept,7,196
78170,1563550.000,ifft_accept,7,197
78172,1563590.000,ifft_accept,7,198
78174,1563630.000,ifft_accept,7,199
78176,1563670.000,ifft_accept,7,200
78178,1563710.000,ifft_accept,7,201
78180,1563750.000,ifft_accept,7,202
78182,1563790.000,ifft_accept,7,203
78184,1563830.000,ifft_accept,7,204
78186,1563870.000,ifft_accept,7,205
78188,1563910.000,ifft_accept,7,206
78190,1563950.000,ifft_accept,7,207
78192,1563990.000,ifft_accept,7,208
78194,1564030.000,ifft_accept,7,209
78196,1564070.000,ifft_accept,7,210
78198,1564110.000,ifft_accept,7,211
78200,1564150.000,ifft_accept,7,212
78202,1564190.000,ifft_accept,7,213
78204,1564230.000,ifft_accept,7,214
78206,1564270.000,ifft_accept,7,215
78208,1564310.000,ifft_accept,7,216
78210,1564350.000,ifft_accept,7,217
78212,1564390.000,ifft_accept,7,218
78214,1564430.000,ifft_accept,7,219
78216,1564470.000,ifft_accept,7,220
78218,1564510.000,ifft_accept,7,221
78220,1564550.000,ifft_accept,7,222
78222,1564590.000,ifft_accept,7,223
78224,1564630.000,ifft_accept,7,224
78226,1564670.000,ifft_accept,7,225
78228,1564710.000,ifft_accept,7,226
78230,1564750.000,ifft_accept,7,227
78232,1564790.000,ifft_accept,7,228
78234,1564830.000,ifft_accept,7,229
78236,1564870.000,ifft_accept,7,230
78238,1564910.000,ifft_accept,7,231
78240,1564950.000,ifft_accept,7,232
78242,1564990.000,ifft_accept,7,233
78244,1565030.000,ifft_accept,7,234
78246,1565070.000,ifft_accept,7,235
78248,1565110.000,ifft_accept,7,236
78250,1565150.000,ifft_accept,7,237
78252,1565190.000,ifft_accept,7,238
78254,1565230.000,ifft_accept,7,239
78256,1565270.000,ifft_accept,7,240
78258,1565310.000,ifft_accept,7,241
78260,1565350.000,ifft_accept,7,242
78262,1565390.000,ifft_accept,7,243
78264,1565430.000,ifft_accept,7,244
78266,1565470.000,ifft_accept,7,245
78268,1565510.000,ifft_accept,7,246
78270,1565550.000,ifft_accept,7,247
78272,1565590.000,ifft_accept,7,248
78274,1565630.000,ifft_accept,7,249
78276,1565670.000,ifft_accept,7,250
78278,1565710.000,ifft_accept,7,251
78280,1565750.000,ifft_accept,7,252
78282,1565790.000,ifft_accept,7,253
78284,1565830.000,ifft_accept,7,254
78286,1565870.000,ifft_accept,7,255
78287,1565890.000,canon_accept,8,2
78287,1565890.000,mask_accept,8,1
78287,1565890.000,spec_accept,8,0
78288,1565910.000,mask_accept,8,2
78288,1565910.000,spec_accept,8,1
78289,1565930.000,spec_accept,8,2
78291,1565970.000,canon_accept,8,3
78291,1565970.000,wola_accept,7,896
78292,1565990.000,mask_accept,8,3
78293,1566010.000,spec_accept,8,3
78293,1566010.000,wola_accept,7,897
78293,1566010.000,y_accept,-1,896
78295,1566050.000,canon_accept,8,4
78295,1566050.000,wola_accept,7,898
78295,1566050.000,y_accept,-1,897
78296,1566070.000,mask_accept,8,4
78297,1566090.000,spec_accept,8,4
78297,1566090.000,wola_accept,7,899
78297,1566090.000,y_accept,-1,898
78299,1566130.000,canon_accept,8,5
78299,1566130.000,wola_accept,7,900
78299,1566130.000,y_accept,-1,899
78300,1566150.000,mask_accept,8,5
78301,1566170.000,spec_accept,8,5
78301,1566170.000,wola_accept,7,901
78301,1566170.000,y_accept,-1,900
78303,1566210.000,canon_accept,8,6
78303,1566210.000,wola_accept,7,902
78303,1566210.000,y_accept,-1,901
78304,1566230.000,mask_accept,8,6
78305,1566250.000,spec_accept,8,6
78305,1566250.000,wola_accept,7,903
78305,1566250.000,y_accept,-1,902
78307,1566290.000,canon_accept,8,7
78307,1566290.000,wola_accept,7,904
78307,1566290.000,y_accept,-1,903
78308,1566310.000,mask_accept,8,7
78309,1566330.000,spec_accept,8,7
78309,1566330.000,wola_accept,7,905
78309,1566330.000,y_accept,-1,904
78311,1566370.000,canon_accept,8,8
78311,1566370.000,wola_accept,7,906
78311,1566370.000,y_accept,-1,905
78312,1566390.000,mask_accept,8,8
78313,1566410.000,spec_accept,8,8
78313,1566410.000,wola_accept,7,907
78313,1566410.000,y_accept,-1,906
78315,1566450.000,canon_accept,8,9
78315,1566450.000,wola_accept,7,908
78315,1566450.000,y_accept,-1,907
78316,1566470.000,mask_accept,8,9
78317,1566490.000,spec_accept,8,9
78317,1566490.000,wola_accept,7,909
78317,1566490.000,y_accept,-1,908
78319,1566530.000,canon_accept,8,10
78319,1566530.000,wola_accept,7,910
78319,1566530.000,y_accept,-1,909
78320,1566550.000,mask_accept,8,10
78321,1566570.000,spec_accept,8,10
78321,1566570.000,wola_accept,7,911
78321,1566570.000,y_accept,-1,910
78323,1566610.000,canon_accept,8,11
78323,1566610.000,wola_accept,7,912
78323,1566610.000,y_accept,-1,911
78324,1566630.000,mask_accept,8,11
78325,1566650.000,spec_accept,8,11
78325,1566650.000,wola_accept,7,913
78325,1566650.000,y_accept,-1,912
78327,1566690.000,canon_accept,8,12
78327,1566690.000,wola_accept,7,914
78327,1566690.000,y_accept,-1,913
78328,1566710.000,mask_accept,8,12
78329,1566730.000,spec_accept,8,12
78329,1566730.000,wola_accept,7,915
78329,1566730.000,y_accept,-1,914
78331,1566770.000,canon_accept,8,13
78331,1566770.000,wola_accept,7,916
78331,1566770.000,y_accept,-1,915
78332,1566790.000,mask_accept,8,13
78333,1566810.000,spec_accept,8,13
78333,1566810.000,wola_accept,7,917
78333,1566810.000,y_accept,-1,916
78335,1566850.000,canon_accept,8,14
78335,1566850.000,wola_accept,7,918
78335,1566850.000,y_accept,-1,917
78336,1566870.000,mask_accept,8,14
78337,1566890.000,spec_accept,8,14
78337,1566890.000,wola_accept,7,919
78337,1566890.000,y_accept,-1,918
78339,1566930.000,canon_accept,8,15
78339,1566930.000,wola_accept,7,920
78339,1566930.000,y_accept,-1,919
78340,1566950.000,mask_accept,8,15
78341,1566970.000,spec_accept,8,15
78341,1566970.000,wola_accept,7,921
78341,1566970.000,y_accept,-1,920
78343,1567010.000,canon_accept,8,16
78343,1567010.000,wola_accept,7,922
78343,1567010.000,y_accept,-1,921
78344,1567030.000,mask_accept,8,16
78345,1567050.000,spec_accept,8,16
78345,1567050.000,wola_accept,7,923
78345,1567050.000,y_accept,-1,922
78347,1567090.000,canon_accept,8,17
78347,1567090.000,wola_accept,7,924
78347,1567090.000,y_accept,-1,923
78348,1567110.000,mask_accept,8,17
78349,1567130.000,spec_accept,8,17
78349,1567130.000,wola_accept,7,925
78349,1567130.000,y_accept,-1,924
78351,1567170.000,canon_accept,8,18
78351,1567170.000,wola_accept,7,926
78351,1567170.000,y_accept,-1,925
78352,1567190.000,mask_accept,8,18
78353,1567210.000,spec_accept,8,18
78353,1567210.000,wola_accept,7,927
78353,1567210.000,y_accept,-1,926
78355,1567250.000,canon_accept,8,19
78355,1567250.000,wola_accept,7,928
78355,1567250.000,y_accept,-1,927
78356,1567270.000,mask_accept,8,19
78357,1567290.000,spec_accept,8,19
78357,1567290.000,wola_accept,7,929
78357,1567290.000,y_accept,-1,928
78359,1567330.000,canon_accept,8,20
78359,1567330.000,wola_accept,7,930
78359,1567330.000,y_accept,-1,929
78360,1567350.000,mask_accept,8,20
78361,1567370.000,spec_accept,8,20
78361,1567370.000,wola_accept,7,931
78361,1567370.000,y_accept,-1,930
78363,1567410.000,canon_accept,8,21
78363,1567410.000,wola_accept,7,932
78363,1567410.000,y_accept,-1,931
78364,1567430.000,mask_accept,8,21
78365,1567450.000,spec_accept,8,21
78365,1567450.000,wola_accept,7,933
78365,1567450.000,y_accept,-1,932
78367,1567490.000,canon_accept,8,22
78367,1567490.000,wola_accept,7,934
78367,1567490.000,y_accept,-1,933
78368,1567510.000,mask_accept,8,22
78369,1567530.000,spec_accept,8,22
78369,1567530.000,wola_accept,7,935
78369,1567530.000,y_accept,-1,934
78371,1567570.000,canon_accept,8,23
78371,1567570.000,wola_accept,7,936
78371,1567570.000,y_accept,-1,935
78372,1567590.000,mask_accept,8,23
78373,1567610.000,spec_accept,8,23
78373,1567610.000,wola_accept,7,937
78373,1567610.000,y_accept,-1,936
78375,1567650.000,canon_accept,8,24
78375,1567650.000,wola_accept,7,938
78375,1567650.000,y_accept,-1,937
78376,1567670.000,mask_accept,8,24
78377,1567690.000,spec_accept,8,24
78377,1567690.000,wola_accept,7,939
78377,1567690.000,y_accept,-1,938
78379,1567730.000,canon_accept,8,25
78379,1567730.000,wola_accept,7,940
78379,1567730.000,y_accept,-1,939
78380,1567750.000,mask_accept,8,25
78381,1567770.000,spec_accept,8,25
78381,1567770.000,wola_accept,7,941
78381,1567770.000,y_accept,-1,940
78383,1567810.000,canon_accept,8,26
78383,1567810.000,wola_accept,7,942
78383,1567810.000,y_accept,-1,941
78384,1567830.000,mask_accept,8,26
78385,1567850.000,spec_accept,8,26
78385,1567850.000,wola_accept,7,943
78385,1567850.000,y_accept,-1,942
78387,1567890.000,canon_accept,8,27
78387,1567890.000,wola_accept,7,944
78387,1567890.000,y_accept,-1,943
78388,1567910.000,mask_accept,8,27
78389,1567930.000,spec_accept,8,27
78389,1567930.000,wola_accept,7,945
78389,1567930.000,y_accept,-1,944
78391,1567970.000,canon_accept,8,28
78391,1567970.000,wola_accept,7,946
78391,1567970.000,y_accept,-1,945
78392,1567990.000,mask_accept,8,28
78393,1568010.000,spec_accept,8,28
78393,1568010.000,wola_accept,7,947
78393,1568010.000,y_accept,-1,946
78395,1568050.000,canon_accept,8,29
78395,1568050.000,wola_accept,7,948
78395,1568050.000,y_accept,-1,947
78396,1568070.000,mask_accept,8,29
78397,1568090.000,spec_accept,8,29
78397,1568090.000,wola_accept,7,949
78397,1568090.000,y_accept,-1,948
78399,1568130.000,canon_accept,8,30
78399,1568130.000,wola_accept,7,950
78399,1568130.000,y_accept,-1,949
78400,1568150.000,mask_accept,8,30
78401,1568170.000,spec_accept,8,30
78401,1568170.000,wola_accept,7,951
78401,1568170.000,y_accept,-1,950
78403,1568210.000,canon_accept,8,31
78403,1568210.000,wola_accept,7,952
78403,1568210.000,y_accept,-1,951
78404,1568230.000,mask_accept,8,31
78405,1568250.000,spec_accept,8,31
78405,1568250.000,wola_accept,7,953
78405,1568250.000,y_accept,-1,952
78407,1568290.000,canon_accept,8,32
78407,1568290.000,wola_accept,7,954
78407,1568290.000,y_accept,-1,953
78408,1568310.000,mask_accept,8,32
78409,1568330.000,spec_accept,8,32
78409,1568330.000,wola_accept,7,955
78409,1568330.000,y_accept,-1,954
78411,1568370.000,canon_accept,8,33
78411,1568370.000,wola_accept,7,956
78411,1568370.000,y_accept,-1,955
78412,1568390.000,mask_accept,8,33
78413,1568410.000,spec_accept,8,33
78413,1568410.000,wola_accept,7,957
78413,1568410.000,y_accept,-1,956
78415,1568450.000,canon_accept,8,34
78415,1568450.000,wola_accept,7,958
78415,1568450.000,y_accept,-1,957
78416,1568470.000,mask_accept,8,34
78417,1568490.000,spec_accept,8,34
78417,1568490.000,wola_accept,7,959
78417,1568490.000,y_accept,-1,958
78419,1568530.000,canon_accept,8,35
78419,1568530.000,wola_accept,7,960
78419,1568530.000,y_accept,-1,959
78420,1568550.000,mask_accept,8,35
78421,1568570.000,spec_accept,8,35
78421,1568570.000,wola_accept,7,961
78421,1568570.000,y_accept,-1,960
78423,1568610.000,canon_accept,8,36
78423,1568610.000,wola_accept,7,962
78423,1568610.000,y_accept,-1,961
78424,1568630.000,mask_accept,8,36
78425,1568650.000,spec_accept,8,36
78425,1568650.000,wola_accept,7,963
78425,1568650.000,y_accept,-1,962
78427,1568690.000,canon_accept,8,37
78427,1568690.000,wola_accept,7,964
78427,1568690.000,y_accept,-1,963
78428,1568710.000,mask_accept,8,37
78429,1568730.000,spec_accept,8,37
78429,1568730.000,wola_accept,7,965
78429,1568730.000,y_accept,-1,964
78431,1568770.000,canon_accept,8,38
78431,1568770.000,wola_accept,7,966
78431,1568770.000,y_accept,-1,965
78432,1568790.000,mask_accept,8,38
78433,1568810.000,spec_accept,8,38
78433,1568810.000,wola_accept,7,967
78433,1568810.000,y_accept,-1,966
78435,1568850.000,canon_accept,8,39
78435,1568850.000,wola_accept,7,968
78435,1568850.000,y_accept,-1,967
78436,1568870.000,mask_accept,8,39
78437,1568890.000,spec_accept,8,39
78437,1568890.000,wola_accept,7,969
78437,1568890.000,y_accept,-1,968
78439,1568930.000,canon_accept,8,40
78439,1568930.000,wola_accept,7,970
78439,1568930.000,y_accept,-1,969
78440,1568950.000,mask_accept,8,40
78441,1568970.000,spec_accept,8,40
78441,1568970.000,wola_accept,7,971
78441,1568970.000,y_accept,-1,970
78443,1569010.000,canon_accept,8,41
78443,1569010.000,wola_accept,7,972
78443,1569010.000,y_accept,-1,971
78444,1569030.000,mask_accept,8,41
78445,1569050.000,spec_accept,8,41
78445,1569050.000,wola_accept,7,973
78445,1569050.000,y_accept,-1,972
78447,1569090.000,canon_accept,8,42
78447,1569090.000,wola_accept,7,974
78447,1569090.000,y_accept,-1,973
78448,1569110.000,mask_accept,8,42
78449,1569130.000,spec_accept,8,42
78449,1569130.000,wola_accept,7,975
78449,1569130.000,y_accept,-1,974
78451,1569170.000,canon_accept,8,43
78451,1569170.000,wola_accept,7,976
78451,1569170.000,y_accept,-1,975
78452,1569190.000,mask_accept,8,43
78453,1569210.000,spec_accept,8,43
78453,1569210.000,wola_accept,7,977
78453,1569210.000,y_accept,-1,976
78455,1569250.000,canon_accept,8,44
78455,1569250.000,wola_accept,7,978
78455,1569250.000,y_accept,-1,977
78456,1569270.000,mask_accept,8,44
78457,1569290.000,spec_accept,8,44
78457,1569290.000,wola_accept,7,979
78457,1569290.000,y_accept,-1,978
78459,1569330.000,canon_accept,8,45
78459,1569330.000,wola_accept,7,980
78459,1569330.000,y_accept,-1,979
78460,1569350.000,mask_accept,8,45
78461,1569370.000,spec_accept,8,45
78461,1569370.000,wola_accept,7,981
78461,1569370.000,y_accept,-1,980
78463,1569410.000,canon_accept,8,46
78463,1569410.000,wola_accept,7,982
78463,1569410.000,y_accept,-1,981
78464,1569430.000,mask_accept,8,46
78465,1569450.000,spec_accept,8,46
78465,1569450.000,wola_accept,7,983
78465,1569450.000,y_accept,-1,982
78467,1569490.000,canon_accept,8,47
78467,1569490.000,wola_accept,7,984
78467,1569490.000,y_accept,-1,983
78468,1569510.000,mask_accept,8,47
78469,1569530.000,spec_accept,8,47
78469,1569530.000,wola_accept,7,985
78469,1569530.000,y_accept,-1,984
78471,1569570.000,canon_accept,8,48
78471,1569570.000,wola_accept,7,986
78471,1569570.000,y_accept,-1,985
78472,1569590.000,mask_accept,8,48
78473,1569610.000,spec_accept,8,48
78473,1569610.000,wola_accept,7,987
78473,1569610.000,y_accept,-1,986
78475,1569650.000,canon_accept,8,49
78475,1569650.000,wola_accept,7,988
78475,1569650.000,y_accept,-1,987
78476,1569670.000,mask_accept,8,49
78477,1569690.000,spec_accept,8,49
78477,1569690.000,wola_accept,7,989
78477,1569690.000,y_accept,-1,988
78479,1569730.000,canon_accept,8,50
78479,1569730.000,wola_accept,7,990
78479,1569730.000,y_accept,-1,989
78480,1569750.000,mask_accept,8,50
78481,1569770.000,spec_accept,8,50
78481,1569770.000,wola_accept,7,991
78481,1569770.000,y_accept,-1,990
78483,1569810.000,canon_accept,8,51
78483,1569810.000,wola_accept,7,992
78483,1569810.000,y_accept,-1,991
78484,1569830.000,mask_accept,8,51
78485,1569850.000,spec_accept,8,51
78485,1569850.000,wola_accept,7,993
78485,1569850.000,y_accept,-1,992
78487,1569890.000,canon_accept,8,52
78487,1569890.000,wola_accept,7,994
78487,1569890.000,y_accept,-1,993
78488,1569910.000,mask_accept,8,52
78489,1569930.000,spec_accept,8,52
78489,1569930.000,wola_accept,7,995
78489,1569930.000,y_accept,-1,994
78491,1569970.000,canon_accept,8,53
78491,1569970.000,wola_accept,7,996
78491,1569970.000,y_accept,-1,995
78492,1569990.000,mask_accept,8,53
78493,1570010.000,spec_accept,8,53
78493,1570010.000,wola_accept,7,997
78493,1570010.000,y_accept,-1,996
78495,1570050.000,canon_accept,8,54
78495,1570050.000,wola_accept,7,998
78495,1570050.000,y_accept,-1,997
78496,1570070.000,mask_accept,8,54
78497,1570090.000,spec_accept,8,54
78497,1570090.000,wola_accept,7,999
78497,1570090.000,y_accept,-1,998
78499,1570130.000,canon_accept,8,55
78499,1570130.000,wola_accept,7,1000
78499,1570130.000,y_accept,-1,999
78500,1570150.000,mask_accept,8,55
78501,1570170.000,spec_accept,8,55
78501,1570170.000,wola_accept,7,1001
78501,1570170.000,y_accept,-1,1000
78503,1570210.000,canon_accept,8,56
78503,1570210.000,wola_accept,7,1002
78503,1570210.000,y_accept,-1,1001
78504,1570230.000,mask_accept,8,56
78505,1570250.000,spec_accept,8,56
78505,1570250.000,wola_accept,7,1003
78505,1570250.000,y_accept,-1,1002
78507,1570290.000,canon_accept,8,57
78507,1570290.000,wola_accept,7,1004
78507,1570290.000,y_accept,-1,1003
78508,1570310.000,mask_accept,8,57
78509,1570330.000,spec_accept,8,57
78509,1570330.000,wola_accept,7,1005
78509,1570330.000,y_accept,-1,1004
78511,1570370.000,canon_accept,8,58
78511,1570370.000,wola_accept,7,1006
78511,1570370.000,y_accept,-1,1005
78512,1570390.000,mask_accept,8,58
78513,1570410.000,spec_accept,8,58
78513,1570410.000,wola_accept,7,1007
78513,1570410.000,y_accept,-1,1006
78515,1570450.000,canon_accept,8,59
78515,1570450.000,wola_accept,7,1008
78515,1570450.000,y_accept,-1,1007
78516,1570470.000,mask_accept,8,59
78517,1570490.000,spec_accept,8,59
78517,1570490.000,wola_accept,7,1009
78517,1570490.000,y_accept,-1,1008
78519,1570530.000,canon_accept,8,60
78519,1570530.000,wola_accept,7,1010
78519,1570530.000,y_accept,-1,1009
78520,1570550.000,mask_accept,8,60
78521,1570570.000,spec_accept,8,60
78521,1570570.000,wola_accept,7,1011
78521,1570570.000,y_accept,-1,1010
78523,1570610.000,canon_accept,8,61
78523,1570610.000,wola_accept,7,1012
78523,1570610.000,y_accept,-1,1011
78524,1570630.000,mask_accept,8,61
78525,1570650.000,spec_accept,8,61
78525,1570650.000,wola_accept,7,1013
78525,1570650.000,y_accept,-1,1012
78527,1570690.000,canon_accept,8,62
78527,1570690.000,wola_accept,7,1014
78527,1570690.000,y_accept,-1,1013
78528,1570710.000,mask_accept,8,62
78529,1570730.000,spec_accept,8,62
78529,1570730.000,wola_accept,7,1015
78529,1570730.000,y_accept,-1,1014
78531,1570770.000,canon_accept,8,63
78531,1570770.000,wola_accept,7,1016
78531,1570770.000,y_accept,-1,1015
78532,1570790.000,mask_accept,8,63
78533,1570810.000,spec_accept,8,63
78533,1570810.000,wola_accept,7,1017
78533,1570810.000,y_accept,-1,1016
78535,1570850.000,canon_accept,8,64
78535,1570850.000,wola_accept,7,1018
78535,1570850.000,y_accept,-1,1017
78536,1570870.000,mask_accept,8,64
78537,1570890.000,spec_accept,8,64
78537,1570890.000,wola_accept,7,1019
78537,1570890.000,y_accept,-1,1018
78539,1570930.000,canon_accept,8,65
78539,1570930.000,wola_accept,7,1020
78539,1570930.000,y_accept,-1,1019
78540,1570950.000,mask_accept,8,65
78541,1570970.000,spec_accept,8,65
78541,1570970.000,wola_accept,7,1021
78541,1570970.000,y_accept,-1,1020
78543,1571010.000,canon_accept,8,66
78543,1571010.000,wola_accept,7,1022
78543,1571010.000,y_accept,-1,1021
78544,1571030.000,mask_accept,8,66
78545,1571050.000,spec_accept,8,66
78545,1571050.000,wola_accept,7,1023
78545,1571050.000,y_accept,-1,1022
78547,1571090.000,canon_accept,8,67
78547,1571090.000,y_accept,-1,1023
78548,1571110.000,mask_accept,8,67
78549,1571130.000,spec_accept,8,67
78551,1571170.000,canon_accept,8,68
78552,1571190.000,mask_accept,8,68
78553,1571210.000,spec_accept,8,68
78555,1571250.000,canon_accept,8,69
78556,1571270.000,mask_accept,8,69
78557,1571290.000,spec_accept,8,69
78559,1571330.000,canon_accept,8,70
78560,1571350.000,mask_accept,8,70
78561,1571370.000,spec_accept,8,70
78563,1571410.000,canon_accept,8,71
78564,1571430.000,mask_accept,8,71
78565,1571450.000,spec_accept,8,71
78567,1571490.000,canon_accept,8,72
78568,1571510.000,mask_accept,8,72
78569,1571530.000,spec_accept,8,72
78571,1571570.000,canon_accept,8,73
78572,1571590.000,mask_accept,8,73
78573,1571610.000,spec_accept,8,73
78575,1571650.000,canon_accept,8,74
78576,1571670.000,mask_accept,8,74
78577,1571690.000,spec_accept,8,74
78579,1571730.000,canon_accept,8,75
78580,1571750.000,mask_accept,8,75
78581,1571770.000,spec_accept,8,75
78583,1571810.000,canon_accept,8,76
78584,1571830.000,mask_accept,8,76
78585,1571850.000,spec_accept,8,76
78587,1571890.000,canon_accept,8,77
78588,1571910.000,mask_accept,8,77
78589,1571930.000,spec_accept,8,77
78591,1571970.000,canon_accept,8,78
78592,1571990.000,mask_accept,8,78
78593,1572010.000,spec_accept,8,78
78595,1572050.000,canon_accept,8,79
78596,1572070.000,mask_accept,8,79
78597,1572090.000,spec_accept,8,79
78599,1572130.000,canon_accept,8,80
78600,1572150.000,mask_accept,8,80
78601,1572170.000,spec_accept,8,80
78603,1572210.000,canon_accept,8,81
78604,1572230.000,mask_accept,8,81
78605,1572250.000,spec_accept,8,81
78607,1572290.000,canon_accept,8,82
78608,1572310.000,mask_accept,8,82
78609,1572330.000,spec_accept,8,82
78611,1572370.000,canon_accept,8,83
78612,1572390.000,mask_accept,8,83
78613,1572410.000,spec_accept,8,83
78615,1572450.000,canon_accept,8,84
78616,1572470.000,mask_accept,8,84
78617,1572490.000,spec_accept,8,84
78619,1572530.000,canon_accept,8,85
78620,1572550.000,mask_accept,8,85
78621,1572570.000,spec_accept,8,85
78623,1572610.000,canon_accept,8,86
78624,1572630.000,mask_accept,8,86
78625,1572650.000,spec_accept,8,86
78627,1572690.000,canon_accept,8,87
78628,1572710.000,mask_accept,8,87
78629,1572730.000,spec_accept,8,87
78631,1572770.000,canon_accept,8,88
78632,1572790.000,mask_accept,8,88
78633,1572810.000,spec_accept,8,88
78635,1572850.000,canon_accept,8,89
78636,1572870.000,mask_accept,8,89
78637,1572890.000,spec_accept,8,89
78639,1572930.000,canon_accept,8,90
78640,1572950.000,mask_accept,8,90
78641,1572970.000,spec_accept,8,90
78643,1573010.000,canon_accept,8,91
78644,1573030.000,mask_accept,8,91
78645,1573050.000,spec_accept,8,91
78647,1573090.000,canon_accept,8,92
78648,1573110.000,mask_accept,8,92
78649,1573130.000,spec_accept,8,92
78651,1573170.000,canon_accept,8,93
78652,1573190.000,mask_accept,8,93
78653,1573210.000,spec_accept,8,93
78655,1573250.000,canon_accept,8,94
78656,1573270.000,mask_accept,8,94
78657,1573290.000,spec_accept,8,94
78659,1573330.000,canon_accept,8,95
78660,1573350.000,mask_accept,8,95
78661,1573370.000,spec_accept,8,95
78663,1573410.000,canon_accept,8,96
78664,1573430.000,mask_accept,8,96
78665,1573450.000,spec_accept,8,96
78667,1573490.000,canon_accept,8,97
78668,1573510.000,mask_accept,8,97
78669,1573530.000,spec_accept,8,97
78671,1573570.000,canon_accept,8,98
78672,1573590.000,mask_accept,8,98
78673,1573610.000,spec_accept,8,98
78675,1573650.000,canon_accept,8,99
78676,1573670.000,mask_accept,8,99
78677,1573690.000,spec_accept,8,99
78679,1573730.000,canon_accept,8,100
78680,1573750.000,mask_accept,8,100
78681,1573770.000,spec_accept,8,100
78683,1573810.000,canon_accept,8,101
78684,1573830.000,mask_accept,8,101
78685,1573850.000,spec_accept,8,101
78687,1573890.000,canon_accept,8,102
78688,1573910.000,mask_accept,8,102
78689,1573930.000,spec_accept,8,102
78691,1573970.000,canon_accept,8,103
78692,1573990.000,mask_accept,8,103
78693,1574010.000,spec_accept,8,103
78695,1574050.000,canon_accept,8,104
78696,1574070.000,mask_accept,8,104
78697,1574090.000,spec_accept,8,104
78699,1574130.000,canon_accept,8,105
78700,1574150.000,mask_accept,8,105
78701,1574170.000,spec_accept,8,105
78703,1574210.000,canon_accept,8,106
78704,1574230.000,mask_accept,8,106
78705,1574250.000,spec_accept,8,106
78707,1574290.000,canon_accept,8,107
78708,1574310.000,mask_accept,8,107
78709,1574330.000,spec_accept,8,107
78711,1574370.000,canon_accept,8,108
78712,1574390.000,mask_accept,8,108
78713,1574410.000,spec_accept,8,108
78715,1574450.000,canon_accept,8,109
78716,1574470.000,mask_accept,8,109
78717,1574490.000,spec_accept,8,109
78719,1574530.000,canon_accept,8,110
78720,1574550.000,mask_accept,8,110
78721,1574570.000,spec_accept,8,110
78723,1574610.000,canon_accept,8,111
78724,1574630.000,mask_accept,8,111
78725,1574650.000,spec_accept,8,111
78727,1574690.000,canon_accept,8,112
78728,1574710.000,mask_accept,8,112
78729,1574730.000,spec_accept,8,112
78731,1574770.000,canon_accept,8,113
78732,1574790.000,mask_accept,8,113
78733,1574810.000,spec_accept,8,113
78735,1574850.000,canon_accept,8,114
78736,1574870.000,mask_accept,8,114
78737,1574890.000,spec_accept,8,114
78739,1574930.000,canon_accept,8,115
78740,1574950.000,mask_accept,8,115
78741,1574970.000,spec_accept,8,115
78743,1575010.000,canon_accept,8,116
78744,1575030.000,mask_accept,8,116
78745,1575050.000,spec_accept,8,116
78747,1575090.000,canon_accept,8,117
78748,1575110.000,mask_accept,8,117
78749,1575130.000,spec_accept,8,117
78751,1575170.000,canon_accept,8,118
78752,1575190.000,mask_accept,8,118
78753,1575210.000,spec_accept,8,118
78755,1575250.000,canon_accept,8,119
78756,1575270.000,mask_accept,8,119
78757,1575290.000,spec_accept,8,119
78759,1575330.000,canon_accept,8,120
78760,1575350.000,mask_accept,8,120
78761,1575370.000,spec_accept,8,120
78763,1575410.000,canon_accept,8,121
78764,1575430.000,mask_accept,8,121
78765,1575450.000,spec_accept,8,121
78767,1575490.000,canon_accept,8,122
78768,1575510.000,mask_accept,8,122
78769,1575530.000,spec_accept,8,122
78771,1575570.000,canon_accept,8,123
78772,1575590.000,mask_accept,8,123
78773,1575610.000,spec_accept,8,123
78775,1575650.000,canon_accept,8,124
78776,1575670.000,mask_accept,8,124
78777,1575690.000,spec_accept,8,124
78779,1575730.000,canon_accept,8,125
78780,1575750.000,mask_accept,8,125
78781,1575770.000,spec_accept,8,125
78783,1575810.000,canon_accept,8,126
78784,1575830.000,mask_accept,8,126
78785,1575850.000,spec_accept,8,126
78787,1575890.000,canon_accept,8,127
78788,1575910.000,mask_accept,8,127
78789,1575930.000,spec_accept,8,127
78791,1575970.000,canon_accept,8,128
78792,1575990.000,mask_accept,8,128
78793,1576010.000,spec_accept,8,128
78795,1576050.000,canon_accept,8,129
78796,1576070.000,mask_accept,8,129
78797,1576090.000,spec_accept,8,129
78799,1576130.000,canon_accept,8,130
78800,1576150.000,mask_accept,8,130
78801,1576170.000,spec_accept,8,130
78803,1576210.000,canon_accept,8,131
78804,1576230.000,mask_accept,8,131
78805,1576250.000,spec_accept,8,131
78807,1576290.000,canon_accept,8,132
78808,1576310.000,mask_accept,8,132
78809,1576330.000,spec_accept,8,132
78811,1576370.000,canon_accept,8,133
78812,1576390.000,mask_accept,8,133
78813,1576410.000,spec_accept,8,133
78815,1576450.000,canon_accept,8,134
78816,1576470.000,mask_accept,8,134
78817,1576490.000,spec_accept,8,134
78819,1576530.000,canon_accept,8,135
78820,1576550.000,mask_accept,8,135
78821,1576570.000,spec_accept,8,135
78823,1576610.000,canon_accept,8,136
78824,1576630.000,mask_accept,8,136
78825,1576650.000,spec_accept,8,136
78827,1576690.000,canon_accept,8,137
78828,1576710.000,mask_accept,8,137
78829,1576730.000,spec_accept,8,137
78831,1576770.000,canon_accept,8,138
78832,1576790.000,mask_accept,8,138
78833,1576810.000,spec_accept,8,138
78835,1576850.000,canon_accept,8,139
78836,1576870.000,mask_accept,8,139
78837,1576890.000,spec_accept,8,139
78839,1576930.000,canon_accept,8,140
78840,1576950.000,mask_accept,8,140
78841,1576970.000,spec_accept,8,140
78843,1577010.000,canon_accept,8,141
78844,1577030.000,mask_accept,8,141
78845,1577050.000,spec_accept,8,141
78847,1577090.000,canon_accept,8,142
78848,1577110.000,mask_accept,8,142
78849,1577130.000,spec_accept,8,142
78851,1577170.000,canon_accept,8,143
78852,1577190.000,mask_accept,8,143
78853,1577210.000,spec_accept,8,143
78855,1577250.000,canon_accept,8,144
78856,1577270.000,mask_accept,8,144
78857,1577290.000,spec_accept,8,144
78859,1577330.000,canon_accept,8,145
78860,1577350.000,mask_accept,8,145
78861,1577370.000,spec_accept,8,145
78863,1577410.000,canon_accept,8,146
78864,1577430.000,mask_accept,8,146
78865,1577450.000,spec_accept,8,146
78867,1577490.000,canon_accept,8,147
78868,1577510.000,mask_accept,8,147
78869,1577530.000,spec_accept,8,147
78871,1577570.000,canon_accept,8,148
78872,1577590.000,mask_accept,8,148
78873,1577610.000,spec_accept,8,148
78875,1577650.000,canon_accept,8,149
78876,1577670.000,mask_accept,8,149
78877,1577690.000,spec_accept,8,149
78879,1577730.000,canon_accept,8,150
78880,1577750.000,mask_accept,8,150
78881,1577770.000,spec_accept,8,150
78883,1577810.000,canon_accept,8,151
78884,1577830.000,mask_accept,8,151
78885,1577850.000,spec_accept,8,151
78887,1577890.000,canon_accept,8,152
78888,1577910.000,mask_accept,8,152
78889,1577930.000,spec_accept,8,152
78891,1577970.000,canon_accept,8,153
78892,1577990.000,mask_accept,8,153
78893,1578010.000,spec_accept,8,153
78895,1578050.000,canon_accept,8,154
78896,1578070.000,mask_accept,8,154
78897,1578090.000,spec_accept,8,154
78899,1578130.000,canon_accept,8,155
78900,1578150.000,mask_accept,8,155
78901,1578170.000,spec_accept,8,155
78903,1578210.000,canon_accept,8,156
78904,1578230.000,mask_accept,8,156
78905,1578250.000,spec_accept,8,156
78907,1578290.000,canon_accept,8,157
78908,1578310.000,mask_accept,8,157
78909,1578330.000,spec_accept,8,157
78911,1578370.000,canon_accept,8,158
78912,1578390.000,mask_accept,8,158
78913,1578410.000,spec_accept,8,158
78915,1578450.000,canon_accept,8,159
78916,1578470.000,mask_accept,8,159
78917,1578490.000,spec_accept,8,159
78919,1578530.000,canon_accept,8,160
78920,1578550.000,mask_accept,8,160
78921,1578570.000,spec_accept,8,160
78923,1578610.000,canon_accept,8,161
78924,1578630.000,mask_accept,8,161
78925,1578650.000,spec_accept,8,161
78927,1578690.000,canon_accept,8,162
78928,1578710.000,mask_accept,8,162
78929,1578730.000,spec_accept,8,162
78931,1578770.000,canon_accept,8,163
78932,1578790.000,mask_accept,8,163
78933,1578810.000,spec_accept,8,163
78935,1578850.000,canon_accept,8,164
78936,1578870.000,mask_accept,8,164
78937,1578890.000,spec_accept,8,164
78939,1578930.000,canon_accept,8,165
78940,1578950.000,mask_accept,8,165
78941,1578970.000,spec_accept,8,165
78943,1579010.000,canon_accept,8,166
78944,1579030.000,mask_accept,8,166
78945,1579050.000,spec_accept,8,166
78947,1579090.000,canon_accept,8,167
78948,1579110.000,mask_accept,8,167
78949,1579130.000,spec_accept,8,167
78951,1579170.000,canon_accept,8,168
78952,1579190.000,mask_accept,8,168
78953,1579210.000,spec_accept,8,168
78955,1579250.000,canon_accept,8,169
78956,1579270.000,mask_accept,8,169
78957,1579290.000,spec_accept,8,169
78959,1579330.000,canon_accept,8,170
78960,1579350.000,mask_accept,8,170
78961,1579370.000,spec_accept,8,170
78963,1579410.000,canon_accept,8,171
78964,1579430.000,mask_accept,8,171
78965,1579450.000,spec_accept,8,171
78967,1579490.000,canon_accept,8,172
78968,1579510.000,mask_accept,8,172
78969,1579530.000,spec_accept,8,172
78971,1579570.000,canon_accept,8,173
78972,1579590.000,mask_accept,8,173
78973,1579610.000,spec_accept,8,173
78975,1579650.000,canon_accept,8,174
78976,1579670.000,mask_accept,8,174
78977,1579690.000,spec_accept,8,174
78979,1579730.000,canon_accept,8,175
78980,1579750.000,mask_accept,8,175
78981,1579770.000,spec_accept,8,175
78983,1579810.000,canon_accept,8,176
78984,1579830.000,mask_accept,8,176
78985,1579850.000,spec_accept,8,176
78987,1579890.000,canon_accept,8,177
78988,1579910.000,mask_accept,8,177
78989,1579930.000,spec_accept,8,177
78991,1579970.000,canon_accept,8,178
78992,1579990.000,mask_accept,8,178
78993,1580010.000,spec_accept,8,178
78995,1580050.000,canon_accept,8,179
78996,1580070.000,mask_accept,8,179
78997,1580090.000,spec_accept,8,179
78999,1580130.000,canon_accept,8,180
79000,1580150.000,mask_accept,8,180
79001,1580170.000,spec_accept,8,180
79003,1580210.000,canon_accept,8,181
79004,1580230.000,mask_accept,8,181
79005,1580250.000,spec_accept,8,181
79007,1580290.000,canon_accept,8,182
79008,1580310.000,mask_accept,8,182
79009,1580330.000,spec_accept,8,182
79011,1580370.000,canon_accept,8,183
79012,1580390.000,mask_accept,8,183
79013,1580410.000,spec_accept,8,183
79015,1580450.000,canon_accept,8,184
79016,1580470.000,mask_accept,8,184
79017,1580490.000,spec_accept,8,184
79019,1580530.000,canon_accept,8,185
79020,1580550.000,mask_accept,8,185
79021,1580570.000,spec_accept,8,185
79023,1580610.000,canon_accept,8,186
79024,1580630.000,mask_accept,8,186
79025,1580650.000,spec_accept,8,186
79027,1580690.000,canon_accept,8,187
79028,1580710.000,mask_accept,8,187
79029,1580730.000,spec_accept,8,187
79031,1580770.000,canon_accept,8,188
79032,1580790.000,mask_accept,8,188
79033,1580810.000,spec_accept,8,188
79035,1580850.000,canon_accept,8,189
79036,1580870.000,mask_accept,8,189
79037,1580890.000,spec_accept,8,189
79039,1580930.000,canon_accept,8,190
79040,1580950.000,mask_accept,8,190
79041,1580970.000,spec_accept,8,190
79043,1581010.000,canon_accept,8,191
79044,1581030.000,mask_accept,8,191
79045,1581050.000,spec_accept,8,191
79047,1581090.000,canon_accept,8,192
79048,1581110.000,mask_accept,8,192
79049,1581130.000,spec_accept,8,192
79051,1581170.000,canon_accept,8,193
79052,1581190.000,mask_accept,8,193
79053,1581210.000,spec_accept,8,193
79055,1581250.000,canon_accept,8,194
79056,1581270.000,mask_accept,8,194
79057,1581290.000,spec_accept,8,194
79059,1581330.000,canon_accept,8,195
79060,1581350.000,mask_accept,8,195
79061,1581370.000,spec_accept,8,195
79063,1581410.000,canon_accept,8,196
79064,1581430.000,mask_accept,8,196
79065,1581450.000,spec_accept,8,196
79067,1581490.000,canon_accept,8,197
79068,1581510.000,mask_accept,8,197
79069,1581530.000,spec_accept,8,197
79071,1581570.000,canon_accept,8,198
79072,1581590.000,mask_accept,8,198
79073,1581610.000,spec_accept,8,198
79075,1581650.000,canon_accept,8,199
79076,1581670.000,mask_accept,8,199
79077,1581690.000,spec_accept,8,199
79079,1581730.000,canon_accept,8,200
79080,1581750.000,mask_accept,8,200
79081,1581770.000,spec_accept,8,200
79083,1581810.000,canon_accept,8,201
79084,1581830.000,mask_accept,8,201
79085,1581850.000,spec_accept,8,201
79087,1581890.000,canon_accept,8,202
79088,1581910.000,mask_accept,8,202
79089,1581930.000,spec_accept,8,202
79091,1581970.000,canon_accept,8,203
79092,1581990.000,mask_accept,8,203
79093,1582010.000,spec_accept,8,203
79095,1582050.000,canon_accept,8,204
79096,1582070.000,mask_accept,8,204
79097,1582090.000,spec_accept,8,204
79099,1582130.000,canon_accept,8,205
79100,1582150.000,mask_accept,8,205
79101,1582170.000,spec_accept,8,205
79103,1582210.000,canon_accept,8,206
79104,1582230.000,mask_accept,8,206
79105,1582250.000,spec_accept,8,206
79107,1582290.000,canon_accept,8,207
79108,1582310.000,mask_accept,8,207
79109,1582330.000,spec_accept,8,207
79111,1582370.000,canon_accept,8,208
79112,1582390.000,mask_accept,8,208
79113,1582410.000,spec_accept,8,208
79115,1582450.000,canon_accept,8,209
79116,1582470.000,mask_accept,8,209
79117,1582490.000,spec_accept,8,209
79119,1582530.000,canon_accept,8,210
79120,1582550.000,mask_accept,8,210
79121,1582570.000,spec_accept,8,210
79123,1582610.000,canon_accept,8,211
79124,1582630.000,mask_accept,8,211
79125,1582650.000,spec_accept,8,211
79127,1582690.000,canon_accept,8,212
79128,1582710.000,mask_accept,8,212
79129,1582730.000,spec_accept,8,212
79131,1582770.000,canon_accept,8,213
79132,1582790.000,mask_accept,8,213
79133,1582810.000,spec_accept,8,213
79135,1582850.000,canon_accept,8,214
79136,1582870.000,mask_accept,8,214
79137,1582890.000,spec_accept,8,214
79139,1582930.000,canon_accept,8,215
79140,1582950.000,mask_accept,8,215
79141,1582970.000,spec_accept,8,215
79143,1583010.000,canon_accept,8,216
79144,1583030.000,mask_accept,8,216
79145,1583050.000,spec_accept,8,216
79147,1583090.000,canon_accept,8,217
79148,1583110.000,mask_accept,8,217
79149,1583130.000,spec_accept,8,217
79151,1583170.000,canon_accept,8,218
79152,1583190.000,mask_accept,8,218
79153,1583210.000,spec_accept,8,218
79155,1583250.000,canon_accept,8,219
79156,1583270.000,mask_accept,8,219
79157,1583290.000,spec_accept,8,219
79159,1583330.000,canon_accept,8,220
79160,1583350.000,mask_accept,8,220
79161,1583370.000,spec_accept,8,220
79163,1583410.000,canon_accept,8,221
79164,1583430.000,mask_accept,8,221
79165,1583450.000,spec_accept,8,221
79167,1583490.000,canon_accept,8,222
79168,1583510.000,mask_accept,8,222
79169,1583530.000,spec_accept,8,222
79171,1583570.000,canon_accept,8,223
79172,1583590.000,mask_accept,8,223
79173,1583610.000,spec_accept,8,223
79175,1583650.000,canon_accept,8,224
79176,1583670.000,mask_accept,8,224
79177,1583690.000,spec_accept,8,224
79179,1583730.000,canon_accept,8,225
79180,1583750.000,mask_accept,8,225
79181,1583770.000,spec_accept,8,225
79183,1583810.000,canon_accept,8,226
79184,1583830.000,mask_accept,8,226
79185,1583850.000,spec_accept,8,226
79187,1583890.000,canon_accept,8,227
79188,1583910.000,mask_accept,8,227
79189,1583930.000,spec_accept,8,227
79191,1583970.000,canon_accept,8,228
79192,1583990.000,mask_accept,8,228
79193,1584010.000,spec_accept,8,228
79195,1584050.000,canon_accept,8,229
79196,1584070.000,mask_accept,8,229
79197,1584090.000,spec_accept,8,229
79199,1584130.000,canon_accept,8,230
79200,1584150.000,mask_accept,8,230
79201,1584170.000,spec_accept,8,230
79203,1584210.000,canon_accept,8,231
79204,1584230.000,mask_accept,8,231
79205,1584250.000,spec_accept,8,231
79207,1584290.000,canon_accept,8,232
79208,1584310.000,mask_accept,8,232
79209,1584330.000,spec_accept,8,232
79211,1584370.000,canon_accept,8,233
79212,1584390.000,mask_accept,8,233
79213,1584410.000,spec_accept,8,233
79215,1584450.000,canon_accept,8,234
79216,1584470.000,mask_accept,8,234
79217,1584490.000,spec_accept,8,234
79219,1584530.000,canon_accept,8,235
79220,1584550.000,mask_accept,8,235
79221,1584570.000,spec_accept,8,235
79223,1584610.000,canon_accept,8,236
79224,1584630.000,mask_accept,8,236
79225,1584650.000,spec_accept,8,236
79227,1584690.000,canon_accept,8,237
79228,1584710.000,mask_accept,8,237
79229,1584730.000,spec_accept,8,237
79231,1584770.000,canon_accept,8,238
79232,1584790.000,mask_accept,8,238
79233,1584810.000,spec_accept,8,238
79235,1584850.000,canon_accept,8,239
79236,1584870.000,mask_accept,8,239
79237,1584890.000,spec_accept,8,239
79239,1584930.000,canon_accept,8,240
79240,1584950.000,mask_accept,8,240
79241,1584970.000,spec_accept,8,240
79243,1585010.000,canon_accept,8,241
79244,1585030.000,mask_accept,8,241
79245,1585050.000,spec_accept,8,241
79247,1585090.000,canon_accept,8,242
79248,1585110.000,mask_accept,8,242
79249,1585130.000,spec_accept,8,242
79251,1585170.000,canon_accept,8,243
79252,1585190.000,mask_accept,8,243
79253,1585210.000,spec_accept,8,243
79255,1585250.000,canon_accept,8,244
79256,1585270.000,mask_accept,8,244
79257,1585290.000,spec_accept,8,244
79259,1585330.000,canon_accept,8,245
79260,1585350.000,mask_accept,8,245
79261,1585370.000,spec_accept,8,245
79263,1585410.000,canon_accept,8,246
79264,1585430.000,mask_accept,8,246
79265,1585450.000,spec_accept,8,246
79267,1585490.000,canon_accept,8,247
79268,1585510.000,mask_accept,8,247
79269,1585530.000,spec_accept,8,247
79271,1585570.000,canon_accept,8,248
79272,1585590.000,mask_accept,8,248
79273,1585610.000,spec_accept,8,248
79275,1585650.000,canon_accept,8,249
79276,1585670.000,mask_accept,8,249
79277,1585690.000,spec_accept,8,249
79279,1585730.000,canon_accept,8,250
79280,1585750.000,mask_accept,8,250
79281,1585770.000,spec_accept,8,250
79283,1585810.000,canon_accept,8,251
79284,1585830.000,mask_accept,8,251
79285,1585850.000,spec_accept,8,251
79287,1585890.000,canon_accept,8,252
79288,1585910.000,mask_accept,8,252
79289,1585930.000,spec_accept,8,252
79291,1585970.000,canon_accept,8,253
79292,1585990.000,mask_accept,8,253
79293,1586010.000,spec_accept,8,253
79295,1586050.000,canon_accept,8,254
79296,1586070.000,mask_accept,8,254
79297,1586090.000,spec_accept,8,254
79299,1586130.000,canon_accept,8,255
79300,1586150.000,mask_accept,8,255
79301,1586170.000,spec_accept,8,255
79302,1586190.000,ifft_compute_start,8,1
86470,1729550.000,ifft_compute_end,8,-1
86471,1729570.000,ifft_accept,8,0
86473,1729610.000,ifft_accept,8,1
86475,1729650.000,ifft_accept,8,2
86477,1729690.000,ifft_accept,8,3
86479,1729730.000,ifft_accept,8,4
86481,1729770.000,ifft_accept,8,5
86483,1729810.000,ifft_accept,8,6
86485,1729850.000,ifft_accept,8,7
86487,1729890.000,ifft_accept,8,8
86489,1729930.000,ifft_accept,8,9
86491,1729970.000,ifft_accept,8,10
86493,1730010.000,ifft_accept,8,11
86495,1730050.000,ifft_accept,8,12
86497,1730090.000,ifft_accept,8,13
86499,1730130.000,ifft_accept,8,14
86501,1730170.000,ifft_accept,8,15
86503,1730210.000,ifft_accept,8,16
86505,1730250.000,ifft_accept,8,17
86507,1730290.000,ifft_accept,8,18
86509,1730330.000,ifft_accept,8,19
86511,1730370.000,ifft_accept,8,20
86513,1730410.000,ifft_accept,8,21
86515,1730450.000,ifft_accept,8,22
86517,1730490.000,ifft_accept,8,23
86519,1730530.000,ifft_accept,8,24
86521,1730570.000,ifft_accept,8,25
86523,1730610.000,ifft_accept,8,26
86525,1730650.000,ifft_accept,8,27
86527,1730690.000,ifft_accept,8,28
86529,1730730.000,ifft_accept,8,29
86531,1730770.000,ifft_accept,8,30
86533,1730810.000,ifft_accept,8,31
86535,1730850.000,ifft_accept,8,32
86537,1730890.000,ifft_accept,8,33
86539,1730930.000,ifft_accept,8,34
86541,1730970.000,ifft_accept,8,35
86543,1731010.000,ifft_accept,8,36
86545,1731050.000,ifft_accept,8,37
86547,1731090.000,ifft_accept,8,38
86549,1731130.000,ifft_accept,8,39
86551,1731170.000,ifft_accept,8,40
86553,1731210.000,ifft_accept,8,41
86555,1731250.000,ifft_accept,8,42
86557,1731290.000,ifft_accept,8,43
86559,1731330.000,ifft_accept,8,44
86561,1731370.000,ifft_accept,8,45
86563,1731410.000,ifft_accept,8,46
86565,1731450.000,ifft_accept,8,47
86567,1731490.000,ifft_accept,8,48
86569,1731530.000,ifft_accept,8,49
86571,1731570.000,ifft_accept,8,50
86573,1731610.000,ifft_accept,8,51
86575,1731650.000,ifft_accept,8,52
86577,1731690.000,ifft_accept,8,53
86579,1731730.000,ifft_accept,8,54
86581,1731770.000,ifft_accept,8,55
86583,1731810.000,ifft_accept,8,56
86585,1731850.000,ifft_accept,8,57
86587,1731890.000,ifft_accept,8,58
86589,1731930.000,ifft_accept,8,59
86591,1731970.000,ifft_accept,8,60
86593,1732010.000,ifft_accept,8,61
86595,1732050.000,ifft_accept,8,62
86597,1732090.000,ifft_accept,8,63
86599,1732130.000,ifft_accept,8,64
86601,1732170.000,ifft_accept,8,65
86603,1732210.000,ifft_accept,8,66
86605,1732250.000,ifft_accept,8,67
86607,1732290.000,ifft_accept,8,68
86609,1732330.000,ifft_accept,8,69
86611,1732370.000,ifft_accept,8,70
86613,1732410.000,ifft_accept,8,71
86615,1732450.000,ifft_accept,8,72
86617,1732490.000,ifft_accept,8,73
86619,1732530.000,ifft_accept,8,74
86621,1732570.000,ifft_accept,8,75
86623,1732610.000,ifft_accept,8,76
86625,1732650.000,ifft_accept,8,77
86627,1732690.000,ifft_accept,8,78
86629,1732730.000,ifft_accept,8,79
86631,1732770.000,ifft_accept,8,80
86633,1732810.000,ifft_accept,8,81
86635,1732850.000,ifft_accept,8,82
86637,1732890.000,ifft_accept,8,83
86639,1732930.000,ifft_accept,8,84
86641,1732970.000,ifft_accept,8,85
86643,1733010.000,ifft_accept,8,86
86645,1733050.000,ifft_accept,8,87
86647,1733090.000,ifft_accept,8,88
86649,1733130.000,ifft_accept,8,89
86651,1733170.000,ifft_accept,8,90
86653,1733210.000,ifft_accept,8,91
86655,1733250.000,ifft_accept,8,92
86657,1733290.000,ifft_accept,8,93
86659,1733330.000,ifft_accept,8,94
86661,1733370.000,ifft_accept,8,95
86663,1733410.000,ifft_accept,8,96
86665,1733450.000,ifft_accept,8,97
86667,1733490.000,ifft_accept,8,98
86669,1733530.000,ifft_accept,8,99
86671,1733570.000,ifft_accept,8,100
86673,1733610.000,ifft_accept,8,101
86675,1733650.000,ifft_accept,8,102
86677,1733690.000,ifft_accept,8,103
86679,1733730.000,ifft_accept,8,104
86681,1733770.000,ifft_accept,8,105
86683,1733810.000,ifft_accept,8,106
86685,1733850.000,ifft_accept,8,107
86687,1733890.000,ifft_accept,8,108
86689,1733930.000,ifft_accept,8,109
86691,1733970.000,ifft_accept,8,110
86693,1734010.000,ifft_accept,8,111
86695,1734050.000,ifft_accept,8,112
86697,1734090.000,ifft_accept,8,113
86699,1734130.000,ifft_accept,8,114
86701,1734170.000,ifft_accept,8,115
86703,1734210.000,ifft_accept,8,116
86705,1734250.000,ifft_accept,8,117
86707,1734290.000,ifft_accept,8,118
86709,1734330.000,ifft_accept,8,119
86711,1734370.000,ifft_accept,8,120
86713,1734410.000,ifft_accept,8,121
86715,1734450.000,ifft_accept,8,122
86717,1734490.000,ifft_accept,8,123
86719,1734530.000,ifft_accept,8,124
86721,1734570.000,ifft_accept,8,125
86723,1734610.000,ifft_accept,8,126
86725,1734650.000,ifft_accept,8,127
86727,1734690.000,ifft_accept,8,128
86729,1734730.000,ifft_accept,8,129
86731,1734770.000,ifft_accept,8,130
86733,1734810.000,ifft_accept,8,131
86735,1734850.000,ifft_accept,8,132
86737,1734890.000,ifft_accept,8,133
86739,1734930.000,ifft_accept,8,134
86741,1734970.000,ifft_accept,8,135
86743,1735010.000,ifft_accept,8,136
86745,1735050.000,ifft_accept,8,137
86747,1735090.000,ifft_accept,8,138
86749,1735130.000,ifft_accept,8,139
86751,1735170.000,ifft_accept,8,140
86753,1735210.000,ifft_accept,8,141
86755,1735250.000,ifft_accept,8,142
86757,1735290.000,ifft_accept,8,143
86759,1735330.000,ifft_accept,8,144
86761,1735370.000,ifft_accept,8,145
86763,1735410.000,ifft_accept,8,146
86765,1735450.000,ifft_accept,8,147
86767,1735490.000,ifft_accept,8,148
86769,1735530.000,ifft_accept,8,149
86771,1735570.000,ifft_accept,8,150
86773,1735610.000,ifft_accept,8,151
86775,1735650.000,ifft_accept,8,152
86777,1735690.000,ifft_accept,8,153
86779,1735730.000,ifft_accept,8,154
86781,1735770.000,ifft_accept,8,155
86783,1735810.000,ifft_accept,8,156
86785,1735850.000,ifft_accept,8,157
86787,1735890.000,ifft_accept,8,158
86789,1735930.000,ifft_accept,8,159
86791,1735970.000,ifft_accept,8,160
86793,1736010.000,ifft_accept,8,161
86795,1736050.000,ifft_accept,8,162
86797,1736090.000,ifft_accept,8,163
86799,1736130.000,ifft_accept,8,164
86801,1736170.000,ifft_accept,8,165
86803,1736210.000,ifft_accept,8,166
86805,1736250.000,ifft_accept,8,167
86807,1736290.000,ifft_accept,8,168
86809,1736330.000,ifft_accept,8,169
86811,1736370.000,ifft_accept,8,170
86813,1736410.000,ifft_accept,8,171
86815,1736450.000,ifft_accept,8,172
86817,1736490.000,ifft_accept,8,173
86819,1736530.000,ifft_accept,8,174
86821,1736570.000,ifft_accept,8,175
86823,1736610.000,ifft_accept,8,176
86825,1736650.000,ifft_accept,8,177
86827,1736690.000,ifft_accept,8,178
86829,1736730.000,ifft_accept,8,179
86831,1736770.000,ifft_accept,8,180
86833,1736810.000,ifft_accept,8,181
86835,1736850.000,ifft_accept,8,182
86837,1736890.000,ifft_accept,8,183
86839,1736930.000,ifft_accept,8,184
86841,1736970.000,ifft_accept,8,185
86843,1737010.000,ifft_accept,8,186
86845,1737050.000,ifft_accept,8,187
86847,1737090.000,ifft_accept,8,188
86849,1737130.000,ifft_accept,8,189
86851,1737170.000,ifft_accept,8,190
86853,1737210.000,ifft_accept,8,191
86855,1737250.000,ifft_accept,8,192
86857,1737290.000,ifft_accept,8,193
86859,1737330.000,ifft_accept,8,194
86861,1737370.000,ifft_accept,8,195
86863,1737410.000,ifft_accept,8,196
86865,1737450.000,ifft_accept,8,197
86867,1737490.000,ifft_accept,8,198
86869,1737530.000,ifft_accept,8,199
86871,1737570.000,ifft_accept,8,200
86873,1737610.000,ifft_accept,8,201
86875,1737650.000,ifft_accept,8,202
86877,1737690.000,ifft_accept,8,203
86879,1737730.000,ifft_accept,8,204
86881,1737770.000,ifft_accept,8,205
86883,1737810.000,ifft_accept,8,206
86885,1737850.000,ifft_accept,8,207
86887,1737890.000,ifft_accept,8,208
86889,1737930.000,ifft_accept,8,209
86891,1737970.000,ifft_accept,8,210
86893,1738010.000,ifft_accept,8,211
86895,1738050.000,ifft_accept,8,212
86897,1738090.000,ifft_accept,8,213
86899,1738130.000,ifft_accept,8,214
86901,1738170.000,ifft_accept,8,215
86903,1738210.000,ifft_accept,8,216
86905,1738250.000,ifft_accept,8,217
86907,1738290.000,ifft_accept,8,218
86909,1738330.000,ifft_accept,8,219
86911,1738370.000,ifft_accept,8,220
86913,1738410.000,ifft_accept,8,221
86915,1738450.000,ifft_accept,8,222
86917,1738490.000,ifft_accept,8,223
86919,1738530.000,ifft_accept,8,224
86921,1738570.000,ifft_accept,8,225
86923,1738610.000,ifft_accept,8,226
86925,1738650.000,ifft_accept,8,227
86927,1738690.000,ifft_accept,8,228
86929,1738730.000,ifft_accept,8,229
86931,1738770.000,ifft_accept,8,230
86933,1738810.000,ifft_accept,8,231
86935,1738850.000,ifft_accept,8,232
86937,1738890.000,ifft_accept,8,233
86939,1738930.000,ifft_accept,8,234
86941,1738970.000,ifft_accept,8,235
86943,1739010.000,ifft_accept,8,236
86945,1739050.000,ifft_accept,8,237
86947,1739090.000,ifft_accept,8,238
86949,1739130.000,ifft_accept,8,239
86951,1739170.000,ifft_accept,8,240
86953,1739210.000,ifft_accept,8,241
86955,1739250.000,ifft_accept,8,242
86957,1739290.000,ifft_accept,8,243
86959,1739330.000,ifft_accept,8,244
86961,1739370.000,ifft_accept,8,245
86963,1739410.000,ifft_accept,8,246
86965,1739450.000,ifft_accept,8,247
86967,1739490.000,ifft_accept,8,248
86969,1739530.000,ifft_accept,8,249
86971,1739570.000,ifft_accept,8,250
86973,1739610.000,ifft_accept,8,251
86975,1739650.000,ifft_accept,8,252
86977,1739690.000,ifft_accept,8,253
86979,1739730.000,ifft_accept,8,254
86981,1739770.000,ifft_accept,8,255
86986,1739870.000,wola_accept,8,1024
86988,1739910.000,wola_accept,8,1025
86988,1739910.000,y_accept,-1,1024
86990,1739950.000,wola_accept,8,1026
86990,1739950.000,y_accept,-1,1025
86992,1739990.000,wola_accept,8,1027
86992,1739990.000,y_accept,-1,1026
86994,1740030.000,wola_accept,8,1028
86994,1740030.000,y_accept,-1,1027
86996,1740070.000,wola_accept,8,1029
86996,1740070.000,y_accept,-1,1028
86998,1740110.000,wola_accept,8,1030
86998,1740110.000,y_accept,-1,1029
87000,1740150.000,wola_accept,8,1031
87000,1740150.000,y_accept,-1,1030
87002,1740190.000,wola_accept,8,1032
87002,1740190.000,y_accept,-1,1031
87004,1740230.000,wola_accept,8,1033
87004,1740230.000,y_accept,-1,1032
87006,1740270.000,wola_accept,8,1034
87006,1740270.000,y_accept,-1,1033
87008,1740310.000,wola_accept,8,1035
87008,1740310.000,y_accept,-1,1034
87010,1740350.000,wola_accept,8,1036
87010,1740350.000,y_accept,-1,1035
87012,1740390.000,wola_accept,8,1037
87012,1740390.000,y_accept,-1,1036
87014,1740430.000,wola_accept,8,1038
87014,1740430.000,y_accept,-1,1037
87016,1740470.000,wola_accept,8,1039
87016,1740470.000,y_accept,-1,1038
87018,1740510.000,wola_accept,8,1040
87018,1740510.000,y_accept,-1,1039
87020,1740550.000,wola_accept,8,1041
87020,1740550.000,y_accept,-1,1040
87022,1740590.000,wola_accept,8,1042
87022,1740590.000,y_accept,-1,1041
87024,1740630.000,wola_accept,8,1043
87024,1740630.000,y_accept,-1,1042
87026,1740670.000,wola_accept,8,1044
87026,1740670.000,y_accept,-1,1043
87028,1740710.000,wola_accept,8,1045
87028,1740710.000,y_accept,-1,1044
87030,1740750.000,wola_accept,8,1046
87030,1740750.000,y_accept,-1,1045
87032,1740790.000,wola_accept,8,1047
87032,1740790.000,y_accept,-1,1046
87034,1740830.000,wola_accept,8,1048
87034,1740830.000,y_accept,-1,1047
87036,1740870.000,wola_accept,8,1049
87036,1740870.000,y_accept,-1,1048
87038,1740910.000,wola_accept,8,1050
87038,1740910.000,y_accept,-1,1049
87040,1740950.000,wola_accept,8,1051
87040,1740950.000,y_accept,-1,1050
87042,1740990.000,wola_accept,8,1052
87042,1740990.000,y_accept,-1,1051
87044,1741030.000,wola_accept,8,1053
87044,1741030.000,y_accept,-1,1052
87046,1741070.000,wola_accept,8,1054
87046,1741070.000,y_accept,-1,1053
87048,1741110.000,wola_accept,8,1055
87048,1741110.000,y_accept,-1,1054
87050,1741150.000,wola_accept,8,1056
87050,1741150.000,y_accept,-1,1055
87052,1741190.000,wola_accept,8,1057
87052,1741190.000,y_accept,-1,1056
87054,1741230.000,wola_accept,8,1058
87054,1741230.000,y_accept,-1,1057
87056,1741270.000,wola_accept,8,1059
87056,1741270.000,y_accept,-1,1058
87058,1741310.000,wola_accept,8,1060
87058,1741310.000,y_accept,-1,1059
87060,1741350.000,wola_accept,8,1061
87060,1741350.000,y_accept,-1,1060
87062,1741390.000,wola_accept,8,1062
87062,1741390.000,y_accept,-1,1061
87064,1741430.000,wola_accept,8,1063
87064,1741430.000,y_accept,-1,1062
87066,1741470.000,wola_accept,8,1064
87066,1741470.000,y_accept,-1,1063
87068,1741510.000,wola_accept,8,1065
87068,1741510.000,y_accept,-1,1064
87070,1741550.000,wola_accept,8,1066
87070,1741550.000,y_accept,-1,1065
87072,1741590.000,wola_accept,8,1067
87072,1741590.000,y_accept,-1,1066
87074,1741630.000,wola_accept,8,1068
87074,1741630.000,y_accept,-1,1067
87076,1741670.000,wola_accept,8,1069
87076,1741670.000,y_accept,-1,1068
87078,1741710.000,wola_accept,8,1070
87078,1741710.000,y_accept,-1,1069
87080,1741750.000,wola_accept,8,1071
87080,1741750.000,y_accept,-1,1070
87082,1741790.000,wola_accept,8,1072
87082,1741790.000,y_accept,-1,1071
87084,1741830.000,wola_accept,8,1073
87084,1741830.000,y_accept,-1,1072
87086,1741870.000,wola_accept,8,1074
87086,1741870.000,y_accept,-1,1073
87088,1741910.000,wola_accept,8,1075
87088,1741910.000,y_accept,-1,1074
87090,1741950.000,wola_accept,8,1076
87090,1741950.000,y_accept,-1,1075
87092,1741990.000,wola_accept,8,1077
87092,1741990.000,y_accept,-1,1076
87094,1742030.000,wola_accept,8,1078
87094,1742030.000,y_accept,-1,1077
87096,1742070.000,wola_accept,8,1079
87096,1742070.000,y_accept,-1,1078
87098,1742110.000,wola_accept,8,1080
87098,1742110.000,y_accept,-1,1079
87100,1742150.000,wola_accept,8,1081
87100,1742150.000,y_accept,-1,1080
87102,1742190.000,wola_accept,8,1082
87102,1742190.000,y_accept,-1,1081
87104,1742230.000,wola_accept,8,1083
87104,1742230.000,y_accept,-1,1082
87106,1742270.000,wola_accept,8,1084
87106,1742270.000,y_accept,-1,1083
87108,1742310.000,wola_accept,8,1085
87108,1742310.000,y_accept,-1,1084
87110,1742350.000,wola_accept,8,1086
87110,1742350.000,y_accept,-1,1085
87112,1742390.000,wola_accept,8,1087
87112,1742390.000,y_accept,-1,1086
87114,1742430.000,wola_accept,8,1088
87114,1742430.000,y_accept,-1,1087
87116,1742470.000,wola_accept,8,1089
87116,1742470.000,y_accept,-1,1088
87118,1742510.000,wola_accept,8,1090
87118,1742510.000,y_accept,-1,1089
87120,1742550.000,wola_accept,8,1091
87120,1742550.000,y_accept,-1,1090
87122,1742590.000,wola_accept,8,1092
87122,1742590.000,y_accept,-1,1091
87124,1742630.000,wola_accept,8,1093
87124,1742630.000,y_accept,-1,1092
87126,1742670.000,wola_accept,8,1094
87126,1742670.000,y_accept,-1,1093
87128,1742710.000,wola_accept,8,1095
87128,1742710.000,y_accept,-1,1094
87130,1742750.000,wola_accept,8,1096
87130,1742750.000,y_accept,-1,1095
87132,1742790.000,wola_accept,8,1097
87132,1742790.000,y_accept,-1,1096
87134,1742830.000,wola_accept,8,1098
87134,1742830.000,y_accept,-1,1097
87136,1742870.000,wola_accept,8,1099
87136,1742870.000,y_accept,-1,1098
87138,1742910.000,wola_accept,8,1100
87138,1742910.000,y_accept,-1,1099
87140,1742950.000,wola_accept,8,1101
87140,1742950.000,y_accept,-1,1100
87142,1742990.000,wola_accept,8,1102
87142,1742990.000,y_accept,-1,1101
87144,1743030.000,wola_accept,8,1103
87144,1743030.000,y_accept,-1,1102
87146,1743070.000,wola_accept,8,1104
87146,1743070.000,y_accept,-1,1103
87148,1743110.000,wola_accept,8,1105
87148,1743110.000,y_accept,-1,1104
87150,1743150.000,wola_accept,8,1106
87150,1743150.000,y_accept,-1,1105
87152,1743190.000,wola_accept,8,1107
87152,1743190.000,y_accept,-1,1106
87154,1743230.000,wola_accept,8,1108
87154,1743230.000,y_accept,-1,1107
87156,1743270.000,wola_accept,8,1109
87156,1743270.000,y_accept,-1,1108
87158,1743310.000,wola_accept,8,1110
87158,1743310.000,y_accept,-1,1109
87160,1743350.000,wola_accept,8,1111
87160,1743350.000,y_accept,-1,1110
87162,1743390.000,wola_accept,8,1112
87162,1743390.000,y_accept,-1,1111
87164,1743430.000,wola_accept,8,1113
87164,1743430.000,y_accept,-1,1112
87166,1743470.000,wola_accept,8,1114
87166,1743470.000,y_accept,-1,1113
87168,1743510.000,wola_accept,8,1115
87168,1743510.000,y_accept,-1,1114
87170,1743550.000,wola_accept,8,1116
87170,1743550.000,y_accept,-1,1115
87172,1743590.000,wola_accept,8,1117
87172,1743590.000,y_accept,-1,1116
87174,1743630.000,wola_accept,8,1118
87174,1743630.000,y_accept,-1,1117
87176,1743670.000,wola_accept,8,1119
87176,1743670.000,y_accept,-1,1118
87178,1743710.000,wola_accept,8,1120
87178,1743710.000,y_accept,-1,1119
87180,1743750.000,wola_accept,8,1121
87180,1743750.000,y_accept,-1,1120
87182,1743790.000,wola_accept,8,1122
87182,1743790.000,y_accept,-1,1121
87184,1743830.000,wola_accept,8,1123
87184,1743830.000,y_accept,-1,1122
87186,1743870.000,wola_accept,8,1124
87186,1743870.000,y_accept,-1,1123
87188,1743910.000,wola_accept,8,1125
87188,1743910.000,y_accept,-1,1124
87190,1743950.000,wola_accept,8,1126
87190,1743950.000,y_accept,-1,1125
87192,1743990.000,wola_accept,8,1127
87192,1743990.000,y_accept,-1,1126
87194,1744030.000,wola_accept,8,1128
87194,1744030.000,y_accept,-1,1127
87196,1744070.000,wola_accept,8,1129
87196,1744070.000,y_accept,-1,1128
87198,1744110.000,wola_accept,8,1130
87198,1744110.000,y_accept,-1,1129
87200,1744150.000,wola_accept,8,1131
87200,1744150.000,y_accept,-1,1130
87202,1744190.000,wola_accept,8,1132
87202,1744190.000,y_accept,-1,1131
87204,1744230.000,wola_accept,8,1133
87204,1744230.000,y_accept,-1,1132
87206,1744270.000,wola_accept,8,1134
87206,1744270.000,y_accept,-1,1133
87208,1744310.000,wola_accept,8,1135
87208,1744310.000,y_accept,-1,1134
87210,1744350.000,wola_accept,8,1136
87210,1744350.000,y_accept,-1,1135
87212,1744390.000,wola_accept,8,1137
87212,1744390.000,y_accept,-1,1136
87214,1744430.000,wola_accept,8,1138
87214,1744430.000,y_accept,-1,1137
87216,1744470.000,wola_accept,8,1139
87216,1744470.000,y_accept,-1,1138
87218,1744510.000,wola_accept,8,1140
87218,1744510.000,y_accept,-1,1139
87220,1744550.000,wola_accept,8,1141
87220,1744550.000,y_accept,-1,1140
87222,1744590.000,wola_accept,8,1142
87222,1744590.000,y_accept,-1,1141
87224,1744630.000,wola_accept,8,1143
87224,1744630.000,y_accept,-1,1142
87226,1744670.000,wola_accept,8,1144
87226,1744670.000,y_accept,-1,1143
87228,1744710.000,wola_accept,8,1145
87228,1744710.000,y_accept,-1,1144
87230,1744750.000,wola_accept,8,1146
87230,1744750.000,y_accept,-1,1145
87232,1744790.000,wola_accept,8,1147
87232,1744790.000,y_accept,-1,1146
87234,1744830.000,wola_accept,8,1148
87234,1744830.000,y_accept,-1,1147
87236,1744870.000,wola_accept,8,1149
87236,1744870.000,y_accept,-1,1148
87238,1744910.000,wola_accept,8,1150
87238,1744910.000,y_accept,-1,1149
87240,1744950.000,wola_accept,8,1151
87240,1744950.000,y_accept,-1,1150
87242,1744990.000,y_accept,-1,1151
87752,1755190.000,source_accept,-1,1152
87754,1755230.000,source_accept,-1,1153
87754,1755230.000,wola_accept,8,1152
87756,1755270.000,source_accept,-1,1154
87756,1755270.000,wola_accept,8,1153
87756,1755270.000,y_accept,-1,1152
87758,1755310.000,source_accept,-1,1155
87758,1755310.000,wola_accept,8,1154
87758,1755310.000,y_accept,-1,1153
87760,1755350.000,source_accept,-1,1156
87760,1755350.000,wola_accept,8,1155
87760,1755350.000,y_accept,-1,1154
87762,1755390.000,source_accept,-1,1157
87762,1755390.000,wola_accept,8,1156
87762,1755390.000,y_accept,-1,1155
87764,1755430.000,source_accept,-1,1158
87764,1755430.000,wola_accept,8,1157
87764,1755430.000,y_accept,-1,1156
87766,1755470.000,source_accept,-1,1159
87766,1755470.000,wola_accept,8,1158
87766,1755470.000,y_accept,-1,1157
87768,1755510.000,source_accept,-1,1160
87768,1755510.000,wola_accept,8,1159
87768,1755510.000,y_accept,-1,1158
87770,1755550.000,source_accept,-1,1161
87770,1755550.000,wola_accept,8,1160
87770,1755550.000,y_accept,-1,1159
87772,1755590.000,source_accept,-1,1162
87772,1755590.000,wola_accept,8,1161
87772,1755590.000,y_accept,-1,1160
87774,1755630.000,source_accept,-1,1163
87774,1755630.000,wola_accept,8,1162
87774,1755630.000,y_accept,-1,1161
87776,1755670.000,source_accept,-1,1164
87776,1755670.000,wola_accept,8,1163
87776,1755670.000,y_accept,-1,1162
87778,1755710.000,source_accept,-1,1165
87778,1755710.000,wola_accept,8,1164
87778,1755710.000,y_accept,-1,1163
87780,1755750.000,source_accept,-1,1166
87780,1755750.000,wola_accept,8,1165
87780,1755750.000,y_accept,-1,1164
87782,1755790.000,source_accept,-1,1167
87782,1755790.000,wola_accept,8,1166
87782,1755790.000,y_accept,-1,1165
87784,1755830.000,source_accept,-1,1168
87784,1755830.000,wola_accept,8,1167
87784,1755830.000,y_accept,-1,1166
87786,1755870.000,source_accept,-1,1169
87786,1755870.000,wola_accept,8,1168
87786,1755870.000,y_accept,-1,1167
87788,1755910.000,source_accept,-1,1170
87788,1755910.000,wola_accept,8,1169
87788,1755910.000,y_accept,-1,1168
87790,1755950.000,source_accept,-1,1171
87790,1755950.000,wola_accept,8,1170
87790,1755950.000,y_accept,-1,1169
87792,1755990.000,source_accept,-1,1172
87792,1755990.000,wola_accept,8,1171
87792,1755990.000,y_accept,-1,1170
87794,1756030.000,source_accept,-1,1173
87794,1756030.000,wola_accept,8,1172
87794,1756030.000,y_accept,-1,1171
87796,1756070.000,source_accept,-1,1174
87796,1756070.000,wola_accept,8,1173
87796,1756070.000,y_accept,-1,1172
87798,1756110.000,source_accept,-1,1175
87798,1756110.000,wola_accept,8,1174
87798,1756110.000,y_accept,-1,1173
87800,1756150.000,source_accept,-1,1176
87800,1756150.000,wola_accept,8,1175
87800,1756150.000,y_accept,-1,1174
87802,1756190.000,source_accept,-1,1177
87802,1756190.000,wola_accept,8,1176
87802,1756190.000,y_accept,-1,1175
87804,1756230.000,source_accept,-1,1178
87804,1756230.000,wola_accept,8,1177
87804,1756230.000,y_accept,-1,1176
87806,1756270.000,source_accept,-1,1179
87806,1756270.000,wola_accept,8,1178
87806,1756270.000,y_accept,-1,1177
87808,1756310.000,source_accept,-1,1180
87808,1756310.000,wola_accept,8,1179
87808,1756310.000,y_accept,-1,1178
87810,1756350.000,source_accept,-1,1181
87810,1756350.000,wola_accept,8,1180
87810,1756350.000,y_accept,-1,1179
87812,1756390.000,source_accept,-1,1182
87812,1756390.000,wola_accept,8,1181
87812,1756390.000,y_accept,-1,1180
87814,1756430.000,source_accept,-1,1183
87814,1756430.000,wola_accept,8,1182
87814,1756430.000,y_accept,-1,1181
87816,1756470.000,source_accept,-1,1184
87816,1756470.000,wola_accept,8,1183
87816,1756470.000,y_accept,-1,1182
87818,1756510.000,source_accept,-1,1185
87818,1756510.000,wola_accept,8,1184
87818,1756510.000,y_accept,-1,1183
87820,1756550.000,source_accept,-1,1186
87820,1756550.000,wola_accept,8,1185
87820,1756550.000,y_accept,-1,1184
87822,1756590.000,source_accept,-1,1187
87822,1756590.000,wola_accept,8,1186
87822,1756590.000,y_accept,-1,1185
87824,1756630.000,source_accept,-1,1188
87824,1756630.000,wola_accept,8,1187
87824,1756630.000,y_accept,-1,1186
87826,1756670.000,source_accept,-1,1189
87826,1756670.000,wola_accept,8,1188
87826,1756670.000,y_accept,-1,1187
87828,1756710.000,source_accept,-1,1190
87828,1756710.000,wola_accept,8,1189
87828,1756710.000,y_accept,-1,1188
87830,1756750.000,source_accept,-1,1191
87830,1756750.000,wola_accept,8,1190
87830,1756750.000,y_accept,-1,1189
87832,1756790.000,source_accept,-1,1192
87832,1756790.000,wola_accept,8,1191
87832,1756790.000,y_accept,-1,1190
87834,1756830.000,source_accept,-1,1193
87834,1756830.000,wola_accept,8,1192
87834,1756830.000,y_accept,-1,1191
87836,1756870.000,source_accept,-1,1194
87836,1756870.000,wola_accept,8,1193
87836,1756870.000,y_accept,-1,1192
87838,1756910.000,source_accept,-1,1195
87838,1756910.000,wola_accept,8,1194
87838,1756910.000,y_accept,-1,1193
87840,1756950.000,source_accept,-1,1196
87840,1756950.000,wola_accept,8,1195
87840,1756950.000,y_accept,-1,1194
87842,1756990.000,source_accept,-1,1197
87842,1756990.000,wola_accept,8,1196
87842,1756990.000,y_accept,-1,1195
87844,1757030.000,source_accept,-1,1198
87844,1757030.000,wola_accept,8,1197
87844,1757030.000,y_accept,-1,1196
87846,1757070.000,source_accept,-1,1199
87846,1757070.000,wola_accept,8,1198
87846,1757070.000,y_accept,-1,1197
87848,1757110.000,source_accept,-1,1200
87848,1757110.000,wola_accept,8,1199
87848,1757110.000,y_accept,-1,1198
87850,1757150.000,source_accept,-1,1201
87850,1757150.000,wola_accept,8,1200
87850,1757150.000,y_accept,-1,1199
87852,1757190.000,source_accept,-1,1202
87852,1757190.000,wola_accept,8,1201
87852,1757190.000,y_accept,-1,1200
87854,1757230.000,source_accept,-1,1203
87854,1757230.000,wola_accept,8,1202
87854,1757230.000,y_accept,-1,1201
87856,1757270.000,source_accept,-1,1204
87856,1757270.000,wola_accept,8,1203
87856,1757270.000,y_accept,-1,1202
87858,1757310.000,source_accept,-1,1205
87858,1757310.000,wola_accept,8,1204
87858,1757310.000,y_accept,-1,1203
87860,1757350.000,source_accept,-1,1206
87860,1757350.000,wola_accept,8,1205
87860,1757350.000,y_accept,-1,1204
87862,1757390.000,source_accept,-1,1207
87862,1757390.000,wola_accept,8,1206
87862,1757390.000,y_accept,-1,1205
87864,1757430.000,source_accept,-1,1208
87864,1757430.000,wola_accept,8,1207
87864,1757430.000,y_accept,-1,1206
87866,1757470.000,source_accept,-1,1209
87866,1757470.000,wola_accept,8,1208
87866,1757470.000,y_accept,-1,1207
87868,1757510.000,source_accept,-1,1210
87868,1757510.000,wola_accept,8,1209
87868,1757510.000,y_accept,-1,1208
87870,1757550.000,source_accept,-1,1211
87870,1757550.000,wola_accept,8,1210
87870,1757550.000,y_accept,-1,1209
87872,1757590.000,source_accept,-1,1212
87872,1757590.000,wola_accept,8,1211
87872,1757590.000,y_accept,-1,1210
87874,1757630.000,source_accept,-1,1213
87874,1757630.000,wola_accept,8,1212
87874,1757630.000,y_accept,-1,1211
87876,1757670.000,source_accept,-1,1214
87876,1757670.000,wola_accept,8,1213
87876,1757670.000,y_accept,-1,1212
87878,1757710.000,source_accept,-1,1215
87878,1757710.000,wola_accept,8,1214
87878,1757710.000,y_accept,-1,1213
87880,1757750.000,source_accept,-1,1216
87880,1757750.000,wola_accept,8,1215
87880,1757750.000,y_accept,-1,1214
87882,1757790.000,source_accept,-1,1217
87882,1757790.000,wola_accept,8,1216
87882,1757790.000,y_accept,-1,1215
87884,1757830.000,source_accept,-1,1218
87884,1757830.000,wola_accept,8,1217
87884,1757830.000,y_accept,-1,1216
87886,1757870.000,source_accept,-1,1219
87886,1757870.000,wola_accept,8,1218
87886,1757870.000,y_accept,-1,1217
87888,1757910.000,source_accept,-1,1220
87888,1757910.000,wola_accept,8,1219
87888,1757910.000,y_accept,-1,1218
87890,1757950.000,source_accept,-1,1221
87890,1757950.000,wola_accept,8,1220
87890,1757950.000,y_accept,-1,1219
87892,1757990.000,source_accept,-1,1222
87892,1757990.000,wola_accept,8,1221
87892,1757990.000,y_accept,-1,1220
87894,1758030.000,source_accept,-1,1223
87894,1758030.000,wola_accept,8,1222
87894,1758030.000,y_accept,-1,1221
87896,1758070.000,source_accept,-1,1224
87896,1758070.000,wola_accept,8,1223
87896,1758070.000,y_accept,-1,1222
87898,1758110.000,source_accept,-1,1225
87898,1758110.000,wola_accept,8,1224
87898,1758110.000,y_accept,-1,1223
87900,1758150.000,source_accept,-1,1226
87900,1758150.000,wola_accept,8,1225
87900,1758150.000,y_accept,-1,1224
87902,1758190.000,source_accept,-1,1227
87902,1758190.000,wola_accept,8,1226
87902,1758190.000,y_accept,-1,1225
87904,1758230.000,source_accept,-1,1228
87904,1758230.000,wola_accept,8,1227
87904,1758230.000,y_accept,-1,1226
87906,1758270.000,source_accept,-1,1229
87906,1758270.000,wola_accept,8,1228
87906,1758270.000,y_accept,-1,1227
87908,1758310.000,source_accept,-1,1230
87908,1758310.000,wola_accept,8,1229
87908,1758310.000,y_accept,-1,1228
87910,1758350.000,source_accept,-1,1231
87910,1758350.000,wola_accept,8,1230
87910,1758350.000,y_accept,-1,1229
87912,1758390.000,source_accept,-1,1232
87912,1758390.000,wola_accept,8,1231
87912,1758390.000,y_accept,-1,1230
87914,1758430.000,source_accept,-1,1233
87914,1758430.000,wola_accept,8,1232
87914,1758430.000,y_accept,-1,1231
87916,1758470.000,source_accept,-1,1234
87916,1758470.000,wola_accept,8,1233
87916,1758470.000,y_accept,-1,1232
87918,1758510.000,source_accept,-1,1235
87918,1758510.000,wola_accept,8,1234
87918,1758510.000,y_accept,-1,1233
87920,1758550.000,source_accept,-1,1236
87920,1758550.000,wola_accept,8,1235
87920,1758550.000,y_accept,-1,1234
87922,1758590.000,source_accept,-1,1237
87922,1758590.000,wola_accept,8,1236
87922,1758590.000,y_accept,-1,1235
87924,1758630.000,source_accept,-1,1238
87924,1758630.000,wola_accept,8,1237
87924,1758630.000,y_accept,-1,1236
87926,1758670.000,source_accept,-1,1239
87926,1758670.000,wola_accept,8,1238
87926,1758670.000,y_accept,-1,1237
87928,1758710.000,source_accept,-1,1240
87928,1758710.000,wola_accept,8,1239
87928,1758710.000,y_accept,-1,1238
87930,1758750.000,source_accept,-1,1241
87930,1758750.000,wola_accept,8,1240
87930,1758750.000,y_accept,-1,1239
87932,1758790.000,source_accept,-1,1242
87932,1758790.000,wola_accept,8,1241
87932,1758790.000,y_accept,-1,1240
87934,1758830.000,source_accept,-1,1243
87934,1758830.000,wola_accept,8,1242
87934,1758830.000,y_accept,-1,1241
87936,1758870.000,source_accept,-1,1244
87936,1758870.000,wola_accept,8,1243
87936,1758870.000,y_accept,-1,1242
87938,1758910.000,source_accept,-1,1245
87938,1758910.000,wola_accept,8,1244
87938,1758910.000,y_accept,-1,1243
87940,1758950.000,source_accept,-1,1246
87940,1758950.000,wola_accept,8,1245
87940,1758950.000,y_accept,-1,1244
87942,1758990.000,source_accept,-1,1247
87942,1758990.000,wola_accept,8,1246
87942,1758990.000,y_accept,-1,1245
87944,1759030.000,source_accept,-1,1248
87944,1759030.000,wola_accept,8,1247
87944,1759030.000,y_accept,-1,1246
87946,1759070.000,source_accept,-1,1249
87946,1759070.000,wola_accept,8,1248
87946,1759070.000,y_accept,-1,1247
87948,1759110.000,source_accept,-1,1250
87948,1759110.000,wola_accept,8,1249
87948,1759110.000,y_accept,-1,1248
87950,1759150.000,source_accept,-1,1251
87950,1759150.000,wola_accept,8,1250
87950,1759150.000,y_accept,-1,1249
87952,1759190.000,source_accept,-1,1252
87952,1759190.000,wola_accept,8,1251
87952,1759190.000,y_accept,-1,1250
87954,1759230.000,source_accept,-1,1253
87954,1759230.000,wola_accept,8,1252
87954,1759230.000,y_accept,-1,1251
87956,1759270.000,source_accept,-1,1254
87956,1759270.000,wola_accept,8,1253
87956,1759270.000,y_accept,-1,1252
87958,1759310.000,source_accept,-1,1255
87958,1759310.000,wola_accept,8,1254
87958,1759310.000,y_accept,-1,1253
87960,1759350.000,source_accept,-1,1256
87960,1759350.000,wola_accept,8,1255
87960,1759350.000,y_accept,-1,1254
87962,1759390.000,source_accept,-1,1257
87962,1759390.000,wola_accept,8,1256
87962,1759390.000,y_accept,-1,1255
87964,1759430.000,source_accept,-1,1258
87964,1759430.000,wola_accept,8,1257
87964,1759430.000,y_accept,-1,1256
87966,1759470.000,source_accept,-1,1259
87966,1759470.000,wola_accept,8,1258
87966,1759470.000,y_accept,-1,1257
87968,1759510.000,source_accept,-1,1260
87968,1759510.000,wola_accept,8,1259
87968,1759510.000,y_accept,-1,1258
87970,1759550.000,source_accept,-1,1261
87970,1759550.000,wola_accept,8,1260
87970,1759550.000,y_accept,-1,1259
87972,1759590.000,source_accept,-1,1262
87972,1759590.000,wola_accept,8,1261
87972,1759590.000,y_accept,-1,1260
87974,1759630.000,source_accept,-1,1263
87974,1759630.000,wola_accept,8,1262
87974,1759630.000,y_accept,-1,1261
87976,1759670.000,source_accept,-1,1264
87976,1759670.000,wola_accept,8,1263
87976,1759670.000,y_accept,-1,1262
87978,1759710.000,source_accept,-1,1265
87978,1759710.000,wola_accept,8,1264
87978,1759710.000,y_accept,-1,1263
87980,1759750.000,source_accept,-1,1266
87980,1759750.000,wola_accept,8,1265
87980,1759750.000,y_accept,-1,1264
87982,1759790.000,source_accept,-1,1267
87982,1759790.000,wola_accept,8,1266
87982,1759790.000,y_accept,-1,1265
87984,1759830.000,source_accept,-1,1268
87984,1759830.000,wola_accept,8,1267
87984,1759830.000,y_accept,-1,1266
87986,1759870.000,source_accept,-1,1269
87986,1759870.000,wola_accept,8,1268
87986,1759870.000,y_accept,-1,1267
87988,1759910.000,source_accept,-1,1270
87988,1759910.000,wola_accept,8,1269
87988,1759910.000,y_accept,-1,1268
87990,1759950.000,source_accept,-1,1271
87990,1759950.000,wola_accept,8,1270
87990,1759950.000,y_accept,-1,1269
87992,1759990.000,source_accept,-1,1272
87992,1759990.000,wola_accept,8,1271
87992,1759990.000,y_accept,-1,1270
87994,1760030.000,source_accept,-1,1273
87994,1760030.000,wola_accept,8,1272
87994,1760030.000,y_accept,-1,1271
87996,1760070.000,source_accept,-1,1274
87996,1760070.000,wola_accept,8,1273
87996,1760070.000,y_accept,-1,1272
87998,1760110.000,source_accept,-1,1275
87998,1760110.000,wola_accept,8,1274
87998,1760110.000,y_accept,-1,1273
88000,1760150.000,source_accept,-1,1276
88000,1760150.000,wola_accept,8,1275
88000,1760150.000,y_accept,-1,1274
88002,1760190.000,source_accept,-1,1277
88002,1760190.000,wola_accept,8,1276
88002,1760190.000,y_accept,-1,1275
88004,1760230.000,source_accept,-1,1278
88004,1760230.000,wola_accept,8,1277
88004,1760230.000,y_accept,-1,1276
88006,1760270.000,source_accept,-1,1279
88006,1760270.000,wola_accept,8,1278
88006,1760270.000,y_accept,-1,1277
88008,1760310.000,source_accept,-1,1280
88008,1760310.000,wola_accept,8,1279
88008,1760310.000,y_accept,-1,1278
88010,1760350.000,source_accept,-1,1281
88010,1760350.000,wola_accept,8,1280
88010,1760350.000,y_accept,-1,1279
88012,1760390.000,source_accept,-1,1282
88012,1760390.000,wola_accept,8,1281
88012,1760390.000,y_accept,-1,1280
88014,1760430.000,source_accept,-1,1283
88014,1760430.000,wola_accept,8,1282
88014,1760430.000,y_accept,-1,1281
88016,1760470.000,source_accept,-1,1284
88016,1760470.000,wola_accept,8,1283
88016,1760470.000,y_accept,-1,1282
88018,1760510.000,source_accept,-1,1285
88018,1760510.000,wola_accept,8,1284
88018,1760510.000,y_accept,-1,1283
88020,1760550.000,source_accept,-1,1286
88020,1760550.000,wola_accept,8,1285
88020,1760550.000,y_accept,-1,1284
88022,1760590.000,source_accept,-1,1287
88022,1760590.000,wola_accept,8,1286
88022,1760590.000,y_accept,-1,1285
88024,1760630.000,source_accept,-1,1288
88024,1760630.000,wola_accept,8,1287
88024,1760630.000,y_accept,-1,1286
88026,1760670.000,source_accept,-1,1289
88026,1760670.000,wola_accept,8,1288
88026,1760670.000,y_accept,-1,1287
88028,1760710.000,source_accept,-1,1290
88028,1760710.000,wola_accept,8,1289
88028,1760710.000,y_accept,-1,1288
88030,1760750.000,source_accept,-1,1291
88030,1760750.000,wola_accept,8,1290
88030,1760750.000,y_accept,-1,1289
88032,1760790.000,source_accept,-1,1292
88032,1760790.000,wola_accept,8,1291
88032,1760790.000,y_accept,-1,1290
88034,1760830.000,source_accept,-1,1293
88034,1760830.000,wola_accept,8,1292
88034,1760830.000,y_accept,-1,1291
88036,1760870.000,source_accept,-1,1294
88036,1760870.000,wola_accept,8,1293
88036,1760870.000,y_accept,-1,1292
88038,1760910.000,source_accept,-1,1295
88038,1760910.000,wola_accept,8,1294
88038,1760910.000,y_accept,-1,1293
88040,1760950.000,source_accept,-1,1296
88040,1760950.000,wola_accept,8,1295
88040,1760950.000,y_accept,-1,1294
88042,1760990.000,source_accept,-1,1297
88042,1760990.000,wola_accept,8,1296
88042,1760990.000,y_accept,-1,1295
88044,1761030.000,source_accept,-1,1298
88044,1761030.000,wola_accept,8,1297
88044,1761030.000,y_accept,-1,1296
88046,1761070.000,source_accept,-1,1299
88046,1761070.000,wola_accept,8,1298
88046,1761070.000,y_accept,-1,1297
88048,1761110.000,source_accept,-1,1300
88048,1761110.000,wola_accept,8,1299
88048,1761110.000,y_accept,-1,1298
88050,1761150.000,source_accept,-1,1301
88050,1761150.000,wola_accept,8,1300
88050,1761150.000,y_accept,-1,1299
88052,1761190.000,source_accept,-1,1302
88052,1761190.000,wola_accept,8,1301
88052,1761190.000,y_accept,-1,1300
88054,1761230.000,source_accept,-1,1303
88054,1761230.000,wola_accept,8,1302
88054,1761230.000,y_accept,-1,1301
88056,1761270.000,source_accept,-1,1304
88056,1761270.000,wola_accept,8,1303
88056,1761270.000,y_accept,-1,1302
88058,1761310.000,source_accept,-1,1305
88058,1761310.000,wola_accept,8,1304
88058,1761310.000,y_accept,-1,1303
88060,1761350.000,source_accept,-1,1306
88060,1761350.000,wola_accept,8,1305
88060,1761350.000,y_accept,-1,1304
88062,1761390.000,source_accept,-1,1307
88062,1761390.000,wola_accept,8,1306
88062,1761390.000,y_accept,-1,1305
88064,1761430.000,source_accept,-1,1308
88064,1761430.000,wola_accept,8,1307
88064,1761430.000,y_accept,-1,1306
88066,1761470.000,source_accept,-1,1309
88066,1761470.000,wola_accept,8,1308
88066,1761470.000,y_accept,-1,1307
88068,1761510.000,source_accept,-1,1310
88068,1761510.000,wola_accept,8,1309
88068,1761510.000,y_accept,-1,1308
88070,1761550.000,source_accept,-1,1311
88070,1761550.000,wola_accept,8,1310
88070,1761550.000,y_accept,-1,1309
88072,1761590.000,source_accept,-1,1312
88072,1761590.000,wola_accept,8,1311
88072,1761590.000,y_accept,-1,1310
88074,1761630.000,source_accept,-1,1313
88074,1761630.000,wola_accept,8,1312
88074,1761630.000,y_accept,-1,1311
88076,1761670.000,source_accept,-1,1314
88076,1761670.000,wola_accept,8,1313
88076,1761670.000,y_accept,-1,1312
88078,1761710.000,source_accept,-1,1315
88078,1761710.000,wola_accept,8,1314
88078,1761710.000,y_accept,-1,1313
88080,1761750.000,source_accept,-1,1316
88080,1761750.000,wola_accept,8,1315
88080,1761750.000,y_accept,-1,1314
88082,1761790.000,source_accept,-1,1317
88082,1761790.000,wola_accept,8,1316
88082,1761790.000,y_accept,-1,1315
88084,1761830.000,source_accept,-1,1318
88084,1761830.000,wola_accept,8,1317
88084,1761830.000,y_accept,-1,1316
88086,1761870.000,source_accept,-1,1319
88086,1761870.000,wola_accept,8,1318
88086,1761870.000,y_accept,-1,1317
88088,1761910.000,source_accept,-1,1320
88088,1761910.000,wola_accept,8,1319
88088,1761910.000,y_accept,-1,1318
88090,1761950.000,source_accept,-1,1321
88090,1761950.000,wola_accept,8,1320
88090,1761950.000,y_accept,-1,1319
88092,1761990.000,source_accept,-1,1322
88092,1761990.000,wola_accept,8,1321
88092,1761990.000,y_accept,-1,1320
88094,1762030.000,source_accept,-1,1323
88094,1762030.000,wola_accept,8,1322
88094,1762030.000,y_accept,-1,1321
88096,1762070.000,source_accept,-1,1324
88096,1762070.000,wola_accept,8,1323
88096,1762070.000,y_accept,-1,1322
88098,1762110.000,source_accept,-1,1325
88098,1762110.000,wola_accept,8,1324
88098,1762110.000,y_accept,-1,1323
88100,1762150.000,source_accept,-1,1326
88100,1762150.000,wola_accept,8,1325
88100,1762150.000,y_accept,-1,1324
88102,1762190.000,source_accept,-1,1327
88102,1762190.000,wola_accept,8,1326
88102,1762190.000,y_accept,-1,1325
88104,1762230.000,source_accept,-1,1328
88104,1762230.000,wola_accept,8,1327
88104,1762230.000,y_accept,-1,1326
88106,1762270.000,source_accept,-1,1329
88106,1762270.000,wola_accept,8,1328
88106,1762270.000,y_accept,-1,1327
88108,1762310.000,source_accept,-1,1330
88108,1762310.000,wola_accept,8,1329
88108,1762310.000,y_accept,-1,1328
88110,1762350.000,source_accept,-1,1331
88110,1762350.000,wola_accept,8,1330
88110,1762350.000,y_accept,-1,1329
88112,1762390.000,source_accept,-1,1332
88112,1762390.000,wola_accept,8,1331
88112,1762390.000,y_accept,-1,1330
88114,1762430.000,source_accept,-1,1333
88114,1762430.000,wola_accept,8,1332
88114,1762430.000,y_accept,-1,1331
88116,1762470.000,source_accept,-1,1334
88116,1762470.000,wola_accept,8,1333
88116,1762470.000,y_accept,-1,1332
88118,1762510.000,source_accept,-1,1335
88118,1762510.000,wola_accept,8,1334
88118,1762510.000,y_accept,-1,1333
88120,1762550.000,source_accept,-1,1336
88120,1762550.000,wola_accept,8,1335
88120,1762550.000,y_accept,-1,1334
88122,1762590.000,source_accept,-1,1337
88122,1762590.000,wola_accept,8,1336
88122,1762590.000,y_accept,-1,1335
88124,1762630.000,source_accept,-1,1338
88124,1762630.000,wola_accept,8,1337
88124,1762630.000,y_accept,-1,1336
88126,1762670.000,source_accept,-1,1339
88126,1762670.000,wola_accept,8,1338
88126,1762670.000,y_accept,-1,1337
88128,1762710.000,source_accept,-1,1340
88128,1762710.000,wola_accept,8,1339
88128,1762710.000,y_accept,-1,1338
88130,1762750.000,source_accept,-1,1341
88130,1762750.000,wola_accept,8,1340
88130,1762750.000,y_accept,-1,1339
88132,1762790.000,source_accept,-1,1342
88132,1762790.000,wola_accept,8,1341
88132,1762790.000,y_accept,-1,1340
88134,1762830.000,source_accept,-1,1343
88134,1762830.000,wola_accept,8,1342
88134,1762830.000,y_accept,-1,1341
88136,1762870.000,source_accept,-1,1344
88136,1762870.000,wola_accept,8,1343
88136,1762870.000,y_accept,-1,1342
88138,1762910.000,source_accept,-1,1345
88138,1762910.000,wola_accept,8,1344
88138,1762910.000,y_accept,-1,1343
88140,1762950.000,source_accept,-1,1346
88140,1762950.000,wola_accept,8,1345
88140,1762950.000,y_accept,-1,1344
88142,1762990.000,source_accept,-1,1347
88142,1762990.000,wola_accept,8,1346
88142,1762990.000,y_accept,-1,1345
88144,1763030.000,source_accept,-1,1348
88144,1763030.000,wola_accept,8,1347
88144,1763030.000,y_accept,-1,1346
88146,1763070.000,source_accept,-1,1349
88146,1763070.000,wola_accept,8,1348
88146,1763070.000,y_accept,-1,1347
88148,1763110.000,source_accept,-1,1350
88148,1763110.000,wola_accept,8,1349
88148,1763110.000,y_accept,-1,1348
88150,1763150.000,source_accept,-1,1351
88150,1763150.000,wola_accept,8,1350
88150,1763150.000,y_accept,-1,1349
88152,1763190.000,source_accept,-1,1352
88152,1763190.000,wola_accept,8,1351
88152,1763190.000,y_accept,-1,1350
88154,1763230.000,source_accept,-1,1353
88154,1763230.000,wola_accept,8,1352
88154,1763230.000,y_accept,-1,1351
88156,1763270.000,source_accept,-1,1354
88156,1763270.000,wola_accept,8,1353
88156,1763270.000,y_accept,-1,1352
88158,1763310.000,source_accept,-1,1355
88158,1763310.000,wola_accept,8,1354
88158,1763310.000,y_accept,-1,1353
88160,1763350.000,source_accept,-1,1356
88160,1763350.000,wola_accept,8,1355
88160,1763350.000,y_accept,-1,1354
88162,1763390.000,source_accept,-1,1357
88162,1763390.000,wola_accept,8,1356
88162,1763390.000,y_accept,-1,1355
88164,1763430.000,source_accept,-1,1358
88164,1763430.000,wola_accept,8,1357
88164,1763430.000,y_accept,-1,1356
88166,1763470.000,source_accept,-1,1359
88166,1763470.000,wola_accept,8,1358
88166,1763470.000,y_accept,-1,1357
88168,1763510.000,source_accept,-1,1360
88168,1763510.000,wola_accept,8,1359
88168,1763510.000,y_accept,-1,1358
88170,1763550.000,source_accept,-1,1361
88170,1763550.000,wola_accept,8,1360
88170,1763550.000,y_accept,-1,1359
88172,1763590.000,source_accept,-1,1362
88172,1763590.000,wola_accept,8,1361
88172,1763590.000,y_accept,-1,1360
88174,1763630.000,source_accept,-1,1363
88174,1763630.000,wola_accept,8,1362
88174,1763630.000,y_accept,-1,1361
88176,1763670.000,source_accept,-1,1364
88176,1763670.000,wola_accept,8,1363
88176,1763670.000,y_accept,-1,1362
88178,1763710.000,source_accept,-1,1365
88178,1763710.000,wola_accept,8,1364
88178,1763710.000,y_accept,-1,1363
88180,1763750.000,source_accept,-1,1366
88180,1763750.000,wola_accept,8,1365
88180,1763750.000,y_accept,-1,1364
88182,1763790.000,source_accept,-1,1367
88182,1763790.000,wola_accept,8,1366
88182,1763790.000,y_accept,-1,1365
88184,1763830.000,source_accept,-1,1368
88184,1763830.000,wola_accept,8,1367
88184,1763830.000,y_accept,-1,1366
88186,1763870.000,source_accept,-1,1369
88186,1763870.000,wola_accept,8,1368
88186,1763870.000,y_accept,-1,1367
88188,1763910.000,source_accept,-1,1370
88188,1763910.000,wola_accept,8,1369
88188,1763910.000,y_accept,-1,1368
88190,1763950.000,source_accept,-1,1371
88190,1763950.000,wola_accept,8,1370
88190,1763950.000,y_accept,-1,1369
88192,1763990.000,source_accept,-1,1372
88192,1763990.000,wola_accept,8,1371
88192,1763990.000,y_accept,-1,1370
88194,1764030.000,source_accept,-1,1373
88194,1764030.000,wola_accept,8,1372
88194,1764030.000,y_accept,-1,1371
88196,1764070.000,source_accept,-1,1374
88196,1764070.000,wola_accept,8,1373
88196,1764070.000,y_accept,-1,1372
88198,1764110.000,source_accept,-1,1375
88198,1764110.000,wola_accept,8,1374
88198,1764110.000,y_accept,-1,1373
88200,1764150.000,source_accept,-1,1376
88200,1764150.000,wola_accept,8,1375
88200,1764150.000,y_accept,-1,1374
88202,1764190.000,source_accept,-1,1377
88202,1764190.000,wola_accept,8,1376
88202,1764190.000,y_accept,-1,1375
88204,1764230.000,source_accept,-1,1378
88204,1764230.000,wola_accept,8,1377
88204,1764230.000,y_accept,-1,1376
88206,1764270.000,source_accept,-1,1379
88206,1764270.000,wola_accept,8,1378
88206,1764270.000,y_accept,-1,1377
88208,1764310.000,source_accept,-1,1380
88208,1764310.000,wola_accept,8,1379
88208,1764310.000,y_accept,-1,1378
88210,1764350.000,source_accept,-1,1381
88210,1764350.000,wola_accept,8,1380
88210,1764350.000,y_accept,-1,1379
88212,1764390.000,source_accept,-1,1382
88212,1764390.000,wola_accept,8,1381
88212,1764390.000,y_accept,-1,1380
88214,1764430.000,source_accept,-1,1383
88214,1764430.000,wola_accept,8,1382
88214,1764430.000,y_accept,-1,1381
88216,1764470.000,source_accept,-1,1384
88216,1764470.000,wola_accept,8,1383
88216,1764470.000,y_accept,-1,1382
88218,1764510.000,source_accept,-1,1385
88218,1764510.000,wola_accept,8,1384
88218,1764510.000,y_accept,-1,1383
88220,1764550.000,source_accept,-1,1386
88220,1764550.000,wola_accept,8,1385
88220,1764550.000,y_accept,-1,1384
88222,1764590.000,source_accept,-1,1387
88222,1764590.000,wola_accept,8,1386
88222,1764590.000,y_accept,-1,1385
88224,1764630.000,source_accept,-1,1388
88224,1764630.000,wola_accept,8,1387
88224,1764630.000,y_accept,-1,1386
88226,1764670.000,source_accept,-1,1389
88226,1764670.000,wola_accept,8,1388
88226,1764670.000,y_accept,-1,1387
88228,1764710.000,source_accept,-1,1390
88228,1764710.000,wola_accept,8,1389
88228,1764710.000,y_accept,-1,1388
88230,1764750.000,source_accept,-1,1391
88230,1764750.000,wola_accept,8,1390
88230,1764750.000,y_accept,-1,1389
88232,1764790.000,source_accept,-1,1392
88232,1764790.000,wola_accept,8,1391
88232,1764790.000,y_accept,-1,1390
88234,1764830.000,source_accept,-1,1393
88234,1764830.000,wola_accept,8,1392
88234,1764830.000,y_accept,-1,1391
88236,1764870.000,source_accept,-1,1394
88236,1764870.000,wola_accept,8,1393
88236,1764870.000,y_accept,-1,1392
88238,1764910.000,source_accept,-1,1395
88238,1764910.000,wola_accept,8,1394
88238,1764910.000,y_accept,-1,1393
88240,1764950.000,source_accept,-1,1396
88240,1764950.000,wola_accept,8,1395
88240,1764950.000,y_accept,-1,1394
88242,1764990.000,source_accept,-1,1397
88242,1764990.000,wola_accept,8,1396
88242,1764990.000,y_accept,-1,1395
88244,1765030.000,source_accept,-1,1398
88244,1765030.000,wola_accept,8,1397
88244,1765030.000,y_accept,-1,1396
88246,1765070.000,source_accept,-1,1399
88246,1765070.000,wola_accept,8,1398
88246,1765070.000,y_accept,-1,1397
88248,1765110.000,source_accept,-1,1400
88248,1765110.000,wola_accept,8,1399
88248,1765110.000,y_accept,-1,1398
88250,1765150.000,source_accept,-1,1401
88250,1765150.000,wola_accept,8,1400
88250,1765150.000,y_accept,-1,1399
88252,1765190.000,source_accept,-1,1402
88252,1765190.000,wola_accept,8,1401
88252,1765190.000,y_accept,-1,1400
88254,1765230.000,source_accept,-1,1403
88254,1765230.000,wola_accept,8,1402
88254,1765230.000,y_accept,-1,1401
88256,1765270.000,source_accept,-1,1404
88256,1765270.000,wola_accept,8,1403
88256,1765270.000,y_accept,-1,1402
88258,1765310.000,source_accept,-1,1405
88258,1765310.000,wola_accept,8,1404
88258,1765310.000,y_accept,-1,1403
88260,1765350.000,source_accept,-1,1406
88260,1765350.000,wola_accept,8,1405
88260,1765350.000,y_accept,-1,1404
88262,1765390.000,source_accept,-1,1407
88262,1765390.000,wola_accept,8,1406
88262,1765390.000,y_accept,-1,1405
88264,1765430.000,source_accept,-1,1408
88264,1765430.000,wola_accept,8,1407
88264,1765430.000,y_accept,-1,1406
88266,1765470.000,source_accept,-1,1409
88266,1765470.000,wola_accept,8,1408
88266,1765470.000,y_accept,-1,1407
88268,1765510.000,source_accept,-1,1410
88268,1765510.000,wola_accept,8,1409
88268,1765510.000,y_accept,-1,1408
88270,1765550.000,source_accept,-1,1411
88270,1765550.000,wola_accept,8,1410
88270,1765550.000,y_accept,-1,1409
88272,1765590.000,source_accept,-1,1412
88272,1765590.000,wola_accept,8,1411
88272,1765590.000,y_accept,-1,1410
88274,1765630.000,source_accept,-1,1413
88274,1765630.000,wola_accept,8,1412
88274,1765630.000,y_accept,-1,1411
88276,1765670.000,source_accept,-1,1414
88276,1765670.000,wola_accept,8,1413
88276,1765670.000,y_accept,-1,1412
88278,1765710.000,source_accept,-1,1415
88278,1765710.000,wola_accept,8,1414
88278,1765710.000,y_accept,-1,1413
88280,1765750.000,source_accept,-1,1416
88280,1765750.000,wola_accept,8,1415
88280,1765750.000,y_accept,-1,1414
88282,1765790.000,source_accept,-1,1417
88282,1765790.000,wola_accept,8,1416
88282,1765790.000,y_accept,-1,1415
88284,1765830.000,source_accept,-1,1418
88284,1765830.000,wola_accept,8,1417
88284,1765830.000,y_accept,-1,1416
88286,1765870.000,source_accept,-1,1419
88286,1765870.000,wola_accept,8,1418
88286,1765870.000,y_accept,-1,1417
88288,1765910.000,source_accept,-1,1420
88288,1765910.000,wola_accept,8,1419
88288,1765910.000,y_accept,-1,1418
88290,1765950.000,source_accept,-1,1421
88290,1765950.000,wola_accept,8,1420
88290,1765950.000,y_accept,-1,1419
88292,1765990.000,source_accept,-1,1422
88292,1765990.000,wola_accept,8,1421
88292,1765990.000,y_accept,-1,1420
88294,1766030.000,source_accept,-1,1423
88294,1766030.000,wola_accept,8,1422
88294,1766030.000,y_accept,-1,1421
88296,1766070.000,source_accept,-1,1424
88296,1766070.000,wola_accept,8,1423
88296,1766070.000,y_accept,-1,1422
88298,1766110.000,source_accept,-1,1425
88298,1766110.000,wola_accept,8,1424
88298,1766110.000,y_accept,-1,1423
88300,1766150.000,source_accept,-1,1426
88300,1766150.000,wola_accept,8,1425
88300,1766150.000,y_accept,-1,1424
88302,1766190.000,source_accept,-1,1427
88302,1766190.000,wola_accept,8,1426
88302,1766190.000,y_accept,-1,1425
88304,1766230.000,source_accept,-1,1428
88304,1766230.000,wola_accept,8,1427
88304,1766230.000,y_accept,-1,1426
88306,1766270.000,source_accept,-1,1429
88306,1766270.000,wola_accept,8,1428
88306,1766270.000,y_accept,-1,1427
88308,1766310.000,source_accept,-1,1430
88308,1766310.000,wola_accept,8,1429
88308,1766310.000,y_accept,-1,1428
88310,1766350.000,source_accept,-1,1431
88310,1766350.000,wola_accept,8,1430
88310,1766350.000,y_accept,-1,1429
88312,1766390.000,source_accept,-1,1432
88312,1766390.000,wola_accept,8,1431
88312,1766390.000,y_accept,-1,1430
88314,1766430.000,source_accept,-1,1433
88314,1766430.000,wola_accept,8,1432
88314,1766430.000,y_accept,-1,1431
88316,1766470.000,source_accept,-1,1434
88316,1766470.000,wola_accept,8,1433
88316,1766470.000,y_accept,-1,1432
88318,1766510.000,source_accept,-1,1435
88318,1766510.000,wola_accept,8,1434
88318,1766510.000,y_accept,-1,1433
88320,1766550.000,source_accept,-1,1436
88320,1766550.000,wola_accept,8,1435
88320,1766550.000,y_accept,-1,1434
88322,1766590.000,source_accept,-1,1437
88322,1766590.000,wola_accept,8,1436
88322,1766590.000,y_accept,-1,1435
88324,1766630.000,source_accept,-1,1438
88324,1766630.000,wola_accept,8,1437
88324,1766630.000,y_accept,-1,1436
88326,1766670.000,source_accept,-1,1439
88326,1766670.000,wola_accept,8,1438
88326,1766670.000,y_accept,-1,1437
88328,1766710.000,source_accept,-1,1440
88328,1766710.000,wola_accept,8,1439
88328,1766710.000,y_accept,-1,1438
88330,1766750.000,source_accept,-1,1441
88330,1766750.000,wola_accept,8,1440
88330,1766750.000,y_accept,-1,1439
88332,1766790.000,source_accept,-1,1442
88332,1766790.000,wola_accept,8,1441
88332,1766790.000,y_accept,-1,1440
88334,1766830.000,source_accept,-1,1443
88334,1766830.000,wola_accept,8,1442
88334,1766830.000,y_accept,-1,1441
88336,1766870.000,source_accept,-1,1444
88336,1766870.000,wola_accept,8,1443
88336,1766870.000,y_accept,-1,1442
88338,1766910.000,source_accept,-1,1445
88338,1766910.000,wola_accept,8,1444
88338,1766910.000,y_accept,-1,1443
88340,1766950.000,source_accept,-1,1446
88340,1766950.000,wola_accept,8,1445
88340,1766950.000,y_accept,-1,1444
88342,1766990.000,source_accept,-1,1447
88342,1766990.000,wola_accept,8,1446
88342,1766990.000,y_accept,-1,1445
88344,1767030.000,source_accept,-1,1448
88344,1767030.000,wola_accept,8,1447
88344,1767030.000,y_accept,-1,1446
88346,1767070.000,source_accept,-1,1449
88346,1767070.000,wola_accept,8,1448
88346,1767070.000,y_accept,-1,1447
88348,1767110.000,source_accept,-1,1450
88348,1767110.000,wola_accept,8,1449
88348,1767110.000,y_accept,-1,1448
88350,1767150.000,source_accept,-1,1451
88350,1767150.000,wola_accept,8,1450
88350,1767150.000,y_accept,-1,1449
88352,1767190.000,source_accept,-1,1452
88352,1767190.000,wola_accept,8,1451
88352,1767190.000,y_accept,-1,1450
88354,1767230.000,source_accept,-1,1453
88354,1767230.000,wola_accept,8,1452
88354,1767230.000,y_accept,-1,1451
88356,1767270.000,source_accept,-1,1454
88356,1767270.000,wola_accept,8,1453
88356,1767270.000,y_accept,-1,1452
88358,1767310.000,source_accept,-1,1455
88358,1767310.000,wola_accept,8,1454
88358,1767310.000,y_accept,-1,1453
88360,1767350.000,source_accept,-1,1456
88360,1767350.000,wola_accept,8,1455
88360,1767350.000,y_accept,-1,1454
88362,1767390.000,source_accept,-1,1457
88362,1767390.000,wola_accept,8,1456
88362,1767390.000,y_accept,-1,1455
88364,1767430.000,source_accept,-1,1458
88364,1767430.000,wola_accept,8,1457
88364,1767430.000,y_accept,-1,1456
88366,1767470.000,source_accept,-1,1459
88366,1767470.000,wola_accept,8,1458
88366,1767470.000,y_accept,-1,1457
88368,1767510.000,source_accept,-1,1460
88368,1767510.000,wola_accept,8,1459
88368,1767510.000,y_accept,-1,1458
88370,1767550.000,source_accept,-1,1461
88370,1767550.000,wola_accept,8,1460
88370,1767550.000,y_accept,-1,1459
88372,1767590.000,source_accept,-1,1462
88372,1767590.000,wola_accept,8,1461
88372,1767590.000,y_accept,-1,1460
88374,1767630.000,source_accept,-1,1463
88374,1767630.000,wola_accept,8,1462
88374,1767630.000,y_accept,-1,1461
88376,1767670.000,source_accept,-1,1464
88376,1767670.000,wola_accept,8,1463
88376,1767670.000,y_accept,-1,1462
88378,1767710.000,source_accept,-1,1465
88378,1767710.000,wola_accept,8,1464
88378,1767710.000,y_accept,-1,1463
88380,1767750.000,source_accept,-1,1466
88380,1767750.000,wola_accept,8,1465
88380,1767750.000,y_accept,-1,1464
88382,1767790.000,source_accept,-1,1467
88382,1767790.000,wola_accept,8,1466
88382,1767790.000,y_accept,-1,1465
88384,1767830.000,source_accept,-1,1468
88384,1767830.000,wola_accept,8,1467
88384,1767830.000,y_accept,-1,1466
88386,1767870.000,source_accept,-1,1469
88386,1767870.000,wola_accept,8,1468
88386,1767870.000,y_accept,-1,1467
88388,1767910.000,source_accept,-1,1470
88388,1767910.000,wola_accept,8,1469
88388,1767910.000,y_accept,-1,1468
88390,1767950.000,source_accept,-1,1471
88390,1767950.000,wola_accept,8,1470
88390,1767950.000,y_accept,-1,1469
88392,1767990.000,source_accept,-1,1472
88392,1767990.000,wola_accept,8,1471
88392,1767990.000,y_accept,-1,1470
88394,1768030.000,source_accept,-1,1473
88394,1768030.000,wola_accept,8,1472
88394,1768030.000,y_accept,-1,1471
88396,1768070.000,source_accept,-1,1474
88396,1768070.000,wola_accept,8,1473
88396,1768070.000,y_accept,-1,1472
88398,1768110.000,source_accept,-1,1475
88398,1768110.000,wola_accept,8,1474
88398,1768110.000,y_accept,-1,1473
88400,1768150.000,source_accept,-1,1476
88400,1768150.000,wola_accept,8,1475
88400,1768150.000,y_accept,-1,1474
88402,1768190.000,source_accept,-1,1477
88402,1768190.000,wola_accept,8,1476
88402,1768190.000,y_accept,-1,1475
88404,1768230.000,source_accept,-1,1478
88404,1768230.000,wola_accept,8,1477
88404,1768230.000,y_accept,-1,1476
88406,1768270.000,source_accept,-1,1479
88406,1768270.000,wola_accept,8,1478
88406,1768270.000,y_accept,-1,1477
88408,1768310.000,source_accept,-1,1480
88408,1768310.000,wola_accept,8,1479
88408,1768310.000,y_accept,-1,1478
88410,1768350.000,source_accept,-1,1481
88410,1768350.000,wola_accept,8,1480
88410,1768350.000,y_accept,-1,1479
88412,1768390.000,source_accept,-1,1482
88412,1768390.000,wola_accept,8,1481
88412,1768390.000,y_accept,-1,1480
88414,1768430.000,source_accept,-1,1483
88414,1768430.000,wola_accept,8,1482
88414,1768430.000,y_accept,-1,1481
88416,1768470.000,source_accept,-1,1484
88416,1768470.000,wola_accept,8,1483
88416,1768470.000,y_accept,-1,1482
88418,1768510.000,source_accept,-1,1485
88418,1768510.000,wola_accept,8,1484
88418,1768510.000,y_accept,-1,1483
88420,1768550.000,source_accept,-1,1486
88420,1768550.000,wola_accept,8,1485
88420,1768550.000,y_accept,-1,1484
88422,1768590.000,source_accept,-1,1487
88422,1768590.000,wola_accept,8,1486
88422,1768590.000,y_accept,-1,1485
88424,1768630.000,source_accept,-1,1488
88424,1768630.000,wola_accept,8,1487
88424,1768630.000,y_accept,-1,1486
88426,1768670.000,source_accept,-1,1489
88426,1768670.000,wola_accept,8,1488
88426,1768670.000,y_accept,-1,1487
88428,1768710.000,source_accept,-1,1490
88428,1768710.000,wola_accept,8,1489
88428,1768710.000,y_accept,-1,1488
88430,1768750.000,source_accept,-1,1491
88430,1768750.000,wola_accept,8,1490
88430,1768750.000,y_accept,-1,1489
88432,1768790.000,source_accept,-1,1492
88432,1768790.000,wola_accept,8,1491
88432,1768790.000,y_accept,-1,1490
88434,1768830.000,source_accept,-1,1493
88434,1768830.000,wola_accept,8,1492
88434,1768830.000,y_accept,-1,1491
88436,1768870.000,source_accept,-1,1494
88436,1768870.000,wola_accept,8,1493
88436,1768870.000,y_accept,-1,1492
88438,1768910.000,source_accept,-1,1495
88438,1768910.000,wola_accept,8,1494
88438,1768910.000,y_accept,-1,1493
88440,1768950.000,source_accept,-1,1496
88440,1768950.000,wola_accept,8,1495
88440,1768950.000,y_accept,-1,1494
88442,1768990.000,source_accept,-1,1497
88442,1768990.000,wola_accept,8,1496
88442,1768990.000,y_accept,-1,1495
88444,1769030.000,source_accept,-1,1498
88444,1769030.000,wola_accept,8,1497
88444,1769030.000,y_accept,-1,1496
88446,1769070.000,source_accept,-1,1499
88446,1769070.000,wola_accept,8,1498
88446,1769070.000,y_accept,-1,1497
88448,1769110.000,source_accept,-1,1500
88448,1769110.000,wola_accept,8,1499
88448,1769110.000,y_accept,-1,1498
88450,1769150.000,source_accept,-1,1501
88450,1769150.000,wola_accept,8,1500
88450,1769150.000,y_accept,-1,1499
88452,1769190.000,source_accept,-1,1502
88452,1769190.000,wola_accept,8,1501
88452,1769190.000,y_accept,-1,1500
88454,1769230.000,source_accept,-1,1503
88454,1769230.000,wola_accept,8,1502
88454,1769230.000,y_accept,-1,1501
88456,1769270.000,source_accept,-1,1504
88456,1769270.000,wola_accept,8,1503
88456,1769270.000,y_accept,-1,1502
88458,1769310.000,source_accept,-1,1505
88458,1769310.000,wola_accept,8,1504
88458,1769310.000,y_accept,-1,1503
88460,1769350.000,source_accept,-1,1506
88460,1769350.000,wola_accept,8,1505
88460,1769350.000,y_accept,-1,1504
88462,1769390.000,source_accept,-1,1507
88462,1769390.000,wola_accept,8,1506
88462,1769390.000,y_accept,-1,1505
88464,1769430.000,source_accept,-1,1508
88464,1769430.000,wola_accept,8,1507
88464,1769430.000,y_accept,-1,1506
88466,1769470.000,source_accept,-1,1509
88466,1769470.000,wola_accept,8,1508
88466,1769470.000,y_accept,-1,1507
88468,1769510.000,source_accept,-1,1510
88468,1769510.000,wola_accept,8,1509
88468,1769510.000,y_accept,-1,1508
88470,1769550.000,source_accept,-1,1511
88470,1769550.000,wola_accept,8,1510
88470,1769550.000,y_accept,-1,1509
88472,1769590.000,source_accept,-1,1512
88472,1769590.000,wola_accept,8,1511
88472,1769590.000,y_accept,-1,1510
88474,1769630.000,source_accept,-1,1513
88474,1769630.000,wola_accept,8,1512
88474,1769630.000,y_accept,-1,1511
88476,1769670.000,source_accept,-1,1514
88476,1769670.000,wola_accept,8,1513
88476,1769670.000,y_accept,-1,1512
88478,1769710.000,source_accept,-1,1515
88478,1769710.000,wola_accept,8,1514
88478,1769710.000,y_accept,-1,1513
88480,1769750.000,source_accept,-1,1516
88480,1769750.000,wola_accept,8,1515
88480,1769750.000,y_accept,-1,1514
88482,1769790.000,source_accept,-1,1517
88482,1769790.000,wola_accept,8,1516
88482,1769790.000,y_accept,-1,1515
88484,1769830.000,source_accept,-1,1518
88484,1769830.000,wola_accept,8,1517
88484,1769830.000,y_accept,-1,1516
88486,1769870.000,source_accept,-1,1519
88486,1769870.000,wola_accept,8,1518
88486,1769870.000,y_accept,-1,1517
88488,1769910.000,source_accept,-1,1520
88488,1769910.000,wola_accept,8,1519
88488,1769910.000,y_accept,-1,1518
88490,1769950.000,source_accept,-1,1521
88490,1769950.000,wola_accept,8,1520
88490,1769950.000,y_accept,-1,1519
88492,1769990.000,source_accept,-1,1522
88492,1769990.000,wola_accept,8,1521
88492,1769990.000,y_accept,-1,1520
88494,1770030.000,source_accept,-1,1523
88494,1770030.000,wola_accept,8,1522
88494,1770030.000,y_accept,-1,1521
88496,1770070.000,source_accept,-1,1524
88496,1770070.000,wola_accept,8,1523
88496,1770070.000,y_accept,-1,1522
88498,1770110.000,source_accept,-1,1525
88498,1770110.000,wola_accept,8,1524
88498,1770110.000,y_accept,-1,1523
88500,1770150.000,source_accept,-1,1526
88500,1770150.000,wola_accept,8,1525
88500,1770150.000,y_accept,-1,1524
88502,1770190.000,source_accept,-1,1527
88502,1770190.000,wola_accept,8,1526
88502,1770190.000,y_accept,-1,1525
88504,1770230.000,source_accept,-1,1528
88504,1770230.000,wola_accept,8,1527
88504,1770230.000,y_accept,-1,1526
88506,1770270.000,source_accept,-1,1529
88506,1770270.000,wola_accept,8,1528
88506,1770270.000,y_accept,-1,1527
88508,1770310.000,source_accept,-1,1530
88508,1770310.000,wola_accept,8,1529
88508,1770310.000,y_accept,-1,1528
88510,1770350.000,source_accept,-1,1531
88510,1770350.000,wola_accept,8,1530
88510,1770350.000,y_accept,-1,1529
88512,1770390.000,source_accept,-1,1532
88512,1770390.000,wola_accept,8,1531
88512,1770390.000,y_accept,-1,1530
88514,1770430.000,source_accept,-1,1533
88514,1770430.000,wola_accept,8,1532
88514,1770430.000,y_accept,-1,1531
88516,1770470.000,source_accept,-1,1534
88516,1770470.000,wola_accept,8,1533
88516,1770470.000,y_accept,-1,1532
88518,1770510.000,source_accept,-1,1535
88518,1770510.000,wola_accept,8,1534
88518,1770510.000,y_accept,-1,1533
88520,1770550.000,wola_accept,8,1535
88520,1770550.000,y_accept,-1,1534
88522,1770590.000,y_accept,-1,1535
