signal,threshold2,frame,stage,total_butterflies,a_complex_zero,b_complex_zero,both_complex_zero,neither_complex_zero,a_re_zero,a_im_zero,b_re_zero,b_im_zero,twiddle_axis_trivial,twiddle_identity,b_zero_axis_twiddle,b_zero_nontrivial_twiddle,real_products_zero,total_real_products
measured_multitone,0,0,1,128,0,0,0,128,0,1,0,1,128,128,0,0,257,512
measured_multitone,0,0,2,128,0,0,0,128,0,2,1,1,128,64,0,0,258,512
measured_multitone,0,0,3,128,0,0,0,128,0,4,1,1,64,32,0,0,130,512
measured_multitone,0,0,4,128,0,0,0,128,0,8,1,1,32,16,0,0,66,512
measured_multitone,0,0,5,128,0,0,0,128,0,8,1,1,16,8,0,0,34,512
measured_multitone,0,0,6,128,0,0,0,128,0,8,1,1,8,4,0,0,18,512
measured_multitone,0,0,7,128,0,0,0,128,0,9,1,1,4,2,0,0,10,512
measured_multitone,0,0,8,128,0,0,0,128,0,8,1,1,2,1,0,0,6,512
measured_multitone,0,1,1,128,0,0,0,128,0,1,0,1,128,128,0,0,257,512
measured_multitone,0,1,2,128,0,0,0,128,0,2,1,1,128,64,0,0,258,512
measured_multitone,0,1,3,128,0,0,0,128,0,4,1,1,64,32,0,0,130,512
measured_multitone,0,1,4,128,0,0,0,128,0,8,1,1,32,16,0,0,66,512
measured_multitone,0,1,5,128,0,0,0,128,0,8,1,1,16,8,0,0,34,512
measured_multitone,0,1,6,128,0,0,0,128,0,8,1,1,8,4,0,0,18,512
measured_multitone,0,1,7,128,0,0,0,128,0,9,1,1,4,2,0,0,10,512
measured_multitone,0,1,8,128,0,0,0,128,0,8,1,1,2,1,0,0,6,512
measured_multitone,0,2,1,128,0,0,0,128,0,1,0,1,128,128,0,0,257,512
measured_multitone,0,2,2,128,0,0,0,128,0,2,1,1,128,64,0,0,258,512
measured_multitone,0,2,3,128,0,0,0,128,0,4,1,1,64,32,0,0,130,512
measured_multitone,0,2,4,128,0,0,0,128,0,8,1,1,32,16,0,0,66,512
measured_multitone,0,2,5,128,0,0,0,128,0,8,1,1,16,8,0,0,34,512
measured_multitone,0,2,6,128,0,0,0,128,0,8,1,1,8,4,0,0,18,512
measured_multitone,0,2,7,128,0,0,0,128,0,9,1,1,4,2,0,0,10,512
measured_multitone,0,2,8,128,0,0,0,128,0,9,1,1,2,1,0,0,6,512
measured_multitone,0,3,1,128,0,0,0,128,0,1,0,1,128,128,0,0,257,512
measured_multitone,0,3,2,128,0,0,0,128,0,2,1,1,128,64,0,0,258,512
measured_multitone,0,3,3,128,0,0,0,128,0,4,1,1,64,32,0,0,130,512
measured_multitone,0,3,4,128,0,0,0,128,0,8,1,1,32,16,0,0,66,512
measured_multitone,0,3,5,128,0,0,0,128,0,8,1,1,16,8,0,0,34,512
measured_multitone,0,3,6,128,0,0,0,128,0,8,1,1,8,4,0,0,18,512
measured_multitone,0,3,7,128,0,0,0,128,0,9,1,1,4,2,0,0,10,512
measured_multitone,0,3,8,128,0,0,0,128,0,8,1,1,2,1,0,0,6,512
measured_multitone,0,4,1,128,0,0,0,128,0,1,0,1,128,128,0,0,257,512
measured_multitone,0,4,2,128,0,0,0,128,0,2,1,1,128,64,0,0,258,512
measured_multitone,0,4,3,128,0,0,0,128,0,4,1,1,64,32,0,0,130,512
measured_multitone,0,4,4,128,0,0,0,128,0,8,1,1,32,16,0,0,66,512
measured_multitone,0,4,5,128,0,0,0,128,0,8,1,1,16,8,0,0,34,512
measured_multitone,0,4,6,128,0,0,0,128,0,8,1,1,8,4,0,0,18,512
measured_multitone,0,4,7,128,0,0,0,128,0,9,1,1,4,2,0,0,10,512
measured_multitone,0,4,8,128,0,0,0,128,0,9,1,1,2,1,0,0,6,512
measured_multitone,0,5,1,128,0,0,0,128,0,1,0,1,128,128,0,0,257,512
measured_multitone,0,5,2,128,0,0,0,128,0,2,1,1,128,64,0,0,258,512
measured_multitone,0,5,3,128,0,0,0,128,0,4,1,1,64,32,0,0,130,512
measured_multitone,0,5,4,128,0,0,0,128,0,8,1,1,32,16,0,0,66,512
measured_multitone,0,5,5,128,0,0,0,128,0,8,1,1,16,8,0,0,34,512
measured_multitone,0,5,6,128,0,0,0,128,0,8,1,1,8,4,0,0,18,512
measured_multitone,0,5,7,128,0,0,0,128,0,9,1,1,4,2,0,0,10,512
measured_multitone,0,5,8,128,0,0,0,128,0,8,1,1,2,1,0,0,6,512
measured_multitone,0,6,1,128,0,0,0,128,0,1,0,1,128,128,0,0,257,512
measured_multitone,0,6,2,128,0,0,0,128,0,2,1,1,128,64,0,0,258,512
measured_multitone,0,6,3,128,0,0,0,128,0,4,1,1,64,32,0,0,130,512
measured_multitone,0,6,4,128,0,0,0,128,0,8,1,1,32,16,0,0,66,512
measured_multitone,0,6,5,128,0,0,0,128,0,8,1,1,16,8,0,0,34,512
measured_multitone,0,6,6,128,0,0,0,128,0,8,1,1,8,4,0,0,18,512
measured_multitone,0,6,7,128,0,0,0,128,0,9,1,1,4,2,0,0,10,512
measured_multitone,0,6,8,128,0,0,0,128,0,9,1,1,2,1,0,0,6,512
measured_multitone,0,7,1,128,0,0,0,128,0,1,0,1,128,128,0,0,257,512
measured_multitone,0,7,2,128,0,0,0,128,0,2,1,1,128,64,0,0,258,512
measured_multitone,0,7,3,128,0,0,0,128,0,4,1,1,64,32,0,0,130,512
measured_multitone,0,7,4,128,0,0,0,128,0,8,1,1,32,16,0,0,66,512
measured_multitone,0,7,5,128,0,0,0,128,0,8,1,1,16,8,0,0,34,512
measured_multitone,0,7,6,128,0,0,0,128,0,8,1,1,8,4,0,0,18,512
measured_multitone,0,7,7,128,0,0,0,128,0,9,1,1,4,2,0,0,10,512
measured_multitone,0,7,8,128,0,0,0,128,0,8,1,1,2,1,0,0,6,512
measured_multitone,0,8,1,128,0,0,0,128,0,1,0,1,128,128,0,0,257,512
measured_multitone,0,8,2,128,0,0,0,128,0,2,1,1,128,64,0,0,258,512
measured_multitone,0,8,3,128,0,0,0,128,0,4,1,1,64,32,0,0,130,512
measured_multitone,0,8,4,128,0,0,0,128,0,8,1,1,32,16,0,0,66,512
measured_multitone,0,8,5,128,0,0,0,128,0,8,1,1,16,8,0,0,34,512
measured_multitone,0,8,6,128,0,0,0,128,0,8,1,1,8,4,0,0,18,512
measured_multitone,0,8,7,128,0,0,0,128,0,8,1,1,4,2,0,0,10,512
measured_multitone,0,8,8,128,0,0,0,128,0,10,1,1,2,1,0,0,6,512
measured_multitone,100000000,0,1,128,50,51,0,27,50,51,51,51,128,128,51,0,358,512
measured_multitone,100000000,0,2,128,0,0,0,128,0,2,1,1,128,64,0,0,258,512
measured_multitone,100000000,0,3,128,0,0,0,128,0,4,1,1,64,32,0,0,130,512
measured_multitone,100000000,0,4,128,0,0,0,128,0,8,1,1,32,16,0,0,66,512
measured_multitone,100000000,0,5,128,0,0,0,128,0,8,1,1,16,8,0,0,34,512
measured_multitone,100000000,0,6,128,0,0,0,128,0,8,1,1,8,4,0,0,18,512
measured_multitone,100000000,0,7,128,0,0,0,128,0,9,1,1,4,2,0,0,10,512
measured_multitone,100000000,0,8,128,0,0,0,128,0,8,1,1,2,1,0,0,6,512
measured_multitone,100000000,1,1,128,102,103,77,0,102,103,103,103,128,128,103,0,462,512
measured_multitone,100000000,1,2,128,76,78,26,0,76,78,78,78,128,64,78,0,412,512
measured_multitone,100000000,1,3,128,24,28,8,84,24,28,28,28,64,32,14,14,212,512
measured_multitone,100000000,1,4,128,8,8,0,112,8,16,9,9,32,16,2,6,94,512
measured_multitone,100000000,1,5,128,0,0,0,128,0,8,1,1,16,8,0,0,34,512
measured_multitone,100000000,1,6,128,0,0,0,128,0,8,1,1,8,4,0,0,18,512
measured_multitone,100000000,1,7,128,0,0,0,128,0,9,1,1,4,2,0,0,10,512
measured_multitone,100000000,1,8,128,0,0,0,128,0,9,1,1,2,1,0,0,6,512
measured_multitone,100000000,2,1,128,105,106,83,0,105,106,106,106,128,128,106,0,468,512
measured_multitone,100000000,2,2,128,82,84,38,0,82,84,84,84,128,64,84,0,424,512
measured_multitone,100000000,2,3,128,36,40,32,84,36,40,40,40,64,32,20,20,248,512
measured_multitone,100000000,2,4,128,32,32,0,64,32,40,33,33,32,16,8,24,178,512
measured_multitone,100000000,2,5,128,0,0,0,128,0,8,1,1,16,8,0,0,34,512
measured_multitone,100000000,2,6,128,0,0,0,128,0,8,1,1,8,4,0,0,18,512
measured_multitone,100000000,2,7,128,0,0,0,128,0,11,1,1,4,2,0,0,10,512
measured_multitone,100000000,2,8,128,0,0,0,128,0,10,1,1,2,1,0,0,6,512
measured_multitone,100000000,3,1,128,102,103,77,0,102,103,103,103,128,128,103,0,462,512
measured_multitone,100000000,3,2,128,76,78,26,0,76,78,78,78,128,64,78,0,412,512
measured_multitone,100000000,3,3,128,24,28,8,84,24,28,28,28,64,32,14,14,212,512
measured_multitone,100000000,3,4,128,8,8,0,112,8,16,9,9,32,16,2,6,94,512
measured_multitone,100000000,3,5,128,0,0,0,128,0,8,1,1,16,8,0,0,34,512
measured_multitone,100000000,3,6,128,0,0,0,128,0,8,1,1,8,4,0,0,18,512
measured_multitone,100000000,3,7,128,0,0,0,128,0,9,1,1,4,2,0,0,10,512
measured_multitone,100000000,3,8,128,0,0,0,128,0,9,1,1,2,1,0,0,6,512
measured_multitone,100000000,4,1,128,105,106,83,0,105,106,106,106,128,128,106,0,468,512
measured_multitone,100000000,4,2,128,82,84,38,0,82,84,84,84,128,64,84,0,424,512
measured_multitone,100000000,4,3,128,36,40,32,84,36,40,40,40,64,32,20,20,248,512
measured_multitone,100000000,4,4,128,32,32,0,64,32,40,33,33,32,16,8,24,178,512
measured_multitone,100000000,4,5,128,0,0,0,128,0,8,1,1,16,8,0,0,34,512
measured_multitone,100000000,4,6,128,0,0,0,128,0,8,1,1,8,4,0,0,18,512
measured_multitone,100000000,4,7,128,0,0,0,128,0,11,1,1,4,2,0,0,10,512
measured_multitone,100000000,4,8,128,0,0,0,128,0,10,1,1,2,1,0,0,6,512
measured_multitone,100000000,5,1,128,102,103,77,0,102,103,103,103,128,128,103,0,462,512
measured_multitone,100000000,5,2,128,76,78,26,0,76,78,78,78,128,64,78,0,412,512
measured_multitone,100000000,5,3,128,24,28,8,84,24,28,28,28,64,32,14,14,212,512
measured_multitone,100000000,5,4,128,8,8,0,112,8,16,9,9,32,16,2,6,94,512
measured_multitone,100000000,5,5,128,0,0,0,128,0,8,1,1,16,8,0,0,34,512
measured_multitone,100000000,5,6,128,0,0,0,128,0,8,1,1,8,4,0,0,18,512
measured_multitone,100000000,5,7,128,0,0,0,128,0,9,1,1,4,2,0,0,10,512
measured_multitone,100000000,5,8,128,0,0,0,128,0,9,1,1,2,1,0,0,6,512
measured_multitone,100000000,6,1,128,105,106,83,0,105,106,106,106,128,128,106,0,468,512
measured_multitone,100000000,6,2,128,82,84,38,0,82,84,84,84,128,64,84,0,424,512
measured_multitone,100000000,6,3,128,36,40,32,84,36,40,40,40,64,32,20,20,248,512
measured_multitone,100000000,6,4,128,32,32,0,64,32,40,33,33,32,16,8,24,178,512
measured_multitone,100000000,6,5,128,0,0,0,128,0,8,1,1,16,8,0,0,34,512
measured_multitone,100000000,6,6,128,0,0,0,128,0,8,1,1,8,4,0,0,18,512
measured_multitone,100000000,6,7,128,0,0,0,128,0,11,1,1,4,2,0,0,10,512
measured_multitone,100000000,6,8,128,0,0,0,128,0,10,1,1,2,1,0,0,6,512
measured_multitone,100000000,7,1,128,102,103,77,0,102,103,103,103,128,128,103,0,462,512
measured_multitone,100000000,7,2,128,76,78,26,0,76,78,78,78,128,64,78,0,412,512
measured_multitone,100000000,7,3,128,24,28,8,84,24,28,28,28,64,32,14,14,212,512
measured_multitone,100000000,7,4,128,8,8,0,112,8,16,9,9,32,16,2,6,94,512
measured_multitone,100000000,7,5,128,0,0,0,128,0,8,1,1,16,8,0,0,34,512
measured_multitone,100000000,7,6,128,0,0,0,128,0,8,1,1,8,4,0,0,18,512
measured_multitone,100000000,7,7,128,0,0,0,128,0,9,1,1,4,2,0,0,10,512
measured_multitone,100000000,7,8,128,0,0,0,128,0,9,1,1,2,1,0,0,6,512
measured_multitone,100000000,8,1,128,51,52,0,25,51,52,52,52,128,128,52,0,360,512
measured_multitone,100000000,8,2,128,0,0,0,128,0,2,1,1,128,64,0,0,258,512
measured_multitone,100000000,8,3,128,0,0,0,128,0,4,1,1,64,32,0,0,130,512
measured_multitone,100000000,8,4,128,0,0,0,128,0,8,1,1,32,16,0,0,66,512
measured_multitone,100000000,8,5,128,0,0,0,128,0,8,1,1,16,8,0,0,34,512
measured_multitone,100000000,8,6,128,0,0,0,128,0,8,1,1,8,4,0,0,18,512
measured_multitone,100000000,8,7,128,0,0,0,128,0,8,1,1,4,2,0,0,10,512
measured_multitone,100000000,8,8,128,0,0,0,128,0,10,1,1,2,1,0,0,6,512
measured_multitone,1000000000,0,1,128,82,83,37,0,82,83,83,83,128,128,83,0,422,512
measured_multitone,1000000000,0,2,128,36,38,0,54,36,38,38,38,128,64,38,0,332,512
measured_multitone,1000000000,0,3,128,0,0,0,128,0,4,1,1,64,32,0,0,130,512
measured_multitone,1000000000,0,4,128,0,0,0,128,0,8,1,1,32,16,0,0,66,512
measured_multitone,1000000000,0,5,128,0,0,0,128,0,8,1,1,16,8,0,0,34,512
measured_multitone,1000000000,0,6,128,0,0,0,128,0,8,1,1,8,4,0,0,18,512
measured_multitone,1000000000,0,7,128,0,0,0,128,0,9,1,1,4,2,0,0,10,512
measured_multitone,1000000000,0,8,128,0,0,0,128,0,9,1,1,2,1,0,0,6,512
measured_multitone,1000000000,1,1,128,110,111,93,0,110,111,111,111,128,128,111,0,478,512
measured_multitone,1000000000,1,2,128,92,94,58,0,92,94,94,94,128,64,94,0,444,512
measured_multitone,1000000000,1,3,128,56,60,40,52,56,60,60,60,64,32,30,30,308,512
measured_multitone,1000000000,1,4,128,40,40,0,48,40,48,41,41,32,16,10,30,206,512
measured_multitone,1000000000,1,5,128,0,0,0,128,0,8,1,1,16,8,0,0,34,512
measured_multitone,1000000000,1,6,128,0,0,0,128,0,8,1,1,8,4,0,0,18,512
measured_multitone,1000000000,1,7,128,0,0,0,128,0,8,1,1,4,2,0,0,10,512
measured_multitone,1000000000,1,8,128,0,0,0,128,0,10,1,1,2,1,0,0,6,512
measured_multitone,1000000000,2,1,128,111,112,95,0,111,112,112,112,128,128,112,0,480,512
measured_multitone,1000000000,2,2,128,94,96,62,0,94,96,96,96,128,64,96,0,448,512
measured_multitone,1000000000,2,3,128,60,64,48,52,60,64,64,64,64,32,32,32,320,512
measured_multitone,1000000000,2,4,128,48,48,0,32,48,56,49,49,32,16,12,36,234,512
measured_multitone,1000000000,2,5,128,0,0,0,128,0,8,1,1,16,8,0,0,34,512
measured_multitone,1000000000,2,6,128,0,0,0,128,0,8,1,1,8,4,0,0,18,512
measured_multitone,1000000000,2,7,128,0,0,0,128,0,11,1,1,4,2,0,0,10,512
measured_multitone,1000000000,2,8,128,0,0,0,128,0,9,1,1,2,1,0,0,6,512
measured_multitone,1000000000,3,1,128,110,111,93,0,110,111,111,111,128,128,111,0,478,512
measured_multitone,1000000000,3,2,128,92,94,58,0,92,94,94,94,128,64,94,0,444,512
measured_multitone,1000000000,3,3,128,56,60,40,52,56,60,60,60,64,32,30,30,308,512
measured_multitone,1000000000,3,4,128,40,40,0,48,40,48,41,41,32,16,10,30,206,512
measured_multitone,1000000000,3,5,128,0,0,0,128,0,8,1,1,16,8,0,0,34,512
measured_multitone,1000000000,3,6,128,0,0,0,128,0,8,1,1,8,4,0,0,18,512
measured_multitone,1000000000,3,7,128,0,0,0,128,0,8,1,1,4,2,0,0,10,512
measured_multitone,1000000000,3,8,128,0,0,0,128,0,10,1,1,2,1,0,0,6,512
measured_multitone,1000000000,4,1,128,111,112,95,0,111,112,112,112,128,128,112,0,480,512
measured_multitone,1000000000,4,2,128,94,96,62,0,94,96,96,96,128,64,96,0,448,512
measured_multitone,1000000000,4,3,128,60,64,48,52,60,64,64,64,64,32,32,32,320,512
measured_multitone,1000000000,4,4,128,48,48,0,32,48,56,49,49,32,16,12,36,234,512
measured_multitone,1000000000,4,5,128,0,0,0,128,0,8,1,1,16,8,0,0,34,512
measured_multitone,1000000000,4,6,128,0,0,0,128,0,8,1,1,8,4,0,0,18,512
measured_multitone,1000000000,4,7,128,0,0,0,128,0,11,1,1,4,2,0,0,10,512
measured_multitone,1000000000,4,8,128,0,0,0,128,0,9,1,1,2,1,0,0,6,512
measured_multitone,1000000000,5,1,128,110,111,93,0,110,111,111,111,128,128,111,0,478,512
measured_multitone,1000000000,5,2,128,92,94,58,0,92,94,94,94,128,64,94,0,444,512
measured_multitone,1000000000,5,3,128,56,60,40,52,56,60,60,60,64,32,30,30,308,512
measured_multitone,1000000000,5,4,128,40,40,0,48,40,48,41,41,32,16,10,30,206,512
measured_multitone,1000000000,5,5,128,0,0,0,128,0,8,1,1,16,8,0,0,34,512
measured_multitone,1000000000,5,6,128,0,0,0,128,0,8,1,1,8,4,0,0,18,512
measured_multitone,1000000000,5,7,128,0,0,0,128,0,8,1,1,4,2,0,0,10,512
measured_multitone,1000000000,5,8,128,0,0,0,128,0,10,1,1,2,1,0,0,6,512
measured_multitone,1000000000,6,1,128,111,112,95,0,111,112,112,112,128,128,112,0,480,512
measured_multitone,1000000000,6,2,128,94,96,62,0,94,96,96,96,128,64,96,0,448,512
measured_multitone,1000000000,6,3,128,60,64,48,52,60,64,64,64,64,32,32,32,320,512
measured_multitone,1000000000,6,4,128,48,48,0,32,48,56,49,49,32,16,12,36,234,512
measured_multitone,1000000000,6,5,128,0,0,0,128,0,8,1,1,16,8,0,0,34,512
measured_multitone,1000000000,6,6,128,0,0,0,128,0,8,1,1,8,4,0,0,18,512
measured_multitone,1000000000,6,7,128,0,0,0,128,0,11,1,1,4,2,0,0,10,512
measured_multitone,1000000000,6,8,128,0,0,0,128,0,9,1,1,2,1,0,0,6,512
measured_multitone,1000000000,7,1,128,110,111,93,0,110,111,111,111,128,128,111,0,478,512
measured_multitone,1000000000,7,2,128,92,94,58,0,92,94,94,94,128,64,94,0,444,512
measured_multitone,1000000000,7,3,128,56,60,40,52,56,60,60,60,64,32,30,30,308,512
measured_multitone,1000000000,7,4,128,40,40,0,48,40,48,41,41,32,16,10,30,206,512
measured_multitone,1000000000,7,5,128,0,0,0,128,0,8,1,1,16,8,0,0,34,512
measured_multitone,1000000000,7,6,128,0,0,0,128,0,8,1,1,8,4,0,0,18,512
measured_multitone,1000000000,7,7,128,0,0,0,128,0,8,1,1,4,2,0,0,10,512
measured_multitone,1000000000,7,8,128,0,0,0,128,0,10,1,1,2,1,0,0,6,512
measured_multitone,1000000000,8,1,128,81,82,35,0,81,82,82,82,128,128,82,0,420,512
measured_multitone,1000000000,8,2,128,34,36,0,58,34,36,36,36,128,64,36,0,328,512
measured_multitone,1000000000,8,3,128,0,0,0,128,0,4,1,1,64,32,0,0,130,512
measured_multitone,1000000000,8,4,128,0,0,0,128,0,8,1,1,32,16,0,0,66,512
measured_multitone,1000000000,8,5,128,0,0,0,128,0,8,1,1,16,8,0,0,34,512
measured_multitone,1000000000,8,6,128,0,0,0,128,0,8,1,1,8,4,0,0,18,512
measured_multitone,1000000000,8,7,128,0,0,0,128,0,9,1,1,4,2,0,0,10,512
measured_multitone,1000000000,8,8,128,0,0,0,128,0,8,1,1,2,1,0,0,6,512
measured_multitone,10000000000,0,1,128,97,98,67,0,97,98,98,98,128,128,98,0,452,512
measured_multitone,10000000000,0,2,128,66,68,6,0,66,68,68,68,128,64,68,0,392,512
measured_multitone,10000000000,0,3,128,4,8,0,116,4,8,8,8,64,32,4,4,152,512
measured_multitone,10000000000,0,4,128,0,0,0,128,0,8,1,1,32,16,0,0,66,512
measured_multitone,10000000000,0,5,128,0,0,0,128,0,8,1,1,16,8,0,0,34,512
measured_multitone,10000000000,0,6,128,0,0,0,128,0,8,1,1,8,4,0,0,18,512
measured_multitone,10000000000,0,7,128,0,0,0,128,0,9,1,1,4,2,0,0,10,512
measured_multitone,10000000000,0,8,128,0,0,0,128,0,10,1,1,2,1,0,0,6,512
measured_multitone,10000000000,1,1,128,114,115,101,0,114,115,115,115,128,128,115,0,486,512
measured_multitone,10000000000,1,2,128,100,102,74,0,100,102,102,102,128,64,102,0,460,512
measured_multitone,10000000000,1,3,128,72,76,48,28,72,76,76,76,64,32,38,38,356,512
measured_multitone,10000000000,1,4,128,48,48,0,32,48,56,49,49,32,16,12,36,234,512
measured_multitone,10000000000,1,5,128,0,0,0,128,0,8,1,1,16,8,0,0,34,512
measured_multitone,10000000000,1,6,128,0,0,0,128,0,8,1,1,8,4,0,0,18,512
measured_multitone,10000000000,1,7,128,0,0,0,128,0,10,1,1,4,2,0,0,10,512
measured_multitone,10000000000,1,8,128,0,0,0,128,0,9,1,1,2,1,0,0,6,512
measured_multitone,10000000000,2,1,128,117,118,107,0,117,118,118,118,128,128,118,0,492,512
measured_multitone,10000000000,2,2,128,106,108,86,0,106,108,108,108,128,64,108,0,472,512
measured_multitone,10000000000,2,3,128,84,88,72,28,84,88,88,88,64,32,44,44,392,512
measured_multitone,10000000000,2,4,128,72,72,32,16,72,80,73,73,32,16,18,54,318,512
measured_multitone,10000000000,2,5,128,32,32,16,80,32,40,33,33,16,8,4,28,154,512
measured_multitone,10000000000,2,6,128,0,32,0,96,0,8,32,32,8,4,2,30,140,512
measured_multitone,10000000000,2,7,128,0,0,0,128,0,16,1,1,4,2,0,0,10,512
measured_multitone,10000000000,2,8,128,0,0,0,128,0,11,1,1,2,1,0,0,6,512
measured_multitone,10000000000,3,1,128,114,115,101,0,114,115,115,115,128,128,115,0,486,512
measured_multitone,10000000000,3,2,128,100,102,74,0,100,102,102,102,128,64,102,0,460,512
measured_multitone,10000000000,3,3,128,72,76,48,28,72,76,76,76,64,32,38,38,356,512
measured_multitone,10000000000,3,4,128,48,48,0,32,48,56,49,49,32,16,12,36,234,512
measured_multitone,10000000000,3,5,128,0,0,0,128,0,8,1,1,16,8,0,0,34,512
measured_multitone,10000000000,3,6,128,0,0,0,128,0,8,1,1,8,4,0,0,18,512
measured_multitone,10000000000,3,7,128,0,0,0,128,0,10,1,1,4,2,0,0,10,512
measured_multitone,10000000000,3,8,128,0,0,0,128,0,9,1,1,2,1,0,0,6,512
measured_multitone,10000000000,4,1,128,117,118,107,0,117,118,118,118,128,128,118,0,492,512
measured_multitone,10000000000,4,2,128,106,108,86,0,106,108,108,108,128,64,108,0,472,512
measured_multitone,10000000000,4,3,128,84,88,72,28,84,88,88,88,64,32,44,44,392,512
measured_multitone,10000000000,4,4,128,72,72,32,16,72,80,73,73,32,16,18,54,318,512
measured_multitone,10000000000,4,5,128,32,32,16,80,32,40,33,33,16,8,4,28,154,512
measured_multitone,10000000000,4,6,128,0,32,0,96,0,8,32,32,8,4,2,30,140,512
measured_multitone,10000000000,4,7,128,0,0,0,128,0,16,1,1,4,2,0,0,10,512
measured_multitone,10000000000,4,8,128,0,0,0,128,0,11,1,1,2,1,0,0,6,512
measured_multitone,10000000000,5,1,128,114,115,101,0,114,115,115,115,128,128,115,0,486,512
measured_multitone,10000000000,5,2,128,100,102,74,0,100,102,102,102,128,64,102,0,460,512
measured_multitone,10000000000,5,3,128,72,76,48,28,72,76,76,76,64,32,38,38,356,512
measured_multitone,10000000000,5,4,128,48,48,0,32,48,56,49,49,32,16,12,36,234,512
measured_multitone,10000000000,5,5,128,0,0,0,128,0,8,1,1,16,8,0,0,34,512
measured_multitone,10000000000,5,6,128,0,0,0,128,0,8,1,1,8,4,0,0,18,512
measured_multitone,10000000000,5,7,128,0,0,0,128,0,10,1,1,4,2,0,0,10,512
measured_multitone,10000000000,5,8,128,0,0,0,128,0,9,1,1,2,1,0,0,6,512
measured_multitone,10000000000,6,1,128,117,118,107,0,117,118,118,118,128,128,118,0,492,512
measured_multitone,10000000000,6,2,128,106,108,86,0,106,108,108,108,128,64,108,0,472,512
measured_multitone,10000000000,6,3,128,84,88,72,28,84,88,88,88,64,32,44,44,392,512
measured_multitone,10000000000,6,4,128,72,72,32,16,72,80,73,73,32,16,18,54,318,512
measured_multitone,10000000000,6,5,128,32,32,16,80,32,40,33,33,16,8,4,28,154,512
measured_multitone,10000000000,6,6,128,0,32,0,96,0,8,32,32,8,4,2,30,140,512
measured_multitone,10000000000,6,7,128,0,0,0,128,0,16,1,1,4,2,0,0,10,512
measured_multitone,10000000000,6,8,128,0,0,0,128,0,11,1,1,2,1,0,0,6,512
measured_multitone,10000000000,7,1,128,114,115,101,0,114,115,115,115,128,128,115,0,486,512
measured_multitone,10000000000,7,2,128,100,102,74,0,100,102,102,102,128,64,102,0,460,512
measured_multitone,10000000000,7,3,128,72,76,48,28,72,76,76,76,64,32,38,38,356,512
measured_multitone,10000000000,7,4,128,48,48,0,32,48,56,49,49,32,16,12,36,234,512
measured_multitone,10000000000,7,5,128,0,0,0,128,0,8,1,1,16,8,0,0,34,512
measured_multitone,10000000000,7,6,128,0,0,0,128,0,8,1,1,8,4,0,0,18,512
measured_multitone,10000000000,7,7,128,0,0,0,128,0,10,1,1,4,2,0,0,10,512
measured_multitone,10000000000,7,8,128,0,0,0,128,0,9,1,1,2,1,0,0,6,512
measured_multitone,10000000000,8,1,128,98,99,69,0,98,99,99,99,128,128,99,0,454,512
measured_multitone,10000000000,8,2,128,68,70,10,0,68,70,70,70,128,64,70,0,396,512
measured_multitone,10000000000,8,3,128,8,12,0,108,8,12,12,12,64,32,6,6,164,512
measured_multitone,10000000000,8,4,128,0,0,0,128,0,8,1,1,32,16,0,0,66,512
measured_multitone,10000000000,8,5,128,0,0,0,128,0,8,1,1,16,8,0,0,34,512
measured_multitone,10000000000,8,6,128,0,0,0,128,0,8,1,1,8,4,0,0,18,512
measured_multitone,10000000000,8,7,128,0,0,0,128,0,8,1,1,4,2,0,0,10,512
measured_multitone,10000000000,8,8,128,0,0,0,128,0,8,1,1,2,1,0,0,6,512
measured_multitone,100000000000,0,1,128,115,116,103,0,115,116,116,116,128,128,116,0,488,512
measured_multitone,100000000000,0,2,128,102,104,78,0,102,104,104,104,128,64,104,0,464,512
measured_multitone,100000000000,0,3,128,76,80,56,28,76,80,80,80,64,32,40,40,368,512
measured_multitone,100000000000,0,4,128,56,56,0,16,56,64,57,57,32,16,14,42,262,512
measured_multitone,100000000000,0,5,128,0,0,0,128,0,8,1,1,16,8,0,0,34,512
measured_multitone,100000000000,0,6,128,0,0,0,128,0,8,1,1,8,4,0,0,18,512
measured_multitone,100000000000,0,7,128,0,0,0,128,0,8,1,1,4,2,0,0,10,512
measured_multitone,100000000000,0,8,128,0,0,0,128,0,9,1,1,2,1,0,0,6,512
measured_multitone,100000000000,1,1,128,119,120,111,0,119,120,120,120,128,128,120,0,496,512
measured_multitone,100000000000,1,2,128,110,112,94,0,110,112,112,112,128,64,112,0,480,512
measured_multitone,100000000000,1,3,128,92,96,80,20,92,96,96,96,64,32,48,48,416,512
measured_multitone,100000000000,1,4,128,80,80,48,16,80,88,81,81,32,16,20,60,346,512
measured_multitone,100000000000,1,5,128,48,48,48,80,48,56,49,49,16,8,6,42,214,512
measured_multitone,100000000000,1,6,128,32,64,0,32,32,40,64,64,8,4,4,60,264,512
measured_multitone,100000000000,1,7,128,0,0,0,128,0,16,1,1,4,2,0,0,10,512
measured_multitone,100000000000,1,8,128,0,0,0,128,0,9,1,1,2,1,0,0,6,512
measured_multitone,100000000000,2,1,128,119,120,111,0,119,120,120,120,128,128,120,0,496,512
measured_multitone,100000000000,2,2,128,110,112,94,0,110,112,112,112,128,64,112,0,480,512
measured_multitone,100000000000,2,3,128,92,96,80,20,92,96,96,96,64,32,48,48,416,512
measured_multitone,100000000000,2,4,128,80,80,48,16,80,88,81,81,32,16,20,60,346,512
measured_multitone,100000000000,2,5,128,48,48,48,80,48,56,49,49,16,8,6,42,214,512
measured_multitone,100000000000,2,6,128,32,64,0,32,32,40,64,64,8,4,4,60,264,512
measured_multitone,100000000000,2,7,128,0,0,0,128,0,16,1,1,4,2,0,0,10,512
measured_multitone,100000000000,2,8,128,0,0,0,128,0,11,1,1,2,1,0,0,6,512
measured_multitone,100000000000,3,1,128,119,120,111,0,119,120,120,120,128,128,120,0,496,512
measured_multitone,100000000000,3,2,128,110,112,94,0,110,112,112,112,128,64,112,0,480,512
measured_multitone,100000000000,3,3,128,92,96,80,20,92,96,96,96,64,32,48,48,416,512
measured_multitone,100000000000,3,4,128,80,80,48,16,80,88,81,81,32,16,20,60,346,512
measured_multitone,100000000000,3,5,128,48,48,48,80,48,56,49,49,16,8,6,42,214,512
measured_multitone,100000000000,3,6,128,32,64,0,32,32,40,64,64,8,4,4,60,264,512
measured_multitone,100000000000,3,7,128,0,0,0,128,0,16,1,1,4,2,0,0,10,512
measured_multitone,100000000000,3,8,128,0,0,0,128,0,9,1,1,2,1,0,0,6,512
measured_multitone,100000000000,4,1,128,119,120,111,0,119,120,120,120,128,128,120,0,496,512
measured_multitone,100000000000,4,2,128,110,112,94,0,110,112,112,112,128,64,112,0,480,512
measured_multitone,100000000000,4,3,128,92,96,80,20,92,96,96,96,64,32,48,48,416,512
measured_multitone,100000000000,4,4,128,80,80,48,16,80,88,81,81,32,16,20,60,346,512
measured_multitone,100000000000,4,5,128,48,48,48,80,48,56,49,49,16,8,6,42,214,512
measured_multitone,100000000000,4,6,128,32,64,0,32,32,40,64,64,8,4,4,60,264,512
measured_multitone,100000000000,4,7,128,0,0,0,128,0,16,1,1,4,2,0,0,10,512
measured_multitone,100000000000,4,8,128,0,0,0,128,0,11,1,1,2,1,0,0,6,512
measured_multitone,100000000000,5,1,128,119,120,111,0,119,120,120,120,128,128,120,0,496,512
measured_multitone,100000000000,5,2,128,110,112,94,0,110,112,112,112,128,64,112,0,480,512
measured_multitone,100000000000,5,3,128,92,96,80,20,92,96,96,96,64,32,48,48,416,512
measured_multitone,100000000000,5,4,128,80,80,48,16,80,88,81,81,32,16,20,60,346,512
measured_multitone,100000000000,5,5,128,48,48,48,80,48,56,49,49,16,8,6,42,214,512
measured_multitone,100000000000,5,6,128,32,64,0,32,32,40,64,64,8,4,4,60,264,512
measured_multitone,100000000000,5,7,128,0,0,0,128,0,16,1,1,4,2,0,0,10,512
measured_multitone,100000000000,5,8,128,0,0,0,128,0,9,1,1,2,1,0,0,6,512
measured_multitone,100000000000,6,1,128,119,120,111,0,119,120,120,120,128,128,120,0,496,512
measured_multitone,100000000000,6,2,128,110,112,94,0,110,112,112,112,128,64,112,0,480,512
measured_multitone,100000000000,6,3,128,92,96,80,20,92,96,96,96,64,32,48,48,416,512
measured_multitone,100000000000,6,4,128,80,80,48,16,80,88,81,81,32,16,20,60,346,512
measured_multitone,100000000000,6,5,128,48,48,48,80,48,56,49,49,16,8,6,42,214,512
measured_multitone,100000000000,6,6,128,32,64,0,32,32,40,64,64,8,4,4,60,264,512
measured_multitone,100000000000,6,7,128,0,0,0,128,0,16,1,1,4,2,0,0,10,512
measured_multitone,100000000000,6,8,128,0,0,0,128,0,11,1,1,2,1,0,0,6,512
measured_multitone,100000000000,7,1,128,119,120,111,0,119,120,120,120,128,128,120,0,496,512
measured_multitone,100000000000,7,2,128,110,112,94,0,110,112,112,112,128,64,112,0,480,512
measured_multitone,100000000000,7,3,128,92,96,80,20,92,96,96,96,64,32,48,48,416,512
measured_multitone,100000000000,7,4,128,80,80,48,16,80,88,81,81,32,16,20,60,346,512
measured_multitone,100000000000,7,5,128,48,48,48,80,48,56,49,49,16,8,6,42,214,512
measured_multitone,100000000000,7,6,128,32,64,0,32,32,40,64,64,8,4,4,60,264,512
measured_multitone,100000000000,7,7,128,0,0,0,128,0,16,1,1,4,2,0,0,10,512
measured_multitone,100000000000,7,8,128,0,0,0,128,0,9,1,1,2,1,0,0,6,512
measured_multitone,100000000000,8,1,128,115,116,103,0,115,116,116,116,128,128,116,0,488,512
measured_multitone,100000000000,8,2,128,102,104,78,0,102,104,104,104,128,64,104,0,464,512
measured_multitone,100000000000,8,3,128,76,80,56,28,76,80,80,80,64,32,40,40,368,512
measured_multitone,100000000000,8,4,128,56,56,0,16,56,64,57,57,32,16,14,42,262,512
measured_multitone,100000000000,8,5,128,0,0,0,128,0,8,1,1,16,8,0,0,34,512
measured_multitone,100000000000,8,6,128,0,0,0,128,0,8,1,1,8,4,0,0,18,512
measured_multitone,100000000000,8,7,128,0,0,0,128,0,8,1,1,4,2,0,0,10,512
measured_multitone,100000000000,8,8,128,0,0,0,128,0,10,1,1,2,1,0,0,6,512
measured_multitone,1000000000000,0,1,128,124,125,121,0,124,125,125,125,128,128,125,0,506,512
measured_multitone,1000000000000,0,2,128,120,122,114,0,120,122,122,122,128,64,122,0,500,512
measured_multitone,1000000000000,0,3,128,112,116,112,12,112,116,116,116,64,32,58,58,476,512
measured_multitone,1000000000000,0,4,128,112,112,104,8,112,120,113,113,32,16,28,84,458,512
measured_multitone,1000000000000,0,5,128,96,112,80,0,96,104,112,112,16,8,14,98,452,512
measured_multitone,1000000000000,0,6,128,64,96,32,0,64,80,96,96,8,4,6,90,388,512
measured_multitone,1000000000000,0,7,128,0,64,0,64,0,32,64,64,4,2,2,62,260,512
measured_multitone,1000000000000,0,8,128,0,0,0,128,0,64,1,1,2,1,0,0,6,512
measured_multitone,1000000000000,1,1,128,123,124,119,0,123,124,124,124,128,128,124,0,504,512
measured_multitone,1000000000000,1,2,128,118,120,110,0,118,120,120,120,128,64,120,0,496,512
measured_multitone,1000000000000,1,3,128,108,112,104,12,108,112,112,112,64,32,56,56,464,512
measured_multitone,1000000000000,1,4,128,104,104,88,8,104,112,105,105,32,16,26,78,430,512
measured_multitone,1000000000000,1,5,128,80,96,80,32,80,88,96,96,16,8,12,84,392,512
measured_multitone,1000000000000,1,6,128,64,96,32,0,64,80,96,96,8,4,6,90,388,512
measured_multitone,1000000000000,1,7,128,0,64,0,64,0,32,64,64,4,2,2,62,260,512
measured_multitone,1000000000000,1,8,128,0,0,0,128,0,64,1,1,2,1,0,0,6,512
measured_multitone,1000000000000,2,1,128,123,124,119,0,123,124,124,124,128,128,124,0,504,512
measured_multitone,1000000000000,2,2,128,118,120,110,0,118,120,120,120,128,64,120,0,496,512
measured_multitone,1000000000000,2,3,128,108,112,104,12,108,112,112,112,64,32,56,56,464,512
measured_multitone,1000000000000,2,4,128,104,104,88,8,104,112,105,105,32,16,26,78,430,512
measured_multitone,1000000000000,2,5,128,80,96,80,32,80,88,96,96,16,8,12,84,392,512
measured_multitone,1000000000000,2,6,128,64,96,32,0,64,80,96,96,8,4,6,90,388,512
measured_multitone,1000000000000,2,7,128,0,64,0,64,0,32,64,64,4,2,2,62,260,512
measured_multitone,1000000000000,2,8,128,0,0,0,128,0,64,1,1,2,1,0,0,6,512
measured_multitone,1000000000000,3,1,128,123,124,119,0,123,124,124,124,128,128,124,0,504,512
measured_multitone,1000000000000,3,2,128,118,120,110,0,118,120,120,120,128,64,120,0,496,512
measured_multitone,1000000000000,3,3,128,108,112,104,12,108,112,112,112,64,32,56,56,464,512
measured_multitone,1000000000000,3,4,128,104,104,88,8,104,112,105,105,32,16,26,78,430,512
measured_multitone,1000000000000,3,5,128,80,96,80,32,80,88,96,96,16,8,12,84,392,512
measured_multitone,1000000000000,3,6,128,64,96,32,0,64,80,96,96,8,4,6,90,388,512
measured_multitone,1000000000000,3,7,128,0,64,0,64,0,32,64,64,4,2,2,62,260,512
measured_multitone,1000000000000,3,8,128,0,0,0,128,0,64,1,1,2,1,0,0,6,512
measured_multitone,1000000000000,4,1,128,123,124,119,0,123,124,124,124,128,128,124,0,504,512
measured_multitone,1000000000000,4,2,128,118,120,110,0,118,120,120,120,128,64,120,0,496,512
measured_multitone,1000000000000,4,3,128,108,112,104,12,108,112,112,112,64,32,56,56,464,512
measured_multitone,1000000000000,4,4,128,104,104,88,8,104,112,105,105,32,16,26,78,430,512
measured_multitone,1000000000000,4,5,128,80,96,80,32,80,88,96,96,16,8,12,84,392,512
measured_multitone,1000000000000,4,6,128,64,96,32,0,64,80,96,96,8,4,6,90,388,512
measured_multitone,1000000000000,4,7,128,0,64,0,64,0,32,64,64,4,2,2,62,260,512
measured_multitone,1000000000000,4,8,128,0,0,0,128,0,64,1,1,2,1,0,0,6,512
measured_multitone,1000000000000,5,1,128,123,124,119,0,123,124,124,124,128,128,124,0,504,512
measured_multitone,1000000000000,5,2,128,118,120,110,0,118,120,120,120,128,64,120,0,496,512
measured_multitone,1000000000000,5,3,128,108,112,104,12,108,112,112,112,64,32,56,56,464,512
measured_multitone,1000000000000,5,4,128,104,104,88,8,104,112,105,105,32,16,26,78,430,512
measured_multitone,1000000000000,5,5,128,80,96,80,32,80,88,96,96,16,8,12,84,392,512
measured_multitone,1000000000000,5,6,128,64,96,32,0,64,80,96,96,8,4,6,90,388,512
measured_multitone,1000000000000,5,7,128,0,64,0,64,0,32,64,64,4,2,2,62,260,512
measured_multitone,1000000000000,5,8,128,0,0,0,128,0,64,1,1,2,1,0,0,6,512
measured_multitone,1000000000000,6,1,128,123,124,119,0,123,124,124,124,128,128,124,0,504,512
measured_multitone,1000000000000,6,2,128,118,120,110,0,118,120,120,120,128,64,120,0,496,512
measured_multitone,1000000000000,6,3,128,108,112,104,12,108,112,112,112,64,32,56,56,464,512
measured_multitone,1000000000000,6,4,128,104,104,88,8,104,112,105,105,32,16,26,78,430,512
measured_multitone,1000000000000,6,5,128,80,96,80,32,80,88,96,96,16,8,12,84,392,512
measured_multitone,1000000000000,6,6,128,64,96,32,0,64,80,96,96,8,4,6,90,388,512
measured_multitone,1000000000000,6,7,128,0,64,0,64,0,32,64,64,4,2,2,62,260,512
measured_multitone,1000000000000,6,8,128,0,0,0,128,0,64,1,1,2,1,0,0,6,512
measured_multitone,1000000000000,7,1,128,123,124,119,0,123,124,124,124,128,128,124,0,504,512
measured_multitone,1000000000000,7,2,128,118,120,110,0,118,120,120,120,128,64,120,0,496,512
measured_multitone,1000000000000,7,3,128,108,112,104,12,108,112,112,112,64,32,56,56,464,512
measured_multitone,1000000000000,7,4,128,104,104,88,8,104,112,105,105,32,16,26,78,430,512
measured_multitone,1000000000000,7,5,128,80,96,80,32,80,88,96,96,16,8,12,84,392,512
measured_multitone,1000000000000,7,6,128,64,96,32,0,64,80,96,96,8,4,6,90,388,512
measured_multitone,1000000000000,7,7,128,0,64,0,64,0,32,64,64,4,2,2,62,260,512
measured_multitone,1000000000000,7,8,128,0,0,0,128,0,64,1,1,2,1,0,0,6,512
measured_multitone,1000000000000,8,1,128,124,125,121,0,124,125,125,125,128,128,125,0,506,512
measured_multitone,1000000000000,8,2,128,120,122,114,0,120,122,122,122,128,64,122,0,500,512
measured_multitone,1000000000000,8,3,128,112,116,112,12,112,116,116,116,64,32,58,58,476,512
measured_multitone,1000000000000,8,4,128,112,112,104,8,112,120,113,113,32,16,28,84,458,512
measured_multitone,1000000000000,8,5,128,96,112,80,0,96,104,112,112,16,8,14,98,452,512
measured_multitone,1000000000000,8,6,128,64,96,32,0,64,80,96,96,8,4,6,90,388,512
measured_multitone,1000000000000,8,7,128,0,64,0,64,0,32,64,64,4,2,2,62,260,512
measured_multitone,1000000000000,8,8,128,0,0,0,128,0,64,1,1,2,1,0,0,6,512
measured_multitone,10000000000000,0,1,128,127,128,127,0,127,128,128,128,128,128,128,0,512,512
measured_multitone,10000000000000,0,2,128,126,128,126,0,126,128,128,128,128,64,128,0,512,512
measured_multitone,10000000000000,0,3,128,124,128,124,0,124,128,128,128,64,32,64,64,512,512
measured_multitone,10000000000000,0,4,128,120,128,120,0,120,128,128,128,32,16,32,96,512,512
measured_multitone,10000000000000,0,5,128,112,128,112,0,112,128,128,128,16,8,16,112,512,512
measured_multitone,10000000000000,0,6,128,96,128,96,0,96,128,128,128,8,4,8,120,512,512
measured_multitone,10000000000000,0,7,128,64,128,64,0,64,128,128,128,4,2,4,124,512,512
measured_multitone,10000000000000,0,8,128,0,128,0,0,0,128,128,128,2,1,2,126,512,512
measured_multitone,10000000000000,1,1,128,126,127,125,0,126,127,127,127,128,128,127,0,510,512
measured_multitone,10000000000000,1,2,128,124,126,122,0,124,126,126,126,128,64,126,0,508,512
measured_multitone,10000000000000,1,3,128,120,124,120,4,120,124,124,124,64,32,62,62,500,512
measured_multitone,10000000000000,1,4,128,120,120,120,8,120,128,121,121,32,16,30,90,486,512
measured_multitone,10000000000000,1,5,128,112,128,112,0,112,120,128,128,16,8,16,112,512,512
measured_multitone,10000000000000,1,6,128,96,128,96,0,96,112,128,128,8,4,8,120,512,512
measured_multitone,10000000000000,1,7,128,64,128,64,0,64,96,128,128,4,2,4,124,512,512
measured_multitone,10000000000000,1,8,128,0,128,0,0,0,64,128,128,2,1,2,126,512,512
measured_multitone,10000000000000,2,1,128,126,127,125,0,126,127,127,127,128,128,127,0,510,512
measured_multitone,10000000000000,2,2,128,124,126,122,0,124,126,126,126,128,64,126,0,508,512
measured_multitone,10000000000000,2,3,128,120,124,120,4,120,124,124,124,64,32,62,62,500,512
measured_multitone,10000000000000,2,4,128,120,120,120,8,120,128,121,121,32,16,30,90,486,512
measured_multitone,10000000000000,2,5,128,112,128,112,0,112,120,128,128,16,8,16,112,512,512
measured_multitone,10000000000000,2,6,128,96,128,96,0,96,112,128,128,8,4,8,120,512,512
measured_multitone,10000000000000,2,7,128,64,128,64,0,64,96,128,128,4,2,4,124,512,512
measured_multitone,10000000000000,2,8,128,0,128,0,0,0,64,128,128,2,1,2,126,512,512
measured_multitone,10000000000000,3,1,128,126,127,125,0,126,127,127,127,128,128,127,0,510,512
measured_multitone,10000000000000,3,2,128,124,126,122,0,124,126,126,126,128,64,126,0,508,512
measured_multitone,10000000000000,3,3,128,120,124,120,4,120,124,124,124,64,32,62,62,500,512
measured_multitone,10000000000000,3,4,128,120,120,120,8,120,128,121,121,32,16,30,90,486,512
measured_multitone,10000000000000,3,5,128,112,128,112,0,112,120,128,128,16,8,16,112,512,512
measured_multitone,10000000000000,3,6,128,96,128,96,0,96,112,128,128,8,4,8,120,512,512
measured_multitone,10000000000000,3,7,128,64,128,64,0,64,96,128,128,4,2,4,124,512,512
measured_multitone,10000000000000,3,8,128,0,128,0,0,0,64,128,128,2,1,2,126,512,512
measured_multitone,10000000000000,4,1,128,126,127,125,0,126,127,127,127,128,128,127,0,510,512
measured_multitone,10000000000000,4,2,128,124,126,122,0,124,126,126,126,128,64,126,0,508,512
measured_multitone,10000000000000,4,3,128,120,124,120,4,120,124,124,124,64,32,62,62,500,512
measured_multitone,10000000000000,4,4,128,120,120,120,8,120,128,121,121,32,16,30,90,486,512
measured_multitone,10000000000000,4,5,128,112,128,112,0,112,120,128,128,16,8,16,112,512,512
measured_multitone,10000000000000,4,6,128,96,128,96,0,96,112,128,128,8,4,8,120,512,512
measured_multitone,10000000000000,4,7,128,64,128,64,0,64,96,128,128,4,2,4,124,512,512
measured_multitone,10000000000000,4,8,128,0,128,0,0,0,64,128,128,2,1,2,126,512,512
measured_multitone,10000000000000,5,1,128,126,127,125,0,126,127,127,127,128,128,127,0,510,512
measured_multitone,10000000000000,5,2,128,124,126,122,0,124,126,126,126,128,64,126,0,508,512
measured_multitone,10000000000000,5,3,128,120,124,120,4,120,124,124,124,64,32,62,62,500,512
measured_multitone,10000000000000,5,4,128,120,120,120,8,120,128,121,121,32,16,30,90,486,512
measured_multitone,10000000000000,5,5,128,112,128,112,0,112,120,128,128,16,8,16,112,512,512
measured_multitone,10000000000000,5,6,128,96,128,96,0,96,112,128,128,8,4,8,120,512,512
measured_multitone,10000000000000,5,7,128,64,128,64,0,64,96,128,128,4,2,4,124,512,512
measured_multitone,10000000000000,5,8,128,0,128,0,0,0,64,128,128,2,1,2,126,512,512
measured_multitone,10000000000000,6,1,128,126,127,125,0,126,127,127,127,128,128,127,0,510,512
measured_multitone,10000000000000,6,2,128,124,126,122,0,124,126,126,126,128,64,126,0,508,512
measured_multitone,10000000000000,6,3,128,120,124,120,4,120,124,124,124,64,32,62,62,500,512
measured_multitone,10000000000000,6,4,128,120,120,120,8,120,128,121,121,32,16,30,90,486,512
measured_multitone,10000000000000,6,5,128,112,128,112,0,112,120,128,128,16,8,16,112,512,512
measured_multitone,10000000000000,6,6,128,96,128,96,0,96,112,128,128,8,4,8,120,512,512
measured_multitone,10000000000000,6,7,128,64,128,64,0,64,96,128,128,4,2,4,124,512,512
measured_multitone,10000000000000,6,8,128,0,128,0,0,0,64,128,128,2,1,2,126,512,512
measured_multitone,10000000000000,7,1,128,126,127,125,0,126,127,127,127,128,128,127,0,510,512
measured_multitone,10000000000000,7,2,128,124,126,122,0,124,126,126,126,128,64,126,0,508,512
measured_multitone,10000000000000,7,3,128,120,124,120,4,120,124,124,124,64,32,62,62,500,512
measured_multitone,10000000000000,7,4,128,120,120,120,8,120,128,121,121,32,16,30,90,486,512
measured_multitone,10000000000000,7,5,128,112,128,112,0,112,120,128,128,16,8,16,112,512,512
measured_multitone,10000000000000,7,6,128,96,128,96,0,96,112,128,128,8,4,8,120,512,512
measured_multitone,10000000000000,7,7,128,64,128,64,0,64,96,128,128,4,2,4,124,512,512
measured_multitone,10000000000000,7,8,128,0,128,0,0,0,64,128,128,2,1,2,126,512,512
measured_multitone,10000000000000,8,1,128,127,128,127,0,127,128,128,128,128,128,128,0,512,512
measured_multitone,10000000000000,8,2,128,126,128,126,0,126,128,128,128,128,64,128,0,512,512
measured_multitone,10000000000000,8,3,128,124,128,124,0,124,128,128,128,64,32,64,64,512,512
measured_multitone,10000000000000,8,4,128,120,128,120,0,120,128,128,128,32,16,32,96,512,512
measured_multitone,10000000000000,8,5,128,112,128,112,0,112,128,128,128,16,8,16,112,512,512
measured_multitone,10000000000000,8,6,128,96,128,96,0,96,128,128,128,8,4,8,120,512,512
measured_multitone,10000000000000,8,7,128,64,128,64,0,64,128,128,128,4,2,4,124,512,512
measured_multitone,10000000000000,8,8,128,0,128,0,0,0,128,128,128,2,1,2,126,512,512
measured_multitone,72057594037927935,0,1,128,127,128,127,0,127,128,128,128,128,128,128,0,512,512
measured_multitone,72057594037927935,0,2,128,126,128,126,0,126,128,128,128,128,64,128,0,512,512
measured_multitone,72057594037927935,0,3,128,124,128,124,0,124,128,128,128,64,32,64,64,512,512
measured_multitone,72057594037927935,0,4,128,120,128,120,0,120,128,128,128,32,16,32,96,512,512
measured_multitone,72057594037927935,0,5,128,112,128,112,0,112,128,128,128,16,8,16,112,512,512
measured_multitone,72057594037927935,0,6,128,96,128,96,0,96,128,128,128,8,4,8,120,512,512
measured_multitone,72057594037927935,0,7,128,64,128,64,0,64,128,128,128,4,2,4,124,512,512
measured_multitone,72057594037927935,0,8,128,0,128,0,0,0,128,128,128,2,1,2,126,512,512
measured_multitone,72057594037927935,1,1,128,127,128,127,0,127,128,128,128,128,128,128,0,512,512
measured_multitone,72057594037927935,1,2,128,126,128,126,0,126,128,128,128,128,64,128,0,512,512
measured_multitone,72057594037927935,1,3,128,124,128,124,0,124,128,128,128,64,32,64,64,512,512
measured_multitone,72057594037927935,1,4,128,120,128,120,0,120,128,128,128,32,16,32,96,512,512
measured_multitone,72057594037927935,1,5,128,112,128,112,0,112,128,128,128,16,8,16,112,512,512
measured_multitone,72057594037927935,1,6,128,96,128,96,0,96,128,128,128,8,4,8,120,512,512
measured_multitone,72057594037927935,1,7,128,64,128,64,0,64,128,128,128,4,2,4,124,512,512
measured_multitone,72057594037927935,1,8,128,0,128,0,0,0,128,128,128,2,1,2,126,512,512
measured_multitone,72057594037927935,2,1,128,127,128,127,0,127,128,128,128,128,128,128,0,512,512
measured_multitone,72057594037927935,2,2,128,126,128,126,0,126,128,128,128,128,64,128,0,512,512
measured_multitone,72057594037927935,2,3,128,124,128,124,0,124,128,128,128,64,32,64,64,512,512
measured_multitone,72057594037927935,2,4,128,120,128,120,0,120,128,128,128,32,16,32,96,512,512
measured_multitone,72057594037927935,2,5,128,112,128,112,0,112,128,128,128,16,8,16,112,512,512
measured_multitone,72057594037927935,2,6,128,96,128,96,0,96,128,128,128,8,4,8,120,512,512
measured_multitone,72057594037927935,2,7,128,64,128,64,0,64,128,128,128,4,2,4,124,512,512
measured_multitone,72057594037927935,2,8,128,0,128,0,0,0,128,128,128,2,1,2,126,512,512
measured_multitone,72057594037927935,3,1,128,127,128,127,0,127,128,128,128,128,128,128,0,512,512
measured_multitone,72057594037927935,3,2,128,126,128,126,0,126,128,128,128,128,64,128,0,512,512
measured_multitone,72057594037927935,3,3,128,124,128,124,0,124,128,128,128,64,32,64,64,512,512
measured_multitone,72057594037927935,3,4,128,120,128,120,0,120,128,128,128,32,16,32,96,512,512
measured_multitone,72057594037927935,3,5,128,112,128,112,0,112,128,128,128,16,8,16,112,512,512
measured_multitone,72057594037927935,3,6,128,96,128,96,0,96,128,128,128,8,4,8,120,512,512
measured_multitone,72057594037927935,3,7,128,64,128,64,0,64,128,128,128,4,2,4,124,512,512
measured_multitone,72057594037927935,3,8,128,0,128,0,0,0,128,128,128,2,1,2,126,512,512
measured_multitone,72057594037927935,4,1,128,127,128,127,0,127,128,128,128,128,128,128,0,512,512
measured_multitone,72057594037927935,4,2,128,126,128,126,0,126,128,128,128,128,64,128,0,512,512
measured_multitone,72057594037927935,4,3,128,124,128,124,0,124,128,128,128,64,32,64,64,512,512
measured_multitone,72057594037927935,4,4,128,120,128,120,0,120,128,128,128,32,16,32,96,512,512
measured_multitone,72057594037927935,4,5,128,112,128,112,0,112,128,128,128,16,8,16,112,512,512
measured_multitone,72057594037927935,4,6,128,96,128,96,0,96,128,128,128,8,4,8,120,512,512
measured_multitone,72057594037927935,4,7,128,64,128,64,0,64,128,128,128,4,2,4,124,512,512
measured_multitone,72057594037927935,4,8,128,0,128,0,0,0,128,128,128,2,1,2,126,512,512
measured_multitone,72057594037927935,5,1,128,127,128,127,0,127,128,128,128,128,128,128,0,512,512
measured_multitone,72057594037927935,5,2,128,126,128,126,0,126,128,128,128,128,64,128,0,512,512
measured_multitone,72057594037927935,5,3,128,124,128,124,0,124,128,128,128,64,32,64,64,512,512
measured_multitone,72057594037927935,5,4,128,120,128,120,0,120,128,128,128,32,16,32,96,512,512
measured_multitone,72057594037927935,5,5,128,112,128,112,0,112,128,128,128,16,8,16,112,512,512
measured_multitone,72057594037927935,5,6,128,96,128,96,0,96,128,128,128,8,4,8,120,512,512
measured_multitone,72057594037927935,5,7,128,64,128,64,0,64,128,128,128,4,2,4,124,512,512
measured_multitone,72057594037927935,5,8,128,0,128,0,0,0,128,128,128,2,1,2,126,512,512
measured_multitone,72057594037927935,6,1,128,127,128,127,0,127,128,128,128,128,128,128,0,512,512
measured_multitone,72057594037927935,6,2,128,126,128,126,0,126,128,128,128,128,64,128,0,512,512
measured_multitone,72057594037927935,6,3,128,124,128,124,0,124,128,128,128,64,32,64,64,512,512
measured_multitone,72057594037927935,6,4,128,120,128,120,0,120,128,128,128,32,16,32,96,512,512
measured_multitone,72057594037927935,6,5,128,112,128,112,0,112,128,128,128,16,8,16,112,512,512
measured_multitone,72057594037927935,6,6,128,96,128,96,0,96,128,128,128,8,4,8,120,512,512
measured_multitone,72057594037927935,6,7,128,64,128,64,0,64,128,128,128,4,2,4,124,512,512
measured_multitone,72057594037927935,6,8,128,0,128,0,0,0,128,128,128,2,1,2,126,512,512
measured_multitone,72057594037927935,7,1,128,127,128,127,0,127,128,128,128,128,128,128,0,512,512
measured_multitone,72057594037927935,7,2,128,126,128,126,0,126,128,128,128,128,64,128,0,512,512
measured_multitone,72057594037927935,7,3,128,124,128,124,0,124,128,128,128,64,32,64,64,512,512
measured_multitone,72057594037927935,7,4,128,120,128,120,0,120,128,128,128,32,16,32,96,512,512
measured_multitone,72057594037927935,7,5,128,112,128,112,0,112,128,128,128,16,8,16,112,512,512
measured_multitone,72057594037927935,7,6,128,96,128,96,0,96,128,128,128,8,4,8,120,512,512
measured_multitone,72057594037927935,7,7,128,64,128,64,0,64,128,128,128,4,2,4,124,512,512
measured_multitone,72057594037927935,7,8,128,0,128,0,0,0,128,128,128,2,1,2,126,512,512
measured_multitone,72057594037927935,8,1,128,127,128,127,0,127,128,128,128,128,128,128,0,512,512
measured_multitone,72057594037927935,8,2,128,126,128,126,0,126,128,128,128,128,64,128,0,512,512
measured_multitone,72057594037927935,8,3,128,124,128,124,0,124,128,128,128,64,32,64,64,512,512
measured_multitone,72057594037927935,8,4,128,120,128,120,0,120,128,128,128,32,16,32,96,512,512
measured_multitone,72057594037927935,8,5,128,112,128,112,0,112,128,128,128,16,8,16,112,512,512
measured_multitone,72057594037927935,8,6,128,96,128,96,0,96,128,128,128,8,4,8,120,512,512
measured_multitone,72057594037927935,8,7,128,64,128,64,0,64,128,128,128,4,2,4,124,512,512
measured_multitone,72057594037927935,8,8,128,0,128,0,0,0,128,128,128,2,1,2,126,512,512
tonal_two_bin,0,0,1,128,0,0,0,128,0,1,0,1,128,128,0,0,257,512
tonal_two_bin,0,0,2,128,0,0,0,128,0,2,1,1,128,64,0,0,258,512
tonal_two_bin,0,0,3,128,0,0,0,128,0,4,1,1,64,32,0,0,130,512
tonal_two_bin,0,0,4,128,0,0,0,128,0,8,1,1,32,16,0,0,66,512
tonal_two_bin,0,0,5,128,0,0,0,128,0,12,1,1,16,8,0,0,34,512
tonal_two_bin,0,0,6,128,0,0,0,128,0,8,1,1,8,4,0,0,18,512
tonal_two_bin,0,0,7,128,0,0,0,128,0,8,1,1,4,2,0,0,10,512
tonal_two_bin,0,0,8,128,0,0,0,128,0,8,1,1,2,1,0,0,6,512
tonal_two_bin,0,1,1,128,1,1,1,127,12,1,12,1,128,128,1,0,269,512
tonal_two_bin,0,1,2,128,2,1,1,126,10,2,10,1,128,64,1,0,267,512
tonal_two_bin,0,1,3,128,2,1,1,126,6,4,6,1,64,32,1,0,135,512
tonal_two_bin,0,1,4,128,2,1,1,126,4,8,4,1,32,16,1,0,69,512
tonal_two_bin,0,1,5,128,2,1,1,126,3,10,3,1,16,8,1,0,36,512
tonal_two_bin,0,1,6,128,2,0,0,126,2,8,1,1,8,4,0,0,18,512
tonal_two_bin,0,1,7,128,0,0,0,128,1,8,2,1,4,2,0,0,11,512
tonal_two_bin,0,1,8,128,0,0,0,128,0,8,1,1,2,1,0,0,6,512
tonal_two_bin,0,2,1,128,1,1,1,127,12,1,12,1,128,128,1,0,269,512
tonal_two_bin,0,2,2,128,2,1,1,126,10,2,10,1,128,64,1,0,267,512
tonal_two_bin,0,2,3,128,2,1,1,126,6,4,6,1,64,32,1,0,135,512
tonal_two_bin,0,2,4,128,2,1,1,126,4,8,4,1,32,16,1,0,69,512
tonal_two_bin,0,2,5,128,2,1,1,126,3,10,3,1,16,8,1,0,36,512
tonal_two_bin,0,2,6,128,2,0,0,126,2,8,1,1,8,4,0,0,18,512
tonal_two_bin,0,2,7,128,0,0,0,128,1,8,2,1,4,2,0,0,11,512
tonal_two_bin,0,2,8,128,0,0,0,128,0,8,1,1,2,1,0,0,6,512
tonal_two_bin,0,3,1,128,1,1,1,127,12,1,12,1,128,128,1,0,269,512
tonal_two_bin,0,3,2,128,2,1,1,126,10,2,10,1,128,64,1,0,267,512
tonal_two_bin,0,3,3,128,2,1,1,126,6,4,6,1,64,32,1,0,135,512
tonal_two_bin,0,3,4,128,2,1,1,126,4,8,4,1,32,16,1,0,69,512
tonal_two_bin,0,3,5,128,2,1,1,126,3,10,3,1,16,8,1,0,36,512
tonal_two_bin,0,3,6,128,2,0,0,126,2,8,1,1,8,4,0,0,18,512
tonal_two_bin,0,3,7,128,0,0,0,128,1,8,2,1,4,2,0,0,11,512
tonal_two_bin,0,3,8,128,0,0,0,128,0,8,1,1,2,1,0,0,6,512
tonal_two_bin,0,4,1,128,1,1,1,127,12,1,12,1,128,128,1,0,269,512
tonal_two_bin,0,4,2,128,2,1,1,126,10,2,10,1,128,64,1,0,267,512
tonal_two_bin,0,4,3,128,2,1,1,126,6,4,6,1,64,32,1,0,135,512
tonal_two_bin,0,4,4,128,2,1,1,126,4,8,4,1,32,16,1,0,69,512
tonal_two_bin,0,4,5,128,2,1,1,126,3,10,3,1,16,8,1,0,36,512
tonal_two_bin,0,4,6,128,2,0,0,126,2,8,1,1,8,4,0,0,18,512
tonal_two_bin,0,4,7,128,0,0,0,128,1,8,2,1,4,2,0,0,11,512
tonal_two_bin,0,4,8,128,0,0,0,128,0,8,1,1,2,1,0,0,6,512
tonal_two_bin,0,5,1,128,1,1,1,127,12,1,12,1,128,128,1,0,269,512
tonal_two_bin,0,5,2,128,2,1,1,126,10,2,10,1,128,64,1,0,267,512
tonal_two_bin,0,5,3,128,2,1,1,126,6,4,6,1,64,32,1,0,135,512
tonal_two_bin,0,5,4,128,2,1,1,126,4,8,4,1,32,16,1,0,69,512
tonal_two_bin,0,5,5,128,2,1,1,126,3,10,3,1,16,8,1,0,36,512
tonal_two_bin,0,5,6,128,2,0,0,126,2,8,1,1,8,4,0,0,18,512
tonal_two_bin,0,5,7,128,0,0,0,128,1,8,2,1,4,2,0,0,11,512
tonal_two_bin,0,5,8,128,0,0,0,128,0,8,1,1,2,1,0,0,6,512
tonal_two_bin,0,6,1,128,1,1,1,127,12,1,12,1,128,128,1,0,269,512
tonal_two_bin,0,6,2,128,2,1,1,126,10,2,10,1,128,64,1,0,267,512
tonal_two_bin,0,6,3,128,2,1,1,126,6,4,6,1,64,32,1,0,135,512
tonal_two_bin,0,6,4,128,2,1,1,126,4,8,4,1,32,16,1,0,69,512
tonal_two_bin,0,6,5,128,2,1,1,126,3,10,3,1,16,8,1,0,36,512
tonal_two_bin,0,6,6,128,2,0,0,126,2,8,1,1,8,4,0,0,18,512
tonal_two_bin,0,6,7,128,0,0,0,128,1,8,2,1,4,2,0,0,11,512
tonal_two_bin,0,6,8,128,0,0,0,128,0,8,1,1,2,1,0,0,6,512
tonal_two_bin,0,7,1,128,1,1,1,127,12,1,12,1,128,128,1,0,269,512
tonal_two_bin,0,7,2,128,2,1,1,126,10,2,10,1,128,64,1,0,267,512
tonal_two_bin,0,7,3,128,2,1,1,126,6,4,6,1,64,32,1,0,135,512
tonal_two_bin,0,7,4,128,2,1,1,126,4,8,4,1,32,16,1,0,69,512
tonal_two_bin,0,7,5,128,2,1,1,126,3,10,3,1,16,8,1,0,36,512
tonal_two_bin,0,7,6,128,2,0,0,126,2,8,1,1,8,4,0,0,18,512
tonal_two_bin,0,7,7,128,0,0,0,128,1,8,2,1,4,2,0,0,11,512
tonal_two_bin,0,7,8,128,0,0,0,128,0,8,1,1,2,1,0,0,6,512
tonal_two_bin,0,8,1,128,0,0,0,128,0,1,0,1,128,128,0,0,257,512
tonal_two_bin,0,8,2,128,0,0,0,128,0,2,1,1,128,64,0,0,258,512
tonal_two_bin,0,8,3,128,0,0,0,128,0,4,1,1,64,32,0,0,130,512
tonal_two_bin,0,8,4,128,0,0,0,128,0,8,1,1,32,16,0,0,66,512
tonal_two_bin,0,8,5,128,0,0,0,128,0,14,1,1,16,8,0,0,34,512
tonal_two_bin,0,8,6,128,0,0,0,128,0,8,1,1,8,4,0,0,18,512
tonal_two_bin,0,8,7,128,0,0,0,128,0,9,1,1,4,2,0,0,10,512
tonal_two_bin,0,8,8,128,0,0,0,128,0,8,1,1,2,1,0,0,6,512
tonal_two_bin,100000000,0,1,128,0,0,0,128,0,1,0,1,128,128,0,0,257,512
tonal_two_bin,100000000,0,2,128,0,0,0,128,0,2,1,1,128,64,0,0,258,512
tonal_two_bin,100000000,0,3,128,0,0,0,128,0,4,1,1,64,32,0,0,130,512
tonal_two_bin,100000000,0,4,128,0,0,0,128,0,8,1,1,32,16,0,0,66,512
tonal_two_bin,100000000,0,5,128,0,0,0,128,0,12,1,1,16,8,0,0,34,512
tonal_two_bin,100000000,0,6,128,0,0,0,128,0,8,1,1,8,4,0,0,18,512
tonal_two_bin,100000000,0,7,128,0,0,0,128,0,8,1,1,4,2,0,0,10,512
tonal_two_bin,100000000,0,8,128,0,0,0,128,0,8,1,1,2,1,0,0,6,512
tonal_two_bin,100000000,1,1,128,95,95,62,0,98,95,98,95,128,128,95,0,449,512
tonal_two_bin,100000000,1,2,128,62,62,2,6,68,62,68,62,128,64,62,0,386,512
tonal_two_bin,100000000,1,3,128,4,1,1,124,12,4,6,5,64,32,1,0,143,512
tonal_two_bin,100000000,1,4,128,2,1,1,126,3,8,3,1,32,16,1,0,68,512
tonal_two_bin,100000000,1,5,128,2,0,0,126,2,8,1,1,16,8,0,0,34,512
tonal_two_bin,100000000,1,6,128,0,0,0,128,0,8,1,1,8,4,0,0,18,512
tonal_two_bin,100000000,1,7,128,0,0,0,128,0,8,1,1,4,2,0,0,10,512
tonal_two_bin,100000000,1,8,128,0,0,0,128,0,8,1,1,2,1,0,0,6,512
tonal_two_bin,100000000,2,1,128,95,95,62,0,98,95,98,95,128,128,95,0,449,512
tonal_two_bin,100000000,2,2,128,62,62,2,6,68,62,68,62,128,64,62,0,386,512
tonal_two_bin,100000000,2,3,128,4,1,1,124,12,4,6,5,64,32,1,0,143,512
tonal_two_bin,100000000,2,4,128,2,1,1,126,3,8,3,1,32,16,1,0,68,512
tonal_two_bin,100000000,2,5,128,2,0,0,126,2,8,1,1,16,8,0,0,34,512
tonal_two_bin,100000000,2,6,128,0,0,0,128,0,8,1,1,8,4,0,0,18,512
tonal_two_bin,100000000,2,7,128,0,0,0,128,0,8,1,1,4,2,0,0,10,512
tonal_two_bin,100000000,2,8,128,0,0,0,128,0,8,1,1,2,1,0,0,6,512
tonal_two_bin,100000000,3,1,128,95,95,62,0,98,95,98,95,128,128,95,0,449,512
tonal_two_bin,100000000,3,2,128,62,62,2,6,68,62,68,62,128,64,62,0,386,512
tonal_two_bin,100000000,3,3,128,4,1,1,124,12,4,6,5,64,32,1,0,143,512
tonal_two_bin,100000000,3,4,128,2,1,1,126,3,8,3,1,32,16,1,0,68,512
tonal_two_bin,100000000,3,5,128,2,0,0,126,2,8,1,1,16,8,0,0,34,512
tonal_two_bin,100000000,3,6,128,0,0,0,128,0,8,1,1,8,4,0,0,18,512
tonal_two_bin,100000000,3,7,128,0,0,0,128,0,8,1,1,4,2,0,0,10,512
tonal_two_bin,100000000,3,8,128,0,0,0,128,0,8,1,1,2,1,0,0,6,512
tonal_two_bin,100000000,4,1,128,95,95,62,0,98,95,98,95,128,128,95,0,449,512
tonal_two_bin,100000000,4,2,128,62,62,2,6,68,62,68,62,128,64,62,0,386,512
tonal_two_bin,100000000,4,3,128,4,1,1,124,12,4,6,5,64,32,1,0,143,512
tonal_two_bin,100000000,4,4,128,2,1,1,126,3,8,3,1,32,16,1,0,68,512
tonal_two_bin,100000000,4,5,128,2,0,0,126,2,8,1,1,16,8,0,0,34,512
tonal_two_bin,100000000,4,6,128,0,0,0,128,0,8,1,1,8,4,0,0,18,512
tonal_two_bin,100000000,4,7,128,0,0,0,128,0,8,1,1,4,2,0,0,10,512
tonal_two_bin,100000000,4,8,128,0,0,0,128,0,8,1,1,2,1,0,0,6,512
tonal_two_bin,100000000,5,1,128,95,95,62,0,98,95,98,95,128,128,95,0,449,512
tonal_two_bin,100000000,5,2,128,62,62,2,6,68,62,68,62,128,64,62,0,386,512
tonal_two_bin,100000000,5,3,128,4,1,1,124,12,4,6,5,64,32,1,0,143,512
tonal_two_bin,100000000,5,4,128,2,1,1,126,3,8,3,1,32,16,1,0,68,512
tonal_two_bin,100000000,5,5,128,2,0,0,126,2,8,1,1,16,8,0,0,34,512
tonal_two_bin,100000000,5,6,128,0,0,0,128,0,8,1,1,8,4,0,0,18,512
tonal_two_bin,100000000,5,7,128,0,0,0,128,0,8,1,1,4,2,0,0,10,512
tonal_two_bin,100000000,5,8,128,0,0,0,128,0,8,1,1,2,1,0,0,6,512
tonal_two_bin,100000000,6,1,128,95,95,62,0,98,95,98,95,128,128,95,0,449,512
tonal_two_bin,100000000,6,2,128,62,62,2,6,68,62,68,62,128,64,62,0,386,512
tonal_two_bin,100000000,6,3,128,4,1,1,124,12,4,6,5,64,32,1,0,143,512
tonal_two_bin,100000000,6,4,128,2,1,1,126,3,8,3,1,32,16,1,0,68,512
tonal_two_bin,100000000,6,5,128,2,0,0,126,2,8,1,1,16,8,0,0,34,512
tonal_two_bin,100000000,6,6,128,0,0,0,128,0,8,1,1,8,4,0,0,18,512
tonal_two_bin,100000000,6,7,128,0,0,0,128,0,8,1,1,4,2,0,0,10,512
tonal_two_bin,100000000,6,8,128,0,0,0,128,0,8,1,1,2,1,0,0,6,512
tonal_two_bin,100000000,7,1,128,95,95,62,0,98,95,98,95,128,128,95,0,449,512
tonal_two_bin,100000000,7,2,128,62,62,2,6,68,62,68,62,128,64,62,0,386,512
tonal_two_bin,100000000,7,3,128,4,1,1,124,12,4,6,5,64,32,1,0,143,512
tonal_two_bin,100000000,7,4,128,2,1,1,126,3,8,3,1,32,16,1,0,68,512
tonal_two_bin,100000000,7,5,128,2,0,0,126,2,8,1,1,16,8,0,0,34,512
tonal_two_bin,100000000,7,6,128,0,0,0,128,0,8,1,1,8,4,0,0,18,512
tonal_two_bin,100000000,7,7,128,0,0,0,128,0,8,1,1,4,2,0,0,10,512
tonal_two_bin,100000000,7,8,128,0,0,0,128,0,8,1,1,2,1,0,0,6,512
tonal_two_bin,100000000,8,1,128,0,0,0,128,0,1,0,1,128,128,0,0,257,512
tonal_two_bin,100000000,8,2,128,0,0,0,128,0,2,1,1,128,64,0,0,258,512
tonal_two_bin,100000000,8,3,128,0,0,0,128,0,4,1,1,64,32,0,0,130,512
tonal_two_bin,100000000,8,4,128,0,0,0,128,0,8,1,1,32,16,0,0,66,512
tonal_two_bin,100000000,8,5,128,0,0,0,128,0,14,1,1,16,8,0,0,34,512
tonal_two_bin,100000000,8,6,128,0,0,0,128,0,8,1,1,8,4,0,0,18,512
tonal_two_bin,100000000,8,7,128,0,0,0,128,0,9,1,1,4,2,0,0,10,512
tonal_two_bin,100000000,8,8,128,0,0,0,128,0,8,1,1,2,1,0,0,6,512
tonal_two_bin,1000000000,0,1,128,70,71,13,0,70,71,71,71,128,128,71,0,398,512
tonal_two_bin,1000000000,0,2,128,12,14,0,102,12,14,14,14,128,64,14,0,284,512
tonal_two_bin,1000000000,0,3,128,0,0,0,128,0,4,1,1,64,32,0,0,130,512
tonal_two_bin,1000000000,0,4,128,0,0,0,128,0,8,1,1,32,16,0,0,66,512
tonal_two_bin,1000000000,0,5,128,0,0,0,128,0,10,1,1,16,8,0,0,34,512
tonal_two_bin,1000000000,0,6,128,0,0,0,128,0,8,1,1,8,4,0,0,18,512
tonal_two_bin,1000000000,0,7,128,0,0,0,128,0,8,1,1,4,2,0,0,10,512
tonal_two_bin,1000000000,0,8,128,0,0,0,128,0,10,1,1,2,1,0,0,6,512
tonal_two_bin,1000000000,1,1,128,100,100,72,0,102,100,102,100,128,128,100,0,458,512
tonal_two_bin,1000000000,1,2,128,72,72,16,0,76,72,76,72,128,64,72,0,404,512
tonal_two_bin,1000000000,1,3,128,16,16,4,100,24,16,20,20,64,32,8,8,188,512
tonal_two_bin,1000000000,1,4,128,8,1,1,120,9,8,3,1,32,16,1,0,68,512
tonal_two_bin,1000000000,1,5,128,2,0,0,126,2,8,1,1,16,8,0,0,34,512
tonal_two_bin,1000000000,1,6,128,0,0,0,128,0,8,1,1,8,4,0,0,18,512
tonal_two_bin,1000000000,1,7,128,0,0,0,128,0,8,1,1,4,2,0,0,10,512
tonal_two_bin,1000000000,1,8,128,0,0,0,128,0,8,1,1,2,1,0,0,6,512
tonal_two_bin,1000000000,2,1,128,100,100,72,0,102,100,102,100,128,128,100,0,458,512
tonal_two_bin,1000000000,2,2,128,72,72,16,0,76,72,76,72,128,64,72,0,404,512
tonal_two_bin,1000000000,2,3,128,16,16,4,100,24,16,20,20,64,32,8,8,188,512
tonal_two_bin,1000000000,2,4,128,8,1,1,120,9,8,3,1,32,16,1,0,68,512
tonal_two_bin,1000000000,2,5,128,2,0,0,126,2,8,1,1,16,8,0,0,34,512
tonal_two_bin,1000000000,2,6,128,0,0,0,128,0,8,1,1,8,4,0,0,18,512
tonal_two_bin,1000000000,2,7,128,0,0,0,128,0,8,1,1,4,2,0,0,10,512
tonal_two_bin,1000000000,2,8,128,0,0,0,128,0,8,1,1,2,1,0,0,6,512
tonal_two_bin,1000000000,3,1,128,100,100,72,0,102,100,102,100,128,128,100,0,458,512
tonal_two_bin,1000000000,3,2,128,72,72,16,0,76,72,76,72,128,64,72,0,404,512
tonal_two_bin,1000000000,3,3,128,16,16,4,100,24,16,20,20,64,32,8,8,188,512
tonal_two_bin,1000000000,3,4,128,8,1,1,120,9,8,3,1,32,16,1,0,68,512
tonal_two_bin,1000000000,3,5,128,2,0,0,126,2,8,1,1,16,8,0,0,34,512
tonal_two_bin,1000000000,3,6,128,0,0,0,128,0,8,1,1,8,4,0,0,18,512
tonal_two_bin,1000000000,3,7,128,0,0,0,128,0,8,1,1,4,2,0,0,10,512
tonal_two_bin,1000000000,3,8,128,0,0,0,128,0,8,1,1,2,1,0,0,6,512
tonal_two_bin,1000000000,4,1,128,100,100,72,0,102,100,102,100,128,128,100,0,458,512
tonal_two_bin,1000000000,4,2,128,72,72,16,0,76,72,76,72,128,64,72,0,404,512
tonal_two_bin,1000000000,4,3,128,16,16,4,100,24,16,20,20,64,32,8,8,188,512
tonal_two_bin,1000000000,4,4,128,8,1,1,120,9,8,3,1,32,16,1,0,68,512
tonal_two_bin,1000000000,4,5,128,2,0,0,126,2,8,1,1,16,8,0,0,34,512
tonal_two_bin,1000000000,4,6,128,0,0,0,128,0,8,1,1,8,4,0,0,18,512
tonal_two_bin,1000000000,4,7,128,0,0,0,128,0,8,1,1,4,2,0,0,10,512
tonal_two_bin,1000000000,4,8,128,0,0,0,128,0,8,1,1,2,1,0,0,6,512
tonal_two_bin,1000000000,5,1,128,100,100,72,0,102,100,102,100,128,128,100,0,458,512
tonal_two_bin,1000000000,5,2,128,72,72,16,0,76,72,76,72,128,64,72,0,404,512
tonal_two_bin,1000000000,5,3,128,16,16,4,100,24,16,20,20,64,32,8,8,188,512
tonal_two_bin,1000000000,5,4,128,8,1,1,120,9,8,3,1,32,16,1,0,68,512
tonal_two_bin,1000000000,5,5,128,2,0,0,126,2,8,1,1,16,8,0,0,34,512
tonal_two_bin,1000000000,5,6,128,0,0,0,128,0,8,1,1,8,4,0,0,18,512
tonal_two_bin,1000000000,5,7,128,0,0,0,128,0,8,1,1,4,2,0,0,10,512
tonal_two_bin,1000000000,5,8,128,0,0,0,128,0,8,1,1,2,1,0,0,6,512
tonal_two_bin,1000000000,6,1,128,100,100,72,0,102,100,102,100,128,128,100,0,458,512
tonal_two_bin,1000000000,6,2,128,72,72,16,0,76,72,76,72,128,64,72,0,404,512
tonal_two_bin,1000000000,6,3,128,16,16,4,100,24,16,20,20,64,32,8,8,188,512
tonal_two_bin,1000000000,6,4,128,8,1,1,120,9,8,3,1,32,16,1,0,68,512
tonal_two_bin,1000000000,6,5,128,2,0,0,126,2,8,1,1,16,8,0,0,34,512
tonal_two_bin,1000000000,6,6,128,0,0,0,128,0,8,1,1,8,4,0,0,18,512
tonal_two_bin,1000000000,6,7,128,0,0,0,128,0,8,1,1,4,2,0,0,10,512
tonal_two_bin,1000000000,6,8,128,0,0,0,128,0,8,1,1,2,1,0,0,6,512
tonal_two_bin,1000000000,7,1,128,100,100,72,0,102,100,102,100,128,128,100,0,458,512
tonal_two_bin,1000000000,7,2,128,72,72,16,0,76,72,76,72,128,64,72,0,404,512
tonal_two_bin,1000000000,7,3,128,16,16,4,100,24,16,20,20,64,32,8,8,188,512
tonal_two_bin,1000000000,7,4,128,8,1,1,120,9,8,3,1,32,16,1,0,68,512
tonal_two_bin,1000000000,7,5,128,2,0,0,126,2,8,1,1,16,8,0,0,34,512
tonal_two_bin,1000000000,7,6,128,0,0,0,128,0,8,1,1,8,4,0,0,18,512
tonal_two_bin,1000000000,7,7,128,0,0,0,128,0,8,1,1,4,2,0,0,10,512
tonal_two_bin,1000000000,7,8,128,0,0,0,128,0,8,1,1,2,1,0,0,6,512
tonal_two_bin,1000000000,8,1,128,70,71,13,0,70,71,71,71,128,128,71,0,398,512
tonal_two_bin,1000000000,8,2,128,12,14,0,102,12,14,14,14,128,64,14,0,284,512
tonal_two_bin,1000000000,8,3,128,0,0,0,128,0,4,1,1,64,32,0,0,130,512
tonal_two_bin,1000000000,8,4,128,0,0,0,128,0,8,1,1,32,16,0,0,66,512
tonal_two_bin,1000000000,8,5,128,0,0,0,128,0,10,1,1,16,8,0,0,34,512
tonal_two_bin,1000000000,8,6,128,0,0,0,128,0,8,1,1,8,4,0,0,18,512
tonal_two_bin,1000000000,8,7,128,0,0,0,128,0,8,1,1,4,2,0,0,10,512
tonal_two_bin,1000000000,8,8,128,0,0,0,128,0,8,1,1,2,1,0,0,6,512
tonal_two_bin,10000000000,0,1,128,97,98,67,0,97,98,98,98,128,128,98,0,452,512
tonal_two_bin,10000000000,0,2,128,66,68,16,10,66,68,68,68,128,64,68,0,392,512
tonal_two_bin,10000000000,0,3,128,16,16,12,108,16,20,17,17,64,32,8,8,178,512
tonal_two_bin,10000000000,0,4,128,8,16,0,104,8,16,16,16,32,16,4,12,120,512
tonal_two_bin,10000000000,0,5,128,0,0,0,128,0,16,1,1,16,8,0,0,34,512
tonal_two_bin,10000000000,0,6,128,0,0,0,128,0,8,1,1,8,4,0,0,18,512
tonal_two_bin,10000000000,0,7,128,0,0,0,128,0,8,1,1,4,2,0,0,10,512
tonal_two_bin,10000000000,0,8,128,0,0,0,128,0,8,1,1,2,1,0,0,6,512
tonal_two_bin,10000000000,1,1,128,111,111,94,0,112,111,112,111,128,128,111,0,479,512
tonal_two_bin,10000000000,1,2,128,94,94,60,0,96,94,96,94,128,64,94,0,446,512
tonal_two_bin,10000000000,1,3,128,60,60,48,56,64,60,62,62,64,32,30,30,314,512
tonal_two_bin,10000000000,1,4,128,48,48,40,72,49,48,49,48,32,16,12,36,233,512
tonal_two_bin,10000000000,1,5,128,48,32,0,48,49,48,34,33,16,8,4,28,155,512
tonal_two_bin,10000000000,1,6,128,0,0,0,128,0,8,1,1,8,4,0,0,18,512
tonal_two_bin,10000000000,1,7,128,0,0,0,128,0,8,1,1,4,2,0,0,10,512
tonal_two_bin,10000000000,1,8,128,0,0,0,128,0,9,1,1,2,1,0,0,6,512
tonal_two_bin,10000000000,2,1,128,111,111,94,0,112,111,112,111,128,128,111,0,479,512
tonal_two_bin,10000000000,2,2,128,94,94,60,0,96,94,96,94,128,64,94,0,446,512
tonal_two_bin,10000000000,2,3,128,60,60,48,56,64,60,62,62,64,32,30,30,314,512
tonal_two_bin,10000000000,2,4,128,48,48,40,72,49,48,49,48,32,16,12,36,233,512
tonal_two_bin,10000000000,2,5,128,48,32,0,48,49,48,34,33,16,8,4,28,155,512
tonal_two_bin,10000000000,2,6,128,0,0,0,128,0,8,1,1,8,4,0,0,18,512
tonal_two_bin,10000000000,2,7,128,0,0,0,128,0,8,1,1,4,2,0,0,10,512
tonal_two_bin,10000000000,2,8,128,0,0,0,128,0,9,1,1,2,1,0,0,6,512
tonal_two_bin,10000000000,3,1,128,111,111,94,0,112,111,112,111,128,128,111,0,479,512
tonal_two_bin,10000000000,3,2,128,94,94,60,0,96,94,96,94,128,64,94,0,446,512
tonal_two_bin,10000000000,3,3,128,60,60,48,56,64,60,62,62,64,32,30,30,314,512
tonal_two_bin,10000000000,3,4,128,48,48,40,72,49,48,49,48,32,16,12,36,233,512
tonal_two_bin,10000000000,3,5,128,48,32,0,48,49,48,34,33,16,8,4,28,155,512
tonal_two_bin,10000000000,3,6,128,0,0,0,128,0,8,1,1,8,4,0,0,18,512
tonal_two_bin,10000000000,3,7,128,0,0,0,128,0,8,1,1,4,2,0,0,10,512
tonal_two_bin,10000000000,3,8,128,0,0,0,128,0,9,1,1,2,1,0,0,6,512
tonal_two_bin,10000000000,4,1,128,111,111,94,0,112,111,112,111,128,128,111,0,479,512
tonal_two_bin,10000000000,4,2,128,94,94,60,0,96,94,96,94,128,64,94,0,446,512
tonal_two_bin,10000000000,4,3,128,60,60,48,56,64,60,62,62,64,32,30,30,314,512
tonal_two_bin,10000000000,4,4,128,48,48,40,72,49,48,49,48,32,16,12,36,233,512
tonal_two_bin,10000000000,4,5,128,48,32,0,48,49,48,34,33,16,8,4,28,155,512
tonal_two_bin,10000000000,4,6,128,0,0,0,128,0,8,1,1,8,4,0,0,18,512
tonal_two_bin,10000000000,4,7,128,0,0,0,128,0,8,1,1,4,2,0,0,10,512
tonal_two_bin,10000000000,4,8,128,0,0,0,128,0,9,1,1,2,1,0,0,6,512
tonal_two_bin,10000000000,5,1,128,111,111,94,0,112,111,112,111,128,128,111,0,479,512
tonal_two_bin,10000000000,5,2,128,94,94,60,0,96,94,96,94,128,64,94,0,446,512
tonal_two_bin,10000000000,5,3,128,60,60,48,56,64,60,62,62,64,32,30,30,314,512
tonal_two_bin,10000000000,5,4,128,48,48,40,72,49,48,49,48,32,16,12,36,233,512
tonal_two_bin,10000000000,5,5,128,48,32,0,48,49,48,34,33,16,8,4,28,155,512
tonal_two_bin,10000000000,5,6,128,0,0,0,128,0,8,1,1,8,4,0,0,18,512
tonal_two_bin,10000000000,5,7,128,0,0,0,128,0,8,1,1,4,2,0,0,10,512
tonal_two_bin,10000000000,5,8,128,0,0,0,128,0,9,1,1,2,1,0,0,6,512
tonal_two_bin,10000000000,6,1,128,111,111,94,0,112,111,112,111,128,128,111,0,479,512
tonal_two_bin,10000000000,6,2,128,94,94,60,0,96,94,96,94,128,64,94,0,446,512
tonal_two_bin,10000000000,6,3,128,60,60,48,56,64,60,62,62,64,32,30,30,314,512
tonal_two_bin,10000000000,6,4,128,48,48,40,72,49,48,49,48,32,16,12,36,233,512
tonal_two_bin,10000000000,6,5,128,48,32,0,48,49,48,34,33,16,8,4,28,155,512
tonal_two_bin,10000000000,6,6,128,0,0,0,128,0,8,1,1,8,4,0,0,18,512
tonal_two_bin,10000000000,6,7,128,0,0,0,128,0,8,1,1,4,2,0,0,10,512
tonal_two_bin,10000000000,6,8,128,0,0,0,128,0,9,1,1,2,1,0,0,6,512
tonal_two_bin,10000000000,7,1,128,111,111,94,0,112,111,112,111,128,128,111,0,479,512
tonal_two_bin,10000000000,7,2,128,94,94,60,0,96,94,96,94,128,64,94,0,446,512
tonal_two_bin,10000000000,7,3,128,60,60,48,56,64,60,62,62,64,32,30,30,314,512
tonal_two_bin,10000000000,7,4,128,48,48,40,72,49,48,49,48,32,16,12,36,233,512
tonal_two_bin,10000000000,7,5,128,48,32,0,48,49,48,34,33,16,8,4,28,155,512
tonal_two_bin,10000000000,7,6,128,0,0,0,128,0,8,1,1,8,4,0,0,18,512
tonal_two_bin,10000000000,7,7,128,0,0,0,128,0,8,1,1,4,2,0,0,10,512
tonal_two_bin,10000000000,7,8,128,0,0,0,128,0,9,1,1,2,1,0,0,6,512
tonal_two_bin,10000000000,8,1,128,97,98,67,0,97,98,98,98,128,128,98,0,452,512
tonal_two_bin,10000000000,8,2,128,66,68,16,10,66,68,68,68,128,64,68,0,392,512
tonal_two_bin,10000000000,8,3,128,16,16,12,108,16,20,17,17,64,32,8,8,178,512
tonal_two_bin,10000000000,8,4,128,8,16,0,104,8,16,16,16,32,16,4,12,120,512
tonal_two_bin,10000000000,8,5,128,0,0,0,128,0,16,1,1,16,8,0,0,34,512
tonal_two_bin,10000000000,8,6,128,0,0,0,128,0,8,1,1,8,4,0,0,18,512
tonal_two_bin,10000000000,8,7,128,0,0,0,128,0,8,1,1,4,2,0,0,10,512
tonal_two_bin,10000000000,8,8,128,0,0,0,128,0,8,1,1,2,1,0,0,6,512
tonal_two_bin,100000000000,0,1,128,109,110,91,0,109,110,110,110,128,128,110,0,476,512
tonal_two_bin,100000000000,0,2,128,90,92,54,0,90,92,92,92,128,64,92,0,440,512
tonal_two_bin,100000000000,0,3,128,52,56,28,48,52,56,56,56,64,32,28,28,296,512
tonal_two_bin,100000000000,0,4,128,24,32,0,72,24,32,32,32,32,16,8,24,176,512
tonal_two_bin,100000000000,0,5,128,0,0,0,128,0,16,1,1,16,8,0,0,34,512
tonal_two_bin,100000000000,0,6,128,0,0,0,128,0,8,1,1,8,4,0,0,18,512
tonal_two_bin,100000000000,0,7,128,0,0,0,128,0,8,1,1,4,2,0,0,10,512
tonal_two_bin,100000000000,0,8,128,0,0,0,128,0,9,1,1,2,1,0,0,6,512
tonal_two_bin,100000000000,1,1,128,119,119,110,0,119,119,119,119,128,128,119,0,494,512
tonal_two_bin,100000000000,1,2,128,110,110,92,0,110,110,110,110,128,64,110,0,476,512
tonal_two_bin,100000000000,1,3,128,92,92,80,24,92,92,92,92,64,32,46,46,404,512
tonal_two_bin,100000000000,1,4,128,80,80,72,40,81,80,81,80,32,16,20,60,345,512
tonal_two_bin,100000000000,1,5,128,80,64,16,0,80,80,65,65,16,8,8,56,274,512
tonal_two_bin,100000000000,1,6,128,0,32,0,96,0,8,32,32,8,4,2,30,140,512
tonal_two_bin,100000000000,1,7,128,0,0,0,128,0,16,1,1,4,2,0,0,10,512
tonal_two_bin,100000000000,1,8,128,0,0,0,128,0,9,1,1,2,1,0,0,6,512
tonal_two_bin,100000000000,2,1,128,119,119,110,0,119,119,119,119,128,128,119,0,494,512
tonal_two_bin,100000000000,2,2,128,110,110,92,0,110,110,110,110,128,64,110,0,476,512
tonal_two_bin,100000000000,2,3,128,92,92,80,24,92,92,92,92,64,32,46,46,404,512
tonal_two_bin,100000000000,2,4,128,80,80,72,40,81,80,81,80,32,16,20,60,345,512
tonal_two_bin,100000000000,2,5,128,80,64,16,0,80,80,65,65,16,8,8,56,274,512
tonal_two_bin,100000000000,2,6,128,0,32,0,96,0,8,32,32,8,4,2,30,140,512
tonal_two_bin,100000000000,2,7,128,0,0,0,128,0,16,1,1,4,2,0,0,10,512
tonal_two_bin,100000000000,2,8,128,0,0,0,128,0,9,1,1,2,1,0,0,6,512
tonal_two_bin,100000000000,3,1,128,119,119,110,0,119,119,119,119,128,128,119,0,494,512
tonal_two_bin,100000000000,3,2,128,110,110,92,0,110,110,110,110,128,64,110,0,476,512
tonal_two_bin,100000000000,3,3,128,92,92,80,24,92,92,92,92,64,32,46,46,404,512
tonal_two_bin,100000000000,3,4,128,80,80,72,40,81,80,81,80,32,16,20,60,345,512
tonal_two_bin,100000000000,3,5,128,80,64,16,0,80,80,65,65,16,8,8,56,274,512
tonal_two_bin,100000000000,3,6,128,0,32,0,96,0,8,32,32,8,4,2,30,140,512
tonal_two_bin,100000000000,3,7,128,0,0,0,128,0,16,1,1,4,2,0,0,10,512
tonal_two_bin,100000000000,3,8,128,0,0,0,128,0,9,1,1,2,1,0,0,6,512
tonal_two_bin,100000000000,4,1,128,119,119,110,0,119,119,119,119,128,128,119,0,494,512
tonal_two_bin,100000000000,4,2,128,110,110,92,0,110,110,110,110,128,64,110,0,476,512
tonal_two_bin,100000000000,4,3,128,92,92,80,24,92,92,92,92,64,32,46,46,404,512
tonal_two_bin,100000000000,4,4,128,80,80,72,40,81,80,81,80,32,16,20,60,345,512
tonal_two_bin,100000000000,4,5,128,80,64,16,0,80,80,65,65,16,8,8,56,274,512
tonal_two_bin,100000000000,4,6,128,0,32,0,96,0,8,32,32,8,4,2,30,140,512
tonal_two_bin,100000000000,4,7,128,0,0,0,128,0,16,1,1,4,2,0,0,10,512
tonal_two_bin,100000000000,4,8,128,0,0,0,128,0,9,1,1,2,1,0,0,6,512
tonal_two_bin,100000000000,5,1,128,119,119,110,0,119,119,119,119,128,128,119,0,494,512
tonal_two_bin,100000000000,5,2,128,110,110,92,0,110,110,110,110,128,64,110,0,476,512
tonal_two_bin,100000000000,5,3,128,92,92,80,24,92,92,92,92,64,32,46,46,404,512
tonal_two_bin,100000000000,5,4,128,80,80,72,40,81,80,81,80,32,16,20,60,345,512
tonal_two_bin,100000000000,5,5,128,80,64,16,0,80,80,65,65,16,8,8,56,274,512
tonal_two_bin,100000000000,5,6,128,0,32,0,96,0,8,32,32,8,4,2,30,140,512
tonal_two_bin,100000000000,5,7,128,0,0,0,128,0,16,1,1,4,2,0,0,10,512
tonal_two_bin,100000000000,5,8,128,0,0,0,128,0,9,1,1,2,1,0,0,6,512
tonal_two_bin,100000000000,6,1,128,119,119,110,0,119,119,119,119,128,128,119,0,494,512
tonal_two_bin,100000000000,6,2,128,110,110,92,0,110,110,110,110,128,64,110,0,476,512
tonal_two_bin,100000000000,6,3,128,92,92,80,24,92,92,92,92,64,32,46,46,404,512
tonal_two_bin,100000000000,6,4,128,80,80,72,40,81,80,81,80,32,16,20,60,345,512
tonal_two_bin,100000000000,6,5,128,80,64,16,0,80,80,65,65,16,8,8,56,274,512
tonal_two_bin,100000000000,6,6,128,0,32,0,96,0,8,32,32,8,4,2,30,140,512
tonal_two_bin,100000000000,6,7,128,0,0,0,128,0,16,1,1,4,2,0,0,10,512
tonal_two_bin,100000000000,6,8,128,0,0,0,128,0,9,1,1,2,1,0,0,6,512
tonal_two_bin,100000000000,7,1,128,119,119,110,0,119,119,119,119,128,128,119,0,494,512
tonal_two_bin,100000000000,7,2,128,110,110,92,0,110,110,110,110,128,64,110,0,476,512
tonal_two_bin,100000000000,7,3,128,92,92,80,24,92,92,92,92,64,32,46,46,404,512
tonal_two_bin,100000000000,7,4,128,80,80,72,40,81,80,81,80,32,16,20,60,345,512
tonal_two_bin,100000000000,7,5,128,80,64,16,0,80,80,65,65,16,8,8,56,274,512
tonal_two_bin,100000000000,7,6,128,0,32,0,96,0,8,32,32,8,4,2,30,140,512
tonal_two_bin,100000000000,7,7,128,0,0,0,128,0,16,1,1,4,2,0,0,10,512
tonal_two_bin,100000000000,7,8,128,0,0,0,128,0,9,1,1,2,1,0,0,6,512
tonal_two_bin,100000000000,8,1,128,109,110,91,0,109,110,110,110,128,128,110,0,476,512
tonal_two_bin,100000000000,8,2,128,90,92,54,0,90,92,92,92,128,64,92,0,440,512
tonal_two_bin,100000000000,8,3,128,52,56,28,48,52,56,56,56,64,32,28,28,296,512
tonal_two_bin,100000000000,8,4,128,24,32,0,72,24,32,32,32,32,16,8,24,176,512
tonal_two_bin,100000000000,8,5,128,0,0,0,128,0,16,1,1,16,8,0,0,34,512
tonal_two_bin,100000000000,8,6,128,0,0,0,128,0,8,1,1,8,4,0,0,18,512
tonal_two_bin,100000000000,8,7,128,0,0,0,128,0,9,1,1,4,2,0,0,10,512
tonal_two_bin,100000000000,8,8,128,0,0,0,128,0,8,1,1,2,1,0,0,6,512
tonal_two_bin,1000000000000,0,1,128,117,118,107,0,117,118,118,118,128,128,118,0,492,512
tonal_two_bin,1000000000000,0,2,128,106,108,86,0,106,108,108,108,128,64,108,0,472,512
tonal_two_bin,1000000000000,0,3,128,84,88,60,16,84,88,88,88,64,32,44,44,392,512
tonal_two_bin,1000000000000,0,4,128,56,64,32,40,56,64,64,64,32,16,16,48,288,512
tonal_two_bin,1000000000000,0,5,128,32,32,0,64,32,48,33,33,16,8,4,28,154,512
tonal_two_bin,1000000000000,0,6,128,0,0,0,128,0,8,1,1,8,4,0,0,18,512
tonal_two_bin,1000000000000,0,7,128,0,0,0,128,0,8,1,1,4,2,0,0,10,512
tonal_two_bin,1000000000000,0,8,128,0,0,0,128,0,9,1,1,2,1,0,0,6,512
tonal_two_bin,1000000000000,1,1,128,122,122,116,0,122,122,122,122,128,128,122,0,500,512
tonal_two_bin,1000000000000,1,2,128,116,116,104,0,116,116,116,116,128,64,116,0,488,512
tonal_two_bin,1000000000000,1,3,128,104,104,88,8,104,104,104,104,64,32,52,52,440,512
tonal_two_bin,1000000000000,1,4,128,88,88,88,40,88,88,88,88,32,16,22,66,372,512
tonal_two_bin,1000000000000,1,5,128,96,80,48,0,96,96,81,81,16,8,10,70,334,512
tonal_two_bin,1000000000000,1,6,128,32,64,0,32,32,40,64,64,8,4,4,60,264,512
tonal_two_bin,1000000000000,1,7,128,0,0,0,128,0,16,1,1,4,2,0,0,10,512
tonal_two_bin,1000000000000,1,8,128,0,0,0,128,0,8,1,1,2,1,0,0,6,512
tonal_two_bin,1000000000000,2,1,128,122,122,116,0,122,122,122,122,128,128,122,0,500,512
tonal_two_bin,1000000000000,2,2,128,116,116,104,0,116,116,116,116,128,64,116,0,488,512
tonal_two_bin,1000000000000,2,3,128,104,104,88,8,104,104,104,104,64,32,52,52,440,512
tonal_two_bin,1000000000000,2,4,128,88,88,88,40,88,88,88,88,32,16,22,66,372,512
tonal_two_bin,1000000000000,2,5,128,96,80,48,0,96,96,81,81,16,8,10,70,334,512
tonal_two_bin,1000000000000,2,6,128,32,64,0,32,32,40,64,64,8,4,4,60,264,512
tonal_two_bin,1000000000000,2,7,128,0,0,0,128,0,16,1,1,4,2,0,0,10,512
tonal_two_bin,1000000000000,2,8,128,0,0,0,128,0,8,1,1,2,1,0,0,6,512
tonal_two_bin,1000000000000,3,1,128,122,122,116,0,122,122,122,122,128,128,122,0,500,512
tonal_two_bin,1000000000000,3,2,128,116,116,104,0,116,116,116,116,128,64,116,0,488,512
tonal_two_bin,1000000000000,3,3,128,104,104,88,8,104,104,104,104,64,32,52,52,440,512
tonal_two_bin,1000000000000,3,4,128,88,88,88,40,88,88,88,88,32,16,22,66,372,512
tonal_two_bin,1000000000000,3,5,128,96,80,48,0,96,96,81,81,16,8,10,70,334,512
tonal_two_bin,1000000000000,3,6,128,32,64,0,32,32,40,64,64,8,4,4,60,264,512
tonal_two_bin,1000000000000,3,7,128,0,0,0,128,0,16,1,1,4,2,0,0,10,512
tonal_two_bin,1000000000000,3,8,128,0,0,0,128,0,8,1,1,2,1,0,0,6,512
tonal_two_bin,1000000000000,4,1,128,122,122,116,0,122,122,122,122,128,128,122,0,500,512
tonal_two_bin,1000000000000,4,2,128,116,116,104,0,116,116,116,116,128,64,116,0,488,512
tonal_two_bin,1000000000000,4,3,128,104,104,88,8,104,104,104,104,64,32,52,52,440,512
tonal_two_bin,1000000000000,4,4,128,88,88,88,40,88,88,88,88,32,16,22,66,372,512
tonal_two_bin,1000000000000,4,5,128,96,80,48,0,96,96,81,81,16,8,10,70,334,512
tonal_two_bin,1000000000000,4,6,128,32,64,0,32,32,40,64,64,8,4,4,60,264,512
tonal_two_bin,1000000000000,4,7,128,0,0,0,128,0,16,1,1,4,2,0,0,10,512
tonal_two_bin,1000000000000,4,8,128,0,0,0,128,0,8,1,1,2,1,0,0,6,512
tonal_two_bin,1000000000000,5,1,128,122,122,116,0,122,122,122,122,128,128,122,0,500,512
tonal_two_bin,1000000000000,5,2,128,116,116,104,0,116,116,116,116,128,64,116,0,488,512
tonal_two_bin,1000000000000,5,3,128,104,104,88,8,104,104,104,104,64,32,52,52,440,512
tonal_two_bin,1000000000000,5,4,128,88,88,88,40,88,88,88,88,32,16,22,66,372,512
tonal_two_bin,1000000000000,5,5,128,96,80,48,0,96,96,81,81,16,8,10,70,334,512
tonal_two_bin,1000000000000,5,6,128,32,64,0,32,32,40,64,64,8,4,4,60,264,512
tonal_two_bin,1000000000000,5,7,128,0,0,0,128,0,16,1,1,4,2,0,0,10,512
tonal_two_bin,1000000000000,5,8,128,0,0,0,128,0,8,1,1,2,1,0,0,6,512
tonal_two_bin,1000000000000,6,1,128,122,122,116,0,122,122,122,122,128,128,122,0,500,512
tonal_two_bin,1000000000000,6,2,128,116,116,104,0,116,116,116,116,128,64,116,0,488,512
tonal_two_bin,1000000000000,6,3,128,104,104,88,8,104,104,104,104,64,32,52,52,440,512
tonal_two_bin,1000000000000,6,4,128,88,88,88,40,88,88,88,88,32,16,22,66,372,512
tonal_two_bin,1000000000000,6,5,128,96,80,48,0,96,96,81,81,16,8,10,70,334,512
tonal_two_bin,1000000000000,6,6,128,32,64,0,32,32,40,64,64,8,4,4,60,264,512
tonal_two_bin,1000000000000,6,7,128,0,0,0,128,0,16,1,1,4,2,0,0,10,512
tonal_two_bin,1000000000000,6,8,128,0,0,0,128,0,8,1,1,2,1,0,0,6,512
tonal_two_bin,1000000000000,7,1,128,122,122,116,0,122,122,122,122,128,128,122,0,500,512
tonal_two_bin,1000000000000,7,2,128,116,116,104,0,116,116,116,116,128,64,116,0,488,512
tonal_two_bin,1000000000000,7,3,128,104,104,88,8,104,104,104,104,64,32,52,52,440,512
tonal_two_bin,1000000000000,7,4,128,88,88,88,40,88,88,88,88,32,16,22,66,372,512
tonal_two_bin,1000000000000,7,5,128,96,80,48,0,96,96,81,81,16,8,10,70,334,512
tonal_two_bin,1000000000000,7,6,128,32,64,0,32,32,40,64,64,8,4,4,60,264,512
tonal_two_bin,1000000000000,7,7,128,0,0,0,128,0,16,1,1,4,2,0,0,10,512
tonal_two_bin,1000000000000,7,8,128,0,0,0,128,0,8,1,1,2,1,0,0,6,512
tonal_two_bin,1000000000000,8,1,128,117,118,107,0,117,118,118,118,128,128,118,0,492,512
tonal_two_bin,1000000000000,8,2,128,106,108,86,0,106,108,108,108,128,64,108,0,472,512
tonal_two_bin,1000000000000,8,3,128,84,88,60,16,84,88,88,88,64,32,44,44,392,512
tonal_two_bin,1000000000000,8,4,128,56,64,32,40,56,64,64,64,32,16,16,48,288,512
tonal_two_bin,1000000000000,8,5,128,32,32,0,64,32,48,33,33,16,8,4,28,154,512
tonal_two_bin,1000000000000,8,6,128,0,0,0,128,0,8,1,1,8,4,0,0,18,512
tonal_two_bin,1000000000000,8,7,128,0,0,0,128,0,10,1,1,4,2,0,0,10,512
tonal_two_bin,1000000000000,8,8,128,0,0,0,128,0,9,1,1,2,1,0,0,6,512
tonal_two_bin,10000000000000,0,1,128,124,125,121,0,124,125,125,125,128,128,125,0,506,512
tonal_two_bin,10000000000000,0,2,128,120,122,114,0,120,122,122,122,128,64,122,0,500,512
tonal_two_bin,10000000000000,0,3,128,112,116,100,0,112,116,116,116,64,32,58,58,476,512
tonal_two_bin,10000000000000,0,4,128,96,104,80,8,96,104,104,104,32,16,26,78,428,512
tonal_two_bin,10000000000000,0,5,128,80,80,48,16,80,96,81,81,16,8,10,70,334,512
tonal_two_bin,10000000000000,0,6,128,32,64,0,32,32,40,64,64,8,4,4,60,264,512
tonal_two_bin,10000000000000,0,7,128,0,0,0,128,0,16,1,1,4,2,0,0,10,512
tonal_two_bin,10000000000000,0,8,128,0,0,0,128,0,8,1,1,2,1,0,0,6,512
tonal_two_bin,10000000000000,1,1,128,124,124,120,0,124,124,124,124,128,128,124,0,504,512
tonal_two_bin,10000000000000,1,2,128,120,120,112,0,120,120,120,120,128,64,120,0,496,512
tonal_two_bin,10000000000000,1,3,128,112,112,96,0,112,112,112,112,64,32,56,56,464,512
tonal_two_bin,10000000000000,1,4,128,96,96,88,24,96,96,96,96,32,16,24,72,400,512
tonal_two_bin,10000000000000,1,5,128,96,80,48,0,96,96,81,81,16,8,10,70,334,512
tonal_two_bin,10000000000000,1,6,128,32,64,0,32,32,40,64,64,8,4,4,60,264,512
tonal_two_bin,10000000000000,1,7,128,0,0,0,128,0,16,1,1,4,2,0,0,10,512
tonal_two_bin,10000000000000,1,8,128,0,0,0,128,0,8,1,1,2,1,0,0,6,512
tonal_two_bin,10000000000000,2,1,128,124,124,120,0,124,124,124,124,128,128,124,0,504,512
tonal_two_bin,10000000000000,2,2,128,120,120,112,0,120,120,120,120,128,64,120,0,496,512
tonal_two_bin,10000000000000,2,3,128,112,112,96,0,112,112,112,112,64,32,56,56,464,512
tonal_two_bin,10000000000000,2,4,128,96,96,88,24,96,96,96,96,32,16,24,72,400,512
tonal_two_bin,10000000000000,2,5,128,96,80,48,0,96,96,81,81,16,8,10,70,334,512
tonal_two_bin,10000000000000,2,6,128,32,64,0,32,32,40,64,64,8,4,4,60,264,512
tonal_two_bin,10000000000000,2,7,128,0,0,0,128,0,16,1,1,4,2,0,0,10,512
tonal_two_bin,10000000000000,2,8,128,0,0,0,128,0,8,1,1,2,1,0,0,6,512
tonal_two_bin,10000000000000,3,1,128,124,124,120,0,124,124,124,124,128,128,124,0,504,512
tonal_two_bin,10000000000000,3,2,128,120,120,112,0,120,120,120,120,128,64,120,0,496,512
tonal_two_bin,10000000000000,3,3,128,112,112,96,0,112,112,112,112,64,32,56,56,464,512
tonal_two_bin,10000000000000,3,4,128,96,96,88,24,96,96,96,96,32,16,24,72,400,512
tonal_two_bin,10000000000000,3,5,128,96,80,48,0,96,96,81,81,16,8,10,70,334,512
tonal_two_bin,10000000000000,3,6,128,32,64,0,32,32,40,64,64,8,4,4,60,264,512
tonal_two_bin,10000000000000,3,7,128,0,0,0,128,0,16,1,1,4,2,0,0,10,512
tonal_two_bin,10000000000000,3,8,128,0,0,0,128,0,8,1,1,2,1,0,0,6,512
tonal_two_bin,10000000000000,4,1,128,124,124,120,0,124,124,124,124,128,128,124,0,504,512
tonal_two_bin,10000000000000,4,2,128,120,120,112,0,120,120,120,120,128,64,120,0,496,512
tonal_two_bin,10000000000000,4,3,128,112,112,96,0,112,112,112,112,64,32,56,56,464,512
tonal_two_bin,10000000000000,4,4,128,96,96,88,24,96,96,96,96,32,16,24,72,400,512
tonal_two_bin,10000000000000,4,5,128,96,80,48,0,96,96,81,81,16,8,10,70,334,512
tonal_two_bin,10000000000000,4,6,128,32,64,0,32,32,40,64,64,8,4,4,60,264,512
tonal_two_bin,10000000000000,4,7,128,0,0,0,128,0,16,1,1,4,2,0,0,10,512
tonal_two_bin,10000000000000,4,8,128,0,0,0,128,0,8,1,1,2,1,0,0,6,512
tonal_two_bin,10000000000000,5,1,128,124,124,120,0,124,124,124,124,128,128,124,0,504,512
tonal_two_bin,10000000000000,5,2,128,120,120,112,0,120,120,120,120,128,64,120,0,496,512
tonal_two_bin,10000000000000,5,3,128,112,112,96,0,112,112,112,112,64,32,56,56,464,512
tonal_two_bin,10000000000000,5,4,128,96,96,88,24,96,96,96,96,32,16,24,72,400,512
tonal_two_bin,10000000000000,5,5,128,96,80,48,0,96,96,81,81,16,8,10,70,334,512
tonal_two_bin,10000000000000,5,6,128,32,64,0,32,32,40,64,64,8,4,4,60,264,512
tonal_two_bin,10000000000000,5,7,128,0,0,0,128,0,16,1,1,4,2,0,0,10,512
tonal_two_bin,10000000000000,5,8,128,0,0,0,128,0,8,1,1,2,1,0,0,6,512
tonal_two_bin,10000000000000,6,1,128,124,124,120,0,124,124,124,124,128,128,124,0,504,512
tonal_two_bin,10000000000000,6,2,128,120,120,112,0,120,120,120,120,128,64,120,0,496,512
tonal_two_bin,10000000000000,6,3,128,112,112,96,0,112,112,112,112,64,32,56,56,464,512
tonal_two_bin,10000000000000,6,4,128,96,96,88,24,96,96,96,96,32,16,24,72,400,512
tonal_two_bin,10000000000000,6,5,128,96,80,48,0,96,96,81,81,16,8,10,70,334,512
tonal_two_bin,10000000000000,6,6,128,32,64,0,32,32,40,64,64,8,4,4,60,264,512
tonal_two_bin,10000000000000,6,7,128,0,0,0,128,0,16,1,1,4,2,0,0,10,512
tonal_two_bin,10000000000000,6,8,128,0,0,0,128,0,8,1,1,2,1,0,0,6,512
tonal_two_bin,10000000000000,7,1,128,124,124,120,0,124,124,124,124,128,128,124,0,504,512
tonal_two_bin,10000000000000,7,2,128,120,120,112,0,120,120,120,120,128,64,120,0,496,512
tonal_two_bin,10000000000000,7,3,128,112,112,96,0,112,112,112,112,64,32,56,56,464,512
tonal_two_bin,10000000000000,7,4,128,96,96,88,24,96,96,96,96,32,16,24,72,400,512
tonal_two_bin,10000000000000,7,5,128,96,80,48,0,96,96,81,81,16,8,10,70,334,512
tonal_two_bin,10000000000000,7,6,128,32,64,0,32,32,40,64,64,8,4,4,60,264,512
tonal_two_bin,10000000000000,7,7,128,0,0,0,128,0,16,1,1,4,2,0,0,10,512
tonal_two_bin,10000000000000,7,8,128,0,0,0,128,0,8,1,1,2,1,0,0,6,512
tonal_two_bin,10000000000000,8,1,128,124,125,121,0,124,125,125,125,128,128,125,0,506,512
tonal_two_bin,10000000000000,8,2,128,120,122,114,0,120,122,122,122,128,64,122,0,500,512
tonal_two_bin,10000000000000,8,3,128,112,116,100,0,112,116,116,116,64,32,58,58,476,512
tonal_two_bin,10000000000000,8,4,128,96,104,80,8,96,104,104,104,32,16,26,78,428,512
tonal_two_bin,10000000000000,8,5,128,80,80,48,16,80,96,81,81,16,8,10,70,334,512
tonal_two_bin,10000000000000,8,6,128,32,64,0,32,32,40,64,64,8,4,4,60,264,512
tonal_two_bin,10000000000000,8,7,128,0,0,0,128,0,16,1,1,4,2,0,0,10,512
tonal_two_bin,10000000000000,8,8,128,0,0,0,128,0,8,1,1,2,1,0,0,6,512
tonal_two_bin,72057594037927935,0,1,128,127,128,127,0,127,128,128,128,128,128,128,0,512,512
tonal_two_bin,72057594037927935,0,2,128,126,128,126,0,126,128,128,128,128,64,128,0,512,512
tonal_two_bin,72057594037927935,0,3,128,124,128,124,0,124,128,128,128,64,32,64,64,512,512
tonal_two_bin,72057594037927935,0,4,128,120,128,120,0,120,128,128,128,32,16,32,96,512,512
tonal_two_bin,72057594037927935,0,5,128,112,128,112,0,112,128,128,128,16,8,16,112,512,512
tonal_two_bin,72057594037927935,0,6,128,96,128,96,0,96,128,128,128,8,4,8,120,512,512
tonal_two_bin,72057594037927935,0,7,128,64,128,64,0,64,128,128,128,4,2,4,124,512,512
tonal_two_bin,72057594037927935,0,8,128,0,128,0,0,0,128,128,128,2,1,2,126,512,512
tonal_two_bin,72057594037927935,1,1,128,128,128,128,0,128,128,128,128,128,128,128,0,512,512
tonal_two_bin,72057594037927935,1,2,128,128,128,128,0,128,128,128,128,128,64,128,0,512,512
tonal_two_bin,72057594037927935,1,3,128,128,128,128,0,128,128,128,128,64,32,64,64,512,512
tonal_two_bin,72057594037927935,1,4,128,128,128,128,0,128,128,128,128,32,16,32,96,512,512
tonal_two_bin,72057594037927935,1,5,128,128,128,128,0,128,128,128,128,16,8,16,112,512,512
tonal_two_bin,72057594037927935,1,6,128,128,128,128,0,128,128,128,128,8,4,8,120,512,512
tonal_two_bin,72057594037927935,1,7,128,128,128,128,0,128,128,128,128,4,2,4,124,512,512
tonal_two_bin,72057594037927935,1,8,128,128,128,128,0,128,128,128,128,2,1,2,126,512,512
tonal_two_bin,72057594037927935,2,1,128,128,128,128,0,128,128,128,128,128,128,128,0,512,512
tonal_two_bin,72057594037927935,2,2,128,128,128,128,0,128,128,128,128,128,64,128,0,512,512
tonal_two_bin,72057594037927935,2,3,128,128,128,128,0,128,128,128,128,64,32,64,64,512,512
tonal_two_bin,72057594037927935,2,4,128,128,128,128,0,128,128,128,128,32,16,32,96,512,512
tonal_two_bin,72057594037927935,2,5,128,128,128,128,0,128,128,128,128,16,8,16,112,512,512
tonal_two_bin,72057594037927935,2,6,128,128,128,128,0,128,128,128,128,8,4,8,120,512,512
tonal_two_bin,72057594037927935,2,7,128,128,128,128,0,128,128,128,128,4,2,4,124,512,512
tonal_two_bin,72057594037927935,2,8,128,128,128,128,0,128,128,128,128,2,1,2,126,512,512
tonal_two_bin,72057594037927935,3,1,128,128,128,128,0,128,128,128,128,128,128,128,0,512,512
tonal_two_bin,72057594037927935,3,2,128,128,128,128,0,128,128,128,128,128,64,128,0,512,512
tonal_two_bin,72057594037927935,3,3,128,128,128,128,0,128,128,128,128,64,32,64,64,512,512
tonal_two_bin,72057594037927935,3,4,128,128,128,128,0,128,128,128,128,32,16,32,96,512,512
tonal_two_bin,72057594037927935,3,5,128,128,128,128,0,128,128,128,128,16,8,16,112,512,512
tonal_two_bin,72057594037927935,3,6,128,128,128,128,0,128,128,128,128,8,4,8,120,512,512
tonal_two_bin,72057594037927935,3,7,128,128,128,128,0,128,128,128,128,4,2,4,124,512,512
tonal_two_bin,72057594037927935,3,8,128,128,128,128,0,128,128,128,128,2,1,2,126,512,512
tonal_two_bin,72057594037927935,4,1,128,128,128,128,0,128,128,128,128,128,128,128,0,512,512
tonal_two_bin,72057594037927935,4,2,128,128,128,128,0,128,128,128,128,128,64,128,0,512,512
tonal_two_bin,72057594037927935,4,3,128,128,128,128,0,128,128,128,128,64,32,64,64,512,512
tonal_two_bin,72057594037927935,4,4,128,128,128,128,0,128,128,128,128,32,16,32,96,512,512
tonal_two_bin,72057594037927935,4,5,128,128,128,128,0,128,128,128,128,16,8,16,112,512,512
tonal_two_bin,72057594037927935,4,6,128,128,128,128,0,128,128,128,128,8,4,8,120,512,512
tonal_two_bin,72057594037927935,4,7,128,128,128,128,0,128,128,128,128,4,2,4,124,512,512
tonal_two_bin,72057594037927935,4,8,128,128,128,128,0,128,128,128,128,2,1,2,126,512,512
tonal_two_bin,72057594037927935,5,1,128,128,128,128,0,128,128,128,128,128,128,128,0,512,512
tonal_two_bin,72057594037927935,5,2,128,128,128,128,0,128,128,128,128,128,64,128,0,512,512
tonal_two_bin,72057594037927935,5,3,128,128,128,128,0,128,128,128,128,64,32,64,64,512,512
tonal_two_bin,72057594037927935,5,4,128,128,128,128,0,128,128,128,128,32,16,32,96,512,512
tonal_two_bin,72057594037927935,5,5,128,128,128,128,0,128,128,128,128,16,8,16,112,512,512
tonal_two_bin,72057594037927935,5,6,128,128,128,128,0,128,128,128,128,8,4,8,120,512,512
tonal_two_bin,72057594037927935,5,7,128,128,128,128,0,128,128,128,128,4,2,4,124,512,512
tonal_two_bin,72057594037927935,5,8,128,128,128,128,0,128,128,128,128,2,1,2,126,512,512
tonal_two_bin,72057594037927935,6,1,128,128,128,128,0,128,128,128,128,128,128,128,0,512,512
tonal_two_bin,72057594037927935,6,2,128,128,128,128,0,128,128,128,128,128,64,128,0,512,512
tonal_two_bin,72057594037927935,6,3,128,128,128,128,0,128,128,128,128,64,32,64,64,512,512
tonal_two_bin,72057594037927935,6,4,128,128,128,128,0,128,128,128,128,32,16,32,96,512,512
tonal_two_bin,72057594037927935,6,5,128,128,128,128,0,128,128,128,128,16,8,16,112,512,512
tonal_two_bin,72057594037927935,6,6,128,128,128,128,0,128,128,128,128,8,4,8,120,512,512
tonal_two_bin,72057594037927935,6,7,128,128,128,128,0,128,128,128,128,4,2,4,124,512,512
tonal_two_bin,72057594037927935,6,8,128,128,128,128,0,128,128,128,128,2,1,2,126,512,512
tonal_two_bin,72057594037927935,7,1,128,128,128,128,0,128,128,128,128,128,128,128,0,512,512
tonal_two_bin,72057594037927935,7,2,128,128,128,128,0,128,128,128,128,128,64,128,0,512,512
tonal_two_bin,72057594037927935,7,3,128,128,128,128,0,128,128,128,128,64,32,64,64,512,512
tonal_two_bin,72057594037927935,7,4,128,128,128,128,0,128,128,128,128,32,16,32,96,512,512
tonal_two_bin,72057594037927935,7,5,128,128,128,128,0,128,128,128,128,16,8,16,112,512,512
tonal_two_bin,72057594037927935,7,6,128,128,128,128,0,128,128,128,128,8,4,8,120,512,512
tonal_two_bin,72057594037927935,7,7,128,128,128,128,0,128,128,128,128,4,2,4,124,512,512
tonal_two_bin,72057594037927935,7,8,128,128,128,128,0,128,128,128,128,2,1,2,126,512,512
tonal_two_bin,72057594037927935,8,1,128,127,128,127,0,127,128,128,128,128,128,128,0,512,512
tonal_two_bin,72057594037927935,8,2,128,126,128,126,0,126,128,128,128,128,64,128,0,512,512
tonal_two_bin,72057594037927935,8,3,128,124,128,124,0,124,128,128,128,64,32,64,64,512,512
tonal_two_bin,72057594037927935,8,4,128,120,128,120,0,120,128,128,128,32,16,32,96,512,512
tonal_two_bin,72057594037927935,8,5,128,112,128,112,0,112,128,128,128,16,8,16,112,512,512
tonal_two_bin,72057594037927935,8,6,128,96,128,96,0,96,128,128,128,8,4,8,120,512,512
tonal_two_bin,72057594037927935,8,7,128,64,128,64,0,64,128,128,128,4,2,4,124,512,512
tonal_two_bin,72057594037927935,8,8,128,0,128,0,0,0,128,128,128,2,1,2,126,512,512
broadband_xorshift,0,0,1,128,0,0,0,128,0,1,0,1,128,128,0,0,257,512
broadband_xorshift,0,0,2,128,0,0,0,128,0,2,1,1,128,64,0,0,258,512
broadband_xorshift,0,0,3,128,0,0,0,128,0,4,1,1,64,32,0,0,130,512
broadband_xorshift,0,0,4,128,0,0,0,128,0,8,1,1,32,16,0,0,66,512
broadband_xorshift,0,0,5,128,0,0,0,128,0,8,1,1,16,8,0,0,34,512
broadband_xorshift,0,0,6,128,0,0,0,128,0,8,1,1,8,4,0,0,18,512
broadband_xorshift,0,0,7,128,0,0,0,128,0,8,1,1,4,2,0,0,10,512
broadband_xorshift,0,0,8,128,0,0,0,128,0,9,1,1,2,1,0,0,6,512
broadband_xorshift,0,1,1,128,0,0,0,128,0,1,0,1,128,128,0,0,257,512
broadband_xorshift,0,1,2,128,0,0,0,128,0,2,1,1,128,64,0,0,258,512
broadband_xorshift,0,1,3,128,0,0,0,128,0,4,1,1,64,32,0,0,130,512
broadband_xorshift,0,1,4,128,0,0,0,128,0,8,1,1,32,16,0,0,66,512
broadband_xorshift,0,1,5,128,0,0,0,128,0,8,1,1,16,8,0,0,34,512
broadband_xorshift,0,1,6,128,0,0,0,128,0,8,1,1,8,4,0,0,18,512
broadband_xorshift,0,1,7,128,0,0,0,128,0,8,1,1,4,2,0,0,10,512
broadband_xorshift,0,1,8,128,0,0,0,128,0,8,1,1,2,1,0,0,6,512
broadband_xorshift,0,2,1,128,0,0,0,128,0,1,0,1,128,128,0,0,257,512
broadband_xorshift,0,2,2,128,0,0,0,128,0,2,1,1,128,64,0,0,258,512
broadband_xorshift,0,2,3,128,0,0,0,128,0,4,1,1,64,32,0,0,130,512
broadband_xorshift,0,2,4,128,0,0,0,128,0,8,1,1,32,16,0,0,66,512
broadband_xorshift,0,2,5,128,0,0,0,128,0,8,1,1,16,8,0,0,34,512
broadband_xorshift,0,2,6,128,0,0,0,128,0,8,1,1,8,4,0,0,18,512
broadband_xorshift,0,2,7,128,0,0,0,128,0,8,1,1,4,2,0,0,10,512
broadband_xorshift,0,2,8,128,0,0,0,128,0,9,1,1,2,1,0,0,6,512
broadband_xorshift,0,3,1,128,0,0,0,128,0,1,0,1,128,128,0,0,257,512
broadband_xorshift,0,3,2,128,0,0,0,128,0,2,1,1,128,64,0,0,258,512
broadband_xorshift,0,3,3,128,0,0,0,128,0,4,1,1,64,32,0,0,130,512
broadband_xorshift,0,3,4,128,0,0,0,128,0,8,1,1,32,16,0,0,66,512
broadband_xorshift,0,3,5,128,0,0,0,128,0,8,1,1,16,8,0,0,34,512
broadband_xorshift,0,3,6,128,0,0,0,128,0,8,1,1,8,4,0,0,18,512
broadband_xorshift,0,3,7,128,0,0,0,128,0,8,1,1,4,2,0,0,10,512
broadband_xorshift,0,3,8,128,0,0,0,128,0,8,1,1,2,1,0,0,6,512
broadband_xorshift,0,4,1,128,0,0,0,128,0,1,0,1,128,128,0,0,257,512
broadband_xorshift,0,4,2,128,0,0,0,128,0,2,1,1,128,64,0,0,258,512
broadband_xorshift,0,4,3,128,0,0,0,128,0,4,1,1,64,32,0,0,130,512
broadband_xorshift,0,4,4,128,0,0,0,128,0,8,1,1,32,16,0,0,66,512
broadband_xorshift,0,4,5,128,0,0,0,128,0,8,1,1,16,8,0,0,34,512
broadband_xorshift,0,4,6,128,0,0,0,128,0,8,1,1,8,4,0,0,18,512
broadband_xorshift,0,4,7,128,0,0,0,128,0,8,1,1,4,2,0,0,10,512
broadband_xorshift,0,4,8,128,0,0,0,128,0,8,1,1,2,1,0,0,6,512
broadband_xorshift,0,5,1,128,0,0,0,128,0,1,0,1,128,128,0,0,257,512
broadband_xorshift,0,5,2,128,0,0,0,128,0,2,1,1,128,64,0,0,258,512
broadband_xorshift,0,5,3,128,0,0,0,128,0,4,1,1,64,32,0,0,130,512
broadband_xorshift,0,5,4,128,0,0,0,128,0,8,1,1,32,16,0,0,66,512
broadband_xorshift,0,5,5,128,0,0,0,128,0,8,1,1,16,8,0,0,34,512
broadband_xorshift,0,5,6,128,0,0,0,128,0,8,1,1,8,4,0,0,18,512
broadband_xorshift,0,5,7,128,0,0,0,128,0,9,1,1,4,2,0,0,10,512
broadband_xorshift,0,5,8,128,0,0,0,128,0,9,1,1,2,1,0,0,6,512
broadband_xorshift,0,6,1,128,0,0,0,128,0,1,0,1,128,128,0,0,257,512
broadband_xorshift,0,6,2,128,0,0,0,128,0,2,1,1,128,64,0,0,258,512
broadband_xorshift,0,6,3,128,0,0,0,128,0,4,1,1,64,32,0,0,130,512
broadband_xorshift,0,6,4,128,0,0,0,128,0,8,1,1,32,16,0,0,66,512
broadband_xorshift,0,6,5,128,0,0,0,128,0,8,1,1,16,8,0,0,34,512
broadband_xorshift,0,6,6,128,0,0,0,128,0,8,1,1,8,4,0,0,18,512
broadband_xorshift,0,6,7,128,0,0,0,128,0,8,1,1,4,2,0,0,10,512
broadband_xorshift,0,6,8,128,0,0,0,128,0,8,1,1,2,1,0,0,6,512
broadband_xorshift,0,7,1,128,0,0,0,128,0,1,0,1,128,128,0,0,257,512
broadband_xorshift,0,7,2,128,0,0,0,128,0,2,1,1,128,64,0,0,258,512
broadband_xorshift,0,7,3,128,0,0,0,128,0,4,1,1,64,32,0,0,130,512
broadband_xorshift,0,7,4,128,0,0,0,128,0,8,1,1,32,16,0,0,66,512
broadband_xorshift,0,7,5,128,0,0,0,128,0,8,1,1,16,8,0,0,34,512
broadband_xorshift,0,7,6,128,0,0,0,128,0,8,1,1,8,4,0,0,18,512
broadband_xorshift,0,7,7,128,0,0,0,128,0,10,1,1,4,2,0,0,10,512
broadband_xorshift,0,7,8,128,0,0,0,128,0,9,1,1,2,1,0,0,6,512
broadband_xorshift,0,8,1,128,0,0,0,128,0,1,0,1,128,128,0,0,257,512
broadband_xorshift,0,8,2,128,0,0,0,128,0,2,1,1,128,64,0,0,258,512
broadband_xorshift,0,8,3,128,0,0,0,128,0,4,1,1,64,32,0,0,130,512
broadband_xorshift,0,8,4,128,0,0,0,128,0,8,1,1,32,16,0,0,66,512
broadband_xorshift,0,8,5,128,0,0,0,128,0,8,1,1,16,8,0,0,34,512
broadband_xorshift,0,8,6,128,0,0,0,128,0,8,1,1,8,4,0,0,18,512
broadband_xorshift,0,8,7,128,0,0,0,128,0,8,1,1,4,2,0,0,10,512
broadband_xorshift,0,8,8,128,0,0,0,128,0,8,1,1,2,1,0,0,6,512
broadband_xorshift,100000000,0,1,128,0,0,0,128,0,1,0,1,128,128,0,0,257,512
broadband_xorshift,100000000,0,2,128,0,0,0,128,0,2,1,1,128,64,0,0,258,512
broadband_xorshift,100000000,0,3,128,0,0,0,128,0,4,1,1,64,32,0,0,130,512
broadband_xorshift,100000000,0,4,128,0,0,0,128,0,8,1,1,32,16,0,0,66,512
broadband_xorshift,100000000,0,5,128,0,0,0,128,0,8,1,1,16,8,0,0,34,512
broadband_xorshift,100000000,0,6,128,0,0,0,128,0,8,1,1,8,4,0,0,18,512
broadband_xorshift,100000000,0,7,128,0,0,0,128,0,8,1,1,4,2,0,0,10,512
broadband_xorshift,100000000,0,8,128,0,0,0,128,0,9,1,1,2,1,0,0,6,512
broadband_xorshift,100000000,1,1,128,0,0,0,128,0,1,0,1,128,128,0,0,257,512
broadband_xorshift,100000000,1,2,128,0,0,0,128,0,2,1,1,128,64,0,0,258,512
broadband_xorshift,100000000,1,3,128,0,0,0,128,0,4,1,1,64,32,0,0,130,512
broadband_xorshift,100000000,1,4,128,0,0,0,128,0,8,1,1,32,16,0,0,66,512
broadband_xorshift,100000000,1,5,128,0,0,0,128,0,8,1,1,16,8,0,0,34,512
broadband_xorshift,100000000,1,6,128,0,0,0,128,0,8,1,1,8,4,0,0,18,512
broadband_xorshift,100000000,1,7,128,0,0,0,128,0,8,1,1,4,2,0,0,10,512
broadband_xorshift,100000000,1,8,128,0,0,0,128,0,8,1,1,2,1,0,0,6,512
broadband_xorshift,100000000,2,1,128,0,0,0,128,0,1,0,1,128,128,0,0,257,512
broadband_xorshift,100000000,2,2,128,0,0,0,128,0,2,1,1,128,64,0,0,258,512
broadband_xorshift,100000000,2,3,128,0,0,0,128,0,4,1,1,64,32,0,0,130,512
broadband_xorshift,100000000,2,4,128,0,0,0,128,0,8,1,1,32,16,0,0,66,512
broadband_xorshift,100000000,2,5,128,0,0,0,128,0,8,1,1,16,8,0,0,34,512
broadband_xorshift,100000000,2,6,128,0,0,0,128,0,8,1,1,8,4,0,0,18,512
broadband_xorshift,100000000,2,7,128,0,0,0,128,0,8,1,1,4,2,0,0,10,512
broadband_xorshift,100000000,2,8,128,0,0,0,128,0,9,1,1,2,1,0,0,6,512
broadband_xorshift,100000000,3,1,128,0,0,0,128,0,1,0,1,128,128,0,0,257,512
broadband_xorshift,100000000,3,2,128,0,0,0,128,0,2,1,1,128,64,0,0,258,512
broadband_xorshift,100000000,3,3,128,0,0,0,128,0,4,1,1,64,32,0,0,130,512
broadband_xorshift,100000000,3,4,128,0,0,0,128,0,8,1,1,32,16,0,0,66,512
broadband_xorshift,100000000,3,5,128,0,0,0,128,0,8,1,1,16,8,0,0,34,512
broadband_xorshift,100000000,3,6,128,0,0,0,128,0,8,1,1,8,4,0,0,18,512
broadband_xorshift,100000000,3,7,128,0,0,0,128,0,8,1,1,4,2,0,0,10,512
broadband_xorshift,100000000,3,8,128,0,0,0,128,0,8,1,1,2,1,0,0,6,512
broadband_xorshift,100000000,4,1,128,0,0,0,128,0,1,0,1,128,128,0,0,257,512
broadband_xorshift,100000000,4,2,128,0,0,0,128,0,2,1,1,128,64,0,0,258,512
broadband_xorshift,100000000,4,3,128,0,0,0,128,0,4,1,1,64,32,0,0,130,512
broadband_xorshift,100000000,4,4,128,0,0,0,128,0,8,1,1,32,16,0,0,66,512
broadband_xorshift,100000000,4,5,128,0,0,0,128,0,8,1,1,16,8,0,0,34,512
broadband_xorshift,100000000,4,6,128,0,0,0,128,0,8,1,1,8,4,0,0,18,512
broadband_xorshift,100000000,4,7,128,0,0,0,128,0,8,1,1,4,2,0,0,10,512
broadband_xorshift,100000000,4,8,128,0,0,0,128,0,8,1,1,2,1,0,0,6,512
broadband_xorshift,100000000,5,1,128,0,0,0,128,0,1,0,1,128,128,0,0,257,512
broadband_xorshift,100000000,5,2,128,0,0,0,128,0,2,1,1,128,64,0,0,258,512
broadband_xorshift,100000000,5,3,128,0,0,0,128,0,4,1,1,64,32,0,0,130,512
broadband_xorshift,100000000,5,4,128,0,0,0,128,0,8,1,1,32,16,0,0,66,512
broadband_xorshift,100000000,5,5,128,0,0,0,128,0,8,1,1,16,8,0,0,34,512
broadband_xorshift,100000000,5,6,128,0,0,0,128,0,8,1,1,8,4,0,0,18,512
broadband_xorshift,100000000,5,7,128,0,0,0,128,0,9,1,1,4,2,0,0,10,512
broadband_xorshift,100000000,5,8,128,0,0,0,128,0,9,1,1,2,1,0,0,6,512
broadband_xorshift,100000000,6,1,128,0,0,0,128,0,1,0,1,128,128,0,0,257,512
broadband_xorshift,100000000,6,2,128,0,0,0,128,0,2,1,1,128,64,0,0,258,512
broadband_xorshift,100000000,6,3,128,0,0,0,128,0,4,1,1,64,32,0,0,130,512
broadband_xorshift,100000000,6,4,128,0,0,0,128,0,8,1,1,32,16,0,0,66,512
broadband_xorshift,100000000,6,5,128,0,0,0,128,0,8,1,1,16,8,0,0,34,512
broadband_xorshift,100000000,6,6,128,0,0,0,128,0,8,1,1,8,4,0,0,18,512
broadband_xorshift,100000000,6,7,128,0,0,0,128,0,8,1,1,4,2,0,0,10,512
broadband_xorshift,100000000,6,8,128,0,0,0,128,0,8,1,1,2,1,0,0,6,512
broadband_xorshift,100000000,7,1,128,0,0,0,128,0,1,0,1,128,128,0,0,257,512
broadband_xorshift,100000000,7,2,128,0,0,0,128,0,2,1,1,128,64,0,0,258,512
broadband_xorshift,100000000,7,3,128,0,0,0,128,0,4,1,1,64,32,0,0,130,512
broadband_xorshift,100000000,7,4,128,0,0,0,128,0,8,1,1,32,16,0,0,66,512
broadband_xorshift,100000000,7,5,128,0,0,0,128,0,8,1,1,16,8,0,0,34,512
broadband_xorshift,100000000,7,6,128,0,0,0,128,0,8,1,1,8,4,0,0,18,512
broadband_xorshift,100000000,7,7,128,0,0,0,128,0,10,1,1,4,2,0,0,10,512
broadband_xorshift,100000000,7,8,128,0,0,0,128,0,9,1,1,2,1,0,0,6,512
broadband_xorshift,100000000,8,1,128,0,0,0,128,0,1,0,1,128,128,0,0,257,512
broadband_xorshift,100000000,8,2,128,0,0,0,128,0,2,1,1,128,64,0,0,258,512
broadband_xorshift,100000000,8,3,128,0,0,0,128,0,4,1,1,64,32,0,0,130,512
broadband_xorshift,100000000,8,4,128,0,0,0,128,0,8,1,1,32,16,0,0,66,512
broadband_xorshift,100000000,8,5,128,0,0,0,128,0,8,1,1,16,8,0,0,34,512
broadband_xorshift,100000000,8,6,128,0,0,0,128,0,8,1,1,8,4,0,0,18,512
broadband_xorshift,100000000,8,7,128,0,0,0,128,0,8,1,1,4,2,0,0,10,512
broadband_xorshift,100000000,8,8,128,0,0,0,128,0,8,1,1,2,1,0,0,6,512
broadband_xorshift,1000000000,0,1,128,0,0,0,128,0,1,0,1,128,128,0,0,257,512
broadband_xorshift,1000000000,0,2,128,0,0,0,128,0,2,1,1,128,64,0,0,258,512
broadband_xorshift,1000000000,0,3,128,0,0,0,128,0,4,1,1,64,32,0,0,130,512
broadband_xorshift,1000000000,0,4,128,0,0,0,128,0,8,1,1,32,16,0,0,66,512
broadband_xorshift,1000000000,0,5,128,0,0,0,128,0,8,1,1,16,8,0,0,34,512
broadband_xorshift,1000000000,0,6,128,0,0,0,128,0,8,1,1,8,4,0,0,18,512
broadband_xorshift,1000000000,0,7,128,0,0,0,128,0,8,1,1,4,2,0,0,10,512
broadband_xorshift,1000000000,0,8,128,0,0,0,128,0,9,1,1,2,1,0,0,6,512
broadband_xorshift,1000000000,1,1,128,0,0,0,128,0,1,0,1,128,128,0,0,257,512
broadband_xorshift,1000000000,1,2,128,0,0,0,128,0,2,1,1,128,64,0,0,258,512
broadband_xorshift,1000000000,1,3,128,0,0,0,128,0,4,1,1,64,32,0,0,130,512
broadband_xorshift,1000000000,1,4,128,0,0,0,128,0,8,1,1,32,16,0,0,66,512
broadband_xorshift,1000000000,1,5,128,0,0,0,128,0,8,1,1,16,8,0,0,34,512
broadband_xorshift,1000000000,1,6,128,0,0,0,128,0,8,1,1,8,4,0,0,18,512
broadband_xorshift,1000000000,1,7,128,0,0,0,128,0,8,1,1,4,2,0,0,10,512
broadband_xorshift,1000000000,1,8,128,0,0,0,128,0,8,1,1,2,1,0,0,6,512
broadband_xorshift,1000000000,2,1,128,0,0,0,128,0,1,0,1,128,128,0,0,257,512
broadband_xorshift,1000000000,2,2,128,0,0,0,128,0,2,1,1,128,64,0,0,258,512
broadband_xorshift,1000000000,2,3,128,0,0,0,128,0,4,1,1,64,32,0,0,130,512
broadband_xorshift,1000000000,2,4,128,0,0,0,128,0,8,1,1,32,16,0,0,66,512
broadband_xorshift,1000000000,2,5,128,0,0,0,128,0,8,1,1,16,8,0,0,34,512
broadband_xorshift,1000000000,2,6,128,0,0,0,128,0,8,1,1,8,4,0,0,18,512
broadband_xorshift,1000000000,2,7,128,0,0,0,128,0,8,1,1,4,2,0,0,10,512
broadband_xorshift,1000000000,2,8,128,0,0,0,128,0,9,1,1,2,1,0,0,6,512
broadband_xorshift,1000000000,3,1,128,0,0,0,128,0,1,0,1,128,128,0,0,257,512
broadband_xorshift,1000000000,3,2,128,0,0,0,128,0,2,1,1,128,64,0,0,258,512
broadband_xorshift,1000000000,3,3,128,0,0,0,128,0,4,1,1,64,32,0,0,130,512
broadband_xorshift,1000000000,3,4,128,0,0,0,128,0,8,1,1,32,16,0,0,66,512
broadband_xorshift,1000000000,3,5,128,0,0,0,128,0,8,1,1,16,8,0,0,34,512
broadband_xorshift,1000000000,3,6,128,0,0,0,128,0,8,1,1,8,4,0,0,18,512
broadband_xorshift,1000000000,3,7,128,0,0,0,128,0,8,1,1,4,2,0,0,10,512
broadband_xorshift,1000000000,3,8,128,0,0,0,128,0,8,1,1,2,1,0,0,6,512
broadband_xorshift,1000000000,4,1,128,0,0,0,128,0,1,0,1,128,128,0,0,257,512
broadband_xorshift,1000000000,4,2,128,0,0,0,128,0,2,1,1,128,64,0,0,258,512
broadband_xorshift,1000000000,4,3,128,0,0,0,128,0,4,1,1,64,32,0,0,130,512
broadband_xorshift,1000000000,4,4,128,0,0,0,128,0,8,1,1,32,16,0,0,66,512
broadband_xorshift,1000000000,4,5,128,0,0,0,128,0,8,1,1,16,8,0,0,34,512
broadband_xorshift,1000000000,4,6,128,0,0,0,128,0,8,1,1,8,4,0,0,18,512
broadband_xorshift,1000000000,4,7,128,0,0,0,128,0,8,1,1,4,2,0,0,10,512
broadband_xorshift,1000000000,4,8,128,0,0,0,128,0,8,1,1,2,1,0,0,6,512
broadband_xorshift,1000000000,5,1,128,0,0,0,128,0,1,0,1,128,128,0,0,257,512
broadband_xorshift,1000000000,5,2,128,0,0,0,128,0,2,1,1,128,64,0,0,258,512
broadband_xorshift,1000000000,5,3,128,0,0,0,128,0,4,1,1,64,32,0,0,130,512
broadband_xorshift,1000000000,5,4,128,0,0,0,128,0,8,1,1,32,16,0,0,66,512
broadband_xorshift,1000000000,5,5,128,0,0,0,128,0,8,1,1,16,8,0,0,34,512
broadband_xorshift,1000000000,5,6,128,0,0,0,128,0,8,1,1,8,4,0,0,18,512
broadband_xorshift,1000000000,5,7,128,0,0,0,128,0,9,1,1,4,2,0,0,10,512
broadband_xorshift,1000000000,5,8,128,0,0,0,128,0,9,1,1,2,1,0,0,6,512
broadband_xorshift,1000000000,6,1,128,0,0,0,128,0,1,0,1,128,128,0,0,257,512
broadband_xorshift,1000000000,6,2,128,0,0,0,128,0,2,1,1,128,64,0,0,258,512
broadband_xorshift,1000000000,6,3,128,0,0,0,128,0,4,1,1,64,32,0,0,130,512
broadband_xorshift,1000000000,6,4,128,0,0,0,128,0,8,1,1,32,16,0,0,66,512
broadband_xorshift,1000000000,6,5,128,0,0,0,128,0,8,1,1,16,8,0,0,34,512
broadband_xorshift,1000000000,6,6,128,0,0,0,128,0,8,1,1,8,4,0,0,18,512
broadband_xorshift,1000000000,6,7,128,0,0,0,128,0,8,1,1,4,2,0,0,10,512
broadband_xorshift,1000000000,6,8,128,0,0,0,128,0,8,1,1,2,1,0,0,6,512
broadband_xorshift,1000000000,7,1,128,0,0,0,128,0,1,0,1,128,128,0,0,257,512
broadband_xorshift,1000000000,7,2,128,0,0,0,128,0,2,1,1,128,64,0,0,258,512
broadband_xorshift,1000000000,7,3,128,0,0,0,128,0,4,1,1,64,32,0,0,130,512
broadband_xorshift,1000000000,7,4,128,0,0,0,128,0,8,1,1,32,16,0,0,66,512
broadband_xorshift,1000000000,7,5,128,0,0,0,128,0,8,1,1,16,8,0,0,34,512
broadband_xorshift,1000000000,7,6,128,0,0,0,128,0,8,1,1,8,4,0,0,18,512
broadband_xorshift,1000000000,7,7,128,0,0,0,128,0,10,1,1,4,2,0,0,10,512
broadband_xorshift,1000000000,7,8,128,0,0,0,128,0,9,1,1,2,1,0,0,6,512
broadband_xorshift,1000000000,8,1,128,1,1,0,126,1,2,1,2,128,128,1,0,259,512
broadband_xorshift,1000000000,8,2,128,0,0,0,128,0,2,1,1,128,64,0,0,258,512
broadband_xorshift,1000000000,8,3,128,0,0,0,128,0,4,1,1,64,32,0,0,130,512
broadband_xorshift,1000000000,8,4,128,0,0,0,128,0,8,1,1,32,16,0,0,66,512
broadband_xorshift,1000000000,8,5,128,0,0,0,128,0,8,1,1,16,8,0,0,34,512
broadband_xorshift,1000000000,8,6,128,0,0,0,128,0,8,1,1,8,4,0,0,18,512
broadband_xorshift,1000000000,8,7,128,0,0,0,128,0,8,1,1,4,2,0,0,10,512
broadband_xorshift,1000000000,8,8,128,0,0,0,128,0,8,1,1,2,1,0,0,6,512
broadband_xorshift,10000000000,0,1,128,1,1,0,126,1,2,1,2,128,128,1,0,259,512
broadband_xorshift,10000000000,0,2,128,0,0,0,128,0,2,1,1,128,64,0,0,258,512
broadband_xorshift,10000000000,0,3,128,0,0,0,128,0,4,1,1,64,32,0,0,130,512
broadband_xorshift,10000000000,0,4,128,0,0,0,128,0,8,1,1,32,16,0,0,66,512
broadband_xorshift,10000000000,0,5,128,0,0,0,128,0,8,1,1,16,8,0,0,34,512
broadband_xorshift,10000000000,0,6,128,0,0,0,128,0,8,1,1,8,4,0,0,18,512
broadband_xorshift,10000000000,0,7,128,0,0,0,128,0,8,1,1,4,2,0,0,10,512
broadband_xorshift,10000000000,0,8,128,0,0,0,128,0,9,1,1,2,1,0,0,6,512
broadband_xorshift,10000000000,1,1,128,2,2,0,124,2,3,2,3,128,128,2,0,261,512
broadband_xorshift,10000000000,1,2,128,0,0,0,128,0,2,1,1,128,64,0,0,258,512
broadband_xorshift,10000000000,1,3,128,0,0,0,128,0,4,1,1,64,32,0,0,130,512
broadband_xorshift,10000000000,1,4,128,0,0,0,128,0,8,1,1,32,16,0,0,66,512
broadband_xorshift,10000000000,1,5,128,0,0,0,128,0,8,1,1,16,8,0,0,34,512
broadband_xorshift,10000000000,1,6,128,0,0,0,128,0,8,1,1,8,4,0,0,18,512
broadband_xorshift,10000000000,1,7,128,0,0,0,128,0,8,1,1,4,2,0,0,10,512
broadband_xorshift,10000000000,1,8,128,0,0,0,128,0,8,1,1,2,1,0,0,6,512
broadband_xorshift,10000000000,2,1,128,0,0,0,128,0,1,0,1,128,128,0,0,257,512
broadband_xorshift,10000000000,2,2,128,0,0,0,128,0,2,1,1,128,64,0,0,258,512
broadband_xorshift,10000000000,2,3,128,0,0,0,128,0,4,1,1,64,32,0,0,130,512
broadband_xorshift,10000000000,2,4,128,0,0,0,128,0,8,1,1,32,16,0,0,66,512
broadband_xorshift,10000000000,2,5,128,0,0,0,128,0,8,1,1,16,8,0,0,34,512
broadband_xorshift,10000000000,2,6,128,0,0,0,128,0,8,1,1,8,4,0,0,18,512
broadband_xorshift,10000000000,2,7,128,0,0,0,128,0,8,1,1,4,2,0,0,10,512
broadband_xorshift,10000000000,2,8,128,0,0,0,128,0,9,1,1,2,1,0,0,6,512
broadband_xorshift,10000000000,3,1,128,0,0,0,128,0,1,0,1,128,128,0,0,257,512
broadband_xorshift,10000000000,3,2,128,0,0,0,128,0,2,1,1,128,64,0,0,258,512
broadband_xorshift,10000000000,3,3,128,0,0,0,128,0,4,1,1,64,32,0,0,130,512
broadband_xorshift,10000000000,3,4,128,0,0,0,128,0,8,1,1,32,16,0,0,66,512
broadband_xorshift,10000000000,3,5,128,0,0,0,128,0,8,1,1,16,8,0,0,34,512
broadband_xorshift,10000000000,3,6,128,0,0,0,128,0,8,1,1,8,4,0,0,18,512
broadband_xorshift,10000000000,3,7,128,0,0,0,128,0,8,1,1,4,2,0,0,10,512
broadband_xorshift,10000000000,3,8,128,0,0,0,128,0,8,1,1,2,1,0,0,6,512
broadband_xorshift,10000000000,4,1,128,1,1,0,126,1,2,1,2,128,128,1,0,259,512
broadband_xorshift,10000000000,4,2,128,0,0,0,128,0,2,1,1,128,64,0,0,258,512
broadband_xorshift,10000000000,4,3,128,0,0,0,128,0,4,1,1,64,32,0,0,130,512
broadband_xorshift,10000000000,4,4,128,0,0,0,128,0,8,1,1,32,16,0,0,66,512
broadband_xorshift,10000000000,4,5,128,0,0,0,128,0,8,1,1,16,8,0,0,34,512
broadband_xorshift,10000000000,4,6,128,0,0,0,128,0,8,1,1,8,4,0,0,18,512
broadband_xorshift,10000000000,4,7,128,0,0,0,128,0,8,1,1,4,2,0,0,10,512
broadband_xorshift,10000000000,4,8,128,0,0,0,128,0,8,1,1,2,1,0,0,6,512
broadband_xorshift,10000000000,5,1,128,1,1,0,126,1,2,1,2,128,128,1,0,259,512
broadband_xorshift,10000000000,5,2,128,0,0,0,128,0,2,1,1,128,64,0,0,258,512
broadband_xorshift,10000000000,5,3,128,0,0,0,128,0,4,1,1,64,32,0,0,130,512
broadband_xorshift,10000000000,5,4,128,0,0,0,128,0,8,1,1,32,16,0,0,66,512
broadband_xorshift,10000000000,5,5,128,0,0,0,128,0,8,1,1,16,8,0,0,34,512
broadband_xorshift,10000000000,5,6,128,0,0,0,128,0,8,1,1,8,4,0,0,18,512
broadband_xorshift,10000000000,5,7,128,0,0,0,128,0,9,1,1,4,2,0,0,10,512
broadband_xorshift,10000000000,5,8,128,0,0,0,128,0,9,1,1,2,1,0,0,6,512
broadband_xorshift,10000000000,6,1,128,2,2,0,124,2,3,2,3,128,128,2,0,261,512
broadband_xorshift,10000000000,6,2,128,0,0,0,128,0,2,1,1,128,64,0,0,258,512
broadband_xorshift,10000000000,6,3,128,0,0,0,128,0,4,1,1,64,32,0,0,130,512
broadband_xorshift,10000000000,6,4,128,0,0,0,128,0,8,1,1,32,16,0,0,66,512
broadband_xorshift,10000000000,6,5,128,0,0,0,128,0,8,1,1,16,8,0,0,34,512
broadband_xorshift,10000000000,6,6,128,0,0,0,128,0,8,1,1,8,4,0,0,18,512
broadband_xorshift,10000000000,6,7,128,0,0,0,128,0,8,1,1,4,2,0,0,10,512
broadband_xorshift,10000000000,6,8,128,0,0,0,128,0,8,1,1,2,1,0,0,6,512
broadband_xorshift,10000000000,7,1,128,1,1,0,126,1,2,1,2,128,128,1,0,259,512
broadband_xorshift,10000000000,7,2,128,0,0,0,128,0,2,1,1,128,64,0,0,258,512
broadband_xorshift,10000000000,7,3,128,0,0,0,128,0,4,1,1,64,32,0,0,130,512
broadband_xorshift,10000000000,7,4,128,0,0,0,128,0,8,1,1,32,16,0,0,66,512
broadband_xorshift,10000000000,7,5,128,0,0,0,128,0,8,1,1,16,8,0,0,34,512
broadband_xorshift,10000000000,7,6,128,0,0,0,128,0,8,1,1,8,4,0,0,18,512
broadband_xorshift,10000000000,7,7,128,0,0,0,128,0,10,1,1,4,2,0,0,10,512
broadband_xorshift,10000000000,7,8,128,0,0,0,128,0,9,1,1,2,1,0,0,6,512
broadband_xorshift,10000000000,8,1,128,4,4,0,120,4,5,4,5,128,128,4,0,265,512
broadband_xorshift,10000000000,8,2,128,0,0,0,128,0,2,1,1,128,64,0,0,258,512
broadband_xorshift,10000000000,8,3,128,0,0,0,128,0,4,1,1,64,32,0,0,130,512
broadband_xorshift,10000000000,8,4,128,0,0,0,128,0,8,1,1,32,16,0,0,66,512
broadband_xorshift,10000000000,8,5,128,0,0,0,128,0,8,1,1,16,8,0,0,34,512
broadband_xorshift,10000000000,8,6,128,0,0,0,128,0,8,1,1,8,4,0,0,18,512
broadband_xorshift,10000000000,8,7,128,0,0,0,128,0,8,1,1,4,2,0,0,10,512
broadband_xorshift,10000000000,8,8,128,0,0,0,128,0,8,1,1,2,1,0,0,6,512
broadband_xorshift,100000000000,0,1,128,11,11,1,107,11,12,11,12,128,128,11,0,279,512
broadband_xorshift,100000000000,0,2,128,0,2,0,126,0,2,2,2,128,64,2,0,260,512
broadband_xorshift,100000000000,0,3,128,0,0,0,128,0,4,1,1,64,32,0,0,130,512
broadband_xorshift,100000000000,0,4,128,0,0,0,128,0,8,1,1,32,16,0,0,66,512
broadband_xorshift,100000000000,0,5,128,0,0,0,128,0,8,1,1,16,8,0,0,34,512
broadband_xorshift,100000000000,0,6,128,0,0,0,128,0,8,1,1,8,4,0,0,18,512
broadband_xorshift,100000000000,0,7,128,0,0,0,128,0,8,1,1,4,2,0,0,10,512
broadband_xorshift,100000000000,0,8,128,0,0,0,128,0,9,1,1,2,1,0,0,6,512
broadband_xorshift,100000000000,1,1,128,10,10,0,108,10,11,10,11,128,128,10,0,277,512
broadband_xorshift,100000000000,1,2,128,0,0,0,128,0,2,1,1,128,64,0,0,258,512
broadband_xorshift,100000000000,1,3,128,0,0,0,128,0,4,1,1,64,32,0,0,130,512
broadband_xorshift,100000000000,1,4,128,0,0,0,128,0,8,1,1,32,16,0,0,66,512
broadband_xorshift,100000000000,1,5,128,0,0,0,128,0,8,1,1,16,8,0,0,34,512
broadband_xorshift,100000000000,1,6,128,0,0,0,128,0,9,1,1,8,4,0,0,18,512
broadband_xorshift,100000000000,1,7,128,0,0,0,128,0,8,1,1,4,2,0,0,10,512
broadband_xorshift,100000000000,1,8,128,0,0,0,128,0,8,1,1,2,1,0,0,6,512
broadband_xorshift,100000000000,2,1,128,5,5,1,119,5,6,5,6,128,128,5,0,267,512
broadband_xorshift,100000000000,2,2,128,0,2,0,126,0,2,2,2,128,64,2,0,260,512
broadband_xorshift,100000000000,2,3,128,0,0,0,128,0,4,1,1,64,32,0,0,130,512
broadband_xorshift,100000000000,2,4,128,0,0,0,128,0,8,1,1,32,16,0,0,66,512
broadband_xorshift,100000000000,2,5,128,0,0,0,128,0,8,1,1,16,8,0,0,34,512
broadband_xorshift,100000000000,2,6,128,0,0,0,128,0,8,1,1,8,4,0,0,18,512
broadband_xorshift,100000000000,2,7,128,0,0,0,128,0,8,1,1,4,2,0,0,10,512
broadband_xorshift,100000000000,2,8,128,0,0,0,128,0,8,1,1,2,1,0,0,6,512
broadband_xorshift,100000000000,3,1,128,9,9,0,110,9,10,9,10,128,128,9,0,275,512
broadband_xorshift,100000000000,3,2,128,0,0,0,128,0,2,1,1,128,64,0,0,258,512
broadband_xorshift,100000000000,3,3,128,0,0,0,128,0,4,1,1,64,32,0,0,130,512
broadband_xorshift,100000000000,3,4,128,0,0,0,128,0,8,1,1,32,16,0,0,66,512
broadband_xorshift,100000000000,3,5,128,0,0,0,128,0,8,1,1,16,8,0,0,34,512
broadband_xorshift,100000000000,3,6,128,0,0,0,128,0,8,1,1,8,4,0,0,18,512
broadband_xorshift,100000000000,3,7,128,0,0,0,128,0,8,1,1,4,2,0,0,10,512
broadband_xorshift,100000000000,3,8,128,0,0,0,128,0,9,1,1,2,1,0,0,6,512
broadband_xorshift,100000000000,4,1,128,4,4,0,120,4,5,4,5,128,128,4,0,265,512
broadband_xorshift,100000000000,4,2,128,0,0,0,128,0,2,1,1,128,64,0,0,258,512
broadband_xorshift,100000000000,4,3,128,0,0,0,128,0,4,1,1,64,32,0,0,130,512
broadband_xorshift,100000000000,4,4,128,0,0,0,128,0,8,1,1,32,16,0,0,66,512
broadband_xorshift,100000000000,4,5,128,0,0,0,128,0,8,1,1,16,8,0,0,34,512
broadband_xorshift,100000000000,4,6,128,0,0,0,128,0,8,1,1,8,4,0,0,18,512
broadband_xorshift,100000000000,4,7,128,0,0,0,128,0,8,1,1,4,2,0,0,10,512
broadband_xorshift,100000000000,4,8,128,0,0,0,128,0,8,1,1,2,1,0,0,6,512
broadband_xorshift,100000000000,5,1,128,8,8,2,114,8,9,8,9,128,128,8,0,273,512
broadband_xorshift,100000000000,5,2,128,2,2,0,124,2,4,3,3,128,64,2,0,262,512
broadband_xorshift,100000000000,5,3,128,0,0,0,128,0,4,1,1,64,32,0,0,130,512
broadband_xorshift,100000000000,5,4,128,0,0,0,128,0,8,1,1,32,16,0,0,66,512
broadband_xorshift,100000000000,5,5,128,0,0,0,128,0,8,1,1,16,8,0,0,34,512
broadband_xorshift,100000000000,5,6,128,0,0,0,128,0,8,1,1,8,4,0,0,18,512
broadband_xorshift,100000000000,5,7,128,0,0,0,128,0,8,1,1,4,2,0,0,10,512
broadband_xorshift,100000000000,5,8,128,0,0,0,128,0,9,1,1,2,1,0,0,6,512
broadband_xorshift,100000000000,6,1,128,10,11,2,109,10,11,11,11,128,128,11,0,278,512
broadband_xorshift,100000000000,6,2,128,2,2,0,124,2,4,3,3,128,64,2,0,262,512
broadband_xorshift,100000000000,6,3,128,0,0,0,128,0,4,1,1,64,32,0,0,130,512
broadband_xorshift,100000000000,6,4,128,0,0,0,128,0,8,1,1,32,16,0,0,66,512
broadband_xorshift,100000000000,6,5,128,0,0,0,128,0,8,1,1,16,8,0,0,34,512
broadband_xorshift,100000000000,6,6,128,0,0,0,128,0,8,1,1,8,4,0,0,18,512
broadband_xorshift,100000000000,6,7,128,0,0,0,128,0,9,1,1,4,2,0,0,10,512
broadband_xorshift,100000000000,6,8,128,0,0,0,128,0,9,1,1,2,1,0,0,6,512
broadband_xorshift,100000000000,7,1,128,8,8,0,112,8,9,8,9,128,128,8,0,273,512
broadband_xorshift,100000000000,7,2,128,0,0,0,128,0,2,1,1,128,64,0,0,258,512
broadband_xorshift,100000000000,7,3,128,0,0,0,128,0,4,1,1,64,32,0,0,130,512
broadband_xorshift,100000000000,7,4,128,0,0,0,128,0,8,1,1,32,16,0,0,66,512
broadband_xorshift,100000000000,7,5,128,0,0,0,128,0,8,1,1,16,8,0,0,34,512
broadband_xorshift,100000000000,7,6,128,0,0,0,128,0,8,1,1,8,4,0,0,18,512
broadband_xorshift,100000000000,7,7,128,0,0,0,128,0,9,1,1,4,2,0,0,10,512
broadband_xorshift,100000000000,7,8,128,0,0,0,128,0,8,1,1,2,1,0,0,6,512
broadband_xorshift,100000000000,8,1,128,25,25,9,87,25,26,25,26,128,128,25,0,307,512
broadband_xorshift,100000000000,8,2,128,8,10,0,110,8,10,10,10,128,64,10,0,276,512
broadband_xorshift,100000000000,8,3,128,0,0,0,128,0,4,1,1,64,32,0,0,130,512
broadband_xorshift,100000000000,8,4,128,0,0,0,128,0,8,1,1,32,16,0,0,66,512
broadband_xorshift,100000000000,8,5,128,0,0,0,128,0,8,1,1,16,8,0,0,34,512
broadband_xorshift,100000000000,8,6,128,0,0,0,128,0,8,1,1,8,4,0,0,18,512
broadband_xorshift,100000000000,8,7,128,0,0,0,128,0,8,1,1,4,2,0,0,10,512
broadband_xorshift,100000000000,8,8,128,0,0,0,128,0,8,1,1,2,1,0,0,6,512
broadband_xorshift,1000000000000,0,1,128,89,89,63,13,89,90,89,90,128,128,89,0,435,512
broadband_xorshift,1000000000000,0,2,128,62,64,22,24,62,64,64,64,128,64,64,0,384,512
broadband_xorshift,1000000000000,0,3,128,20,24,0,84,20,24,24,24,64,32,12,12,200,512
broadband_xorshift,1000000000000,0,4,128,0,0,0,128,0,8,1,1,32,16,0,0,66,512
broadband_xorshift,1000000000000,0,5,128,0,0,0,128,0,8,1,1,16,8,0,0,34,512
broadband_xorshift,1000000000000,0,6,128,0,0,0,128,0,8,1,1,8,4,0,0,18,512
broadband_xorshift,1000000000000,0,7,128,0,0,0,128,0,8,1,1,4,2,0,0,10,512
broadband_xorshift,1000000000000,0,8,128,0,0,0,128,0,9,1,1,2,1,0,0,6,512
broadband_xorshift,1000000000000,1,1,128,62,62,30,34,62,63,62,63,128,128,62,0,381,512
broadband_xorshift,1000000000000,1,2,128,30,30,8,76,30,32,31,31,128,64,30,0,318,512
broadband_xorshift,1000000000000,1,3,128,8,8,0,112,8,12,9,9,64,32,4,4,154,512
broadband_xorshift,1000000000000,1,4,128,0,0,0,128,0,8,1,1,32,16,0,0,66,512
broadband_xorshift,1000000000000,1,5,128,0,0,0,128,0,10,1,1,16,8,0,0,34,512
broadband_xorshift,1000000000000,1,6,128,0,0,0,128,0,8,1,1,8,4,0,0,18,512
broadband_xorshift,1000000000000,1,7,128,0,0,0,128,0,9,1,1,4,2,0,0,10,512
broadband_xorshift,1000000000000,1,8,128,0,0,0,128,0,8,1,1,2,1,0,0,6,512
broadband_xorshift,1000000000000,2,1,128,70,71,39,26,70,71,71,71,128,128,71,0,398,512
broadband_xorshift,1000000000000,2,2,128,38,40,12,62,38,40,40,40,128,64,40,0,336,512
broadband_xorshift,1000000000000,2,3,128,12,12,0,104,12,16,13,13,64,32,6,6,166,512
broadband_xorshift,1000000000000,2,4,128,0,0,0,128,0,8,1,1,32,16,0,0,66,512
broadband_xorshift,1000000000000,2,5,128,0,0,0,128,0,8,1,1,16,8,0,0,34,512
broadband_xorshift,1000000000000,2,6,128,0,0,0,128,0,8,1,1,8,4,0,0,18,512
broadband_xorshift,1000000000000,2,7,128,0,0,0,128,0,8,1,1,4,2,0,0,10,512
broadband_xorshift,1000000000000,2,8,128,0,0,0,128,0,8,1,1,2,1,0,0,6,512
broadband_xorshift,1000000000000,3,1,128,75,76,41,18,75,76,76,76,128,128,76,0,408,512
broadband_xorshift,1000000000000,3,2,128,40,42,16,62,40,42,42,42,128,64,42,0,340,512
broadband_xorshift,1000000000000,3,3,128,16,16,0,96,16,20,17,17,64,32,8,8,178,512
broadband_xorshift,1000000000000,3,4,128,0,0,0,128,0,8,1,1,32,16,0,0,66,512
broadband_xorshift,1000000000000,3,5,128,0,0,0,128,0,8,1,1,16,8,0,0,34,512
broadband_xorshift,1000000000000,3,6,128,0,0,0,128,0,8,1,1,8,4,0,0,18,512
broadband_xorshift,1000000000000,3,7,128,0,0,0,128,0,8,1,1,4,2,0,0,10,512
broadband_xorshift,1000000000000,3,8,128,0,0,0,128,0,10,1,1,2,1,0,0,6,512
broadband_xorshift,1000000000000,4,1,128,58,58,31,43,58,59,58,59,128,128,58,0,373,512
broadband_xorshift,1000000000000,4,2,128,30,32,12,78,30,32,32,32,128,64,32,0,320,512
broadband_xorshift,1000000000000,4,3,128,12,12,0,104,12,16,13,13,64,32,6,6,166,512
broadband_xorshift,1000000000000,4,4,128,0,0,0,128,0,8,1,1,32,16,0,0,66,512
broadband_xorshift,1000000000000,4,5,128,0,0,0,128,0,8,1,1,16,8,0,0,34,512
broadband_xorshift,1000000000000,4,6,128,0,0,0,128,0,8,1,1,8,4,0,0,18,512
broadband_xorshift,1000000000000,4,7,128,0,0,0,128,0,8,1,1,4,2,0,0,10,512
broadband_xorshift,1000000000000,4,8,128,0,0,0,128,0,8,1,1,2,1,0,0,6,512
broadband_xorshift,1000000000000,5,1,128,64,65,32,31,64,65,65,65,128,128,65,0,386,512
broadband_xorshift,1000000000000,5,2,128,32,32,18,82,32,34,33,33,128,64,32,0,322,512
broadband_xorshift,1000000000000,5,3,128,16,20,0,92,16,20,20,20,64,32,10,10,188,512
broadband_xorshift,1000000000000,5,4,128,0,0,0,128,0,8,1,1,32,16,0,0,66,512
broadband_xorshift,1000000000000,5,5,128,0,0,0,128,0,8,1,1,16,8,0,0,34,512
broadband_xorshift,1000000000000,5,6,128,0,0,0,128,0,8,1,1,8,4,0,0,18,512
broadband_xorshift,1000000000000,5,7,128,0,0,0,128,0,9,1,1,4,2,0,0,10,512
broadband_xorshift,1000000000000,5,8,128,0,0,0,128,0,8,1,1,2,1,0,0,6,512
broadband_xorshift,1000000000000,6,1,128,68,69,39,30,68,69,69,69,128,128,69,0,394,512
broadband_xorshift,1000000000000,6,2,128,38,40,12,62,38,40,40,40,128,64,40,0,336,512
broadband_xorshift,1000000000000,6,3,128,12,12,0,104,12,16,13,13,64,32,6,6,166,512
broadband_xorshift,1000000000000,6,4,128,0,0,0,128,0,8,1,1,32,16,0,0,66,512
broadband_xorshift,1000000000000,6,5,128,0,0,0,128,0,8,1,1,16,8,0,0,34,512
broadband_xorshift,1000000000000,6,6,128,0,0,0,128,0,8,1,1,8,4,0,0,18,512
broadband_xorshift,1000000000000,6,7,128,0,0,0,128,0,8,1,1,4,2,0,0,10,512
broadband_xorshift,1000000000000,6,8,128,0,0,0,128,0,8,1,1,2,1,0,0,6,512
broadband_xorshift,1000000000000,7,1,128,71,71,33,19,71,72,71,72,128,128,71,0,399,512
broadband_xorshift,1000000000000,7,2,128,32,34,10,72,32,34,34,34,128,64,34,0,324,512
broadband_xorshift,1000000000000,7,3,128,8,12,0,108,8,12,12,12,64,32,6,6,164,512
broadband_xorshift,1000000000000,7,4,128,0,0,0,128,0,8,1,1,32,16,0,0,66,512
broadband_xorshift,1000000000000,7,5,128,0,0,0,128,0,8,1,1,16,8,0,0,34,512
broadband_xorshift,1000000000000,7,6,128,0,0,0,128,0,8,1,1,8,4,0,0,18,512
broadband_xorshift,1000000000000,7,7,128,0,0,0,128,0,8,1,1,4,2,0,0,10,512
broadband_xorshift,1000000000000,7,8,128,0,0,0,128,0,8,1,1,2,1,0,0,6,512
broadband_xorshift,1000000000000,8,1,128,105,106,85,2,105,106,106,106,128,128,106,0,468,512
broadband_xorshift,1000000000000,8,2,128,84,86,62,20,84,86,86,86,128,64,86,0,428,512
broadband_xorshift,1000000000000,8,3,128,60,64,20,24,60,64,64,64,64,32,32,32,320,512
broadband_xorshift,1000000000000,8,4,128,16,24,0,88,16,24,24,24,32,16,6,18,148,512
broadband_xorshift,1000000000000,8,5,128,0,0,0,128,0,16,1,1,16,8,0,0,34,512
broadband_xorshift,1000000000000,8,6,128,0,0,0,128,0,10,1,1,8,4,0,0,18,512
broadband_xorshift,1000000000000,8,7,128,0,0,0,128,0,8,1,1,4,2,0,0,10,512
broadband_xorshift,1000000000000,8,8,128,0,0,0,128,0,8,1,1,2,1,0,0,6,512
broadband_xorshift,10000000000000,0,1,128,127,128,127,0,127,128,128,128,128,128,128,0,512,512
broadband_xorshift,10000000000000,0,2,128,126,128,126,0,126,128,128,128,128,64,128,0,512,512
broadband_xorshift,10000000000000,0,3,128,124,128,124,0,124,128,128,128,64,32,64,64,512,512
broadband_xorshift,10000000000000,0,4,128,120,128,120,0,120,128,128,128,32,16,32,96,512,512
broadband_xorshift,10000000000000,0,5,128,112,128,112,0,112,128,128,128,16,8,16,112,512,512
broadband_xorshift,10000000000000,0,6,128,96,128,96,0,96,128,128,128,8,4,8,120,512,512
broadband_xorshift,10000000000000,0,7,128,64,128,64,0,64,128,128,128,4,2,4,124,512,512
broadband_xorshift,10000000000000,0,8,128,0,128,0,0,0,128,128,128,2,1,2,126,512,512
broadband_xorshift,10000000000000,1,1,128,127,128,127,0,127,128,128,128,128,128,128,0,512,512
broadband_xorshift,10000000000000,1,2,128,126,128,126,0,126,128,128,128,128,64,128,0,512,512
broadband_xorshift,10000000000000,1,3,128,124,128,124,0,124,128,128,128,64,32,64,64,512,512
broadband_xorshift,10000000000000,1,4,128,120,128,120,0,120,128,128,128,32,16,32,96,512,512
broadband_xorshift,10000000000000,1,5,128,112,128,112,0,112,128,128,128,16,8,16,112,512,512
broadband_xorshift,10000000000000,1,6,128,96,128,96,0,96,128,128,128,8,4,8,120,512,512
broadband_xorshift,10000000000000,1,7,128,64,128,64,0,64,128,128,128,4,2,4,124,512,512
broadband_xorshift,10000000000000,1,8,128,0,128,0,0,0,128,128,128,2,1,2,126,512,512
broadband_xorshift,10000000000000,2,1,128,127,128,127,0,127,128,128,128,128,128,128,0,512,512
broadband_xorshift,10000000000000,2,2,128,126,128,126,0,126,128,128,128,128,64,128,0,512,512
broadband_xorshift,10000000000000,2,3,128,124,128,124,0,124,128,128,128,64,32,64,64,512,512
broadband_xorshift,10000000000000,2,4,128,120,128,120,0,120,128,128,128,32,16,32,96,512,512
broadband_xorshift,10000000000000,2,5,128,112,128,112,0,112,128,128,128,16,8,16,112,512,512
broadband_xorshift,10000000000000,2,6,128,96,128,96,0,96,128,128,128,8,4,8,120,512,512
broadband_xorshift,10000000000000,2,7,128,64,128,64,0,64,128,128,128,4,2,4,124,512,512
broadband_xorshift,10000000000000,2,8,128,0,128,0,0,0,128,128,128,2,1,2,126,512,512
broadband_xorshift,10000000000000,3,1,128,127,128,127,0,127,128,128,128,128,128,128,0,512,512
broadband_xorshift,10000000000000,3,2,128,126,128,126,0,126,128,128,128,128,64,128,0,512,512
broadband_xorshift,10000000000000,3,3,128,124,128,124,0,124,128,128,128,64,32,64,64,512,512
broadband_xorshift,10000000000000,3,4,128,120,128,120,0,120,128,128,128,32,16,32,96,512,512
broadband_xorshift,10000000000000,3,5,128,112,128,112,0,112,128,128,128,16,8,16,112,512,512
broadband_xorshift,10000000000000,3,6,128,96,128,96,0,96,128,128,128,8,4,8,120,512,512
broadband_xorshift,10000000000000,3,7,128,64,128,64,0,64,128,128,128,4,2,4,124,512,512
broadband_xorshift,10000000000000,3,8,128,0,128,0,0,0,128,128,128,2,1,2,126,512,512
broadband_xorshift,10000000000000,4,1,128,127,128,127,0,127,128,128,128,128,128,128,0,512,512
broadband_xorshift,10000000000000,4,2,128,126,128,126,0,126,128,128,128,128,64,128,0,512,512
broadband_xorshift,10000000000000,4,3,128,124,128,124,0,124,128,128,128,64,32,64,64,512,512
broadband_xorshift,10000000000000,4,4,128,120,128,120,0,120,128,128,128,32,16,32,96,512,512
broadband_xorshift,10000000000000,4,5,128,112,128,112,0,112,128,128,128,16,8,16,112,512,512
broadband_xorshift,10000000000000,4,6,128,96,128,96,0,96,128,128,128,8,4,8,120,512,512
broadband_xorshift,10000000000000,4,7,128,64,128,64,0,64,128,128,128,4,2,4,124,512,512
broadband_xorshift,10000000000000,4,8,128,0,128,0,0,0,128,128,128,2,1,2,126,512,512
broadband_xorshift,10000000000000,5,1,128,127,128,127,0,127,128,128,128,128,128,128,0,512,512
broadband_xorshift,10000000000000,5,2,128,126,128,126,0,126,128,128,128,128,64,128,0,512,512
broadband_xorshift,10000000000000,5,3,128,124,128,124,0,124,128,128,128,64,32,64,64,512,512
broadband_xorshift,10000000000000,5,4,128,120,128,120,0,120,128,128,128,32,16,32,96,512,512
broadband_xorshift,10000000000000,5,5,128,112,128,112,0,112,128,128,128,16,8,16,112,512,512
broadband_xorshift,10000000000000,5,6,128,96,128,96,0,96,128,128,128,8,4,8,120,512,512
broadband_xorshift,10000000000000,5,7,128,64,128,64,0,64,128,128,128,4,2,4,124,512,512
broadband_xorshift,10000000000000,5,8,128,0,128,0,0,0,128,128,128,2,1,2,126,512,512
broadband_xorshift,10000000000000,6,1,128,127,128,127,0,127,128,128,128,128,128,128,0,512,512
broadband_xorshift,10000000000000,6,2,128,126,128,126,0,126,128,128,128,128,64,128,0,512,512
broadband_xorshift,10000000000000,6,3,128,124,128,124,0,124,128,128,128,64,32,64,64,512,512
broadband_xorshift,10000000000000,6,4,128,120,128,120,0,120,128,128,128,32,16,32,96,512,512
broadband_xorshift,10000000000000,6,5,128,112,128,112,0,112,128,128,128,16,8,16,112,512,512
broadband_xorshift,10000000000000,6,6,128,96,128,96,0,96,128,128,128,8,4,8,120,512,512
broadband_xorshift,10000000000000,6,7,128,64,128,64,0,64,128,128,128,4,2,4,124,512,512
broadband_xorshift,10000000000000,6,8,128,0,128,0,0,0,128,128,128,2,1,2,126,512,512
broadband_xorshift,10000000000000,7,1,128,127,128,127,0,127,128,128,128,128,128,128,0,512,512
broadband_xorshift,10000000000000,7,2,128,126,128,126,0,126,128,128,128,128,64,128,0,512,512
broadband_xorshift,10000000000000,7,3,128,124,128,124,0,124,128,128,128,64,32,64,64,512,512
broadband_xorshift,10000000000000,7,4,128,120,128,120,0,120,128,128,128,32,16,32,96,512,512
broadband_xorshift,10000000000000,7,5,128,112,128,112,0,112,128,128,128,16,8,16,112,512,512
broadband_xorshift,10000000000000,7,6,128,96,128,96,0,96,128,128,128,8,4,8,120,512,512
broadband_xorshift,10000000000000,7,7,128,64,128,64,0,64,128,128,128,4,2,4,124,512,512
broadband_xorshift,10000000000000,7,8,128,0,128,0,0,0,128,128,128,2,1,2,126,512,512
broadband_xorshift,10000000000000,8,1,128,127,128,127,0,127,128,128,128,128,128,128,0,512,512
broadband_xorshift,10000000000000,8,2,128,126,128,126,0,126,128,128,128,128,64,128,0,512,512
broadband_xorshift,10000000000000,8,3,128,124,128,124,0,124,128,128,128,64,32,64,64,512,512
broadband_xorshift,10000000000000,8,4,128,120,128,120,0,120,128,128,128,32,16,32,96,512,512
broadband_xorshift,10000000000000,8,5,128,112,128,112,0,112,128,128,128,16,8,16,112,512,512
broadband_xorshift,10000000000000,8,6,128,96,128,96,0,96,128,128,128,8,4,8,120,512,512
broadband_xorshift,10000000000000,8,7,128,64,128,64,0,64,128,128,128,4,2,4,124,512,512
broadband_xorshift,10000000000000,8,8,128,0,128,0,0,0,128,128,128,2,1,2,126,512,512
broadband_xorshift,72057594037927935,0,1,128,127,128,127,0,127,128,128,128,128,128,128,0,512,512
broadband_xorshift,72057594037927935,0,2,128,126,128,126,0,126,128,128,128,128,64,128,0,512,512
broadband_xorshift,72057594037927935,0,3,128,124,128,124,0,124,128,128,128,64,32,64,64,512,512
broadband_xorshift,72057594037927935,0,4,128,120,128,120,0,120,128,128,128,32,16,32,96,512,512
broadband_xorshift,72057594037927935,0,5,128,112,128,112,0,112,128,128,128,16,8,16,112,512,512
broadband_xorshift,72057594037927935,0,6,128,96,128,96,0,96,128,128,128,8,4,8,120,512,512
broadband_xorshift,72057594037927935,0,7,128,64,128,64,0,64,128,128,128,4,2,4,124,512,512
broadband_xorshift,72057594037927935,0,8,128,0,128,0,0,0,128,128,128,2,1,2,126,512,512
broadband_xorshift,72057594037927935,1,1,128,127,128,127,0,127,128,128,128,128,128,128,0,512,512
broadband_xorshift,72057594037927935,1,2,128,126,128,126,0,126,128,128,128,128,64,128,0,512,512
broadband_xorshift,72057594037927935,1,3,128,124,128,124,0,124,128,128,128,64,32,64,64,512,512
broadband_xorshift,72057594037927935,1,4,128,120,128,120,0,120,128,128,128,32,16,32,96,512,512
broadband_xorshift,72057594037927935,1,5,128,112,128,112,0,112,128,128,128,16,8,16,112,512,512
broadband_xorshift,72057594037927935,1,6,128,96,128,96,0,96,128,128,128,8,4,8,120,512,512
broadband_xorshift,72057594037927935,1,7,128,64,128,64,0,64,128,128,128,4,2,4,124,512,512
broadband_xorshift,72057594037927935,1,8,128,0,128,0,0,0,128,128,128,2,1,2,126,512,512
broadband_xorshift,72057594037927935,2,1,128,127,128,127,0,127,128,128,128,128,128,128,0,512,512
broadband_xorshift,72057594037927935,2,2,128,126,128,126,0,126,128,128,128,128,64,128,0,512,512
broadband_xorshift,72057594037927935,2,3,128,124,128,124,0,124,128,128,128,64,32,64,64,512,512
broadband_xorshift,72057594037927935,2,4,128,120,128,120,0,120,128,128,128,32,16,32,96,512,512
broadband_xorshift,72057594037927935,2,5,128,112,128,112,0,112,128,128,128,16,8,16,112,512,512
broadband_xorshift,72057594037927935,2,6,128,96,128,96,0,96,128,128,128,8,4,8,120,512,512
broadband_xorshift,72057594037927935,2,7,128,64,128,64,0,64,128,128,128,4,2,4,124,512,512
broadband_xorshift,72057594037927935,2,8,128,0,128,0,0,0,128,128,128,2,1,2,126,512,512
broadband_xorshift,72057594037927935,3,1,128,127,128,127,0,127,128,128,128,128,128,128,0,512,512
broadband_xorshift,72057594037927935,3,2,128,126,128,126,0,126,128,128,128,128,64,128,0,512,512
broadband_xorshift,72057594037927935,3,3,128,124,128,124,0,124,128,128,128,64,32,64,64,512,512
broadband_xorshift,72057594037927935,3,4,128,120,128,120,0,120,128,128,128,32,16,32,96,512,512
broadband_xorshift,72057594037927935,3,5,128,112,128,112,0,112,128,128,128,16,8,16,112,512,512
broadband_xorshift,72057594037927935,3,6,128,96,128,96,0,96,128,128,128,8,4,8,120,512,512
broadband_xorshift,72057594037927935,3,7,128,64,128,64,0,64,128,128,128,4,2,4,124,512,512
broadband_xorshift,72057594037927935,3,8,128,0,128,0,0,0,128,128,128,2,1,2,126,512,512
broadband_xorshift,72057594037927935,4,1,128,127,128,127,0,127,128,128,128,128,128,128,0,512,512
broadband_xorshift,72057594037927935,4,2,128,126,128,126,0,126,128,128,128,128,64,128,0,512,512
broadband_xorshift,72057594037927935,4,3,128,124,128,124,0,124,128,128,128,64,32,64,64,512,512
broadband_xorshift,72057594037927935,4,4,128,120,128,120,0,120,128,128,128,32,16,32,96,512,512
broadband_xorshift,72057594037927935,4,5,128,112,128,112,0,112,128,128,128,16,8,16,112,512,512
broadband_xorshift,72057594037927935,4,6,128,96,128,96,0,96,128,128,128,8,4,8,120,512,512
broadband_xorshift,72057594037927935,4,7,128,64,128,64,0,64,128,128,128,4,2,4,124,512,512
broadband_xorshift,72057594037927935,4,8,128,0,128,0,0,0,128,128,128,2,1,2,126,512,512
broadband_xorshift,72057594037927935,5,1,128,127,128,127,0,127,128,128,128,128,128,128,0,512,512
broadband_xorshift,72057594037927935,5,2,128,126,128,126,0,126,128,128,128,128,64,128,0,512,512
broadband_xorshift,72057594037927935,5,3,128,124,128,124,0,124,128,128,128,64,32,64,64,512,512
broadband_xorshift,72057594037927935,5,4,128,120,128,120,0,120,128,128,128,32,16,32,96,512,512
broadband_xorshift,72057594037927935,5,5,128,112,128,112,0,112,128,128,128,16,8,16,112,512,512
broadband_xorshift,72057594037927935,5,6,128,96,128,96,0,96,128,128,128,8,4,8,120,512,512
broadband_xorshift,72057594037927935,5,7,128,64,128,64,0,64,128,128,128,4,2,4,124,512,512
broadband_xorshift,72057594037927935,5,8,128,0,128,0,0,0,128,128,128,2,1,2,126,512,512
broadband_xorshift,72057594037927935,6,1,128,127,128,127,0,127,128,128,128,128,128,128,0,512,512
broadband_xorshift,72057594037927935,6,2,128,126,128,126,0,126,128,128,128,128,64,128,0,512,512
broadband_xorshift,72057594037927935,6,3,128,124,128,124,0,124,128,128,128,64,32,64,64,512,512
broadband_xorshift,72057594037927935,6,4,128,120,128,120,0,120,128,128,128,32,16,32,96,512,512
broadband_xorshift,72057594037927935,6,5,128,112,128,112,0,112,128,128,128,16,8,16,112,512,512
broadband_xorshift,72057594037927935,6,6,128,96,128,96,0,96,128,128,128,8,4,8,120,512,512
broadband_xorshift,72057594037927935,6,7,128,64,128,64,0,64,128,128,128,4,2,4,124,512,512
broadband_xorshift,72057594037927935,6,8,128,0,128,0,0,0,128,128,128,2,1,2,126,512,512
broadband_xorshift,72057594037927935,7,1,128,127,128,127,0,127,128,128,128,128,128,128,0,512,512
broadband_xorshift,72057594037927935,7,2,128,126,128,126,0,126,128,128,128,128,64,128,0,512,512
broadband_xorshift,72057594037927935,7,3,128,124,128,124,0,124,128,128,128,64,32,64,64,512,512
broadband_xorshift,72057594037927935,7,4,128,120,128,120,0,120,128,128,128,32,16,32,96,512,512
broadband_xorshift,72057594037927935,7,5,128,112,128,112,0,112,128,128,128,16,8,16,112,512,512
broadband_xorshift,72057594037927935,7,6,128,96,128,96,0,96,128,128,128,8,4,8,120,512,512
broadband_xorshift,72057594037927935,7,7,128,64,128,64,0,64,128,128,128,4,2,4,124,512,512
broadband_xorshift,72057594037927935,7,8,128,0,128,0,0,0,128,128,128,2,1,2,126,512,512
broadband_xorshift,72057594037927935,8,1,128,127,128,127,0,127,128,128,128,128,128,128,0,512,512
broadband_xorshift,72057594037927935,8,2,128,126,128,126,0,126,128,128,128,128,64,128,0,512,512
broadband_xorshift,72057594037927935,8,3,128,124,128,124,0,124,128,128,128,64,32,64,64,512,512
broadband_xorshift,72057594037927935,8,4,128,120,128,120,0,120,128,128,128,32,16,32,96,512,512
broadband_xorshift,72057594037927935,8,5,128,112,128,112,0,112,128,128,128,16,8,16,112,512,512
broadband_xorshift,72057594037927935,8,6,128,96,128,96,0,96,128,128,128,8,4,8,120,512,512
broadband_xorshift,72057594037927935,8,7,128,64,128,64,0,64,128,128,128,4,2,4,124,512,512
broadband_xorshift,72057594037927935,8,8,128,0,128,0,0,0,128,128,128,2,1,2,126,512,512
transient_bipolar,0,0,1,128,0,0,0,128,1,1,1,1,128,128,0,0,258,512
transient_bipolar,0,0,2,128,64,64,64,64,64,65,65,64,128,64,64,0,385,512
transient_bipolar,0,0,3,128,96,96,96,32,96,97,96,96,64,32,64,32,384,512
transient_bipolar,0,0,4,128,97,97,97,31,100,100,99,100,32,16,32,65,398,512
transient_bipolar,0,0,5,128,97,98,97,30,101,102,99,99,16,8,16,82,396,512
transient_bipolar,0,0,6,128,99,97,96,28,101,107,98,99,8,4,8,89,394,512
transient_bipolar,0,0,7,128,96,97,96,31,98,106,98,98,4,2,4,93,392,512
transient_bipolar,0,0,8,128,96,96,96,32,96,99,99,99,2,1,2,94,396,512
transient_bipolar,0,1,1,128,0,0,0,128,1,1,1,1,128,128,0,0,258,512
transient_bipolar,0,1,2,128,64,64,64,64,64,65,65,64,128,64,64,0,385,512
transient_bipolar,0,1,3,128,96,96,96,32,96,97,96,96,64,32,64,32,384,512
transient_bipolar,0,1,4,128,96,96,96,32,96,98,96,96,32,16,32,64,384,512
transient_bipolar,0,1,5,128,96,96,96,32,96,96,96,96,16,8,16,80,384,512
transient_bipolar,0,1,6,128,96,96,96,32,96,96,96,96,8,4,8,88,384,512
transient_bipolar,0,1,7,128,96,96,96,32,96,96,97,96,4,2,4,92,386,512
transient_bipolar,0,1,8,128,96,96,96,32,96,96,96,96,2,1,2,94,384,512
transient_bipolar,0,2,1,128,0,0,0,128,0,1,0,1,128,128,0,0,257,512
transient_bipolar,0,2,2,128,0,0,0,128,0,2,1,1,128,64,0,0,258,512
transient_bipolar,0,2,3,128,0,0,0,128,0,4,1,1,64,32,0,0,130,512
transient_bipolar,0,2,4,128,0,0,0,128,0,8,1,1,32,16,0,0,66,512
transient_bipolar,0,2,5,128,0,0,0,128,0,14,1,1,16,8,0,0,34,512
transient_bipolar,0,2,6,128,0,0,0,128,0,8,1,1,8,4,0,0,18,512
transient_bipolar,0,2,7,128,0,0,0,128,0,10,1,4,4,2,0,0,16,512
transient_bipolar,0,2,8,128,0,0,0,128,0,14,5,2,2,1,0,0,16,512
transient_bipolar,0,3,1,128,0,0,0,128,0,1,0,1,128,128,0,0,257,512
transient_bipolar,0,3,2,128,0,0,0,128,0,2,1,1,128,64,0,0,258,512
transient_bipolar,0,3,3,128,0,0,0,128,0,4,1,1,64,32,0,0,130,512
transient_bipolar,0,3,4,128,0,0,0,128,0,8,1,1,32,16,0,0,66,512
transient_bipolar,0,3,5,128,0,0,0,128,0,16,1,1,16,8,0,0,34,512
transient_bipolar,0,3,6,128,0,0,0,128,1,8,2,1,8,4,0,0,19,512
transient_bipolar,0,3,7,128,0,1,0,127,0,8,2,1,4,2,1,0,11,512
transient_bipolar,0,3,8,128,0,1,0,127,0,8,3,2,2,1,0,1,12,512
transient_bipolar,0,4,1,128,0,0,0,128,1,1,1,1,128,128,0,0,258,512
transient_bipolar,0,4,2,128,64,64,64,64,64,65,65,64,128,64,64,0,385,512
transient_bipolar,0,4,3,128,96,96,96,32,96,97,96,96,64,32,64,32,384,512
transient_bipolar,0,4,4,128,96,96,96,32,96,98,96,96,32,16,32,64,384,512
transient_bipolar,0,4,5,128,96,96,96,32,96,96,96,96,16,8,16,80,384,512
transient_bipolar,0,4,6,128,96,96,96,32,96,96,99,96,8,4,8,88,390,512
transient_bipolar,0,4,7,128,96,96,96,32,97,96,96,96,4,2,4,92,384,512
transient_bipolar,0,4,8,128,96,96,96,32,96,98,96,96,2,1,2,94,384,512
transient_bipolar,0,5,1,128,0,0,0,128,1,1,1,1,128,128,0,0,258,512
transient_bipolar,0,5,2,128,64,64,64,64,64,65,65,64,128,64,64,0,385,512
transient_bipolar,0,5,3,128,96,96,96,32,96,97,96,96,64,32,64,32,384,512
transient_bipolar,0,5,4,128,97,96,96,31,100,99,100,98,32,16,32,64,396,512
transient_bipolar,0,5,5,128,96,96,96,32,98,101,98,98,16,8,16,80,392,512
transient_bipolar,0,5,6,128,97,96,96,31,99,100,100,100,8,4,8,88,400,512
transient_bipolar,0,5,7,128,96,97,96,31,96,102,101,97,4,2,4,93,396,512
transient_bipolar,0,5,8,128,97,96,96,31,98,108,97,98,2,1,2,94,390,512
transient_bipolar,0,6,1,128,128,128,128,0,128,128,128,128,128,128,128,0,512,512
transient_bipolar,0,6,2,128,128,128,128,0,128,128,128,128,128,64,128,0,512,512
transient_bipolar,0,6,3,128,128,128,128,0,128,128,128,128,64,32,64,64,512,512
transient_bipolar,0,6,4,128,128,128,128,0,128,128,128,128,32,16,32,96,512,512
transient_bipolar,0,6,5,128,128,128,128,0,128,128,128,128,16,8,16,112,512,512
transient_bipolar,0,6,6,128,128,128,128,0,128,128,128,128,8,4,8,120,512,512
transient_bipolar,0,6,7,128,128,128,128,0,128,128,128,128,4,2,4,124,512,512
transient_bipolar,0,6,8,128,128,128,128,0,128,128,128,128,2,1,2,126,512,512
transient_bipolar,0,7,1,128,0,0,0,128,4,4,4,4,128,128,0,0,264,512
transient_bipolar,0,7,2,128,64,64,64,64,66,66,66,66,128,64,64,0,388,512
transient_bipolar,0,7,3,128,96,96,96,32,97,97,97,97,64,32,32,64,450,512
transient_bipolar,0,7,4,128,112,112,112,16,112,113,113,112,32,16,16,96,481,512
transient_bipolar,0,7,5,128,120,120,120,8,120,121,120,120,16,8,16,104,480,512
transient_bipolar,0,7,6,128,120,120,120,8,120,122,120,120,8,4,8,112,480,512
transient_bipolar,0,7,7,128,120,120,120,8,120,120,120,120,4,2,4,116,480,512
transient_bipolar,0,7,8,128,120,120,120,8,120,120,120,120,2,1,2,118,480,512
transient_bipolar,0,8,1,128,0,0,0,128,4,4,4,4,128,128,0,0,264,512
transient_bipolar,0,8,2,128,64,64,64,64,66,66,66,66,128,64,64,0,388,512
transient_bipolar,0,8,3,128,96,96,96,32,97,97,97,97,64,32,32,64,450,512
transient_bipolar,0,8,4,128,112,112,112,16,112,113,113,112,32,16,16,96,481,512
transient_bipolar,0,8,5,128,120,120,120,8,120,121,120,120,16,8,16,104,480,512
transient_bipolar,0,8,6,128,120,120,120,8,120,122,120,121,8,4,8,112,482,512
transient_bipolar,0,8,7,128,120,120,120,8,120,120,120,120,4,2,4,116,480,512
transient_bipolar,0,8,8,128,120,120,120,8,120,122,120,120,2,1,2,118,480,512
transient_bipolar,100000000,0,1,128,127,128,127,0,127,128,128,128,128,128,128,0,512,512
transient_bipolar,100000000,0,2,128,126,128,126,0,126,128,128,128,128,64,128,0,512,512
transient_bipolar,100000000,0,3,128,124,128,124,0,124,128,128,128,64,32,64,64,512,512
transient_bipolar,100000000,0,4,128,120,128,120,0,120,128,128,128,32,16,32,96,512,512
transient_bipolar,100000000,0,5,128,112,128,112,0,112,128,128,128,16,8,16,112,512,512
transient_bipolar,100000000,0,6,128,96,128,96,0,96,128,128,128,8,4,8,120,512,512
transient_bipolar,100000000,0,7,128,64,128,64,0,64,128,128,128,4,2,4,124,512,512
transient_bipolar,100000000,0,8,128,0,128,0,0,0,128,128,128,2,1,2,126,512,512
transient_bipolar,100000000,1,1,128,0,0,0,128,1,1,1,1,128,128,0,0,258,512
transient_bipolar,100000000,1,2,128,64,64,64,64,64,65,65,64,128,64,64,0,385,512
transient_bipolar,100000000,1,3,128,96,96,96,32,96,97,96,96,64,32,64,32,384,512
transient_bipolar,100000000,1,4,128,96,96,96,32,96,98,96,96,32,16,32,64,384,512
transient_bipolar,100000000,1,5,128,96,96,96,32,96,96,96,96,16,8,16,80,384,512
transient_bipolar,100000000,1,6,128,96,96,96,32,96,96,96,96,8,4,8,88,384,512
transient_bipolar,100000000,1,7,128,96,96,96,32,96,96,97,96,4,2,4,92,386,512
transient_bipolar,100000000,1,8,128,96,96,96,32,96,96,96,96,2,1,2,94,384,512
transient_bipolar,100000000,2,1,128,10,11,7,114,10,11,11,11,128,128,11,0,278,512
transient_bipolar,100000000,2,2,128,6,8,6,120,6,8,8,8,128,64,8,0,272,512
transient_bipolar,100000000,2,3,128,4,8,4,120,4,8,8,8,64,32,4,4,152,512
transient_bipolar,100000000,2,4,128,0,8,0,120,0,8,8,8,32,16,2,6,92,512
transient_bipolar,100000000,2,5,128,0,0,0,128,0,16,1,1,16,8,0,0,34,512
transient_bipolar,100000000,2,6,128,0,0,0,128,0,8,1,1,8,4,0,0,18,512
transient_bipolar,100000000,2,7,128,0,0,0,128,0,10,1,3,4,2,0,0,14,512
transient_bipolar,100000000,2,8,128,0,0,0,128,0,14,1,1,2,1,0,0,6,512
transient_bipolar,100000000,3,1,128,6,7,5,120,6,7,7,7,128,128,7,0,270,512
transient_bipolar,100000000,3,2,128,4,6,2,120,4,6,6,6,128,64,6,0,268,512
transient_bipolar,100000000,3,3,128,0,4,0,124,0,4,4,4,64,32,2,2,140,512
transient_bipolar,100000000,3,4,128,0,0,0,128,0,8,1,1,32,16,0,0,66,512
transient_bipolar,100000000,3,5,128,0,0,0,128,0,16,1,1,16,8,0,0,34,512
transient_bipolar,100000000,3,6,128,0,0,0,128,1,8,2,1,8,4,0,0,19,512
transient_bipolar,100000000,3,7,128,0,1,0,127,0,8,2,1,4,2,1,0,11,512
transient_bipolar,100000000,3,8,128,0,1,0,127,0,8,3,2,2,1,0,1,12,512
transient_bipolar,100000000,4,1,128,0,0,0,128,1,1,1,1,128,128,0,0,258,512
transient_bipolar,100000000,4,2,128,64,64,64,64,64,65,65,64,128,64,64,0,385,512
transient_bipolar,100000000,4,3,128,96,96,96,32,96,97,96,96,64,32,64,32,384,512
transient_bipolar,100000000,4,4,128,96,96,96,32,96,98,96,96,32,16,32,64,384,512
transient_bipolar,100000000,4,5,128,96,96,96,32,96,96,96,96,16,8,16,80,384,512
transient_bipolar,100000000,4,6,128,96,96,96,32,96,96,99,96,8,4,8,88,390,512
transient_bipolar,100000000,4,7,128,96,96,96,32,97,96,96,96,4,2,4,92,384,512
transient_bipolar,100000000,4,8,128,96,96,96,32,96,98,96,96,2,1,2,94,384,512
transient_bipolar,100000000,5,1,128,127,128,127,0,127,128,128,128,128,128,128,0,512,512
transient_bipolar,100000000,5,2,128,126,128,126,0,126,128,128,128,128,64,128,0,512,512
transient_bipolar,100000000,5,3,128,124,128,124,0,124,128,128,128,64,32,64,64,512,512
transient_bipolar,100000000,5,4,128,120,128,120,0,120,128,128,128,32,16,32,96,512,512
transient_bipolar,100000000,5,5,128,112,128,112,0,112,128,128,128,16,8,16,112,512,512
transient_bipolar,100000000,5,6,128,96,128,96,0,96,128,128,128,8,4,8,120,512,512
transient_bipolar,100000000,5,7,128,64,128,64,0,64,128,128,128,4,2,4,124,512,512
transient_bipolar,100000000,5,8,128,0,128,0,0,0,128,128,128,2,1,2,126,512,512
transient_bipolar,100000000,6,1,128,128,128,128,0,128,128,128,128,128,128,128,0,512,512
transient_bipolar,100000000,6,2,128,128,128,128,0,128,128,128,128,128,64,128,0,512,512
transient_bipolar,100000000,6,3,128,128,128,128,0,128,128,128,128,64,32,64,64,512,512
transient_bipolar,100000000,6,4,128,128,128,128,0,128,128,128,128,32,16,32,96,512,512
transient_bipolar,100000000,6,5,128,128,128,128,0,128,128,128,128,16,8,16,112,512,512
transient_bipolar,100000000,6,6,128,128,128,128,0,128,128,128,128,8,4,8,120,512,512
transient_bipolar,100000000,6,7,128,128,128,128,0,128,128,128,128,4,2,4,124,512,512
transient_bipolar,100000000,6,8,128,128,128,128,0,128,128,128,128,2,1,2,126,512,512
transient_bipolar,100000000,7,1,128,0,0,0,128,4,4,4,4,128,128,0,0,264,512
transient_bipolar,100000000,7,2,128,64,64,64,64,66,66,66,66,128,64,64,0,388,512
transient_bipolar,100000000,7,3,128,96,96,96,32,97,97,97,97,64,32,32,64,450,512
transient_bipolar,100000000,7,4,128,112,112,112,16,112,113,113,112,32,16,16,96,481,512
transient_bipolar,100000000,7,5,128,120,120,120,8,120,121,120,120,16,8,16,104,480,512
transient_bipolar,100000000,7,6,128,120,120,120,8,120,122,120,120,8,4,8,112,480,512
transient_bipolar,100000000,7,7,128,120,120,120,8,120,120,120,120,4,2,4,116,480,512
transient_bipolar,100000000,7,8,128,120,120,120,8,120,120,120,120,2,1,2,118,480,512
transient_bipolar,100000000,8,1,128,127,128,127,0,127,128,128,128,128,128,128,0,512,512
transient_bipolar,100000000,8,2,128,126,128,126,0,126,128,128,128,128,64,128,0,512,512
transient_bipolar,100000000,8,3,128,124,128,124,0,124,128,128,128,64,32,64,64,512,512
transient_bipolar,100000000,8,4,128,120,128,120,0,120,128,128,128,32,16,32,96,512,512
transient_bipolar,100000000,8,5,128,112,128,112,0,112,128,128,128,16,8,16,112,512,512
transient_bipolar,100000000,8,6,128,96,128,96,0,96,128,128,128,8,4,8,120,512,512
transient_bipolar,100000000,8,7,128,64,128,64,0,64,128,128,128,4,2,4,124,512,512
transient_bipolar,100000000,8,8,128,0,128,0,0,0,128,128,128,2,1,2,126,512,512
transient_bipolar,1000000000,0,1,128,127,128,127,0,127,128,128,128,128,128,128,0,512,512
transient_bipolar,1000000000,0,2,128,126,128,126,0,126,128,128,128,128,64,128,0,512,512
transient_bipolar,1000000000,0,3,128,124,128,124,0,124,128,128,128,64,32,64,64,512,512
transient_bipolar,1000000000,0,4,128,120,128,120,0,120,128,128,128,32,16,32,96,512,512
transient_bipolar,1000000000,0,5,128,112,128,112,0,112,128,128,128,16,8,16,112,512,512
transient_bipolar,1000000000,0,6,128,96,128,96,0,96,128,128,128,8,4,8,120,512,512
transient_bipolar,1000000000,0,7,128,64,128,64,0,64,128,128,128,4,2,4,124,512,512
transient_bipolar,1000000000,0,8,128,0,128,0,0,0,128,128,128,2,1,2,126,512,512
transient_bipolar,1000000000,1,1,128,0,0,0,128,1,1,1,1,128,128,0,0,258,512
transient_bipolar,1000000000,1,2,128,64,64,64,64,64,65,65,64,128,64,64,0,385,512
transient_bipolar,1000000000,1,3,128,96,96,96,32,96,97,96,96,64,32,64,32,384,512
transient_bipolar,1000000000,1,4,128,96,96,96,32,96,98,96,96,32,16,32,64,384,512
transient_bipolar,1000000000,1,5,128,96,96,96,32,96,96,96,96,16,8,16,80,384,512
transient_bipolar,1000000000,1,6,128,96,96,96,32,96,96,96,96,8,4,8,88,384,512
transient_bipolar,1000000000,1,7,128,96,96,96,32,96,96,97,96,4,2,4,92,386,512
transient_bipolar,1000000000,1,8,128,96,96,96,32,96,96,96,96,2,1,2,94,384,512
transient_bipolar,1000000000,2,1,128,34,35,19,78,34,35,35,35,128,128,35,0,326,512
transient_bipolar,1000000000,2,2,128,18,20,10,100,18,20,20,20,128,64,20,0,296,512
transient_bipolar,1000000000,2,3,128,8,12,4,112,8,12,12,12,64,32,6,6,164,512
transient_bipolar,1000000000,2,4,128,0,8,0,120,0,8,8,8,32,16,2,6,92,512
transient_bipolar,1000000000,2,5,128,0,0,0,128,0,16,1,1,16,8,0,0,34,512
transient_bipolar,1000000000,2,6,128,0,0,0,128,0,8,1,1,8,4,0,0,18,512
transient_bipolar,1000000000,2,7,128,0,0,0,128,0,10,1,1,4,2,0,0,10,512
transient_bipolar,1000000000,2,8,128,0,0,0,128,0,12,1,1,2,1,0,0,6,512
transient_bipolar,1000000000,3,1,128,19,20,15,104,19,20,20,20,128,128,20,0,296,512
transient_bipolar,1000000000,3,2,128,14,16,6,104,14,16,16,16,128,64,16,0,288,512
transient_bipolar,1000000000,3,3,128,4,8,4,120,4,8,8,8,64,32,4,4,152,512
transient_bipolar,1000000000,3,4,128,0,8,0,120,0,8,8,8,32,16,2,6,92,512
transient_bipolar,1000000000,3,5,128,0,0,0,128,0,16,1,1,16,8,0,0,34,512
transient_bipolar,1000000000,3,6,128,0,0,0,128,1,8,2,1,8,4,0,0,19,512
transient_bipolar,1000000000,3,7,128,0,1,0,127,0,8,2,1,4,2,1,0,11,512
transient_bipolar,1000000000,3,8,128,0,0,0,128,0,8,1,1,2,1,0,0,6,512
transient_bipolar,1000000000,4,1,128,0,0,0,128,1,1,1,1,128,128,0,0,258,512
transient_bipolar,1000000000,4,2,128,64,64,64,64,64,65,65,64,128,64,64,0,385,512
transient_bipolar,1000000000,4,3,128,96,96,96,32,96,97,96,96,64,32,64,32,384,512
transient_bipolar,1000000000,4,4,128,96,96,96,32,96,98,96,96,32,16,32,64,384,512
transient_bipolar,1000000000,4,5,128,96,96,96,32,96,96,96,96,16,8,16,80,384,512
transient_bipolar,1000000000,4,6,128,96,96,96,32,96,96,99,96,8,4,8,88,390,512
transient_bipolar,1000000000,4,7,128,96,96,96,32,97,96,96,96,4,2,4,92,384,512
transient_bipolar,1000000000,4,8,128,96,96,96,32,96,98,96,96,2,1,2,94,384,512
transient_bipolar,1000000000,5,1,128,127,128,127,0,127,128,128,128,128,128,128,0,512,512
transient_bipolar,1000000000,5,2,128,126,128,126,0,126,128,128,128,128,64,128,0,512,512
transient_bipolar,1000000000,5,3,128,124,128,124,0,124,128,128,128,64,32,64,64,512,512
transient_bipolar,1000000000,5,4,128,120,128,120,0,120,128,128,128,32,16,32,96,512,512
transient_bipolar,1000000000,5,5,128,112,128,112,0,112,128,128,128,16,8,16,112,512,512
transient_bipolar,1000000000,5,6,128,96,128,96,0,96,128,128,128,8,4,8,120,512,512
transient_bipolar,1000000000,5,7,128,64,128,64,0,64,128,128,128,4,2,4,124,512,512
transient_bipolar,1000000000,5,8,128,0,128,0,0,0,128,128,128,2,1,2,126,512,512
transient_bipolar,1000000000,6,1,128,128,128,128,0,128,128,128,128,128,128,128,0,512,512
transient_bipolar,1000000000,6,2,128,128,128,128,0,128,128,128,128,128,64,128,0,512,512
transient_bipolar,1000000000,6,3,128,128,128,128,0,128,128,128,128,64,32,64,64,512,512
transient_bipolar,1000000000,6,4,128,128,128,128,0,128,128,128,128,32,16,32,96,512,512
transient_bipolar,1000000000,6,5,128,128,128,128,0,128,128,128,128,16,8,16,112,512,512
transient_bipolar,1000000000,6,6,128,128,128,128,0,128,128,128,128,8,4,8,120,512,512
transient_bipolar,1000000000,6,7,128,128,128,128,0,128,128,128,128,4,2,4,124,512,512
transient_bipolar,1000000000,6,8,128,128,128,128,0,128,128,128,128,2,1,2,126,512,512
transient_bipolar,1000000000,7,1,128,0,0,0,128,4,4,4,4,128,128,0,0,264,512
transient_bipolar,1000000000,7,2,128,64,64,64,64,66,66,66,66,128,64,64,0,388,512
transient_bipolar,1000000000,7,3,128,96,96,96,32,97,97,97,97,64,32,32,64,450,512
transient_bipolar,1000000000,7,4,128,112,112,112,16,112,113,113,112,32,16,16,96,481,512
transient_bipolar,1000000000,7,5,128,120,120,120,8,120,121,120,120,16,8,16,104,480,512
transient_bipolar,1000000000,7,6,128,120,120,120,8,120,122,120,120,8,4,8,112,480,512
transient_bipolar,1000000000,7,7,128,120,120,120,8,120,120,120,120,4,2,4,116,480,512
transient_bipolar,1000000000,7,8,128,120,120,120,8,120,120,120,120,2,1,2,118,480,512
transient_bipolar,1000000000,8,1,128,127,128,127,0,127,128,128,128,128,128,128,0,512,512
transient_bipolar,1000000000,8,2,128,126,128,126,0,126,128,128,128,128,64,128,0,512,512
transient_bipolar,1000000000,8,3,128,124,128,124,0,124,128,128,128,64,32,64,64,512,512
transient_bipolar,1000000000,8,4,128,120,128,120,0,120,128,128,128,32,16,32,96,512,512
transient_bipolar,1000000000,8,5,128,112,128,112,0,112,128,128,128,16,8,16,112,512,512
transient_bipolar,1000000000,8,6,128,96,128,96,0,96,128,128,128,8,4,8,120,512,512
transient_bipolar,1000000000,8,7,128,64,128,64,0,64,128,128,128,4,2,4,124,512,512
transient_bipolar,1000000000,8,8,128,0,128,0,0,0,128,128,128,2,1,2,126,512,512
transient_bipolar,10000000000,0,1,128,127,128,127,0,127,128,128,128,128,128,128,0,512,512
transient_bipolar,10000000000,0,2,128,126,128,126,0,126,128,128,128,128,64,128,0,512,512
transient_bipolar,10000000000,0,3,128,124,128,124,0,124,128,128,128,64,32,64,64,512,512
transient_bipolar,10000000000,0,4,128,120,128,120,0,120,128,128,128,32,16,32,96,512,512
transient_bipolar,10000000000,0,5,128,112,128,112,0,112,128,128,128,16,8,16,112,512,512
transient_bipolar,10000000000,0,6,128,96,128,96,0,96,128,128,128,8,4,8,120,512,512
transient_bipolar,10000000000,0,7,128,64,128,64,0,64,128,128,128,4,2,4,124,512,512
transient_bipolar,10000000000,0,8,128,0,128,0,0,0,128,128,128,2,1,2,126,512,512
transient_bipolar,10000000000,1,1,128,0,0,0,128,1,1,1,1,128,128,0,0,258,512
transient_bipolar,10000000000,1,2,128,64,64,64,64,64,65,65,64,128,64,64,0,385,512
transient_bipolar,10000000000,1,3,128,96,96,96,32,96,97,96,96,64,32,64,32,384,512
transient_bipolar,10000000000,1,4,128,96,96,96,32,96,98,96,96,32,16,32,64,384,512
transient_bipolar,10000000000,1,5,128,96,96,96,32,96,96,96,96,16,8,16,80,384,512
transient_bipolar,10000000000,1,6,128,96,96,96,32,96,96,96,96,8,4,8,88,384,512
transient_bipolar,10000000000,1,7,128,96,96,96,32,96,96,97,96,4,2,4,92,386,512
transient_bipolar,10000000000,1,8,128,96,96,96,32,96,96,96,96,2,1,2,94,384,512
transient_bipolar,10000000000,2,1,128,99,100,71,0,99,100,100,100,128,128,100,0,456,512
transient_bipolar,10000000000,2,2,128,70,72,30,16,70,72,72,72,128,64,72,0,400,512
transient_bipolar,10000000000,2,3,128,28,32,12,80,28,32,32,32,64,32,16,16,224,512
transient_bipolar,10000000000,2,4,128,8,16,0,104,8,16,16,16,32,16,4,12,120,512
transient_bipolar,10000000000,2,5,128,0,0,0,128,0,16,1,1,16,8,0,0,34,512
transient_bipolar,10000000000,2,6,128,0,0,0,128,0,8,1,1,8,4,0,0,18,512
transient_bipolar,10000000000,2,7,128,0,0,0,128,0,11,1,1,4,2,0,0,10,512
transient_bipolar,10000000000,2,8,128,0,0,0,128,0,10,1,1,2,1,0,0,6,512
transient_bipolar,10000000000,3,1,128,41,42,29,74,41,42,42,42,128,128,42,0,340,512
transient_bipolar,10000000000,3,2,128,28,30,18,88,28,30,30,30,128,64,30,0,316,512
transient_bipolar,10000000000,3,3,128,16,20,12,104,16,20,20,20,64,32,10,10,188,512
transient_bipolar,10000000000,3,4,128,8,16,0,104,8,16,16,16,32,16,4,12,120,512
transient_bipolar,10000000000,3,5,128,0,0,0,128,0,16,1,1,16,8,0,0,34,512
transient_bipolar,10000000000,3,6,128,0,0,0,128,0,8,1,1,8,4,0,0,18,512
transient_bipolar,10000000000,3,7,128,0,0,0,128,0,8,1,1,4,2,0,0,10,512
transient_bipolar,10000000000,3,8,128,0,0,0,128,0,9,1,1,2,1,0,0,6,512
transient_bipolar,10000000000,4,1,128,0,0,0,128,1,1,1,1,128,128,0,0,258,512
transient_bipolar,10000000000,4,2,128,64,64,64,64,64,65,65,64,128,64,64,0,385,512
transient_bipolar,10000000000,4,3,128,96,96,96,32,96,97,96,96,64,32,64,32,384,512
transient_bipolar,10000000000,4,4,128,96,96,96,32,96,98,96,96,32,16,32,64,384,512
transient_bipolar,10000000000,4,5,128,96,96,96,32,96,96,96,96,16,8,16,80,384,512
transient_bipolar,10000000000,4,6,128,96,96,96,32,96,96,99,96,8,4,8,88,390,512
transient_bipolar,10000000000,4,7,128,96,96,96,32,97,96,96,96,4,2,4,92,384,512
transient_bipolar,10000000000,4,8,128,96,96,96,32,96,98,96,96,2,1,2,94,384,512
transient_bipolar,10000000000,5,1,128,127,128,127,0,127,128,128,128,128,128,128,0,512,512
transient_bipolar,10000000000,5,2,128,126,128,126,0,126,128,128,128,128,64,128,0,512,512
transient_bipolar,10000000000,5,3,128,124,128,124,0,124,128,128,128,64,32,64,64,512,512
transient_bipolar,10000000000,5,4,128,120,128,120,0,120,128,128,128,32,16,32,96,512,512
transient_bipolar,10000000000,5,5,128,112,128,112,0,112,128,128,128,16,8,16,112,512,512
transient_bipolar,10000000000,5,6,128,96,128,96,0,96,128,128,128,8,4,8,120,512,512
transient_bipolar,10000000000,5,7,128,64,128,64,0,64,128,128,128,4,2,4,124,512,512
transient_bipolar,10000000000,5,8,128,0,128,0,0,0,128,128,128,2,1,2,126,512,512
transient_bipolar,10000000000,6,1,128,128,128,128,0,128,128,128,128,128,128,128,0,512,512
transient_bipolar,10000000000,6,2,128,128,128,128,0,128,128,128,128,128,64,128,0,512,512
transient_bipolar,10000000000,6,3,128,128,128,128,0,128,128,128,128,64,32,64,64,512,512
transient_bipolar,10000000000,6,4,128,128,128,128,0,128,128,128,128,32,16,32,96,512,512
transient_bipolar,10000000000,6,5,128,128,128,128,0,128,128,128,128,16,8,16,112,512,512
transient_bipolar,10000000000,6,6,128,128,128,128,0,128,128,128,128,8,4,8,120,512,512
transient_bipolar,10000000000,6,7,128,128,128,128,0,128,128,128,128,4,2,4,124,512,512
transient_bipolar,10000000000,6,8,128,128,128,128,0,128,128,128,128,2,1,2,126,512,512
transient_bipolar,10000000000,7,1,128,127,128,127,0,127,128,128,128,128,128,128,0,512,512
transient_bipolar,10000000000,7,2,128,126,128,126,0,126,128,128,128,128,64,128,0,512,512
transient_bipolar,10000000000,7,3,128,124,128,124,0,124,128,128,128,64,32,64,64,512,512
transient_bipolar,10000000000,7,4,128,120,128,120,0,120,128,128,128,32,16,32,96,512,512
transient_bipolar,10000000000,7,5,128,112,128,112,0,112,128,128,128,16,8,16,112,512,512
transient_bipolar,10000000000,7,6,128,96,128,96,0,96,128,128,128,8,4,8,120,512,512
transient_bipolar,10000000000,7,7,128,64,128,64,0,64,128,128,128,4,2,4,124,512,512
transient_bipolar,10000000000,7,8,128,0,128,0,0,0,128,128,128,2,1,2,126,512,512
transient_bipolar,10000000000,8,1,128,127,128,127,0,127,128,128,128,128,128,128,0,512,512
transient_bipolar,10000000000,8,2,128,126,128,126,0,126,128,128,128,128,64,128,0,512,512
transient_bipolar,10000000000,8,3,128,124,128,124,0,124,128,128,128,64,32,64,64,512,512
transient_bipolar,10000000000,8,4,128,120,128,120,0,120,128,128,128,32,16,32,96,512,512
transient_bipolar,10000000000,8,5,128,112,128,112,0,112,128,128,128,16,8,16,112,512,512
transient_bipolar,10000000000,8,6,128,96,128,96,0,96,128,128,128,8,4,8,120,512,512
transient_bipolar,10000000000,8,7,128,64,128,64,0,64,128,128,128,4,2,4,124,512,512
transient_bipolar,10000000000,8,8,128,0,128,0,0,0,128,128,128,2,1,2,126,512,512
transient_bipolar,100000000000,0,1,128,127,128,127,0,127,128,128,128,128,128,128,0,512,512
transient_bipolar,100000000000,0,2,128,126,128,126,0,126,128,128,128,128,64,128,0,512,512
transient_bipolar,100000000000,0,3,128,124,128,124,0,124,128,128,128,64,32,64,64,512,512
transient_bipolar,100000000000,0,4,128,120,128,120,0,120,128,128,128,32,16,32,96,512,512
transient_bipolar,100000000000,0,5,128,112,128,112,0,112,128,128,128,16,8,16,112,512,512
transient_bipolar,100000000000,0,6,128,96,128,96,0,96,128,128,128,8,4,8,120,512,512
transient_bipolar,100000000000,0,7,128,64,128,64,0,64,128,128,128,4,2,4,124,512,512
transient_bipolar,100000000000,0,8,128,0,128,0,0,0,128,128,128,2,1,2,126,512,512
transient_bipolar,100000000000,1,1,128,127,128,127,0,127,128,128,128,128,128,128,0,512,512
transient_bipolar,100000000000,1,2,128,126,128,126,0,126,128,128,128,128,64,128,0,512,512
transient_bipolar,100000000000,1,3,128,124,128,124,0,124,128,128,128,64,32,64,64,512,512
transient_bipolar,100000000000,1,4,128,120,128,120,0,120,128,128,128,32,16,32,96,512,512
transient_bipolar,100000000000,1,5,128,112,128,112,0,112,128,128,128,16,8,16,112,512,512
transient_bipolar,100000000000,1,6,128,96,128,96,0,96,128,128,128,8,4,8,120,512,512
transient_bipolar,100000000000,1,7,128,64,128,64,0,64,128,128,128,4,2,4,124,512,512
transient_bipolar,100000000000,1,8,128,0,128,0,0,0,128,128,128,2,1,2,126,512,512
transient_bipolar,100000000000,2,1,128,116,117,105,0,116,117,117,117,128,128,117,0,490,512
transient_bipolar,100000000000,2,2,128,104,106,82,0,104,106,106,106,128,64,106,0,468,512
transient_bipolar,100000000000,2,3,128,80,84,36,0,80,84,84,84,64,32,42,42,380,512
transient_bipolar,100000000000,2,4,128,32,40,0,56,32,40,40,40,32,16,10,30,204,512
transient_bipolar,100000000000,2,5,128,0,0,0,128,0,16,1,1,16,8,0,0,34,512
transient_bipolar,100000000000,2,6,128,0,0,0,128,0,10,1,1,8,4,0,0,18,512
transient_bipolar,100000000000,2,7,128,0,0,0,128,0,9,1,1,4,2,0,0,10,512
transient_bipolar,100000000000,2,8,128,0,0,0,128,0,13,1,1,2,1,0,0,6,512
transient_bipolar,100000000000,3,1,128,91,92,57,2,91,92,92,92,128,128,92,0,440,512
transient_bipolar,100000000000,3,2,128,56,58,34,48,56,58,58,58,128,64,58,0,372,512
transient_bipolar,100000000000,3,3,128,32,36,20,80,32,36,36,36,64,32,18,18,236,512
transient_bipolar,100000000000,3,4,128,16,24,0,88,16,24,24,24,32,16,6,18,148,512
transient_bipolar,100000000000,3,5,128,0,0,0,128,0,16,1,1,16,8,0,0,34,512
transient_bipolar,100000000000,3,6,128,0,0,0,128,0,8,1,1,8,4,0,0,18,512
transient_bipolar,100000000000,3,7,128,0,0,0,128,0,8,1,1,4,2,0,0,10,512
transient_bipolar,100000000000,3,8,128,0,0,0,128,0,9,1,1,2,1,0,0,6,512
transient_bipolar,100000000000,4,1,128,127,128,127,0,127,128,128,128,128,128,128,0,512,512
transient_bipolar,100000000000,4,2,128,126,128,126,0,126,128,128,128,128,64,128,0,512,512
transient_bipolar,100000000000,4,3,128,124,128,124,0,124,128,128,128,64,32,64,64,512,512
transient_bipolar,100000000000,4,4,128,120,128,120,0,120,128,128,128,32,16,32,96,512,512
transient_bipolar,100000000000,4,5,128,112,128,112,0,112,128,128,128,16,8,16,112,512,512
transient_bipolar,100000000000,4,6,128,96,128,96,0,96,128,128,128,8,4,8,120,512,512
transient_bipolar,100000000000,4,7,128,64,128,64,0,64,128,128,128,4,2,4,124,512,512
transient_bipolar,100000000000,4,8,128,0,128,0,0,0,128,128,128,2,1,2,126,512,512
transient_bipolar,100000000000,5,1,128,127,128,127,0,127,128,128,128,128,128,128,0,512,512
transient_bipolar,100000000000,5,2,128,126,128,126,0,126,128,128,128,128,64,128,0,512,512
transient_bipolar,100000000000,5,3,128,124,128,124,0,124,128,128,128,64,32,64,64,512,512
transient_bipolar,100000000000,5,4,128,120,128,120,0,120,128,128,128,32,16,32,96,512,512
transient_bipolar,100000000000,5,5,128,112,128,112,0,112,128,128,128,16,8,16,112,512,512
transient_bipolar,100000000000,5,6,128,96,128,96,0,96,128,128,128,8,4,8,120,512,512
transient_bipolar,100000000000,5,7,128,64,128,64,0,64,128,128,128,4,2,4,124,512,512
transient_bipolar,100000000000,5,8,128,0,128,0,0,0,128,128,128,2,1,2,126,512,512
transient_bipolar,100000000000,6,1,128,128,128,128,0,128,128,128,128,128,128,128,0,512,512
transient_bipolar,100000000000,6,2,128,128,128,128,0,128,128,128,128,128,64,128,0,512,512
transient_bipolar,100000000000,6,3,128,128,128,128,0,128,128,128,128,64,32,64,64,512,512
transient_bipolar,100000000000,6,4,128,128,128,128,0,128,128,128,128,32,16,32,96,512,512
transient_bipolar,100000000000,6,5,128,128,128,128,0,128,128,128,128,16,8,16,112,512,512
transient_bipolar,100000000000,6,6,128,128,128,128,0,128,128,128,128,8,4,8,120,512,512
transient_bipolar,100000000000,6,7,128,128,128,128,0,128,128,128,128,4,2,4,124,512,512
transient_bipolar,100000000000,6,8,128,128,128,128,0,128,128,128,128,2,1,2,126,512,512
transient_bipolar,100000000000,7,1,128,127,128,127,0,127,128,128,128,128,128,128,0,512,512
transient_bipolar,100000000000,7,2,128,126,128,126,0,126,128,128,128,128,64,128,0,512,512
transient_bipolar,100000000000,7,3,128,124,128,124,0,124,128,128,128,64,32,64,64,512,512
transient_bipolar,100000000000,7,4,128,120,128,120,0,120,128,128,128,32,16,32,96,512,512
transient_bipolar,100000000000,7,5,128,112,128,112,0,112,128,128,128,16,8,16,112,512,512
transient_bipolar,100000000000,7,6,128,96,128,96,0,96,128,128,128,8,4,8,120,512,512
transient_bipolar,100000000000,7,7,128,64,128,64,0,64,128,128,128,4,2,4,124,512,512
transient_bipolar,100000000000,7,8,128,0,128,0,0,0,128,128,128,2,1,2,126,512,512
transient_bipolar,100000000000,8,1,128,127,128,127,0,127,128,128,128,128,128,128,0,512,512
transient_bipolar,100000000000,8,2,128,126,128,126,0,126,128,128,128,128,64,128,0,512,512
transient_bipolar,100000000000,8,3,128,124,128,124,0,124,128,128,128,64,32,64,64,512,512
transient_bipolar,100000000000,8,4,128,120,128,120,0,120,128,128,128,32,16,32,96,512,512
transient_bipolar,100000000000,8,5,128,112,128,112,0,112,128,128,128,16,8,16,112,512,512
transient_bipolar,100000000000,8,6,128,96,128,96,0,96,128,128,128,8,4,8,120,512,512
transient_bipolar,100000000000,8,7,128,64,128,64,0,64,128,128,128,4,2,4,124,512,512
transient_bipolar,100000000000,8,8,128,0,128,0,0,0,128,128,128,2,1,2,126,512,512
transient_bipolar,1000000000000,0,1,128,127,128,127,0,127,128,128,128,128,128,128,0,512,512
transient_bipolar,1000000000000,0,2,128,126,128,126,0,126,128,128,128,128,64,128,0,512,512
transient_bipolar,1000000000000,0,3,128,124,128,124,0,124,128,128,128,64,32,64,64,512,512
transient_bipolar,1000000000000,0,4,128,120,128,120,0,120,128,128,128,32,16,32,96,512,512
transient_bipolar,1000000000000,0,5,128,112,128,112,0,112,128,128,128,16,8,16,112,512,512
transient_bipolar,1000000000000,0,6,128,96,128,96,0,96,128,128,128,8,4,8,120,512,512
transient_bipolar,1000000000000,0,7,128,64,128,64,0,64,128,128,128,4,2,4,124,512,512
transient_bipolar,1000000000000,0,8,128,0,128,0,0,0,128,128,128,2,1,2,126,512,512
transient_bipolar,1000000000000,1,1,128,127,128,127,0,127,128,128,128,128,128,128,0,512,512
transient_bipolar,1000000000000,1,2,128,126,128,126,0,126,128,128,128,128,64,128,0,512,512
transient_bipolar,1000000000000,1,3,128,124,128,124,0,124,128,128,128,64,32,64,64,512,512
transient_bipolar,1000000000000,1,4,128,120,128,120,0,120,128,128,128,32,16,32,96,512,512
transient_bipolar,1000000000000,1,5,128,112,128,112,0,112,128,128,128,16,8,16,112,512,512
transient_bipolar,1000000000000,1,6,128,96,128,96,0,96,128,128,128,8,4,8,120,512,512
transient_bipolar,1000000000000,1,7,128,64,128,64,0,64,128,128,128,4,2,4,124,512,512
transient_bipolar,1000000000000,1,8,128,0,128,0,0,0,128,128,128,2,1,2,126,512,512
transient_bipolar,1000000000000,2,1,128,127,128,127,0,127,128,128,128,128,128,128,0,512,512
transient_bipolar,1000000000000,2,2,128,126,128,126,0,126,128,128,128,128,64,128,0,512,512
transient_bipolar,1000000000000,2,3,128,124,128,124,0,124,128,128,128,64,32,64,64,512,512
transient_bipolar,1000000000000,2,4,128,120,128,120,0,120,128,128,128,32,16,32,96,512,512
transient_bipolar,1000000000000,2,5,128,112,128,112,0,112,128,128,128,16,8,16,112,512,512
transient_bipolar,1000000000000,2,6,128,96,128,96,0,96,128,128,128,8,4,8,120,512,512
transient_bipolar,1000000000000,2,7,128,64,128,64,0,64,128,128,128,4,2,4,124,512,512
transient_bipolar,1000000000000,2,8,128,0,128,0,0,0,128,128,128,2,1,2,126,512,512
transient_bipolar,1000000000000,3,1,128,117,118,107,0,117,118,118,118,128,128,118,0,492,512
transient_bipolar,1000000000000,3,2,128,106,108,86,0,106,108,108,108,128,64,108,0,472,512
transient_bipolar,1000000000000,3,3,128,84,88,44,0,84,88,88,88,64,32,44,44,392,512
transient_bipolar,1000000000000,3,4,128,40,48,16,56,40,48,48,48,32,16,12,36,232,512
transient_bipolar,1000000000000,3,5,128,16,16,0,96,16,32,17,17,16,8,2,14,94,512
transient_bipolar,1000000000000,3,6,128,0,0,0,128,0,8,1,1,8,4,0,0,18,512
transient_bipolar,1000000000000,3,7,128,0,0,0,128,0,8,1,1,4,2,0,0,10,512
transient_bipolar,1000000000000,3,8,128,0,0,0,128,0,11,1,1,2,1,0,0,6,512
transient_bipolar,1000000000000,4,1,128,127,128,127,0,127,128,128,128,128,128,128,0,512,512
transient_bipolar,1000000000000,4,2,128,126,128,126,0,126,128,128,128,128,64,128,0,512,512
transient_bipolar,1000000000000,4,3,128,124,128,124,0,124,128,128,128,64,32,64,64,512,512
transient_bipolar,1000000000000,4,4,128,120,128,120,0,120,128,128,128,32,16,32,96,512,512
transient_bipolar,1000000000000,4,5,128,112,128,112,0,112,128,128,128,16,8,16,112,512,512
transient_bipolar,1000000000000,4,6,128,96,128,96,0,96,128,128,128,8,4,8,120,512,512
transient_bipolar,1000000000000,4,7,128,64,128,64,0,64,128,128,128,4,2,4,124,512,512
transient_bipolar,1000000000000,4,8,128,0,128,0,0,0,128,128,128,2,1,2,126,512,512
transient_bipolar,1000000000000,5,1,128,127,128,127,0,127,128,128,128,128,128,128,0,512,512
transient_bipolar,1000000000000,5,2,128,126,128,126,0,126,128,128,128,128,64,128,0,512,512
transient_bipolar,1000000000000,5,3,128,124,128,124,0,124,128,128,128,64,32,64,64,512,512
transient_bipolar,1000000000000,5,4,128,120,128,120,0,120,128,128,128,32,16,32,96,512,512
transient_bipolar,1000000000000,5,5,128,112,128,112,0,112,128,128,128,16,8,16,112,512,512
transient_bipolar,1000000000000,5,6,128,96,128,96,0,96,128,128,128,8,4,8,120,512,512
transient_bipolar,1000000000000,5,7,128,64,128,64,0,64,128,128,128,4,2,4,124,512,512
transient_bipolar,1000000000000,5,8,128,0,128,0,0,0,128,128,128,2,1,2,126,512,512
transient_bipolar,1000000000000,6,1,128,128,128,128,0,128,128,128,128,128,128,128,0,512,512
transient_bipolar,1000000000000,6,2,128,128,128,128,0,128,128,128,128,128,64,128,0,512,512
transient_bipolar,1000000000000,6,3,128,128,128,128,0,128,128,128,128,64,32,64,64,512,512
transient_bipolar,1000000000000,6,4,128,128,128,128,0,128,128,128,128,32,16,32,96,512,512
transient_bipolar,1000000000000,6,5,128,128,128,128,0,128,128,128,128,16,8,16,112,512,512
transient_bipolar,1000000000000,6,6,128,128,128,128,0,128,128,128,128,8,4,8,120,512,512
transient_bipolar,1000000000000,6,7,128,128,128,128,0,128,128,128,128,4,2,4,124,512,512
transient_bipolar,1000000000000,6,8,128,128,128,128,0,128,128,128,128,2,1,2,126,512,512
transient_bipolar,1000000000000,7,1,128,127,128,127,0,127,128,128,128,128,128,128,0,512,512
transient_bipolar,1000000000000,7,2,128,126,128,126,0,126,128,128,128,128,64,128,0,512,512
transient_bipolar,1000000000000,7,3,128,124,128,124,0,124,128,128,128,64,32,64,64,512,512
transient_bipolar,1000000000000,7,4,128,120,128,120,0,120,128,128,128,32,16,32,96,512,512
transient_bipolar,1000000000000,7,5,128,112,128,112,0,112,128,128,128,16,8,16,112,512,512
transient_bipolar,1000000000000,7,6,128,96,128,96,0,96,128,128,128,8,4,8,120,512,512
transient_bipolar,1000000000000,7,7,128,64,128,64,0,64,128,128,128,4,2,4,124,512,512
transient_bipolar,1000000000000,7,8,128,0,128,0,0,0,128,128,128,2,1,2,126,512,512
transient_bipolar,1000000000000,8,1,128,127,128,127,0,127,128,128,128,128,128,128,0,512,512
transient_bipolar,1000000000000,8,2,128,126,128,126,0,126,128,128,128,128,64,128,0,512,512
transient_bipolar,1000000000000,8,3,128,124,128,124,0,124,128,128,128,64,32,64,64,512,512
transient_bipolar,1000000000000,8,4,128,120,128,120,0,120,128,128,128,32,16,32,96,512,512
transient_bipolar,1000000000000,8,5,128,112,128,112,0,112,128,128,128,16,8,16,112,512,512
transient_bipolar,1000000000000,8,6,128,96,128,96,0,96,128,128,128,8,4,8,120,512,512
transient_bipolar,1000000000000,8,7,128,64,128,64,0,64,128,128,128,4,2,4,124,512,512
transient_bipolar,1000000000000,8,8,128,0,128,0,0,0,128,128,128,2,1,2,126,512,512
transient_bipolar,10000000000000,0,1,128,127,128,127,0,127,128,128,128,128,128,128,0,512,512
transient_bipolar,10000000000000,0,2,128,126,128,126,0,126,128,128,128,128,64,128,0,512,512
transient_bipolar,10000000000000,0,3,128,124,128,124,0,124,128,128,128,64,32,64,64,512,512
transient_bipolar,10000000000000,0,4,128,120,128,120,0,120,128,128,128,32,16,32,96,512,512
transient_bipolar,10000000000000,0,5,128,112,128,112,0,112,128,128,128,16,8,16,112,512,512
transient_bipolar,10000000000000,0,6,128,96,128,96,0,96,128,128,128,8,4,8,120,512,512
transient_bipolar,10000000000000,0,7,128,64,128,64,0,64,128,128,128,4,2,4,124,512,512
transient_bipolar,10000000000000,0,8,128,0,128,0,0,0,128,128,128,2,1,2,126,512,512
transient_bipolar,10000000000000,1,1,128,127,128,127,0,127,128,128,128,128,128,128,0,512,512
transient_bipolar,10000000000000,1,2,128,126,128,126,0,126,128,128,128,128,64,128,0,512,512
transient_bipolar,10000000000000,1,3,128,124,128,124,0,124,128,128,128,64,32,64,64,512,512
transient_bipolar,10000000000000,1,4,128,120,128,120,0,120,128,128,128,32,16,32,96,512,512
transient_bipolar,10000000000000,1,5,128,112,128,112,0,112,128,128,128,16,8,16,112,512,512
transient_bipolar,10000000000000,1,6,128,96,128,96,0,96,128,128,128,8,4,8,120,512,512
transient_bipolar,10000000000000,1,7,128,64,128,64,0,64,128,128,128,4,2,4,124,512,512
transient_bipolar,10000000000000,1,8,128,0,128,0,0,0,128,128,128,2,1,2,126,512,512
transient_bipolar,10000000000000,2,1,128,127,128,127,0,127,128,128,128,128,128,128,0,512,512
transient_bipolar,10000000000000,2,2,128,126,128,126,0,126,128,128,128,128,64,128,0,512,512
transient_bipolar,10000000000000,2,3,128,124,128,124,0,124,128,128,128,64,32,64,64,512,512
transient_bipolar,10000000000000,2,4,128,120,128,120,0,120,128,128,128,32,16,32,96,512,512
transient_bipolar,10000000000000,2,5,128,112,128,112,0,112,128,128,128,16,8,16,112,512,512
transient_bipolar,10000000000000,2,6,128,96,128,96,0,96,128,128,128,8,4,8,120,512,512
transient_bipolar,10000000000000,2,7,128,64,128,64,0,64,128,128,128,4,2,4,124,512,512
transient_bipolar,10000000000000,2,8,128,0,128,0,0,0,128,128,128,2,1,2,126,512,512
transient_bipolar,10000000000000,3,1,128,127,128,127,0,127,128,128,128,128,128,128,0,512,512
transient_bipolar,10000000000000,3,2,128,126,128,126,0,126,128,128,128,128,64,128,0,512,512
transient_bipolar,10000000000000,3,3,128,124,128,124,0,124,128,128,128,64,32,64,64,512,512
transient_bipolar,10000000000000,3,4,128,120,128,120,0,120,128,128,128,32,16,32,96,512,512
transient_bipolar,10000000000000,3,5,128,112,128,112,0,112,128,128,128,16,8,16,112,512,512
transient_bipolar,10000000000000,3,6,128,96,128,96,0,96,128,128,128,8,4,8,120,512,512
transient_bipolar,10000000000000,3,7,128,64,128,64,0,64,128,128,128,4,2,4,124,512,512
transient_bipolar,10000000000000,3,8,128,0,128,0,0,0,128,128,128,2,1,2,126,512,512
transient_bipolar,10000000000000,4,1,128,127,128,127,0,127,128,128,128,128,128,128,0,512,512
transient_bipolar,10000000000000,4,2,128,126,128,126,0,126,128,128,128,128,64,128,0,512,512
transient_bipolar,10000000000000,4,3,128,124,128,124,0,124,128,128,128,64,32,64,64,512,512
transient_bipolar,10000000000000,4,4,128,120,128,120,0,120,128,128,128,32,16,32,96,512,512
transient_bipolar,10000000000000,4,5,128,112,128,112,0,112,128,128,128,16,8,16,112,512,512
transient_bipolar,10000000000000,4,6,128,96,128,96,0,96,128,128,128,8,4,8,120,512,512
transient_bipolar,10000000000000,4,7,128,64,128,64,0,64,128,128,128,4,2,4,124,512,512
transient_bipolar,10000000000000,4,8,128,0,128,0,0,0,128,128,128,2,1,2,126,512,512
transient_bipolar,10000000000000,5,1,128,127,128,127,0,127,128,128,128,128,128,128,0,512,512
transient_bipolar,10000000000000,5,2,128,126,128,126,0,126,128,128,128,128,64,128,0,512,512
transient_bipolar,10000000000000,5,3,128,124,128,124,0,124,128,128,128,64,32,64,64,512,512
transient_bipolar,10000000000000,5,4,128,120,128,120,0,120,128,128,128,32,16,32,96,512,512
transient_bipolar,10000000000000,5,5,128,112,128,112,0,112,128,128,128,16,8,16,112,512,512
transient_bipolar,10000000000000,5,6,128,96,128,96,0,96,128,128,128,8,4,8,120,512,512
transient_bipolar,10000000000000,5,7,128,64,128,64,0,64,128,128,128,4,2,4,124,512,512
transient_bipolar,10000000000000,5,8,128,0,128,0,0,0,128,128,128,2,1,2,126,512,512
transient_bipolar,10000000000000,6,1,128,128,128,128,0,128,128,128,128,128,128,128,0,512,512
transient_bipolar,10000000000000,6,2,128,128,128,128,0,128,128,128,128,128,64,128,0,512,512
transient_bipolar,10000000000000,6,3,128,128,128,128,0,128,128,128,128,64,32,64,64,512,512
transient_bipolar,10000000000000,6,4,128,128,128,128,0,128,128,128,128,32,16,32,96,512,512
transient_bipolar,10000000000000,6,5,128,128,128,128,0,128,128,128,128,16,8,16,112,512,512
transient_bipolar,10000000000000,6,6,128,128,128,128,0,128,128,128,128,8,4,8,120,512,512
transient_bipolar,10000000000000,6,7,128,128,128,128,0,128,128,128,128,4,2,4,124,512,512
transient_bipolar,10000000000000,6,8,128,128,128,128,0,128,128,128,128,2,1,2,126,512,512
transient_bipolar,10000000000000,7,1,128,127,128,127,0,127,128,128,128,128,128,128,0,512,512
transient_bipolar,10000000000000,7,2,128,126,128,126,0,126,128,128,128,128,64,128,0,512,512
transient_bipolar,10000000000000,7,3,128,124,128,124,0,124,128,128,128,64,32,64,64,512,512
transient_bipolar,10000000000000,7,4,128,120,128,120,0,120,128,128,128,32,16,32,96,512,512
transient_bipolar,10000000000000,7,5,128,112,128,112,0,112,128,128,128,16,8,16,112,512,512
transient_bipolar,10000000000000,7,6,128,96,128,96,0,96,128,128,128,8,4,8,120,512,512
transient_bipolar,10000000000000,7,7,128,64,128,64,0,64,128,128,128,4,2,4,124,512,512
transient_bipolar,10000000000000,7,8,128,0,128,0,0,0,128,128,128,2,1,2,126,512,512
transient_bipolar,10000000000000,8,1,128,127,128,127,0,127,128,128,128,128,128,128,0,512,512
transient_bipolar,10000000000000,8,2,128,126,128,126,0,126,128,128,128,128,64,128,0,512,512
transient_bipolar,10000000000000,8,3,128,124,128,124,0,124,128,128,128,64,32,64,64,512,512
transient_bipolar,10000000000000,8,4,128,120,128,120,0,120,128,128,128,32,16,32,96,512,512
transient_bipolar,10000000000000,8,5,128,112,128,112,0,112,128,128,128,16,8,16,112,512,512
transient_bipolar,10000000000000,8,6,128,96,128,96,0,96,128,128,128,8,4,8,120,512,512
transient_bipolar,10000000000000,8,7,128,64,128,64,0,64,128,128,128,4,2,4,124,512,512
transient_bipolar,10000000000000,8,8,128,0,128,0,0,0,128,128,128,2,1,2,126,512,512
transient_bipolar,72057594037927935,0,1,128,127,128,127,0,127,128,128,128,128,128,128,0,512,512
transient_bipolar,72057594037927935,0,2,128,126,128,126,0,126,128,128,128,128,64,128,0,512,512
transient_bipolar,72057594037927935,0,3,128,124,128,124,0,124,128,128,128,64,32,64,64,512,512
transient_bipolar,72057594037927935,0,4,128,120,128,120,0,120,128,128,128,32,16,32,96,512,512
transient_bipolar,72057594037927935,0,5,128,112,128,112,0,112,128,128,128,16,8,16,112,512,512
transient_bipolar,72057594037927935,0,6,128,96,128,96,0,96,128,128,128,8,4,8,120,512,512
transient_bipolar,72057594037927935,0,7,128,64,128,64,0,64,128,128,128,4,2,4,124,512,512
transient_bipolar,72057594037927935,0,8,128,0,128,0,0,0,128,128,128,2,1,2,126,512,512
transient_bipolar,72057594037927935,1,1,128,127,128,127,0,127,128,128,128,128,128,128,0,512,512
transient_bipolar,72057594037927935,1,2,128,126,128,126,0,126,128,128,128,128,64,128,0,512,512
transient_bipolar,72057594037927935,1,3,128,124,128,124,0,124,128,128,128,64,32,64,64,512,512
transient_bipolar,72057594037927935,1,4,128,120,128,120,0,120,128,128,128,32,16,32,96,512,512
transient_bipolar,72057594037927935,1,5,128,112,128,112,0,112,128,128,128,16,8,16,112,512,512
transient_bipolar,72057594037927935,1,6,128,96,128,96,0,96,128,128,128,8,4,8,120,512,512
transient_bipolar,72057594037927935,1,7,128,64,128,64,0,64,128,128,128,4,2,4,124,512,512
transient_bipolar,72057594037927935,1,8,128,0,128,0,0,0,128,128,128,2,1,2,126,512,512
transient_bipolar,72057594037927935,2,1,128,127,128,127,0,127,128,128,128,128,128,128,0,512,512
transient_bipolar,72057594037927935,2,2,128,126,128,126,0,126,128,128,128,128,64,128,0,512,512
transient_bipolar,72057594037927935,2,3,128,124,128,124,0,124,128,128,128,64,32,64,64,512,512
transient_bipolar,72057594037927935,2,4,128,120,128,120,0,120,128,128,128,32,16,32,96,512,512
transient_bipolar,72057594037927935,2,5,128,112,128,112,0,112,128,128,128,16,8,16,112,512,512
transient_bipolar,72057594037927935,2,6,128,96,128,96,0,96,128,128,128,8,4,8,120,512,512
transient_bipolar,72057594037927935,2,7,128,64,128,64,0,64,128,128,128,4,2,4,124,512,512
transient_bipolar,72057594037927935,2,8,128,0,128,0,0,0,128,128,128,2,1,2,126,512,512
transient_bipolar,72057594037927935,3,1,128,127,128,127,0,127,128,128,128,128,128,128,0,512,512
transient_bipolar,72057594037927935,3,2,128,126,128,126,0,126,128,128,128,128,64,128,0,512,512
transient_bipolar,72057594037927935,3,3,128,124,128,124,0,124,128,128,128,64,32,64,64,512,512
transient_bipolar,72057594037927935,3,4,128,120,128,120,0,120,128,128,128,32,16,32,96,512,512
transient_bipolar,72057594037927935,3,5,128,112,128,112,0,112,128,128,128,16,8,16,112,512,512
transient_bipolar,72057594037927935,3,6,128,96,128,96,0,96,128,128,128,8,4,8,120,512,512
transient_bipolar,72057594037927935,3,7,128,64,128,64,0,64,128,128,128,4,2,4,124,512,512
transient_bipolar,72057594037927935,3,8,128,0,128,0,0,0,128,128,128,2,1,2,126,512,512
transient_bipolar,72057594037927935,4,1,128,127,128,127,0,127,128,128,128,128,128,128,0,512,512
transient_bipolar,72057594037927935,4,2,128,126,128,126,0,126,128,128,128,128,64,128,0,512,512
transient_bipolar,72057594037927935,4,3,128,124,128,124,0,124,128,128,128,64,32,64,64,512,512
transient_bipolar,72057594037927935,4,4,128,120,128,120,0,120,128,128,128,32,16,32,96,512,512
transient_bipolar,72057594037927935,4,5,128,112,128,112,0,112,128,128,128,16,8,16,112,512,512
transient_bipolar,72057594037927935,4,6,128,96,128,96,0,96,128,128,128,8,4,8,120,512,512
transient_bipolar,72057594037927935,4,7,128,64,128,64,0,64,128,128,128,4,2,4,124,512,512
transient_bipolar,72057594037927935,4,8,128,0,128,0,0,0,128,128,128,2,1,2,126,512,512
transient_bipolar,72057594037927935,5,1,128,127,128,127,0,127,128,128,128,128,128,128,0,512,512
transient_bipolar,72057594037927935,5,2,128,126,128,126,0,126,128,128,128,128,64,128,0,512,512
transient_bipolar,72057594037927935,5,3,128,124,128,124,0,124,128,128,128,64,32,64,64,512,512
transient_bipolar,72057594037927935,5,4,128,120,128,120,0,120,128,128,128,32,16,32,96,512,512
transient_bipolar,72057594037927935,5,5,128,112,128,112,0,112,128,128,128,16,8,16,112,512,512
transient_bipolar,72057594037927935,5,6,128,96,128,96,0,96,128,128,128,8,4,8,120,512,512
transient_bipolar,72057594037927935,5,7,128,64,128,64,0,64,128,128,128,4,2,4,124,512,512
transient_bipolar,72057594037927935,5,8,128,0,128,0,0,0,128,128,128,2,1,2,126,512,512
transient_bipolar,72057594037927935,6,1,128,128,128,128,0,128,128,128,128,128,128,128,0,512,512
transient_bipolar,72057594037927935,6,2,128,128,128,128,0,128,128,128,128,128,64,128,0,512,512
transient_bipolar,72057594037927935,6,3,128,128,128,128,0,128,128,128,128,64,32,64,64,512,512
transient_bipolar,72057594037927935,6,4,128,128,128,128,0,128,128,128,128,32,16,32,96,512,512
transient_bipolar,72057594037927935,6,5,128,128,128,128,0,128,128,128,128,16,8,16,112,512,512
transient_bipolar,72057594037927935,6,6,128,128,128,128,0,128,128,128,128,8,4,8,120,512,512
transient_bipolar,72057594037927935,6,7,128,128,128,128,0,128,128,128,128,4,2,4,124,512,512
transient_bipolar,72057594037927935,6,8,128,128,128,128,0,128,128,128,128,2,1,2,126,512,512
transient_bipolar,72057594037927935,7,1,128,127,128,127,0,127,128,128,128,128,128,128,0,512,512
transient_bipolar,72057594037927935,7,2,128,126,128,126,0,126,128,128,128,128,64,128,0,512,512
transient_bipolar,72057594037927935,7,3,128,124,128,124,0,124,128,128,128,64,32,64,64,512,512
transient_bipolar,72057594037927935,7,4,128,120,128,120,0,120,128,128,128,32,16,32,96,512,512
transient_bipolar,72057594037927935,7,5,128,112,128,112,0,112,128,128,128,16,8,16,112,512,512
transient_bipolar,72057594037927935,7,6,128,96,128,96,0,96,128,128,128,8,4,8,120,512,512
transient_bipolar,72057594037927935,7,7,128,64,128,64,0,64,128,128,128,4,2,4,124,512,512
transient_bipolar,72057594037927935,7,8,128,0,128,0,0,0,128,128,128,2,1,2,126,512,512
transient_bipolar,72057594037927935,8,1,128,127,128,127,0,127,128,128,128,128,128,128,0,512,512
transient_bipolar,72057594037927935,8,2,128,126,128,126,0,126,128,128,128,128,64,128,0,512,512
transient_bipolar,72057594037927935,8,3,128,124,128,124,0,124,128,128,128,64,32,64,64,512,512
transient_bipolar,72057594037927935,8,4,128,120,128,120,0,120,128,128,128,32,16,32,96,512,512
transient_bipolar,72057594037927935,8,5,128,112,128,112,0,112,128,128,128,16,8,16,112,512,512
transient_bipolar,72057594037927935,8,6,128,96,128,96,0,96,128,128,128,8,4,8,120,512,512
transient_bipolar,72057594037927935,8,7,128,64,128,64,0,64,128,128,128,4,2,4,124,512,512
transient_bipolar,72057594037927935,8,8,128,0,128,0,0,0,128,128,128,2,1,2,126,512,512
zero_control,0,0,1,128,128,128,128,0,128,128,128,128,128,128,128,0,512,512
zero_control,0,0,2,128,128,128,128,0,128,128,128,128,128,64,128,0,512,512
zero_control,0,0,3,128,128,128,128,0,128,128,128,128,64,32,64,64,512,512
zero_control,0,0,4,128,128,128,128,0,128,128,128,128,32,16,32,96,512,512
zero_control,0,0,5,128,128,128,128,0,128,128,128,128,16,8,16,112,512,512
zero_control,0,0,6,128,128,128,128,0,128,128,128,128,8,4,8,120,512,512
zero_control,0,0,7,128,128,128,128,0,128,128,128,128,4,2,4,124,512,512
zero_control,0,0,8,128,128,128,128,0,128,128,128,128,2,1,2,126,512,512
zero_control,0,1,1,128,128,128,128,0,128,128,128,128,128,128,128,0,512,512
zero_control,0,1,2,128,128,128,128,0,128,128,128,128,128,64,128,0,512,512
zero_control,0,1,3,128,128,128,128,0,128,128,128,128,64,32,64,64,512,512
zero_control,0,1,4,128,128,128,128,0,128,128,128,128,32,16,32,96,512,512
zero_control,0,1,5,128,128,128,128,0,128,128,128,128,16,8,16,112,512,512
zero_control,0,1,6,128,128,128,128,0,128,128,128,128,8,4,8,120,512,512
zero_control,0,1,7,128,128,128,128,0,128,128,128,128,4,2,4,124,512,512
zero_control,0,1,8,128,128,128,128,0,128,128,128,128,2,1,2,126,512,512
zero_control,0,2,1,128,128,128,128,0,128,128,128,128,128,128,128,0,512,512
zero_control,0,2,2,128,128,128,128,0,128,128,128,128,128,64,128,0,512,512
zero_control,0,2,3,128,128,128,128,0,128,128,128,128,64,32,64,64,512,512
zero_control,0,2,4,128,128,128,128,0,128,128,128,128,32,16,32,96,512,512
zero_control,0,2,5,128,128,128,128,0,128,128,128,128,16,8,16,112,512,512
zero_control,0,2,6,128,128,128,128,0,128,128,128,128,8,4,8,120,512,512
zero_control,0,2,7,128,128,128,128,0,128,128,128,128,4,2,4,124,512,512
zero_control,0,2,8,128,128,128,128,0,128,128,128,128,2,1,2,126,512,512
zero_control,0,3,1,128,128,128,128,0,128,128,128,128,128,128,128,0,512,512
zero_control,0,3,2,128,128,128,128,0,128,128,128,128,128,64,128,0,512,512
zero_control,0,3,3,128,128,128,128,0,128,128,128,128,64,32,64,64,512,512
zero_control,0,3,4,128,128,128,128,0,128,128,128,128,32,16,32,96,512,512
zero_control,0,3,5,128,128,128,128,0,128,128,128,128,16,8,16,112,512,512
zero_control,0,3,6,128,128,128,128,0,128,128,128,128,8,4,8,120,512,512
zero_control,0,3,7,128,128,128,128,0,128,128,128,128,4,2,4,124,512,512
zero_control,0,3,8,128,128,128,128,0,128,128,128,128,2,1,2,126,512,512
zero_control,0,4,1,128,128,128,128,0,128,128,128,128,128,128,128,0,512,512
zero_control,0,4,2,128,128,128,128,0,128,128,128,128,128,64,128,0,512,512
zero_control,0,4,3,128,128,128,128,0,128,128,128,128,64,32,64,64,512,512
zero_control,0,4,4,128,128,128,128,0,128,128,128,128,32,16,32,96,512,512
zero_control,0,4,5,128,128,128,128,0,128,128,128,128,16,8,16,112,512,512
zero_control,0,4,6,128,128,128,128,0,128,128,128,128,8,4,8,120,512,512
zero_control,0,4,7,128,128,128,128,0,128,128,128,128,4,2,4,124,512,512
zero_control,0,4,8,128,128,128,128,0,128,128,128,128,2,1,2,126,512,512
zero_control,0,5,1,128,128,128,128,0,128,128,128,128,128,128,128,0,512,512
zero_control,0,5,2,128,128,128,128,0,128,128,128,128,128,64,128,0,512,512
zero_control,0,5,3,128,128,128,128,0,128,128,128,128,64,32,64,64,512,512
zero_control,0,5,4,128,128,128,128,0,128,128,128,128,32,16,32,96,512,512
zero_control,0,5,5,128,128,128,128,0,128,128,128,128,16,8,16,112,512,512
zero_control,0,5,6,128,128,128,128,0,128,128,128,128,8,4,8,120,512,512
zero_control,0,5,7,128,128,128,128,0,128,128,128,128,4,2,4,124,512,512
zero_control,0,5,8,128,128,128,128,0,128,128,128,128,2,1,2,126,512,512
zero_control,0,6,1,128,128,128,128,0,128,128,128,128,128,128,128,0,512,512
zero_control,0,6,2,128,128,128,128,0,128,128,128,128,128,64,128,0,512,512
zero_control,0,6,3,128,128,128,128,0,128,128,128,128,64,32,64,64,512,512
zero_control,0,6,4,128,128,128,128,0,128,128,128,128,32,16,32,96,512,512
zero_control,0,6,5,128,128,128,128,0,128,128,128,128,16,8,16,112,512,512
zero_control,0,6,6,128,128,128,128,0,128,128,128,128,8,4,8,120,512,512
zero_control,0,6,7,128,128,128,128,0,128,128,128,128,4,2,4,124,512,512
zero_control,0,6,8,128,128,128,128,0,128,128,128,128,2,1,2,126,512,512
zero_control,0,7,1,128,128,128,128,0,128,128,128,128,128,128,128,0,512,512
zero_control,0,7,2,128,128,128,128,0,128,128,128,128,128,64,128,0,512,512
zero_control,0,7,3,128,128,128,128,0,128,128,128,128,64,32,64,64,512,512
zero_control,0,7,4,128,128,128,128,0,128,128,128,128,32,16,32,96,512,512
zero_control,0,7,5,128,128,128,128,0,128,128,128,128,16,8,16,112,512,512
zero_control,0,7,6,128,128,128,128,0,128,128,128,128,8,4,8,120,512,512
zero_control,0,7,7,128,128,128,128,0,128,128,128,128,4,2,4,124,512,512
zero_control,0,7,8,128,128,128,128,0,128,128,128,128,2,1,2,126,512,512
zero_control,0,8,1,128,128,128,128,0,128,128,128,128,128,128,128,0,512,512
zero_control,0,8,2,128,128,128,128,0,128,128,128,128,128,64,128,0,512,512
zero_control,0,8,3,128,128,128,128,0,128,128,128,128,64,32,64,64,512,512
zero_control,0,8,4,128,128,128,128,0,128,128,128,128,32,16,32,96,512,512
zero_control,0,8,5,128,128,128,128,0,128,128,128,128,16,8,16,112,512,512
zero_control,0,8,6,128,128,128,128,0,128,128,128,128,8,4,8,120,512,512
zero_control,0,8,7,128,128,128,128,0,128,128,128,128,4,2,4,124,512,512
zero_control,0,8,8,128,128,128,128,0,128,128,128,128,2,1,2,126,512,512
zero_control,100000000,0,1,128,128,128,128,0,128,128,128,128,128,128,128,0,512,512
zero_control,100000000,0,2,128,128,128,128,0,128,128,128,128,128,64,128,0,512,512
zero_control,100000000,0,3,128,128,128,128,0,128,128,128,128,64,32,64,64,512,512
zero_control,100000000,0,4,128,128,128,128,0,128,128,128,128,32,16,32,96,512,512
zero_control,100000000,0,5,128,128,128,128,0,128,128,128,128,16,8,16,112,512,512
zero_control,100000000,0,6,128,128,128,128,0,128,128,128,128,8,4,8,120,512,512
zero_control,100000000,0,7,128,128,128,128,0,128,128,128,128,4,2,4,124,512,512
zero_control,100000000,0,8,128,128,128,128,0,128,128,128,128,2,1,2,126,512,512
zero_control,100000000,1,1,128,128,128,128,0,128,128,128,128,128,128,128,0,512,512
zero_control,100000000,1,2,128,128,128,128,0,128,128,128,128,128,64,128,0,512,512
zero_control,100000000,1,3,128,128,128,128,0,128,128,128,128,64,32,64,64,512,512
zero_control,100000000,1,4,128,128,128,128,0,128,128,128,128,32,16,32,96,512,512
zero_control,100000000,1,5,128,128,128,128,0,128,128,128,128,16,8,16,112,512,512
zero_control,100000000,1,6,128,128,128,128,0,128,128,128,128,8,4,8,120,512,512
zero_control,100000000,1,7,128,128,128,128,0,128,128,128,128,4,2,4,124,512,512
zero_control,100000000,1,8,128,128,128,128,0,128,128,128,128,2,1,2,126,512,512
zero_control,100000000,2,1,128,128,128,128,0,128,128,128,128,128,128,128,0,512,512
zero_control,100000000,2,2,128,128,128,128,0,128,128,128,128,128,64,128,0,512,512
zero_control,100000000,2,3,128,128,128,128,0,128,128,128,128,64,32,64,64,512,512
zero_control,100000000,2,4,128,128,128,128,0,128,128,128,128,32,16,32,96,512,512
zero_control,100000000,2,5,128,128,128,128,0,128,128,128,128,16,8,16,112,512,512
zero_control,100000000,2,6,128,128,128,128,0,128,128,128,128,8,4,8,120,512,512
zero_control,100000000,2,7,128,128,128,128,0,128,128,128,128,4,2,4,124,512,512
zero_control,100000000,2,8,128,128,128,128,0,128,128,128,128,2,1,2,126,512,512
zero_control,100000000,3,1,128,128,128,128,0,128,128,128,128,128,128,128,0,512,512
zero_control,100000000,3,2,128,128,128,128,0,128,128,128,128,128,64,128,0,512,512
zero_control,100000000,3,3,128,128,128,128,0,128,128,128,128,64,32,64,64,512,512
zero_control,100000000,3,4,128,128,128,128,0,128,128,128,128,32,16,32,96,512,512
zero_control,100000000,3,5,128,128,128,128,0,128,128,128,128,16,8,16,112,512,512
zero_control,100000000,3,6,128,128,128,128,0,128,128,128,128,8,4,8,120,512,512
zero_control,100000000,3,7,128,128,128,128,0,128,128,128,128,4,2,4,124,512,512
zero_control,100000000,3,8,128,128,128,128,0,128,128,128,128,2,1,2,126,512,512
zero_control,100000000,4,1,128,128,128,128,0,128,128,128,128,128,128,128,0,512,512
zero_control,100000000,4,2,128,128,128,128,0,128,128,128,128,128,64,128,0,512,512
zero_control,100000000,4,3,128,128,128,128,0,128,128,128,128,64,32,64,64,512,512
zero_control,100000000,4,4,128,128,128,128,0,128,128,128,128,32,16,32,96,512,512
zero_control,100000000,4,5,128,128,128,128,0,128,128,128,128,16,8,16,112,512,512
zero_control,100000000,4,6,128,128,128,128,0,128,128,128,128,8,4,8,120,512,512
zero_control,100000000,4,7,128,128,128,128,0,128,128,128,128,4,2,4,124,512,512
zero_control,100000000,4,8,128,128,128,128,0,128,128,128,128,2,1,2,126,512,512
zero_control,100000000,5,1,128,128,128,128,0,128,128,128,128,128,128,128,0,512,512
zero_control,100000000,5,2,128,128,128,128,0,128,128,128,128,128,64,128,0,512,512
zero_control,100000000,5,3,128,128,128,128,0,128,128,128,128,64,32,64,64,512,512
zero_control,100000000,5,4,128,128,128,128,0,128,128,128,128,32,16,32,96,512,512
zero_control,100000000,5,5,128,128,128,128,0,128,128,128,128,16,8,16,112,512,512
zero_control,100000000,5,6,128,128,128,128,0,128,128,128,128,8,4,8,120,512,512
zero_control,100000000,5,7,128,128,128,128,0,128,128,128,128,4,2,4,124,512,512
zero_control,100000000,5,8,128,128,128,128,0,128,128,128,128,2,1,2,126,512,512
zero_control,100000000,6,1,128,128,128,128,0,128,128,128,128,128,128,128,0,512,512
zero_control,100000000,6,2,128,128,128,128,0,128,128,128,128,128,64,128,0,512,512
zero_control,100000000,6,3,128,128,128,128,0,128,128,128,128,64,32,64,64,512,512
zero_control,100000000,6,4,128,128,128,128,0,128,128,128,128,32,16,32,96,512,512
zero_control,100000000,6,5,128,128,128,128,0,128,128,128,128,16,8,16,112,512,512
zero_control,100000000,6,6,128,128,128,128,0,128,128,128,128,8,4,8,120,512,512
zero_control,100000000,6,7,128,128,128,128,0,128,128,128,128,4,2,4,124,512,512
zero_control,100000000,6,8,128,128,128,128,0,128,128,128,128,2,1,2,126,512,512
zero_control,100000000,7,1,128,128,128,128,0,128,128,128,128,128,128,128,0,512,512
zero_control,100000000,7,2,128,128,128,128,0,128,128,128,128,128,64,128,0,512,512
zero_control,100000000,7,3,128,128,128,128,0,128,128,128,128,64,32,64,64,512,512
zero_control,100000000,7,4,128,128,128,128,0,128,128,128,128,32,16,32,96,512,512
zero_control,100000000,7,5,128,128,128,128,0,128,128,128,128,16,8,16,112,512,512
zero_control,100000000,7,6,128,128,128,128,0,128,128,128,128,8,4,8,120,512,512
zero_control,100000000,7,7,128,128,128,128,0,128,128,128,128,4,2,4,124,512,512
zero_control,100000000,7,8,128,128,128,128,0,128,128,128,128,2,1,2,126,512,512
zero_control,100000000,8,1,128,128,128,128,0,128,128,128,128,128,128,128,0,512,512
zero_control,100000000,8,2,128,128,128,128,0,128,128,128,128,128,64,128,0,512,512
zero_control,100000000,8,3,128,128,128,128,0,128,128,128,128,64,32,64,64,512,512
zero_control,100000000,8,4,128,128,128,128,0,128,128,128,128,32,16,32,96,512,512
zero_control,100000000,8,5,128,128,128,128,0,128,128,128,128,16,8,16,112,512,512
zero_control,100000000,8,6,128,128,128,128,0,128,128,128,128,8,4,8,120,512,512
zero_control,100000000,8,7,128,128,128,128,0,128,128,128,128,4,2,4,124,512,512
zero_control,100000000,8,8,128,128,128,128,0,128,128,128,128,2,1,2,126,512,512
zero_control,1000000000,0,1,128,128,128,128,0,128,128,128,128,128,128,128,0,512,512
zero_control,1000000000,0,2,128,128,128,128,0,128,128,128,128,128,64,128,0,512,512
zero_control,1000000000,0,3,128,128,128,128,0,128,128,128,128,64,32,64,64,512,512
zero_control,1000000000,0,4,128,128,128,128,0,128,128,128,128,32,16,32,96,512,512
zero_control,1000000000,0,5,128,128,128,128,0,128,128,128,128,16,8,16,112,512,512
zero_control,1000000000,0,6,128,128,128,128,0,128,128,128,128,8,4,8,120,512,512
zero_control,1000000000,0,7,128,128,128,128,0,128,128,128,128,4,2,4,124,512,512
zero_control,1000000000,0,8,128,128,128,128,0,128,128,128,128,2,1,2,126,512,512
zero_control,1000000000,1,1,128,128,128,128,0,128,128,128,128,128,128,128,0,512,512
zero_control,1000000000,1,2,128,128,128,128,0,128,128,128,128,128,64,128,0,512,512
zero_control,1000000000,1,3,128,128,128,128,0,128,128,128,128,64,32,64,64,512,512
zero_control,1000000000,1,4,128,128,128,128,0,128,128,128,128,32,16,32,96,512,512
zero_control,1000000000,1,5,128,128,128,128,0,128,128,128,128,16,8,16,112,512,512
zero_control,1000000000,1,6,128,128,128,128,0,128,128,128,128,8,4,8,120,512,512
zero_control,1000000000,1,7,128,128,128,128,0,128,128,128,128,4,2,4,124,512,512
zero_control,1000000000,1,8,128,128,128,128,0,128,128,128,128,2,1,2,126,512,512
zero_control,1000000000,2,1,128,128,128,128,0,128,128,128,128,128,128,128,0,512,512
zero_control,1000000000,2,2,128,128,128,128,0,128,128,128,128,128,64,128,0,512,512
zero_control,1000000000,2,3,128,128,128,128,0,128,128,128,128,64,32,64,64,512,512
zero_control,1000000000,2,4,128,128,128,128,0,128,128,128,128,32,16,32,96,512,512
zero_control,1000000000,2,5,128,128,128,128,0,128,128,128,128,16,8,16,112,512,512
zero_control,1000000000,2,6,128,128,128,128,0,128,128,128,128,8,4,8,120,512,512
zero_control,1000000000,2,7,128,128,128,128,0,128,128,128,128,4,2,4,124,512,512
zero_control,1000000000,2,8,128,128,128,128,0,128,128,128,128,2,1,2,126,512,512
zero_control,1000000000,3,1,128,128,128,128,0,128,128,128,128,128,128,128,0,512,512
zero_control,1000000000,3,2,128,128,128,128,0,128,128,128,128,128,64,128,0,512,512
zero_control,1000000000,3,3,128,128,128,128,0,128,128,128,128,64,32,64,64,512,512
zero_control,1000000000,3,4,128,128,128,128,0,128,128,128,128,32,16,32,96,512,512
zero_control,1000000000,3,5,128,128,128,128,0,128,128,128,128,16,8,16,112,512,512
zero_control,1000000000,3,6,128,128,128,128,0,128,128,128,128,8,4,8,120,512,512
zero_control,1000000000,3,7,128,128,128,128,0,128,128,128,128,4,2,4,124,512,512
zero_control,1000000000,3,8,128,128,128,128,0,128,128,128,128,2,1,2,126,512,512
zero_control,1000000000,4,1,128,128,128,128,0,128,128,128,128,128,128,128,0,512,512
zero_control,1000000000,4,2,128,128,128,128,0,128,128,128,128,128,64,128,0,512,512
zero_control,1000000000,4,3,128,128,128,128,0,128,128,128,128,64,32,64,64,512,512
zero_control,1000000000,4,4,128,128,128,128,0,128,128,128,128,32,16,32,96,512,512
zero_control,1000000000,4,5,128,128,128,128,0,128,128,128,128,16,8,16,112,512,512
zero_control,1000000000,4,6,128,128,128,128,0,128,128,128,128,8,4,8,120,512,512
zero_control,1000000000,4,7,128,128,128,128,0,128,128,128,128,4,2,4,124,512,512
zero_control,1000000000,4,8,128,128,128,128,0,128,128,128,128,2,1,2,126,512,512
zero_control,1000000000,5,1,128,128,128,128,0,128,128,128,128,128,128,128,0,512,512
zero_control,1000000000,5,2,128,128,128,128,0,128,128,128,128,128,64,128,0,512,512
zero_control,1000000000,5,3,128,128,128,128,0,128,128,128,128,64,32,64,64,512,512
zero_control,1000000000,5,4,128,128,128,128,0,128,128,128,128,32,16,32,96,512,512
zero_control,1000000000,5,5,128,128,128,128,0,128,128,128,128,16,8,16,112,512,512
zero_control,1000000000,5,6,128,128,128,128,0,128,128,128,128,8,4,8,120,512,512
zero_control,1000000000,5,7,128,128,128,128,0,128,128,128,128,4,2,4,124,512,512
zero_control,1000000000,5,8,128,128,128,128,0,128,128,128,128,2,1,2,126,512,512
zero_control,1000000000,6,1,128,128,128,128,0,128,128,128,128,128,128,128,0,512,512
zero_control,1000000000,6,2,128,128,128,128,0,128,128,128,128,128,64,128,0,512,512
zero_control,1000000000,6,3,128,128,128,128,0,128,128,128,128,64,32,64,64,512,512
zero_control,1000000000,6,4,128,128,128,128,0,128,128,128,128,32,16,32,96,512,512
zero_control,1000000000,6,5,128,128,128,128,0,128,128,128,128,16,8,16,112,512,512
zero_control,1000000000,6,6,128,128,128,128,0,128,128,128,128,8,4,8,120,512,512
zero_control,1000000000,6,7,128,128,128,128,0,128,128,128,128,4,2,4,124,512,512
zero_control,1000000000,6,8,128,128,128,128,0,128,128,128,128,2,1,2,126,512,512
zero_control,1000000000,7,1,128,128,128,128,0,128,128,128,128,128,128,128,0,512,512
zero_control,1000000000,7,2,128,128,128,128,0,128,128,128,128,128,64,128,0,512,512
zero_control,1000000000,7,3,128,128,128,128,0,128,128,128,128,64,32,64,64,512,512
zero_control,1000000000,7,4,128,128,128,128,0,128,128,128,128,32,16,32,96,512,512
zero_control,1000000000,7,5,128,128,128,128,0,128,128,128,128,16,8,16,112,512,512
zero_control,1000000000,7,6,128,128,128,128,0,128,128,128,128,8,4,8,120,512,512
zero_control,1000000000,7,7,128,128,128,128,0,128,128,128,128,4,2,4,124,512,512
zero_control,1000000000,7,8,128,128,128,128,0,128,128,128,128,2,1,2,126,512,512
zero_control,1000000000,8,1,128,128,128,128,0,128,128,128,128,128,128,128,0,512,512
zero_control,1000000000,8,2,128,128,128,128,0,128,128,128,128,128,64,128,0,512,512
zero_control,1000000000,8,3,128,128,128,128,0,128,128,128,128,64,32,64,64,512,512
zero_control,1000000000,8,4,128,128,128,128,0,128,128,128,128,32,16,32,96,512,512
zero_control,1000000000,8,5,128,128,128,128,0,128,128,128,128,16,8,16,112,512,512
zero_control,1000000000,8,6,128,128,128,128,0,128,128,128,128,8,4,8,120,512,512
zero_control,1000000000,8,7,128,128,128,128,0,128,128,128,128,4,2,4,124,512,512
zero_control,1000000000,8,8,128,128,128,128,0,128,128,128,128,2,1,2,126,512,512
zero_control,10000000000,0,1,128,128,128,128,0,128,128,128,128,128,128,128,0,512,512
zero_control,10000000000,0,2,128,128,128,128,0,128,128,128,128,128,64,128,0,512,512
zero_control,10000000000,0,3,128,128,128,128,0,128,128,128,128,64,32,64,64,512,512
zero_control,10000000000,0,4,128,128,128,128,0,128,128,128,128,32,16,32,96,512,512
zero_control,10000000000,0,5,128,128,128,128,0,128,128,128,128,16,8,16,112,512,512
zero_control,10000000000,0,6,128,128,128,128,0,128,128,128,128,8,4,8,120,512,512
zero_control,10000000000,0,7,128,128,128,128,0,128,128,128,128,4,2,4,124,512,512
zero_control,10000000000,0,8,128,128,128,128,0,128,128,128,128,2,1,2,126,512,512
zero_control,10000000000,1,1,128,128,128,128,0,128,128,128,128,128,128,128,0,512,512
zero_control,10000000000,1,2,128,128,128,128,0,128,128,128,128,128,64,128,0,512,512
zero_control,10000000000,1,3,128,128,128,128,0,128,128,128,128,64,32,64,64,512,512
zero_control,10000000000,1,4,128,128,128,128,0,128,128,128,128,32,16,32,96,512,512
zero_control,10000000000,1,5,128,128,128,128,0,128,128,128,128,16,8,16,112,512,512
zero_control,10000000000,1,6,128,128,128,128,0,128,128,128,128,8,4,8,120,512,512
zero_control,10000000000,1,7,128,128,128,128,0,128,128,128,128,4,2,4,124,512,512
zero_control,10000000000,1,8,128,128,128,128,0,128,128,128,128,2,1,2,126,512,512
zero_control,10000000000,2,1,128,128,128,128,0,128,128,128,128,128,128,128,0,512,512
zero_control,10000000000,2,2,128,128,128,128,0,128,128,128,128,128,64,128,0,512,512
zero_control,10000000000,2,3,128,128,128,128,0,128,128,128,128,64,32,64,64,512,512
zero_control,10000000000,2,4,128,128,128,128,0,128,128,128,128,32,16,32,96,512,512
zero_control,10000000000,2,5,128,128,128,128,0,128,128,128,128,16,8,16,112,512,512
zero_control,10000000000,2,6,128,128,128,128,0,128,128,128,128,8,4,8,120,512,512
zero_control,10000000000,2,7,128,128,128,128,0,128,128,128,128,4,2,4,124,512,512
zero_control,10000000000,2,8,128,128,128,128,0,128,128,128,128,2,1,2,126,512,512
zero_control,10000000000,3,1,128,128,128,128,0,128,128,128,128,128,128,128,0,512,512
zero_control,10000000000,3,2,128,128,128,128,0,128,128,128,128,128,64,128,0,512,512
zero_control,10000000000,3,3,128,128,128,128,0,128,128,128,128,64,32,64,64,512,512
zero_control,10000000000,3,4,128,128,128,128,0,128,128,128,128,32,16,32,96,512,512
zero_control,10000000000,3,5,128,128,128,128,0,128,128,128,128,16,8,16,112,512,512
zero_control,10000000000,3,6,128,128,128,128,0,128,128,128,128,8,4,8,120,512,512
zero_control,10000000000,3,7,128,128,128,128,0,128,128,128,128,4,2,4,124,512,512
zero_control,10000000000,3,8,128,128,128,128,0,128,128,128,128,2,1,2,126,512,512
zero_control,10000000000,4,1,128,128,128,128,0,128,128,128,128,128,128,128,0,512,512
zero_control,10000000000,4,2,128,128,128,128,0,128,128,128,128,128,64,128,0,512,512
zero_control,10000000000,4,3,128,128,128,128,0,128,128,128,128,64,32,64,64,512,512
zero_control,10000000000,4,4,128,128,128,128,0,128,128,128,128,32,16,32,96,512,512
zero_control,10000000000,4,5,128,128,128,128,0,128,128,128,128,16,8,16,112,512,512
zero_control,10000000000,4,6,128,128,128,128,0,128,128,128,128,8,4,8,120,512,512
zero_control,10000000000,4,7,128,128,128,128,0,128,128,128,128,4,2,4,124,512,512
zero_control,10000000000,4,8,128,128,128,128,0,128,128,128,128,2,1,2,126,512,512
zero_control,10000000000,5,1,128,128,128,128,0,128,128,128,128,128,128,128,0,512,512
zero_control,10000000000,5,2,128,128,128,128,0,128,128,128,128,128,64,128,0,512,512
zero_control,10000000000,5,3,128,128,128,128,0,128,128,128,128,64,32,64,64,512,512
zero_control,10000000000,5,4,128,128,128,128,0,128,128,128,128,32,16,32,96,512,512
zero_control,10000000000,5,5,128,128,128,128,0,128,128,128,128,16,8,16,112,512,512
zero_control,10000000000,5,6,128,128,128,128,0,128,128,128,128,8,4,8,120,512,512
zero_control,10000000000,5,7,128,128,128,128,0,128,128,128,128,4,2,4,124,512,512
zero_control,10000000000,5,8,128,128,128,128,0,128,128,128,128,2,1,2,126,512,512
zero_control,10000000000,6,1,128,128,128,128,0,128,128,128,128,128,128,128,0,512,512
zero_control,10000000000,6,2,128,128,128,128,0,128,128,128,128,128,64,128,0,512,512
zero_control,10000000000,6,3,128,128,128,128,0,128,128,128,128,64,32,64,64,512,512
zero_control,10000000000,6,4,128,128,128,128,0,128,128,128,128,32,16,32,96,512,512
zero_control,10000000000,6,5,128,128,128,128,0,128,128,128,128,16,8,16,112,512,512
zero_control,10000000000,6,6,128,128,128,128,0,128,128,128,128,8,4,8,120,512,512
zero_control,10000000000,6,7,128,128,128,128,0,128,128,128,128,4,2,4,124,512,512
zero_control,10000000000,6,8,128,128,128,128,0,128,128,128,128,2,1,2,126,512,512
zero_control,10000000000,7,1,128,128,128,128,0,128,128,128,128,128,128,128,0,512,512
zero_control,10000000000,7,2,128,128,128,128,0,128,128,128,128,128,64,128,0,512,512
zero_control,10000000000,7,3,128,128,128,128,0,128,128,128,128,64,32,64,64,512,512
zero_control,10000000000,7,4,128,128,128,128,0,128,128,128,128,32,16,32,96,512,512
zero_control,10000000000,7,5,128,128,128,128,0,128,128,128,128,16,8,16,112,512,512
zero_control,10000000000,7,6,128,128,128,128,0,128,128,128,128,8,4,8,120,512,512
zero_control,10000000000,7,7,128,128,128,128,0,128,128,128,128,4,2,4,124,512,512
zero_control,10000000000,7,8,128,128,128,128,0,128,128,128,128,2,1,2,126,512,512
zero_control,10000000000,8,1,128,128,128,128,0,128,128,128,128,128,128,128,0,512,512
zero_control,10000000000,8,2,128,128,128,128,0,128,128,128,128,128,64,128,0,512,512
zero_control,10000000000,8,3,128,128,128,128,0,128,128,128,128,64,32,64,64,512,512
zero_control,10000000000,8,4,128,128,128,128,0,128,128,128,128,32,16,32,96,512,512
zero_control,10000000000,8,5,128,128,128,128,0,128,128,128,128,16,8,16,112,512,512
zero_control,10000000000,8,6,128,128,128,128,0,128,128,128,128,8,4,8,120,512,512
zero_control,10000000000,8,7,128,128,128,128,0,128,128,128,128,4,2,4,124,512,512
zero_control,10000000000,8,8,128,128,128,128,0,128,128,128,128,2,1,2,126,512,512
zero_control,100000000000,0,1,128,128,128,128,0,128,128,128,128,128,128,128,0,512,512
zero_control,100000000000,0,2,128,128,128,128,0,128,128,128,128,128,64,128,0,512,512
zero_control,100000000000,0,3,128,128,128,128,0,128,128,128,128,64,32,64,64,512,512
zero_control,100000000000,0,4,128,128,128,128,0,128,128,128,128,32,16,32,96,512,512
zero_control,100000000000,0,5,128,128,128,128,0,128,128,128,128,16,8,16,112,512,512
zero_control,100000000000,0,6,128,128,128,128,0,128,128,128,128,8,4,8,120,512,512
zero_control,100000000000,0,7,128,128,128,128,0,128,128,128,128,4,2,4,124,512,512
zero_control,100000000000,0,8,128,128,128,128,0,128,128,128,128,2,1,2,126,512,512
zero_control,100000000000,1,1,128,128,128,128,0,128,128,128,128,128,128,128,0,512,512
zero_control,100000000000,1,2,128,128,128,128,0,128,128,128,128,128,64,128,0,512,512
zero_control,100000000000,1,3,128,128,128,128,0,128,128,128,128,64,32,64,64,512,512
zero_control,100000000000,1,4,128,128,128,128,0,128,128,128,128,32,16,32,96,512,512
zero_control,100000000000,1,5,128,128,128,128,0,128,128,128,128,16,8,16,112,512,512
zero_control,100000000000,1,6,128,128,128,128,0,128,128,128,128,8,4,8,120,512,512
zero_control,100000000000,1,7,128,128,128,128,0,128,128,128,128,4,2,4,124,512,512
zero_control,100000000000,1,8,128,128,128,128,0,128,128,128,128,2,1,2,126,512,512
zero_control,100000000000,2,1,128,128,128,128,0,128,128,128,128,128,128,128,0,512,512
zero_control,100000000000,2,2,128,128,128,128,0,128,128,128,128,128,64,128,0,512,512
zero_control,100000000000,2,3,128,128,128,128,0,128,128,128,128,64,32,64,64,512,512
zero_control,100000000000,2,4,128,128,128,128,0,128,128,128,128,32,16,32,96,512,512
zero_control,100000000000,2,5,128,128,128,128,0,128,128,128,128,16,8,16,112,512,512
zero_control,100000000000,2,6,128,128,128,128,0,128,128,128,128,8,4,8,120,512,512
zero_control,100000000000,2,7,128,128,128,128,0,128,128,128,128,4,2,4,124,512,512
zero_control,100000000000,2,8,128,128,128,128,0,128,128,128,128,2,1,2,126,512,512
zero_control,100000000000,3,1,128,128,128,128,0,128,128,128,128,128,128,128,0,512,512
zero_control,100000000000,3,2,128,128,128,128,0,128,128,128,128,128,64,128,0,512,512
zero_control,100000000000,3,3,128,128,128,128,0,128,128,128,128,64,32,64,64,512,512
zero_control,100000000000,3,4,128,128,128,128,0,128,128,128,128,32,16,32,96,512,512
zero_control,100000000000,3,5,128,128,128,128,0,128,128,128,128,16,8,16,112,512,512
zero_control,100000000000,3,6,128,128,128,128,0,128,128,128,128,8,4,8,120,512,512
zero_control,100000000000,3,7,128,128,128,128,0,128,128,128,128,4,2,4,124,512,512
zero_control,100000000000,3,8,128,128,128,128,0,128,128,128,128,2,1,2,126,512,512
zero_control,100000000000,4,1,128,128,128,128,0,128,128,128,128,128,128,128,0,512,512
zero_control,100000000000,4,2,128,128,128,128,0,128,128,128,128,128,64,128,0,512,512
zero_control,100000000000,4,3,128,128,128,128,0,128,128,128,128,64,32,64,64,512,512
zero_control,100000000000,4,4,128,128,128,128,0,128,128,128,128,32,16,32,96,512,512
zero_control,100000000000,4,5,128,128,128,128,0,128,128,128,128,16,8,16,112,512,512
zero_control,100000000000,4,6,128,128,128,128,0,128,128,128,128,8,4,8,120,512,512
zero_control,100000000000,4,7,128,128,128,128,0,128,128,128,128,4,2,4,124,512,512
zero_control,100000000000,4,8,128,128,128,128,0,128,128,128,128,2,1,2,126,512,512
zero_control,100000000000,5,1,128,128,128,128,0,128,128,128,128,128,128,128,0,512,512
zero_control,100000000000,5,2,128,128,128,128,0,128,128,128,128,128,64,128,0,512,512
zero_control,100000000000,5,3,128,128,128,128,0,128,128,128,128,64,32,64,64,512,512
zero_control,100000000000,5,4,128,128,128,128,0,128,128,128,128,32,16,32,96,512,512
zero_control,100000000000,5,5,128,128,128,128,0,128,128,128,128,16,8,16,112,512,512
zero_control,100000000000,5,6,128,128,128,128,0,128,128,128,128,8,4,8,120,512,512
zero_control,100000000000,5,7,128,128,128,128,0,128,128,128,128,4,2,4,124,512,512
zero_control,100000000000,5,8,128,128,128,128,0,128,128,128,128,2,1,2,126,512,512
zero_control,100000000000,6,1,128,128,128,128,0,128,128,128,128,128,128,128,0,512,512
zero_control,100000000000,6,2,128,128,128,128,0,128,128,128,128,128,64,128,0,512,512
zero_control,100000000000,6,3,128,128,128,128,0,128,128,128,128,64,32,64,64,512,512
zero_control,100000000000,6,4,128,128,128,128,0,128,128,128,128,32,16,32,96,512,512
zero_control,100000000000,6,5,128,128,128,128,0,128,128,128,128,16,8,16,112,512,512
zero_control,100000000000,6,6,128,128,128,128,0,128,128,128,128,8,4,8,120,512,512
zero_control,100000000000,6,7,128,128,128,128,0,128,128,128,128,4,2,4,124,512,512
zero_control,100000000000,6,8,128,128,128,128,0,128,128,128,128,2,1,2,126,512,512
zero_control,100000000000,7,1,128,128,128,128,0,128,128,128,128,128,128,128,0,512,512
zero_control,100000000000,7,2,128,128,128,128,0,128,128,128,128,128,64,128,0,512,512
zero_control,100000000000,7,3,128,128,128,128,0,128,128,128,128,64,32,64,64,512,512
zero_control,100000000000,7,4,128,128,128,128,0,128,128,128,128,32,16,32,96,512,512
zero_control,100000000000,7,5,128,128,128,128,0,128,128,128,128,16,8,16,112,512,512
zero_control,100000000000,7,6,128,128,128,128,0,128,128,128,128,8,4,8,120,512,512
zero_control,100000000000,7,7,128,128,128,128,0,128,128,128,128,4,2,4,124,512,512
zero_control,100000000000,7,8,128,128,128,128,0,128,128,128,128,2,1,2,126,512,512
zero_control,100000000000,8,1,128,128,128,128,0,128,128,128,128,128,128,128,0,512,512
zero_control,100000000000,8,2,128,128,128,128,0,128,128,128,128,128,64,128,0,512,512
zero_control,100000000000,8,3,128,128,128,128,0,128,128,128,128,64,32,64,64,512,512
zero_control,100000000000,8,4,128,128,128,128,0,128,128,128,128,32,16,32,96,512,512
zero_control,100000000000,8,5,128,128,128,128,0,128,128,128,128,16,8,16,112,512,512
zero_control,100000000000,8,6,128,128,128,128,0,128,128,128,128,8,4,8,120,512,512
zero_control,100000000000,8,7,128,128,128,128,0,128,128,128,128,4,2,4,124,512,512
zero_control,100000000000,8,8,128,128,128,128,0,128,128,128,128,2,1,2,126,512,512
zero_control,1000000000000,0,1,128,128,128,128,0,128,128,128,128,128,128,128,0,512,512
zero_control,1000000000000,0,2,128,128,128,128,0,128,128,128,128,128,64,128,0,512,512
zero_control,1000000000000,0,3,128,128,128,128,0,128,128,128,128,64,32,64,64,512,512
zero_control,1000000000000,0,4,128,128,128,128,0,128,128,128,128,32,16,32,96,512,512
zero_control,1000000000000,0,5,128,128,128,128,0,128,128,128,128,16,8,16,112,512,512
zero_control,1000000000000,0,6,128,128,128,128,0,128,128,128,128,8,4,8,120,512,512
zero_control,1000000000000,0,7,128,128,128,128,0,128,128,128,128,4,2,4,124,512,512
zero_control,1000000000000,0,8,128,128,128,128,0,128,128,128,128,2,1,2,126,512,512
zero_control,1000000000000,1,1,128,128,128,128,0,128,128,128,128,128,128,128,0,512,512
zero_control,1000000000000,1,2,128,128,128,128,0,128,128,128,128,128,64,128,0,512,512
zero_control,1000000000000,1,3,128,128,128,128,0,128,128,128,128,64,32,64,64,512,512
zero_control,1000000000000,1,4,128,128,128,128,0,128,128,128,128,32,16,32,96,512,512
zero_control,1000000000000,1,5,128,128,128,128,0,128,128,128,128,16,8,16,112,512,512
zero_control,1000000000000,1,6,128,128,128,128,0,128,128,128,128,8,4,8,120,512,512
zero_control,1000000000000,1,7,128,128,128,128,0,128,128,128,128,4,2,4,124,512,512
zero_control,1000000000000,1,8,128,128,128,128,0,128,128,128,128,2,1,2,126,512,512
zero_control,1000000000000,2,1,128,128,128,128,0,128,128,128,128,128,128,128,0,512,512
zero_control,1000000000000,2,2,128,128,128,128,0,128,128,128,128,128,64,128,0,512,512
zero_control,1000000000000,2,3,128,128,128,128,0,128,128,128,128,64,32,64,64,512,512
zero_control,1000000000000,2,4,128,128,128,128,0,128,128,128,128,32,16,32,96,512,512
zero_control,1000000000000,2,5,128,128,128,128,0,128,128,128,128,16,8,16,112,512,512
zero_control,1000000000000,2,6,128,128,128,128,0,128,128,128,128,8,4,8,120,512,512
zero_control,1000000000000,2,7,128,128,128,128,0,128,128,128,128,4,2,4,124,512,512
zero_control,1000000000000,2,8,128,128,128,128,0,128,128,128,128,2,1,2,126,512,512
zero_control,1000000000000,3,1,128,128,128,128,0,128,128,128,128,128,128,128,0,512,512
zero_control,1000000000000,3,2,128,128,128,128,0,128,128,128,128,128,64,128,0,512,512
zero_control,1000000000000,3,3,128,128,128,128,0,128,128,128,128,64,32,64,64,512,512
zero_control,1000000000000,3,4,128,128,128,128,0,128,128,128,128,32,16,32,96,512,512
zero_control,1000000000000,3,5,128,128,128,128,0,128,128,128,128,16,8,16,112,512,512
zero_control,1000000000000,3,6,128,128,128,128,0,128,128,128,128,8,4,8,120,512,512
zero_control,1000000000000,3,7,128,128,128,128,0,128,128,128,128,4,2,4,124,512,512
zero_control,1000000000000,3,8,128,128,128,128,0,128,128,128,128,2,1,2,126,512,512
zero_control,1000000000000,4,1,128,128,128,128,0,128,128,128,128,128,128,128,0,512,512
zero_control,1000000000000,4,2,128,128,128,128,0,128,128,128,128,128,64,128,0,512,512
zero_control,1000000000000,4,3,128,128,128,128,0,128,128,128,128,64,32,64,64,512,512
zero_control,1000000000000,4,4,128,128,128,128,0,128,128,128,128,32,16,32,96,512,512
zero_control,1000000000000,4,5,128,128,128,128,0,128,128,128,128,16,8,16,112,512,512
zero_control,1000000000000,4,6,128,128,128,128,0,128,128,128,128,8,4,8,120,512,512
zero_control,1000000000000,4,7,128,128,128,128,0,128,128,128,128,4,2,4,124,512,512
zero_control,1000000000000,4,8,128,128,128,128,0,128,128,128,128,2,1,2,126,512,512
zero_control,1000000000000,5,1,128,128,128,128,0,128,128,128,128,128,128,128,0,512,512
zero_control,1000000000000,5,2,128,128,128,128,0,128,128,128,128,128,64,128,0,512,512
zero_control,1000000000000,5,3,128,128,128,128,0,128,128,128,128,64,32,64,64,512,512
zero_control,1000000000000,5,4,128,128,128,128,0,128,128,128,128,32,16,32,96,512,512
zero_control,1000000000000,5,5,128,128,128,128,0,128,128,128,128,16,8,16,112,512,512
zero_control,1000000000000,5,6,128,128,128,128,0,128,128,128,128,8,4,8,120,512,512
zero_control,1000000000000,5,7,128,128,128,128,0,128,128,128,128,4,2,4,124,512,512
zero_control,1000000000000,5,8,128,128,128,128,0,128,128,128,128,2,1,2,126,512,512
zero_control,1000000000000,6,1,128,128,128,128,0,128,128,128,128,128,128,128,0,512,512
zero_control,1000000000000,6,2,128,128,128,128,0,128,128,128,128,128,64,128,0,512,512
zero_control,1000000000000,6,3,128,128,128,128,0,128,128,128,128,64,32,64,64,512,512
zero_control,1000000000000,6,4,128,128,128,128,0,128,128,128,128,32,16,32,96,512,512
zero_control,1000000000000,6,5,128,128,128,128,0,128,128,128,128,16,8,16,112,512,512
zero_control,1000000000000,6,6,128,128,128,128,0,128,128,128,128,8,4,8,120,512,512
zero_control,1000000000000,6,7,128,128,128,128,0,128,128,128,128,4,2,4,124,512,512
zero_control,1000000000000,6,8,128,128,128,128,0,128,128,128,128,2,1,2,126,512,512
zero_control,1000000000000,7,1,128,128,128,128,0,128,128,128,128,128,128,128,0,512,512
zero_control,1000000000000,7,2,128,128,128,128,0,128,128,128,128,128,64,128,0,512,512
zero_control,1000000000000,7,3,128,128,128,128,0,128,128,128,128,64,32,64,64,512,512
zero_control,1000000000000,7,4,128,128,128,128,0,128,128,128,128,32,16,32,96,512,512
zero_control,1000000000000,7,5,128,128,128,128,0,128,128,128,128,16,8,16,112,512,512
zero_control,1000000000000,7,6,128,128,128,128,0,128,128,128,128,8,4,8,120,512,512
zero_control,1000000000000,7,7,128,128,128,128,0,128,128,128,128,4,2,4,124,512,512
zero_control,1000000000000,7,8,128,128,128,128,0,128,128,128,128,2,1,2,126,512,512
zero_control,1000000000000,8,1,128,128,128,128,0,128,128,128,128,128,128,128,0,512,512
zero_control,1000000000000,8,2,128,128,128,128,0,128,128,128,128,128,64,128,0,512,512
zero_control,1000000000000,8,3,128,128,128,128,0,128,128,128,128,64,32,64,64,512,512
zero_control,1000000000000,8,4,128,128,128,128,0,128,128,128,128,32,16,32,96,512,512
zero_control,1000000000000,8,5,128,128,128,128,0,128,128,128,128,16,8,16,112,512,512
zero_control,1000000000000,8,6,128,128,128,128,0,128,128,128,128,8,4,8,120,512,512
zero_control,1000000000000,8,7,128,128,128,128,0,128,128,128,128,4,2,4,124,512,512
zero_control,1000000000000,8,8,128,128,128,128,0,128,128,128,128,2,1,2,126,512,512
zero_control,10000000000000,0,1,128,128,128,128,0,128,128,128,128,128,128,128,0,512,512
zero_control,10000000000000,0,2,128,128,128,128,0,128,128,128,128,128,64,128,0,512,512
zero_control,10000000000000,0,3,128,128,128,128,0,128,128,128,128,64,32,64,64,512,512
zero_control,10000000000000,0,4,128,128,128,128,0,128,128,128,128,32,16,32,96,512,512
zero_control,10000000000000,0,5,128,128,128,128,0,128,128,128,128,16,8,16,112,512,512
zero_control,10000000000000,0,6,128,128,128,128,0,128,128,128,128,8,4,8,120,512,512
zero_control,10000000000000,0,7,128,128,128,128,0,128,128,128,128,4,2,4,124,512,512
zero_control,10000000000000,0,8,128,128,128,128,0,128,128,128,128,2,1,2,126,512,512
zero_control,10000000000000,1,1,128,128,128,128,0,128,128,128,128,128,128,128,0,512,512
zero_control,10000000000000,1,2,128,128,128,128,0,128,128,128,128,128,64,128,0,512,512
zero_control,10000000000000,1,3,128,128,128,128,0,128,128,128,128,64,32,64,64,512,512
zero_control,10000000000000,1,4,128,128,128,128,0,128,128,128,128,32,16,32,96,512,512
zero_control,10000000000000,1,5,128,128,128,128,0,128,128,128,128,16,8,16,112,512,512
zero_control,10000000000000,1,6,128,128,128,128,0,128,128,128,128,8,4,8,120,512,512
zero_control,10000000000000,1,7,128,128,128,128,0,128,128,128,128,4,2,4,124,512,512
zero_control,10000000000000,1,8,128,128,128,128,0,128,128,128,128,2,1,2,126,512,512
zero_control,10000000000000,2,1,128,128,128,128,0,128,128,128,128,128,128,128,0,512,512
zero_control,10000000000000,2,2,128,128,128,128,0,128,128,128,128,128,64,128,0,512,512
zero_control,10000000000000,2,3,128,128,128,128,0,128,128,128,128,64,32,64,64,512,512
zero_control,10000000000000,2,4,128,128,128,128,0,128,128,128,128,32,16,32,96,512,512
zero_control,10000000000000,2,5,128,128,128,128,0,128,128,128,128,16,8,16,112,512,512
zero_control,10000000000000,2,6,128,128,128,128,0,128,128,128,128,8,4,8,120,512,512
zero_control,10000000000000,2,7,128,128,128,128,0,128,128,128,128,4,2,4,124,512,512
zero_control,10000000000000,2,8,128,128,128,128,0,128,128,128,128,2,1,2,126,512,512
zero_control,10000000000000,3,1,128,128,128,128,0,128,128,128,128,128,128,128,0,512,512
zero_control,10000000000000,3,2,128,128,128,128,0,128,128,128,128,128,64,128,0,512,512
zero_control,10000000000000,3,3,128,128,128,128,0,128,128,128,128,64,32,64,64,512,512
zero_control,10000000000000,3,4,128,128,128,128,0,128,128,128,128,32,16,32,96,512,512
zero_control,10000000000000,3,5,128,128,128,128,0,128,128,128,128,16,8,16,112,512,512
zero_control,10000000000000,3,6,128,128,128,128,0,128,128,128,128,8,4,8,120,512,512
zero_control,10000000000000,3,7,128,128,128,128,0,128,128,128,128,4,2,4,124,512,512
zero_control,10000000000000,3,8,128,128,128,128,0,128,128,128,128,2,1,2,126,512,512
zero_control,10000000000000,4,1,128,128,128,128,0,128,128,128,128,128,128,128,0,512,512
zero_control,10000000000000,4,2,128,128,128,128,0,128,128,128,128,128,64,128,0,512,512
zero_control,10000000000000,4,3,128,128,128,128,0,128,128,128,128,64,32,64,64,512,512
zero_control,10000000000000,4,4,128,128,128,128,0,128,128,128,128,32,16,32,96,512,512
zero_control,10000000000000,4,5,128,128,128,128,0,128,128,128,128,16,8,16,112,512,512
zero_control,10000000000000,4,6,128,128,128,128,0,128,128,128,128,8,4,8,120,512,512
zero_control,10000000000000,4,7,128,128,128,128,0,128,128,128,128,4,2,4,124,512,512
zero_control,10000000000000,4,8,128,128,128,128,0,128,128,128,128,2,1,2,126,512,512
zero_control,10000000000000,5,1,128,128,128,128,0,128,128,128,128,128,128,128,0,512,512
zero_control,10000000000000,5,2,128,128,128,128,0,128,128,128,128,128,64,128,0,512,512
zero_control,10000000000000,5,3,128,128,128,128,0,128,128,128,128,64,32,64,64,512,512
zero_control,10000000000000,5,4,128,128,128,128,0,128,128,128,128,32,16,32,96,512,512
zero_control,10000000000000,5,5,128,128,128,128,0,128,128,128,128,16,8,16,112,512,512
zero_control,10000000000000,5,6,128,128,128,128,0,128,128,128,128,8,4,8,120,512,512
zero_control,10000000000000,5,7,128,128,128,128,0,128,128,128,128,4,2,4,124,512,512
zero_control,10000000000000,5,8,128,128,128,128,0,128,128,128,128,2,1,2,126,512,512
zero_control,10000000000000,6,1,128,128,128,128,0,128,128,128,128,128,128,128,0,512,512
zero_control,10000000000000,6,2,128,128,128,128,0,128,128,128,128,128,64,128,0,512,512
zero_control,10000000000000,6,3,128,128,128,128,0,128,128,128,128,64,32,64,64,512,512
zero_control,10000000000000,6,4,128,128,128,128,0,128,128,128,128,32,16,32,96,512,512
zero_control,10000000000000,6,5,128,128,128,128,0,128,128,128,128,16,8,16,112,512,512
zero_control,10000000000000,6,6,128,128,128,128,0,128,128,128,128,8,4,8,120,512,512
zero_control,10000000000000,6,7,128,128,128,128,0,128,128,128,128,4,2,4,124,512,512
zero_control,10000000000000,6,8,128,128,128,128,0,128,128,128,128,2,1,2,126,512,512
zero_control,10000000000000,7,1,128,128,128,128,0,128,128,128,128,128,128,128,0,512,512
zero_control,10000000000000,7,2,128,128,128,128,0,128,128,128,128,128,64,128,0,512,512
zero_control,10000000000000,7,3,128,128,128,128,0,128,128,128,128,64,32,64,64,512,512
zero_control,10000000000000,7,4,128,128,128,128,0,128,128,128,128,32,16,32,96,512,512
zero_control,10000000000000,7,5,128,128,128,128,0,128,128,128,128,16,8,16,112,512,512
zero_control,10000000000000,7,6,128,128,128,128,0,128,128,128,128,8,4,8,120,512,512
zero_control,10000000000000,7,7,128,128,128,128,0,128,128,128,128,4,2,4,124,512,512
zero_control,10000000000000,7,8,128,128,128,128,0,128,128,128,128,2,1,2,126,512,512
zero_control,10000000000000,8,1,128,128,128,128,0,128,128,128,128,128,128,128,0,512,512
zero_control,10000000000000,8,2,128,128,128,128,0,128,128,128,128,128,64,128,0,512,512
zero_control,10000000000000,8,3,128,128,128,128,0,128,128,128,128,64,32,64,64,512,512
zero_control,10000000000000,8,4,128,128,128,128,0,128,128,128,128,32,16,32,96,512,512
zero_control,10000000000000,8,5,128,128,128,128,0,128,128,128,128,16,8,16,112,512,512
zero_control,10000000000000,8,6,128,128,128,128,0,128,128,128,128,8,4,8,120,512,512
zero_control,10000000000000,8,7,128,128,128,128,0,128,128,128,128,4,2,4,124,512,512
zero_control,10000000000000,8,8,128,128,128,128,0,128,128,128,128,2,1,2,126,512,512
zero_control,72057594037927935,0,1,128,128,128,128,0,128,128,128,128,128,128,128,0,512,512
zero_control,72057594037927935,0,2,128,128,128,128,0,128,128,128,128,128,64,128,0,512,512
zero_control,72057594037927935,0,3,128,128,128,128,0,128,128,128,128,64,32,64,64,512,512
zero_control,72057594037927935,0,4,128,128,128,128,0,128,128,128,128,32,16,32,96,512,512
zero_control,72057594037927935,0,5,128,128,128,128,0,128,128,128,128,16,8,16,112,512,512
zero_control,72057594037927935,0,6,128,128,128,128,0,128,128,128,128,8,4,8,120,512,512
zero_control,72057594037927935,0,7,128,128,128,128,0,128,128,128,128,4,2,4,124,512,512
zero_control,72057594037927935,0,8,128,128,128,128,0,128,128,128,128,2,1,2,126,512,512
zero_control,72057594037927935,1,1,128,128,128,128,0,128,128,128,128,128,128,128,0,512,512
zero_control,72057594037927935,1,2,128,128,128,128,0,128,128,128,128,128,64,128,0,512,512
zero_control,72057594037927935,1,3,128,128,128,128,0,128,128,128,128,64,32,64,64,512,512
zero_control,72057594037927935,1,4,128,128,128,128,0,128,128,128,128,32,16,32,96,512,512
zero_control,72057594037927935,1,5,128,128,128,128,0,128,128,128,128,16,8,16,112,512,512
zero_control,72057594037927935,1,6,128,128,128,128,0,128,128,128,128,8,4,8,120,512,512
zero_control,72057594037927935,1,7,128,128,128,128,0,128,128,128,128,4,2,4,124,512,512
zero_control,72057594037927935,1,8,128,128,128,128,0,128,128,128,128,2,1,2,126,512,512
zero_control,72057594037927935,2,1,128,128,128,128,0,128,128,128,128,128,128,128,0,512,512
zero_control,72057594037927935,2,2,128,128,128,128,0,128,128,128,128,128,64,128,0,512,512
zero_control,72057594037927935,2,3,128,128,128,128,0,128,128,128,128,64,32,64,64,512,512
zero_control,72057594037927935,2,4,128,128,128,128,0,128,128,128,128,32,16,32,96,512,512
zero_control,72057594037927935,2,5,128,128,128,128,0,128,128,128,128,16,8,16,112,512,512
zero_control,72057594037927935,2,6,128,128,128,128,0,128,128,128,128,8,4,8,120,512,512
zero_control,72057594037927935,2,7,128,128,128,128,0,128,128,128,128,4,2,4,124,512,512
zero_control,72057594037927935,2,8,128,128,128,128,0,128,128,128,128,2,1,2,126,512,512
zero_control,72057594037927935,3,1,128,128,128,128,0,128,128,128,128,128,128,128,0,512,512
zero_control,72057594037927935,3,2,128,128,128,128,0,128,128,128,128,128,64,128,0,512,512
zero_control,72057594037927935,3,3,128,128,128,128,0,128,128,128,128,64,32,64,64,512,512
zero_control,72057594037927935,3,4,128,128,128,128,0,128,128,128,128,32,16,32,96,512,512
zero_control,72057594037927935,3,5,128,128,128,128,0,128,128,128,128,16,8,16,112,512,512
zero_control,72057594037927935,3,6,128,128,128,128,0,128,128,128,128,8,4,8,120,512,512
zero_control,72057594037927935,3,7,128,128,128,128,0,128,128,128,128,4,2,4,124,512,512
zero_control,72057594037927935,3,8,128,128,128,128,0,128,128,128,128,2,1,2,126,512,512
zero_control,72057594037927935,4,1,128,128,128,128,0,128,128,128,128,128,128,128,0,512,512
zero_control,72057594037927935,4,2,128,128,128,128,0,128,128,128,128,128,64,128,0,512,512
zero_control,72057594037927935,4,3,128,128,128,128,0,128,128,128,128,64,32,64,64,512,512
zero_control,72057594037927935,4,4,128,128,128,128,0,128,128,128,128,32,16,32,96,512,512
zero_control,72057594037927935,4,5,128,128,128,128,0,128,128,128,128,16,8,16,112,512,512
zero_control,72057594037927935,4,6,128,128,128,128,0,128,128,128,128,8,4,8,120,512,512
zero_control,72057594037927935,4,7,128,128,128,128,0,128,128,128,128,4,2,4,124,512,512
zero_control,72057594037927935,4,8,128,128,128,128,0,128,128,128,128,2,1,2,126,512,512
zero_control,72057594037927935,5,1,128,128,128,128,0,128,128,128,128,128,128,128,0,512,512
zero_control,72057594037927935,5,2,128,128,128,128,0,128,128,128,128,128,64,128,0,512,512
zero_control,72057594037927935,5,3,128,128,128,128,0,128,128,128,128,64,32,64,64,512,512
zero_control,72057594037927935,5,4,128,128,128,128,0,128,128,128,128,32,16,32,96,512,512
zero_control,72057594037927935,5,5,128,128,128,128,0,128,128,128,128,16,8,16,112,512,512
zero_control,72057594037927935,5,6,128,128,128,128,0,128,128,128,128,8,4,8,120,512,512
zero_control,72057594037927935,5,7,128,128,128,128,0,128,128,128,128,4,2,4,124,512,512
zero_control,72057594037927935,5,8,128,128,128,128,0,128,128,128,128,2,1,2,126,512,512
zero_control,72057594037927935,6,1,128,128,128,128,0,128,128,128,128,128,128,128,0,512,512
zero_control,72057594037927935,6,2,128,128,128,128,0,128,128,128,128,128,64,128,0,512,512
zero_control,72057594037927935,6,3,128,128,128,128,0,128,128,128,128,64,32,64,64,512,512
zero_control,72057594037927935,6,4,128,128,128,128,0,128,128,128,128,32,16,32,96,512,512
zero_control,72057594037927935,6,5,128,128,128,128,0,128,128,128,128,16,8,16,112,512,512
zero_control,72057594037927935,6,6,128,128,128,128,0,128,128,128,128,8,4,8,120,512,512
zero_control,72057594037927935,6,7,128,128,128,128,0,128,128,128,128,4,2,4,124,512,512
zero_control,72057594037927935,6,8,128,128,128,128,0,128,128,128,128,2,1,2,126,512,512
zero_control,72057594037927935,7,1,128,128,128,128,0,128,128,128,128,128,128,128,0,512,512
zero_control,72057594037927935,7,2,128,128,128,128,0,128,128,128,128,128,64,128,0,512,512
zero_control,72057594037927935,7,3,128,128,128,128,0,128,128,128,128,64,32,64,64,512,512
zero_control,72057594037927935,7,4,128,128,128,128,0,128,128,128,128,32,16,32,96,512,512
zero_control,72057594037927935,7,5,128,128,128,128,0,128,128,128,128,16,8,16,112,512,512
zero_control,72057594037927935,7,6,128,128,128,128,0,128,128,128,128,8,4,8,120,512,512
zero_control,72057594037927935,7,7,128,128,128,128,0,128,128,128,128,4,2,4,124,512,512
zero_control,72057594037927935,7,8,128,128,128,128,0,128,128,128,128,2,1,2,126,512,512
zero_control,72057594037927935,8,1,128,128,128,128,0,128,128,128,128,128,128,128,0,512,512
zero_control,72057594037927935,8,2,128,128,128,128,0,128,128,128,128,128,64,128,0,512,512
zero_control,72057594037927935,8,3,128,128,128,128,0,128,128,128,128,64,32,64,64,512,512
zero_control,72057594037927935,8,4,128,128,128,128,0,128,128,128,128,32,16,32,96,512,512
zero_control,72057594037927935,8,5,128,128,128,128,0,128,128,128,128,16,8,16,112,512,512
zero_control,72057594037927935,8,6,128,128,128,128,0,128,128,128,128,8,4,8,120,512,512
zero_control,72057594037927935,8,7,128,128,128,128,0,128,128,128,128,4,2,4,124,512,512
zero_control,72057594037927935,8,8,128,128,128,128,0,128,128,128,128,2,1,2,126,512,512
